id.string	X1	X2	X3	X4	X5	X6	X7	X8	X9	X10	X11	X12	X13	X14	X15	X16	X17	X18	X19	X20	X21	X22	X23	X24	X25	X26	X27	X28	X29	X30	X31	X32	X33	X34	X35	X36	X37	X38	X39	X40	X41	X42	X43	X44	X45	X46	X47	X48	X49	X50	X51	X52	X53	X54	X55	X56	X57	X58	X59	X60	X61	X62	X63	X64	X65	X66	X67	X68	X69	X70	X71	X72	X73	X74	X75	X76	X77	X78	X79	X80	X81	X82	X83	X84	X85	X86	X87	X88	X89	X90	X91	X92	X93	X94	X95	X96	X97	X98	X99	X100	X101	X102	X103	X104	X105	X106	X107	X108	X109	X110	X111	X112	X113	X114	X115	X116	X117	X118	X119	X120	X121	X122	X123	X124	X125	X126	X127	X128	X129	X130	X131	X132	X133	X134	X135
GMNH-V14-597	139.518188476562	73.9116668701172	969.6025390625	139.198043823242	65.1716842651367	979.920715332031	NA	NA	NA	141.234619140625	29.4342079162598	1018.86633300781	141.239471435547	26.3054141998291	1023.80072021484	144.740829467773	-59.900276184082	985.775939941406	143.431015014648	-39.2791976928711	969.042541503906	142.967590332031	-21.9443912506104	966.827331542969	141.816635131836	1.84480226039886	983.726806640625	140.916656494141	17.3974571228027	973.94287109375	140.204025268555	55.5452919006348	974.998779296875	127.520004272461	67.6352462768555	970.540344238281	124.247764587402	65.0732574462891	968.183654785156	122.050155639648	56.9400329589844	967.124084472656	119.280975341797	43.9217681884766	964.692016601562	123.745429992676	17.5710506439209	960.15478515625	130.0712890625	10.3010854721069	965.808654785156	NA	NA	NA	137.080200195312	27.0075664520264	1010.94128417969	124.677658081055	22.9600238800049	1019.34326171875	106.572280883789	13.425443649292	1013.4375	93.2166519165039	-1.13012325763702	982.39892578125	103.04052734375	-10.3084211349487	980.357727050781	128.039215087891	10.2636070251465	987.193908691406	109.896499633789	-28.348596572876	981.904541015625	126.402435302734	-25.2713565826416	969.263305664062	135.716217041016	-32.6414031982422	967.122436523438	134.442459106445	-7.17660093307495	975.705200195312	151.610000610352	68.9549407958984	970.905822753906	155.964889526367	66.0238571166992	968.731567382812	158.085266113281	58.2037315368652	967.499450683594	161.227798461914	46.2846527099609	965.646728515625	158.605026245117	18.9763069152832	960.346618652344	153.061859130859	12.0878734588623	965.828918457031	146.117935180664	48.7597923278809	994.837219238281	145.455978393555	27.7615585327148	1010.27935791016	157.862045288086	25.4322738647461	1019.27429199219	176.747894287109	16.3110637664795	1013.02966308594	190.353866577148	2.6609525680542	980.601928710938	181.235748291016	-6.71869516372681	979.918823242188	156.70295715332	11.629186630249	987.975158691406	176.042221069336	-25.9945068359375	980.452331542969	161.337753295898	-24.2149848937988	968.8583984375	150.890106201172	-31.5661926269531	966.466552734375	149.53239440918	-5.77008771896362	975.756286621094
GMNH-V14-611	139.831451416016	63.6076469421387	928.523742675781	140.178558349609	56.661693572998	940.471252441406	140.862823486328	43.3314437866211	959.251647949219	141.346557617188	18.6252174377441	982.537353515625	141.42170715332	15.6640958786011	986.89013671875	143.500869750977	-72.0425186157227	949.778259277344	142.361999511719	-52.2939262390137	932.650695800781	142.77619934082	-34.3049430847168	929.926574707031	142.303176879883	-10.7951049804688	945.643920898438	141.207382202148	7.55928182601929	936.059631347656	140.4736328125	48.3049926757812	934.678527832031	128.257049560547	58.4509162902832	929.464233398438	125.940849304199	55.4033241271973	929.203735351562	123.384353637695	47.3615341186523	927.033081054688	120.037162780762	36.1795234680176	926.009643554688	124.238372802734	10.0376901626587	922.809875488281	130.452941894531	2.41697072982788	929.132446289062	135.444046020508	40.6471099853516	956.453979492188	137.514144897461	17.4982738494873	974.744506835938	121.50749206543	13.5603532791138	982.096496582031	106.561614990234	5.65419864654541	971.997131347656	93.9205169677734	-9.28741550445557	941.684814453125	102.943984985352	-21.2975807189941	942.154235839844	126.517875671387	2.1445631980896	948.612976074219	109.796562194824	-40.747257232666	943.068725585938	124.355415344238	-38.1991386413574	933.74169921875	134.760208129883	-46.0052261352539	930.060546875	133.879623413086	-19.207202911377	938.976501464844	152.28923034668	59.156494140625	930.174133300781	154.927490234375	56.1134338378906	928.870544433594	158.564437866211	48.0096588134766	927.213012695312	161.150787353516	36.9650650024414	925.302551269531	157.815567016602	10.2310237884521	922.513061523438	152.301010131836	3.01223516464233	928.572265625	146.099060058594	40.9911155700684	957.102478027344	145.229675292969	17.5209999084473	974.496887207031	160.492721557617	15.2193412780762	983.061157226562	178.030014038086	8.44574737548828	971.464721679688	189.504791259766	-8.1687183380127	941.953491210938	180.662155151367	-19.9776382446289	941.5498046875	157.27555847168	2.99117994308472	949.02392578125	175.802032470703	-40.0405235290527	943.206176757812	160.919326782227	-38.1540298461914	933.488891601562	150.7138671875	-45.0239105224609	930.11474609375	151.262084960938	-19.1503486633301	938.841125488281
GMNH-V14-621	123.19847869873	56.198169708252	938.524169921875	123.491928100586	49.8281936645508	945.276428222656	122.616943359375	37.7769775390625	962.216125488281	121.712005615234	17.8248195648193	984.353942871094	121.525581359863	15.7091550827026	988.396850585938	127.142379760742	-63.5210151672363	946.405456542969	126.718193054199	-43.9216842651367	932.399047851562	126.118835449219	-28.253210067749	932.617797851562	124.952491760254	-7.19509172439575	948.859558105469	124.945121765137	9.52273178100586	941.903076171875	123.57048034668	41.0491371154785	942.407409667969	113.212059020996	51.9651031494141	937.997802734375	111.992042541504	50.2050323486328	937.673950195312	108.352416992188	45.3011322021484	935.799560546875	106.472518920898	35.0815658569336	932.774047851562	108.332122802734	10.9199743270874	929.883178710938	114.041091918945	2.41686868667603	933.436157226562	118.15251159668	35.4563026428223	961.02294921875	118.87899017334	16.2229118347168	976.743347167969	105.063484191895	10.7498741149902	983.4873046875	90.0959777832031	4.18737649917603	972.407897949219	82.7392501831055	-8.17572116851807	946.127563476562	89.8059539794922	-16.1623630523682	945.329467773438	109.489189147949	2.7277250289917	954.629150390625	96.8482360839844	-33.9073638916016	944.450073242188	109.83226776123	-32.6261138916016	933.388977050781	119.129318237305	-38.6825256347656	930.887084960938	117.724639892578	-13.4943943023682	942.898315429688	133.813903808594	52.5937309265137	939.79833984375	134.722747802734	51.4080123901367	938.911010742188	139.130126953125	47.2957992553711	937.670654296875	142.795944213867	36.6001853942871	935.421508789062	142.670654296875	12.3224954605103	932.068420410156	137.436538696289	3.80151176452637	935.490356445312	127.796089172363	34.5160713195801	961.886901855469	125.808555603027	16.3924617767334	977.617614746094	138.106643676758	12.8989973068237	986.976196289062	155.813262939453	6.90780353546143	976.682006835938	167.463241577148	-4.44838380813599	951.437683105469	161.060989379883	-14.3887767791748	949.191650390625	139.183807373047	3.92528510093689	955.735778808594	155.034210205078	-33.1164932250977	947.080078125	143.870422363281	-31.4144992828369	935.900085449219	133.529220581055	-37.4187660217285	931.1875	133.099899291992	-12.0172080993652	943.675964355469
GMNH-VM09-45	142.415313720703	70.074951171875	948.881225585938	142.45393371582	62.7769012451172	956.806457519531	142.567138671875	49.9418067932129	977.513366699219	141.144973754883	24.528205871582	999.254211425781	140.872467041016	21.7019195556641	1003.59753417969	144.539154052734	-61.9339370727539	965.875	144.001327514648	-42.0692329406738	947.972717285156	144.090911865234	-26.8040199279785	945.735595703125	142.530502319336	-0.709481596946716	963.652587890625	143.231140136719	15.1777963638306	953.1474609375	143.290130615234	53.5309867858887	952.488342285156	132.418319702148	66.0259094238281	947.073547363281	128.9248046875	62.402172088623	945.251403808594	126.991012573242	55.4621467590332	941.622314453125	125.882537841797	44.1301002502441	940.607971191406	127.009948730469	18.5238819122314	939.7109375	132.855239868164	9.59006977081299	946.463623046875	137.621810913086	48.1236190795898	973.921875	138.672393798828	25.4079895019531	989.280822753906	122.977615356445	19.8745937347412	997.945556640625	107.29271697998	11.7905530929565	985.762023925781	96.2761611938477	3.25278401374817	956.026550292969	105.058967590332	-11.457709312439	954.562072753906	129.066314697266	8.14305782318115	965.337280273438	111.462265014648	-30.3398456573486	957.380798339844	125.975105285645	-28.7241344451904	947.2373046875	136.641815185547	-35.9093589782715	945.107360839844	135.255935668945	-8.19493961334229	955.675903320312	151.904739379883	66.4646987915039	947.947387695312	156.459045410156	64.3229751586914	945.047607421875	158.652359008789	57.8587799072266	942.459899902344	160.857406616211	46.0942344665527	941.310363769531	161.370697021484	20.0572395324707	941.358642578125	155.255706787109	10.8961782455444	948.004821777344	147.707580566406	48.3981399536133	973.859252929688	145.369979858398	25.0149803161621	988.618225097656	159.549942016602	21.1686687469482	999.489501953125	176.140182495117	12.8789520263672	989.321228027344	NA	NA	NA	181.555679321289	-10.5113000869751	958.838806152344	157.113525390625	7.80832195281982	966.703735351562	176.641464233398	-30.7324028015137	960.229064941406	161.398864746094	-28.6284599304199	949.214599609375	152.279342651367	-35.3898811340332	946.280151367188	151.966430664062	-8.25553703308105	956.724609375
GMNH-VM09-457	149.148452758789	68.6413497924805	953.139221191406	148.156051635742	59.5052795410156	963.094482421875	147.787384033203	44.600959777832	981.810607910156	146.462875366211	16.1207408905029	1002.75354003906	145.799301147461	11.522066116333	1008.91619873047	148.932037353516	-72.9535369873047	965.865600585938	149.795776367188	-53.6904602050781	947.992736816406	149.700469970703	-36.4604835510254	944.685852050781	149.115112304688	-8.12741279602051	964.111694335938	148.83479309082	7.9537672996521	954.940368652344	148.67219543457	48.2094459533691	957.296691894531	137.136672973633	65.4649124145508	953.652709960938	132.676574707031	60.8998756408691	950.537170410156	129.182312011719	53.5777130126953	948.29541015625	126.855400085449	42.2822341918945	946.617858886719	130.102386474609	16.8168201446533	941.579345703125	137.416931152344	4.12746381759644	947.058288574219	141.303848266602	43.0553131103516	978.829772949219	142.484344482422	16.8197383880615	995.445373535156	126.896209716797	10.4914512634277	1001.68365478516	110.104194641113	2.96258044242859	991.521911621094	97.2653961181641	-10.5999774932861	955.148559570312	107.645736694336	-17.9595623016357	954.898986816406	132.270370483398	3.7562620639801	969.419128417969	116.153503417969	-38.2166404724121	957.130676269531	130.882781982422	-38.4482803344727	947.327758789062	141.590637207031	-44.7798271179199	944.631530761719	141.197845458984	-16.1623973846436	955.828063964844	160.861175537109	63.8455390930176	954.619201660156	165.059768676758	59.5883903503418	952.759399414062	168.743392944336	52.6640777587891	950.35400390625	170.757720947266	41.6233673095703	948.1376953125	168.472534179688	15.4950370788574	942.101745605469	161.045776367188	3.5806097984314	948.078979492188	154.41975402832	42.8814811706543	979.087280273438	151.637145996094	16.2997283935547	994.742065429688	166.199249267578	10.1354036331177	1003.89691162109	184.052810668945	3.62670755386353	995.183349609375	199.660186767578	-11.9505310058594	959.593566894531	189.16438293457	-18.5133953094482	958.204528808594	164.548004150391	2.84984874725342	970.544982910156	181.334335327148	-39.4696083068848	960.298400878906	167.541839599609	-38.5376586914062	948.598266601562	157.794036865234	-45.5244445800781	945.9443359375	158.094848632812	-17.0515995025635	957.491455078125
GMNH-VM10-348	122.379013061523	66.4235992431641	985.53271484375	122.439674377441	58.6291236877441	995.919860839844	122.934837341309	46.4343719482422	1013.12939453125	124.360961914062	26.8253345489502	1030.33557128906	124.649505615234	23.2868595123291	1034.27197265625	129.925155639648	-53.6748924255371	987.761840820312	128.564361572266	-32.1690521240234	977.61328125	127.249046325684	-15.8300256729126	977.782043457031	126.093147277832	4.75126504898071	994.272766113281	124.583755493164	19.0433368682861	988.274230957031	123.457847595215	50.3348350524902	991.944946289062	111.743728637695	61.1511573791504	986.963500976562	110.441719055176	59.336799621582	986.04296875	107.627243041992	55.1533126831055	984.820434570312	104.937843322754	44.7178726196289	981.585876464844	108.624206542969	19.7842636108398	978.827087402344	113.554397583008	12.3353385925293	981.607421875	118.188491821289	44.4870719909668	1009.83673095703	120.864128112793	26.0107383728027	1022.48156738281	107.69401550293	20.42795753479	1031.14379882812	91.3205871582031	13.5647659301758	1020.68536376953	83.571662902832	3.22515726089478	993.589294433594	90.290283203125	-7.15091943740845	991.452453613281	111.41674041748	11.9587469100952	999.774963378906	97.3057098388672	-23.0689849853516	989.851623535156	111.166488647461	-18.5377254486084	980.503967285156	120.410667419434	-25.4191551208496	977.021362304688	118.923324584961	-2.91887164115906	988.06640625	133.792373657227	62.3707695007324	987.246337890625	135.367126464844	61.0237312316895	986.966186523438	138.947692871094	56.0283584594727	984.960632324219	142.021499633789	46.0984840393066	982.041015625	141.593002319336	21.462474822998	978.227722167969	136.62370300293	13.6609144210815	981.498474121094	127.554527282715	45.4811172485352	1010.26428222656	127.906608581543	26.5669326782227	1022.93072509766	141.99560546875	23.1136837005615	1031.04711914062	158.465682983398	17.2431964874268	1020.72283935547	168.172012329102	6.34889268875122	991.825317382812	162.658508300781	-2.60509753227234	990.040893554688	139.134475708008	13.5266733169556	999.445678710938	157.706466674805	-19.674934387207	988.337524414062	144.877090454102	-17.8835315704346	979.107238769531	135.13786315918	-24.2649898529053	976.058044433594	133.64387512207	-2.173175573349	987.46240234375
GMNH-VM10-427	127.402809143066	69.2776565551758	983.726379394531	127.493881225586	64.2192153930664	990.70654296875	128.52571105957	51.7829246520996	1009.6787109375	129.19563293457	30.6307277679443	1030.34045410156	129.262145996094	27.7787303924561	1034.34997558594	130.885787963867	-52.1994895935059	995.138854980469	130.427963256836	-32.5170288085938	982.453674316406	130.19645690918	-15.9424304962158	980.701599121094	129.643341064453	7.20124387741089	997.388427734375	128.52294921875	22.0358104705811	988.157897949219	128.21891784668	54.445873260498	989.83154296875	116.130767822266	64.0606231689453	985.447326660156	114.721405029297	62.5426750183105	985.1240234375	111.420166015625	56.052677154541	982.707763671875	108.763648986816	45.736026763916	980.447021484375	112.617477416992	19.9373416900635	978.964782714844	116.484283447266	15.7344360351562	981.588745117188	123.102317810059	50.2302131652832	1005.6904296875	126.506118774414	31.4039497375488	1022.54437255859	113.717987060547	24.7129173278809	1032.0380859375	98.2624664306641	19.6562671661377	1021.70013427734	87.6344146728516	8.55709934234619	996.338562011719	94.7653961181641	-1.41169893741608	995.342163085938	115.625793457031	16.1938228607178	1000.79162597656	100.808937072754	-19.3399868011475	993.848510742188	113.369285583496	-19.281665802002	983.382141113281	122.663749694824	-26.1043224334717	979.904235839844	122.37247467041	-0.910279631614685	989.4306640625	139.072784423828	64.3750610351562	985.31396484375	141.307266235352	63.1417617797852	984.544311523438	144.463760375977	56.4349937438965	981.251892089844	146.572235107422	46.2144165039062	979.226989746094	144.38151550293	19.8617725372314	979.018920898438	140.516738891602	15.893798828125	980.803466796875	133.504653930664	51.0625953674316	1006.35083007812	131.618362426758	31.4585628509521	1021.89459228516	145.088806152344	26.000696182251	1031.31335449219	160.771011352539	21.3777923583984	1019.22290039062	170.426498413086	9.86686515808105	993.808288574219	164.498123168945	0.194366171956062	992.366638183594	143.317977905273	17.2457885742188	999.932189941406	159.81135559082	-19.0268001556396	992.291687011719	147.925415039062	-19.1764125823975	983.325439453125	137.81379699707	-24.6171817779541	978.799987792969	137.621963500977	-0.342560768127441	989.781555175781
GMNH-VM11-16	137.614669799805	57.6543312072754	935.213439941406	137.233993530273	51.993968963623	943.159851074219	136.323165893555	38.4860992431641	960.190368652344	134.399749755859	12.9276342391968	980.691589355469	134.00244140625	9.64989471435547	984.571350097656	135.459838867188	-71.334228515625	943.23388671875	137.610916137695	-51.1364860534668	926.400756835938	138.331344604492	-32.2310600280762	924.120300292969	136.187255859375	-10.2752542495728	943.235717773438	136.888046264648	5.57690238952637	936.147766113281	137.392471313477	41.1335563659668	938.307495117188	126.200004577637	53.4739379882812	934.990783691406	123.84496307373	52.2455825805664	934.111633300781	120.303512573242	45.0235061645508	931.479248046875	118.429847717285	34.3616027832031	927.345397949219	120.76490020752	8.19897270202637	923.507019042969	125.421669006348	1.80534601211548	928.199951171875	131.48274230957	37.8122863769531	957.398010253906	131.048217773438	14.2539100646973	972.252258300781	117.308288574219	9.97084426879883	979.218505859375	100.36360168457	0.47201144695282	968.820861816406	88.3321990966797	-8.5401201248169	936.524780273438	97.1411895751953	-19.1345920562744	934.120361328125	121.206253051758	1.27299010753632	947.53466796875	103.956504821777	-38.0172119140625	936.111267089844	118.29517364502	-36.7304840087891	925.951721191406	130.114898681641	-42.7578125	921.198364257812	128.451202392578	-17.0289402008057	935.275451660156	149.553009033203	53.5645027160645	936.1572265625	152.452789306641	52.0269622802734	935.769836425781	155.740493774414	43.9822425842285	933.688781738281	157.901824951172	33.7651100158691	929.046875	154.547088623047	7.72308111190796	925.721008300781	149.144485473633	1.37233316898346	929.259094238281	141.260620117188	36.8710289001465	957.819702148438	138.959930419922	14.687933921814	972.371215820312	152.521682739258	9.40291595458984	980.891723632812	170.691131591797	0.781228363513947	971.981018066406	184.49169921875	-7.8294882774353	941.788269042969	175.649230957031	-18.2972011566162	939.022766113281	151.620132446289	1.05998873710632	949.207580566406	169.518951416016	-38.1610412597656	940.202270507812	157.163726806641	-36.3915328979492	927.318969726562	145.820129394531	-43.2467002868652	923.369079589844	146.401062011719	-16.3456325531006	936.867309570312
GMNH-VM12-388	145.811584472656	62.5298004150391	926.064819335938	145.098297119141	54.5124664306641	934.133239746094	146.526290893555	34.4135818481445	951.506530761719	148.211334228516	11.7897691726685	973.51220703125	148.364700317383	9.17089653015137	977.091430664062	148.703598022461	-74.1293869018555	933.859741210938	148.713394165039	-51.9297790527344	918.51171875	148.575469970703	-35.4449844360352	917.275207519531	148.132797241211	-13.684983253479	935.642028808594	147.380172729492	2.39925098419189	929.120300292969	145.095504760742	42.600944519043	929.320617675781	132.86604309082	59.0790405273438	925.862854003906	128.865753173828	54.4650955200195	923.023620605469	126.035186767578	48.0630531311035	921.671997070312	125.142562866211	34.8405990600586	918.800659179688	129.735931396484	7.65177011489868	914.329040527344	135.920562744141	-0.77209734916687	919.894714355469	140.827835083008	34.9807815551758	949.237121582031	144.655059814453	11.4309320449829	963.741760253906	130.169097900391	6.9868426322937	974.146057128906	112.591857910156	0.291801154613495	964.20166015625	100.819641113281	-12.5305585861206	932.515502929688	108.809555053711	-22.5539951324463	931.029296875	134.091949462891	-3.9390139579773	941.668701171875	116.55419921875	-39.3919258117676	929.456176757812	131.257507324219	-38.964714050293	920.369262695312	140.964065551758	-44.2130279541016	916.875732421875	140.515747070312	-19.9941692352295	929.693969726562	157.334274291992	57.6279373168945	924.848754882812	161.699020385742	54.621166229248	923.307189941406	163.962677001953	48.5273170471191	920.803588867188	166.523056030273	35.5899543762207	918.089904785156	165.606231689453	8.11702537536621	912.995544433594	159.427291870117	-0.998973369598389	920.071960449219	150.831802368164	34.1393280029297	948.122131347656	151.81787109375	12.1826162338257	963.841003417969	166.048614501953	7.87736988067627	973.154235839844	183.810241699219	1.49801802635193	963.262084960938	195.751876831055	-10.5696640014648	930.331420898438	187.735610961914	-21.7738552093506	930.834655761719	163.680023193359	-4.44675874710083	941.296447753906	180.989929199219	-39.8675193786621	928.260620117188	166.572021484375	-38.2146453857422	920.093994140625	156.068466186523	-44.5115432739258	917.583435058594	155.740814208984	-20.7127723693848	928.383178710938
GMNH-VM12-450	127.935447692871	66.0261001586914	935.125732421875	128.493194580078	61.1659317016602	943.784423828125	128.599746704102	47.0211219787598	963.795593261719	128.844680786133	24.8368701934814	983.171936035156	128.805389404297	22.2490692138672	987.5146484375	133.865203857422	-60.3356628417969	949.895202636719	132.857772827148	-41.6393928527832	935.503845214844	131.780258178711	-24.8061408996582	933.221923828125	130.600296020508	-0.486971944570541	949.014099121094	130.537139892578	14.7811403274536	940.471618652344	129.068954467773	49.6434783935547	942.050964355469	117.324279785156	61.2482147216797	936.717895507812	115.356880187988	57.5063362121582	935.641479492188	112.831275939941	52.1051445007324	933.945068359375	109.80192565918	40.9493827819824	932.392211914062	113.216567993164	15.3750295639038	929.124755859375	119.474220275879	7.20242834091187	932.92041015625	124.45361328125	44.74609375	962.05029296875	125.752975463867	24.6904678344727	976.039123535156	112.300559997559	20.2014560699463	983.323364257812	96.5484771728516	11.2928314208984	972.703857421875	87.2729568481445	-1.87706255912781	945.101196289062	95.7411727905273	-11.7633275985718	944.916809082031	116.4609375	8.2750997543335	951.949096679688	102.501808166504	-29.9611473083496	944.108032226562	115.797424316406	-28.8807163238525	934.480285644531	124.839996337891	-35.20703125	933.407287597656	124.16650390625	-9.26074028015137	941.226623535156	139.174591064453	62.5299339294434	936.567565917969	142.225067138672	58.6904525756836	936.072143554688	145.169036865234	53.1864204406738	934.395690917969	150.032379150391	42.0137634277344	934.011413574219	148.082733154297	15.974907875061	930.1796875	142.255218505859	8.32882499694824	933.5107421875	133.751007080078	45.1301727294922	961.644104003906	132.637161254883	24.8032188415527	975.70458984375	145.456161499023	22.1432437896729	983.973022460938	162.896606445312	14.5549077987671	974.253234863281	173.783477783203	0.593288004398346	946.266967773438	165.819732666016	-8.38103294372559	946.652221679688	145.065902709961	9.79491519927979	952.852355957031	160.605911254883	-26.6601066589355	945.161254882812	147.657958984375	-26.981538772583	935.445617675781	140.124267578125	-33.4157562255859	932.771301269531	137.693557739258	-7.98016452789307	941.94970703125
GMNH-VM13-350	141.509048461914	73.7319183349609	960.300476074219	141.232070922852	66.7387466430664	968.578918457031	141.076232910156	49.457649230957	986.853637695312	140.153793334961	23.8934745788574	1006.76806640625	139.838760375977	20.3327121734619	1010.97241210938	141.52131652832	-59.2304267883301	967.480651855469	142.75178527832	-39.4697532653809	954.603393554688	142.301040649414	-24.5299015045166	953.005310058594	141.824813842773	0.275433421134949	970.983459472656	141.690139770508	17.2937316894531	960.861694335938	141.35173034668	56.5911750793457	963.196533203125	129.32258605957	68.4278793334961	961.106384277344	128.361297607422	66.8072052001953	959.887268066406	124.044075012207	58.4210090637207	956.030578613281	122.723876953125	47.0813484191895	952.501647949219	125.097450256348	19.1967372894287	948.408630371094	131.071044921875	13.0294437408447	953.971740722656	135.812225341797	47.9436264038086	983.823791503906	136.809127807617	24.094554901123	997.91845703125	121.67130279541	19.8104190826416	1006.30883789062	105.9599609375	13.7915267944336	995.369995117188	95.2506637573242	0.361083716154099	966.338623046875	103.597564697266	-9.70570945739746	962.988647460938	126.986610412598	11.4346389770508	974.396850585938	110.252822875977	-27.8625469207764	964.313354492188	124.111381530762	-27.1790466308594	955.949645996094	134.998016357422	-33.0935363769531	952.178894042969	134.813400268555	-7.80874919891357	962.987976074219	153.465911865234	68.3704223632812	961.2470703125	155.183319091797	66.1429824829102	960.9560546875	159.317977905273	58.4167594909668	957.8486328125	161.100616455078	47.1073532104492	953.821411132812	158.597015380859	18.9624176025391	949.403259277344	153.289642333984	12.7015247344971	954.561218261719	146.510238647461	47.4432334899902	984.029418945312	144.362579345703	24.1960296630859	998.185668945312	158.626159667969	21.0825672149658	1007.74505615234	174.555877685547	15.2875671386719	999.782470703125	188.813903808594	1.73889636993408	967.850708007812	180.979705810547	-8.23984813690186	965.130859375	157.626098632812	11.2191429138184	974.676452636719	174.776794433594	-27.3996658325195	966.242431640625	159.788131713867	-27.2811088562012	956.470947265625	150.218887329102	-33.7381286621094	952.940551757812	149.85530090332	-8.11386394500732	963.417602539062
GMNH-VM13-388	131.250823974609	70.8840637207031	988.3173828125	131.472076416016	63.8943481445312	1000.07641601562	131.742309570312	48.0419425964355	1018.59191894531	132.062072753906	26.7164649963379	1036.21826171875	132.164245605469	22.8030452728271	1040.93884277344	134.093902587891	-51.574390411377	993.294555664062	133.957427978516	-31.4484996795654	981.310363769531	133.8505859375	-15.3299074172974	980.960998535156	133.12190246582	4.35469722747803	998.41455078125	132.22509765625	22.1796913146973	991.21435546875	131.404510498047	55.3902893066406	995.370971679688	120.51131439209	69.0491333007812	990.330017089844	118.139945983887	66.6436996459961	988.734252929688	114.553894042969	60.1843605041504	985.898315429688	110.95809173584	49.8611679077148	983.29833984375	113.784881591797	23.3562927246094	980.14013671875	120.174629211426	14.8524827957153	983.339721679688	126.812141418457	48.9414863586426	1014.8759765625	128.530395507812	26.6781044006348	1027.40454101562	115.956001281738	21.2885761260986	1034.90441894531	99.5948638916016	13.5410757064819	1023.71075439453	88.0527114868164	7.04436635971069	997.085144042969	96.4885406494141	-3.60807943344116	994.313842773438	118.542572021484	12.5143299102783	1002.50720214844	102.579231262207	-21.9348754882812	994.365173339844	116.299537658691	-18.9170837402344	983.283142089844	126.054512023926	-25.2831630706787	979.003173828125	125.98656463623	-1.08766734600067	993.036987304688	142.62548828125	69.6968231201172	990.307006835938	145.328994750977	67.7009429931641	989.713684082031	149.464370727539	61.2627830505371	985.41796875	152.079376220703	50.5664863586426	982.5693359375	150.467620849609	24.2716865539551	980.011901855469	144.201599121094	16.0365238189697	983.02587890625	137.044021606445	49.9276580810547	1014.03778076172	135.728546142578	27.256368637085	1028.3408203125	NA	NA	NA	165.757461547852	15.1874618530273	1023.06579589844	175.506454467773	8.42461585998535	997.048889160156	169.388656616211	-1.76885867118835	994.839416503906	146.479156494141	13.3936853408813	1002.79534912109	164.922073364258	-20.9135246276855	994.1181640625	151.712493896484	-18.6924953460693	982.868347167969	140.639587402344	-25.3441734313965	979.646789550781	141.271759033203	-0.912663996219635	992.131958007812
GMNH-VM13-392	125.674926757812	73.7099533081055	953.639892578125	125.825790405273	69.5710906982422	961.576599121094	125.84008026123	59.8580474853516	980.054992675781	124.174392700195	35.8712196350098	1000.06213378906	123.960525512695	32.911319732666	1003.97094726562	124.310943603516	-46.6331481933594	965.189697265625	124.113838195801	-25.8307132720947	951.114685058594	125.004035949707	-9.76074504852295	949.432434082031	124.926094055176	12.9430437088013	967.218566894531	124.754257202148	27.3305854797363	958.9990234375	125.644317626953	59.4750061035156	958.229370117188	115.327598571777	68.8142318725586	955.447387695312	114.864280700684	68.4781494140625	955.192932128906	111.677085876465	63.6183013916016	952.977478027344	107.786865234375	53.8805656433105	950.386962890625	108.975219726562	28.1229152679443	948.88720703125	114.134735107422	22.2371673583984	952.178039550781	120.703468322754	58.0608787536621	976.199890136719	121.212608337402	34.9883308410645	993.087585449219	107.950012207031	30.3253612518311	1001.20672607422	91.9828414916992	25.8777599334717	989.879760742188	82.2439880371094	14.387414932251	961.810180664062	90.0239868164062	4.94979953765869	962.512268066406	111.179710388184	21.5998935699463	971.964965820312	94.8260726928711	-13.9883375167847	962.757873535156	107.968223571777	-12.717038154602	952.299682617188	117.044921875	-19.4144420623779	948.512817382812	117.23641204834	5.83413314819336	960.122985839844	135.835006713867	68.1836090087891	955.301940917969	136.732528686523	67.6371841430664	955.461730957031	139.932815551758	62.0907936096191	952.826477050781	142.504104614258	52.8979454040527	950.712829589844	140.738830566406	27.5708446502686	949.700866699219	135.560806274414	21.8740348815918	952.370666503906	130.123977661133	57.9321022033691	976.588684082031	127.330810546875	35.7059631347656	992.643920898438	140.166366577148	30.0131282806396	1001.38763427734	155.956634521484	24.4512500762939	990.637390136719	166.076950073242	11.7959394454956	961.784423828125	159.825759887695	3.75677442550659	962.426208496094	138.407363891602	21.6382122039795	971.834533691406	153.776611328125	-15.1983108520508	962.129943847656	141.833419799805	-13.5883798599243	952.392333984375	131.860595703125	-19.3670387268066	948.660766601562	132.596771240234	5.61939096450806	960.533325195312
GMNH-VM14-159	138.233871459961	64.5128173828125	930.843811035156	137.951797485352	57.1964569091797	937.752990722656	137.613845825195	44.6234397888184	955.343383789062	136.454772949219	26.3901615142822	976.985412597656	136.229827880859	24.0301532745361	981.559020996094	140.147018432617	-66.6695861816406	935.206726074219	140.76953125	-43.1427574157715	926.672119140625	140.236831665039	-24.1801605224609	925.712951660156	138.865097045898	-1.39449346065521	943.737854003906	138.379684448242	13.6264028549194	934.725280761719	138.28564453125	48.382453918457	934.465637207031	129.026580810547	61.4953956604004	928.870788574219	126.907035827637	58.8612747192383	927.622009277344	123.906341552734	54.003345489502	925.846618652344	121.165603637695	42.9689331054688	924.233032226562	122.438552856445	15.1461238861084	922.460388183594	128.026214599609	8.43541240692139	927.51806640625	132.563888549805	42.9634971618652	951.992248535156	133.247085571289	24.0274868011475	968.186828613281	119.962226867676	19.9746074676514	977.30712890625	103.104568481445	13.1133155822754	967.04736328125	93.5862731933594	-0.574030578136444	940.24462890625	102.005462646484	-11.6906566619873	938.286560058594	124.023612976074	7.54661703109741	946.471008300781	108.097206115723	-29.8438358306885	938.199645996094	121.676200866699	-27.5245742797852	928.275634765625	131.755996704102	-34.5659065246582	925.170227050781	131.541900634766	-7.80825328826904	937.590881347656	148.951400756836	60.2963066101074	929.530700683594	151.220672607422	58.4272232055664	928.845275878906	154.716796875	53.3510055541992	927.45654296875	157.703582763672	42.6228485107422	925.053039550781	156.989135742188	14.989914894104	924.041137695312	150.460708618164	9.62401103973389	928.554870605469	143.515686035156	43.4516716003418	952.484924316406	140.289123535156	24.8520565032959	968.732543945312	153.352020263672	21.2635707855225	978.686096191406	171.379013061523	13.3468818664551	968.636413574219	184.434722900391	2.03023338317871	945.327758789062	176.300659179688	-9.50821113586426	942.094360351562	153.973983764648	8.4436206817627	947.299255371094	171.889007568359	-28.6626434326172	940.639404296875	157.325347900391	-26.1724090576172	928.612426757812	149.365341186523	-33.8415069580078	924.999450683594	147.04443359375	-7.50236654281616	937.798156738281
GMNH-VM14-160	131.276428222656	69.6407699584961	959.961853027344	131.309783935547	62.8076019287109	968.276611328125	130.764022827148	49.5928192138672	988.435119628906	130.65803527832	24.4674282073975	1009.35833740234	130.544586181641	21.6451530456543	1013.39050292969	132.221069335938	-56.7660484313965	973.205383300781	132.34358215332	-37.8578224182129	956.993774414062	132.767105102539	-22.6944370269775	955.7236328125	132.085083007812	-0.806291878223419	971.944213867188	131.236236572266	17.0088119506836	964.967712402344	131.294967651367	52.6243476867676	965.871459960938	120.141616821289	64.7776718139648	961.600341796875	119.07625579834	62.2516860961914	960.816162109375	115.016540527344	57.7224960327149	958.938842773438	111.117385864258	46.213939666748	957.67822265625	114.087753295898	18.3918037414551	953.496032714844	119.994010925293	11.6079559326172	957.168762207031	126.036880493164	47.1252250671387	985.154541015625	127.610961914062	24.0240497589111	1002.14178466797	113.922157287598	18.9197635650635	1009.83471679688	97.7864456176758	11.8073692321777	998.71337890625	87.2215805053711	2.29702353477478	971.637878417969	97.27197265625	-9.88675498962402	969.911560058594	118.827766418457	9.22440910339356	977.524841308594	102.700675964355	-27.0466842651367	968.468444824219	114.266136169434	-25.3192977905273	957.9443359375	125.246475219727	-32.6975708007812	954.738830566406	124.670539855957	-6.68361902236938	964.998413085938	142.636215209961	64.6862411499023	961.995910644531	144.313568115234	62.9579086303711	961.699523925781	147.279602050781	58.1092300415039	959.550964355469	150.774291992188	46.7107086181641	957.385009765625	149.610687255859	19.1214599609375	953.650512695312	143.469772338867	12.8232707977295	957.604919433594	136.591827392578	47.4580879211426	985.693298339844	133.750518798828	24.1647300720215	1002.01257324219	146.9765625	20.0245475769043	1010.22784423828	164.386856079102	13.1215286254883	1000.29748535156	175.754150390625	3.425785779953	971.815124511719	167.30696105957	-8.82572650909424	969.335021972656	145.016342163086	10.0913505554199	977.724792480469	162.208648681641	-27.0429744720459	968.326538085938	149.520050048828	-25.5436458587646	957.464050292969	139.487365722656	-33.8289260864258	955.513793945312	139.793518066406	-6.90782785415649	965.05419921875
GMNH-VM14-265	140.852279663086	70.3901672363281	950.793701171875	142.37858581543	61.962589263916	962.416320800781	143.684494018555	48.4273490905762	980.792419433594	145.374053955078	21.0313034057617	1001.81640625	145.491088867188	17.4044418334961	1005.36022949219	147.022430419922	-64.2251052856445	958.772277832031	145.597274780273	-40.1382255554199	943.448669433594	144.843185424805	-24.6706047058105	943.1943359375	144.261032104492	-1.65288078784943	963.585632324219	143.540130615234	14.8929309844971	955.337097167969	142.666564941406	50.7142105102539	956.817565917969	129.796691894531	65.4181747436523	953.610900878906	125.705505371094	61.264347076416	950.615783691406	123.522918701172	53.3352203369141	948.238220214844	120.941184997559	42.0334777832031	946.548583984375	125.342208862305	14.833664894104	942.21728515625	131.747634887695	7.7421293258667	948.826293945312	138.367950439453	46.120677947998	978.180847167969	141.422088623047	20.7905654907227	995.609313964844	127.807006835938	15.5125074386597	1004.24468994141	110.52978515625	10.044602394104	990.619445800781	98.9739532470703	-3.02760529518127	960.971984863281	107.503364562988	-11.4683399200439	958.928588867188	130.399505615234	7.50073003768921	969.207153320312	112.436172485352	-30.4903182983398	958.43896484375	127.739311218262	-27.9514408111572	947.458740234375	137.302429199219	-33.8639106750488	942.281311035156	136.669799804688	-9.63254547119141	956.475891113281	153.322448730469	67.0383911132812	951.534912109375	157.675033569336	63.8795547485352	949.039245605469	160.440902709961	56.714298248291	947.084838867188	163.319198608398	44.9636039733887	945.547241210938	160.23811340332	16.7768383026123	940.339294433594	154.703170776367	9.48491668701172	947.753356933594	148.987457275391	46.0978393554688	977.294921875	148.202484130859	21.8175888061523	994.790710449219	162.34782409668	17.1250877380371	1002.66418457031	179.899963378906	12.4287605285645	987.685241699219	189.835189819336	0.813884675502777	959.033874511719	181.914474487305	-8.86857604980469	957.425842285156	158.429153442383	8.39761543273926	968.487060546875	178.238754272461	-29.2233982086182	955.985290527344	162.631362915039	-27.2206649780273	945.603088378906	153.024291992188	-33.759090423584	942.152282714844	152.426727294922	-8.41762638092041	955.926635742188
GMNH-VM14-266	149.666702270508	81.4549942016602	928.584106445312	149.156173706055	69.7339401245117	939.522888183594	149.981399536133	51.3736228942871	957.665222167969	150.909805297852	22.4886913299561	977.650268554688	150.776779174805	17.2239074707031	982.595275878906	150.211456298828	-60.5341262817383	934.993103027344	150.205062866211	-40.9314727783203	917.080688476562	150.524078369141	-22.2325611114502	919.744689941406	150.703826904297	0.220071867108345	936.898071289062	150.448364257812	19.8032035827637	929.860900878906	149.355911254883	60.1160354614258	933.8173828125	137.140060424805	73.3206253051758	930.685607910156	134.404113769531	70.9325180053711	929.401611328125	132.151733398438	63.1939277648926	925.702758789062	NA	NA	NA	131.640472412109	23.8932914733887	918.283447265625	137.766677856445	16.3603591918945	921.905578613281	144.505996704102	51.484317779541	953.999816894531	147.072402954102	23.1253147125244	967.657653808594	132.835067749023	17.2234058380127	977.485107421875	114.091407775879	10.6629695892334	966.64990234375	101.612785339355	4.60003471374512	935.138122558594	110.021270751953	-9.80910015106201	932.347961425781	134.918060302734	12.9719171524048	944.094360351562	116.841636657715	-29.3732795715332	929.992004394531	132.845001220703	-25.3398170471191	920.289306640625	142.006896972656	-31.134147644043	916.129455566406	142.079147338867	-5.23436880111694	930.32763671875	161.84049987793	73.8993148803711	930.457458496094	164.291839599609	71.265266418457	928.693115234375	167.434448242188	63.394115447998	926.075073242188	171.074630737305	52.3425216674805	922.774536132812	168.793487548828	24.3629417419434	918.065734863281	163.297546386719	16.2474193572998	921.9990234375	155.255310058594	50.571475982666	953.822937011719	154.039840698242	23.1549739837646	968.475769042969	168.041931152344	17.8170051574707	977.239929199219	186.179260253906	10.5055637359619	966.470581054688	199.345260620117	3.51688313484192	935.099731445312	191.315490722656	-9.18545055389404	932.662231445312	166.176467895508	11.767653465271	943.665954589844	184.148193359375	-30.4726181030273	929.497375488281	167.628067016602	-25.6483516693115	919.396911621094	158.098190307617	-32.6847801208496	916.053466796875	159.890518188477	-5.6521577835083	929.92236328125
GMNH-VM14-269	151.498947143555	68.0078506469727	925.031311035156	152.006713867188	58.6629753112793	936.520690917969	152.457977294922	42.7783012390137	957.62939453125	154.361968994141	13.1541938781738	983.410034179688	154.764465332031	8.6706485748291	988.762390136719	158.176467895508	-77.8253326416016	946.564392089844	156.848052978516	-56.5674133300781	925.320861816406	156.512161254883	-39.1402206420898	924.036437988281	155.22639465332	-11.8538131713867	943.193786621094	154.562973022461	6.50193166732788	933.993530273438	152.8857421875	44.6709213256836	932.320068359375	138.968139648438	61.0254669189453	926.939758300781	136.43994140625	58.8104286193848	925.719299316406	134.485443115234	48.9233016967773	923.404907226562	133.123641967773	37.5559921264648	922.047424316406	136.237182617188	8.97129440307617	919.548278808594	142.21858215332	0.478673905134201	925.659057617188	146.656188964844	41.6637115478516	953.310546875	150.233993530273	13.7989320755005	973.758544921875	136.738571166992	7.34607172012329	982.927185058594	118.367370605469	0.382220834493637	972.743957519531	104.139450073242	-12.6207571029663	937.438293457031	112.378875732422	-24.6422443389893	937.146728515625	138.735336303711	-1.98782062530518	949.520751953125	119.771171569824	-47.7544403076172	937.593627929688	137.204132080078	-43.0258178710938	927.142517089844	148.607803344727	-50.0349540710449	923.126647949219	146.52082824707	-21.8672962188721	935.584838867188	164.93962097168	61.3852806091309	925.806274414062	167.269989013672	60.2520332336426	925.654296875	170.149963378906	50.6167106628418	922.352172851562	172.886489868164	38.6560516357422	921.003967285156	172.126037597656	11.0123615264893	918.703674316406	166.446426391602	1.6999899148941	924.658386230469	158.436782836914	42.4256362915039	953.926086425781	158.020080566406	13.930814743042	973.820739746094	172.372650146484	8.02658462524414	983.563110351562	192.261749267578	2.98754000663757	970.3564453125	206.392044067383	-10.0563802719116	936.5693359375	197.452072143555	-21.693302154541	935.663879394531	169.999633789062	-0.550203084945679	948.243591308594	194.002212524414	-45.5687484741211	936.210998535156	175.840209960938	-41.6005554199219	925.960327148438	164.22004699707	-50.1069221496582	923.1201171875	164.151473999023	-21.066162109375	934.791320800781
GMNH-VM14-325	122.082862854004	63.7614707946777	955.294006347656	122.102104187012	57.1020126342773	965.995483398438	122.446197509766	44.7325553894043	982.594299316406	122.163162231445	26.4330291748047	1000.47985839844	122.095436096191	23.8589668273926	1004.04077148438	124.377960205078	-53.3886566162109	964.147644042969	125.132659912109	-34.495433807373	953.230224609375	124.74095916748	-17.7941856384277	951.694091796875	123.414360046387	1.89581251144409	967.317932128906	123.701316833496	16.8278942108154	960.773559570312	122.393127441406	48.7872734069824	963.370056152344	112.441215515137	59.7144241333008	957.222106933594	111.131011962891	57.5807914733887	956.703674316406	107.53426361084	53.1877136230469	954.787902832031	104.231216430664	42.734245300293	951.822814941406	105.55152130127	17.7845211029053	950.426391601562	111.775566101074	11.5270042419434	954.675903320312	117.661483764648	43.1608047485352	980.264465332031	118.556945800781	25.4858875274658	993.518859863281	104.634010314941	21.2967967987061	1001.26397705078	90.2611541748047	15.0322637557983	991.494323730469	81.5549468994141	3.0824248790741	964.870910644531	89.7141647338867	-6.44543886184692	964.434448242188	108.894668579102	10.9210939407349	971.181945800781	94.9704818725586	-22.7687282562256	963.769104003906	108.424758911133	-20.1989135742188	953.849060058594	117.016304016113	-26.0201988220215	951.604431152344	116.911140441895	-4.7059817314148	960.974975585938	131.952346801758	59.8004608154297	957.229736328125	133.885818481445	58.25390625	957.2421875	136.973480224609	53.5127410888672	955.528503417969	140.887847900391	43.3599815368652	952.429016113281	141.394088745117	18.4426250457764	951.028381347656	135.211578369141	11.8366842269897	954.538391113281	127.765342712402	43.3309516906738	979.286010742188	125.978401184082	25.6353302001953	993.373107910156	139.753463745117	22.4311370849609	1001.77954101562	154.694564819336	16.4108753204346	993.319702148438	166.013687133789	3.93837904930115	966.208435058594	158.235656738281	-5.19839715957642	965.557189941406	138.62109375	11.772876739502	972.76708984375	153.559204101562	-22.7509326934814	964.93310546875	141.162384033203	-19.4609603881836	954.69873046875	132.03742980957	-25.7331714630127	952.138610839844	130.857788085938	-4.07851648330688	961.592529296875
GMNH-VM14-493	136.968063354492	71.0767440795898	969.752075195312	136.904678344727	64.1767349243164	978.992553710938	137.11311340332	48.4305686950684	997.9814453125	136.199096679688	21.0763816833496	1020.45355224609	136.140182495117	17.3325443267822	1024.58435058594	138.578384399414	-62.2536659240723	984.083618164062	138.402389526367	-43.9312019348145	967.091857910156	138.465469360352	-25.9590110778809	965.284545898438	137.287017822266	-1.87355029582977	983.507873535156	137.668212890625	15.073558807373	973.332214355469	137.714584350586	52.0250587463379	974.0869140625	124.858322143555	64.3109359741211	971.643798828125	123.551940917969	62.7002334594727	970.46337890625	119.771621704102	53.2007522583008	967.149780273438	117.303047180176	41.4941444396973	964.551574707031	120.635551452637	14.5518579483032	961.464782714844	125.882225036621	8.65003681182861	966.860656738281	132.380065917969	46.8042793273926	994.948486328125	133.364761352539	21.7475967407227	1009.47479248047	118.844299316406	17.0402011871338	1020.25921630859	102.504455566406	10.8285083770752	1010.13110351562	90.3056869506836	-4.01206731796265	981.809936523438	98.0764465332031	-13.812032699585	979.208679199219	121.352424621582	8.32912254333496	988.44580078125	106.393913269043	-32.5954971313477	979.029296875	119.64924621582	-30.7003345489502	968.782348632812	130.115081787109	-36.4248924255371	964.639221191406	129.695175170898	-9.54447364807129	976.331481933594	149.799957275391	65.2045822143555	971.786193847656	151.226852416992	63.5528831481934	971.437072753906	155.122772216797	54.2202987670898	967.947692871094	158.231918334961	42.5029602050781	965.58837890625	155.655059814453	15.0748243331909	962.459350585938	149.081619262695	8.11876773834229	967.198364257812	142.24137878418	46.8024215698242	995.314697265625	139.735748291016	22.7642288208008	1010.25842285156	154.024795532227	18.4917144775391	1020.66107177734	171.641876220703	11.9780282974243	1009.79016113281	183.875259399414	-3.44840860366821	982.830810546875	176.315414428711	-13.1024551391602	981.186401367188	154.043746948242	7.92496728897095	989.664123535156	169.507507324219	-32.3820495605469	980.752319335938	156.106903076172	-30.1242790222168	970.154968261719	146.382705688477	-36.3366851806641	965.2529296875	145.912734985352	-9.89480209350586	976.9580078125
GMNH-VM14-500	137.219314575195	73.0674285888672	964.109619140625	136.793746948242	71.7742462158203	968.867858886719	136.278503417969	55.2565383911133	990.464721679688	136.154922485352	28.683967590332	1011.81750488281	136.285049438477	24.7947998046875	1016.71563720703	144.290267944336	-51.8641662597656	979.479614257812	143.095779418945	-32.0405235290527	960.627868652344	142.302337646484	-14.8165054321289	959.467651367188	140.335830688477	6.1736536026001	976.670471191406	139.95573425293	23.328670501709	967.510559082031	137.06640625	58.7437286376953	966.403076171875	127.145645141602	71.3423004150391	961.877746582031	125.130401611328	69.2184143066406	961.1865234375	120.942878723145	63.1016807556152	957.241821289062	119.179916381836	52.0993537902832	953.737426757812	122.742774963379	26.6579761505127	952.053771972656	128.860626220703	17.112434387207	959.509643554688	131.083435058594	53.9445190429688	984.851318359375	133.984817504883	28.5726623535156	1003.36083984375	120.625846862793	21.9355716705322	1010.44012451172	107.052268981934	13.5710582733154	999.3642578125	97.1112442016602	6.19089889526367	970.902404785156	103.802825927734	-2.8868579864502	971.202270507812	126.627815246582	15.0028018951416	980.621276855469	110.87718963623	-21.6584815979004	971.526794433594	124.723190307617	-20.1145401000977	961.9384765625	133.781204223633	-25.0295600891113	957.979187011719	132.670318603516	-0.767679214477539	968.975341796875	147.387969970703	71.5051193237305	963.509094238281	151.845062255859	69.9479904174805	961.667602539062	154.342926025391	64.2607421875	959.6708984375	158.080383300781	53.1181831359863	956.5791015625	157.556137084961	27.5010604858398	954.151062011719	152.220138549805	17.8315448760986	960.717834472656	141.787643432617	54.5882263183594	986.315795898438	139.444885253906	29.1400108337402	1004.07269287109	153.515151977539	24.6076583862305	1012.14031982422	170.499847412109	19.6707000732422	1002.97198486328	185.16845703125	12.1001653671265	974.739807128906	179.203338623047	3.07949686050415	974.498657226562	152.615905761719	16.4424247741699	981.572509765625	173.466247558594	-18.1502723693848	974.4580078125	160.244247436523	-19.0424251556396	963.389770507812	151.49040222168	-24.6317234039307	959.125549316406	148.81428527832	0.386520743370056	970.080871582031
GMNH-VM14-502	132.552093505859	64.3907318115234	960.303527832031	131.711959838867	58.1885604858398	968.394775390625	131.332489013672	41.5305442810059	983.700561523438	130.573272705078	17.2870864868164	1004.38586425781	130.412048339844	14.1155138015747	1008.56811523438	134.279541015625	-61.8154945373535	968.395263671875	134.985168457031	-42.5080261230469	951.98583984375	135.054153442383	-24.8228015899658	950.844604492188	132.97248840332	-2.85202312469482	968.894897460938	133.470947265625	13.3611135482788	960.221252441406	132.310913085938	47.2257232666016	962.578979492188	121.593589782715	59.670825958252	960.202270507812	120.486892700195	57.5857772827148	959.221435546875	117.252059936523	51.014835357666	956.605346679688	114.710121154785	41.4082450866699	953.112548828125	117.095825195312	16.4665069580078	948.60009765625	121.858520507812	8.39268112182617	952.616516113281	126.333923339844	41.5041542053223	980.319030761719	128.071884155273	17.8313102722168	995.931762695312	114.472450256348	13.36012840271	1003.69451904297	98.921516418457	7.42821645736694	993.391418457031	88.8886108398438	-4.22996377944946	962.5224609375	97.9942474365234	-13.3772554397583	962.048706054688	119.88597869873	6.28322839736938	971.520385742188	106.301139831543	-31.3438377380371	961.334655761719	118.20777130127	-28.7064914703369	951.45654296875	127.268218994141	-34.8062934875488	948.430847167969	125.992767333984	-10.3569679260254	960.811157226562	143.462203979492	58.7374496459961	961.659790039062	144.691604614258	57.392822265625	961.247009277344	148.29313659668	51.5172843933105	959.129150390625	151.132751464844	42.2709693908691	955.56884765625	150.219116210938	16.7669811248779	950.485961914062	145.290725708008	8.44637203216553	953.968505859375	136.809616088867	41.6750793457031	981.201843261719	133.67121887207	17.7367935180664	996.754699707031	145.341873168945	14.1218976974487	1006.69549560547	163.049331665039	8.55179405212402	997.676696777344	177.684341430664	-1.61729669570923	968.18505859375	168.801971435547	-11.7762460708618	966.708557128906	145.665710449219	7.88010311126709	973.032775878906	162.66357421875	-30.9437789916992	965.526428222656	151.386856079102	-28.3293876647949	953.516357421875	142.856887817383	-34.7727699279785	949.605590820312	141.899383544922	-11.1123247146606	961.703063964844
GMNH-VM14-535	128.879241943359	62.8458137512207	959.970458984375	128.942199707031	57.8849678039551	968.20654296875	129.230102539062	48.4437828063965	987.8232421875	129.015365600586	25.399938583374	1011.35211181641	128.904159545898	22.2549476623535	1015.20703125	128.941970825195	-58.581958770752	971.66796875	129.398590087891	-36.7966232299805	960.373779296875	129.76708984375	-19.5313186645508	960.239868164062	129.707916259766	0.684246242046356	976.966247558594	129.782241821289	16.6828861236572	967.864440917969	129.080947875977	49.982048034668	965.544616699219	118.185913085938	58.2258758544922	960.490417480469	117.323608398438	56.7492942810059	960.001892089844	114.923377990723	52.0412063598633	958.68212890625	111.983306884766	42.0084457397461	955.951843261719	114.486213684082	16.1880187988281	957.187072753906	118.803741455078	12.3240013122559	961.857849121094	123.739402770996	46.3860969543457	984.771911621094	126.013847351074	25.2192058563232	1003.86700439453	113.303268432617	21.8361282348633	1010.92523193359	98.3977203369141	15.6188106536865	1001.349609375	85.3417816162109	3.11121201515198	972.015380859375	92.4141540527344	-5.18478202819824	971.609497070312	115.465431213379	11.7755069732666	981.6591796875	98.6135559082031	-23.9921703338623	971.372131347656	111.532501220703	-23.0340404510498	960.862182617188	121.212242126465	-28.7678070068359	958.435119628906	121.459274291992	-4.49842882156372	970.413269042969	139.898849487305	58.2046928405762	960.386474609375	140.91032409668	56.9490127563477	960.169616699219	143.391159057617	51.9858131408691	958.509704589844	146.532913208008	42.4134063720703	956.643615722656	144.794281005859	16.5000896453857	957.934326171875	139.948837280273	12.1172723770142	961.859130859375	134.445053100586	46.6541595458984	984.79296875	132.423828125	25.3331718444824	1003.17559814453	144.300170898438	21.5492515563965	1011.57653808594	160.16340637207	15.0358867645264	1000.34619140625	172.697418212891	2.53522610664368	972.127197265625	165.878234863281	-5.97576856613159	971.160217285156	144.002212524414	11.5779075622559	982.047729492188	159.669540405273	-24.5787220001221	971.209167480469	147.474273681641	-23.8569660186768	960.844848632812	137.566665649414	-29.1592311859131	958.516418457031	137.25260925293	-4.74780130386353	970.478576660156
GMNH-VM14-559	126.16918182373	70.4824523925781	982.726440429688	126.046455383301	64.5672302246094	990.359985351562	124.918197631836	52.7409515380859	1007.74353027344	122.502632141113	31.4816665649414	1026.60400390625	121.956871032715	29.2383518218994	1029.55358886719	127.742134094238	-48.4302024841309	987.222045898438	128.775894165039	-30.0986270904541	975.208984375	128.581314086914	-13.023099899292	974.503784179688	126.688163757324	8.50587940216064	989.91650390625	127.182914733887	23.8592510223389	982.656921386719	126.677803039551	56.5972671508789	985.958984375	115.08570098877	65.9475784301758	982.169067382812	114.393028259277	63.9156112670898	981.675659179688	111.640098571777	59.0618515014648	979.246826171875	108.327217102051	47.9828796386719	976.029052734375	111.444686889648	22.6145858764648	973.323181152344	115.209854125977	18.1729278564453	975.788513183594	120.380081176758	51.8793869018555	1004.11688232422	120.44507598877	32.4917945861816	1018.57043457031	105.751342773438	25.9565029144287	1023.76538085938	91.6838455200195	18.638427734375	1014.08630371094	84.9820938110352	7.72232961654663	988.205993652344	93.4933319091797	-2.36463093757629	983.526611328125	113.370399475098	17.2306137084961	994.1328125	98.7698593139648	-17.6063060760498	983.770385742188	112.64274597168	-16.1365242004395	974.420776367188	121.102294921875	-22.6467609405518	972.018920898438	120.816719055176	2.28914904594421	982.951110839844	137.74072265625	66.4352645874023	984.281616210938	139.309234619141	64.8614730834961	983.722290039062	143.147827148438	60.1168518066406	982.505249023438	146.787185668945	49.5182304382324	978.878295898438	145.654998779297	23.6338863372803	976.236450195312	140.40217590332	18.6850280761719	977.793395996094	130.105850219727	52.2997436523438	1004.47198486328	126.712821960449	31.7043132781982	1018.66094970703	139.786285400391	27.4057998657227	1027.46545410156	156.38069152832	20.2987976074219	1019.18597412109	167.933258056641	9.5533332824707	995.891723632812	160.155181884766	-0.937763810157776	989.901611328125	140.819442749023	19.8386650085449	996.409362792969	156.690628051758	-17.6723499298096	989.428955078125	144.38623046875	-15.527853012085	977.300598144531	135.867950439453	-23.2472190856934	973.747741699219	134.436111450195	3.07923626899719	985.017822265625
GMNH-VM14-563	NA	NA	NA	126.092208862305	66.1382293701172	934.379577636719	125.68790435791	53.5521011352539	956.818237304688	126.362075805664	28.8287620544434	977.58740234375	126.592582702637	24.7881603240967	981.650329589844	132.048370361328	-57.7464714050293	942.198669433594	132.665145874023	-38.2147254943848	928.144775390625	131.600769042969	-21.8416118621826	926.561584472656	129.635284423828	0.277461737394333	942.489501953125	128.666717529297	16.9508590698242	933.767272949219	127.349784851074	54.6899948120117	931.973571777344	115.921409606934	67.1742324829102	925.228820800781	112.880226135254	62.5252456665039	923.937805175781	109.703590393066	56.7610511779785	924.000732421875	108.246910095215	45.5661201477051	923.46826171875	112.498947143555	20.6857089996338	921.884948730469	117.973281860352	10.4109230041504	926.211730957031	120.286758422852	51.525749206543	952.4853515625	123.435829162598	27.7519950866699	970.906494140625	108.921905517578	19.7941436767578	977.925476074219	94.1002655029297	15.30260181427	967.197387695312	85.4377517700195	-0.683445274829865	939.308654785156	92.0737533569336	-11.5032377243042	937.61181640625	114.166450500488	11.7229862213135	946.248352050781	100.224708557129	-29.8324394226074	938.986389160156	114.527061462402	-26.7019634246826	929.330810546875	124.501182556152	-32.3389053344727	925.602905273438	121.786911010742	-8.55948543548584	937.142822265625	NA	NA	NA	140.905502319336	64.4320602416992	926.635375976562	143.623001098633	59.353931427002	925.637084960938	147.751113891602	47.8352012634277	925.222595214844	145.920913696289	22.949634552002	923.984252929688	141.020370483398	13.3552026748657	927.154296875	131.856842041016	51.9624328613281	953.687316894531	130.218276977539	28.3967227935791	970.894409179688	143.135345458984	22.8970623016357	979.631958007812	161.667282104492	19.7449016571045	970.936828613281	175.453811645508	6.33218860626221	942.572631835938	168.031402587891	-6.32657241821289	940.301147460938	144.137222290039	14.017294883728	947.827026367188	163.333419799805	-26.4828834533691	941.587219238281	148.344268798828	-24.6446418762207	930.646240234375	139.978057861328	-31.6478271484375	927.053527832031	138.423965454102	-6.53251838684082	938.105651855469
GMNH-VM14-565	164.695220947266	53.4908714294434	930.367980957031	164.765441894531	46.3299674987793	938.475646972656	NA	NA	NA	164.947708129883	11.8349666595459	977.886291503906	164.877090454102	8.50420761108398	982.690124511719	169.447814941406	-67.8268203735352	940.429931640625	171.707015991211	-47.7958526611328	927.770751953125	171.269638061523	-32.8706245422363	926.810241699219	168.978439331055	-12.8062410354614	943.585632324219	168.28434753418	4.36188888549805	935.743103027344	165.694000244141	35.8854942321777	935.896728515625	154.067260742188	46.7182693481445	931.15380859375	153.229080200195	44.5264663696289	930.292053222656	150.412673950195	39.5212593078613	928.462646484375	148.737167358398	28.6226463317871	926.019409179688	153.03840637207	4.023118019104	924.215759277344	157.748046875	-1.25532579421997	928.552368164062	NA	NA	NA	162.056655883789	12.4739971160889	970.262756347656	149.363250732422	6.79062652587891	978.256164550781	135.270843505859	0.928347647190094	967.776550292969	125.588844299316	-10.0440282821655	942.396362304688	132.41731262207	-20.0791358947754	939.360229492188	154.264724731445	-2.46188235282898	947.817749023438	141.499420166016	-37.4842414855957	938.410217285156	153.766693115234	-35.8966751098633	929.350463867188	164.662963867188	-42.7839050292969	926.203247070312	162.27001953125	-17.2077198028564	937.777709960938	176.06803894043	48.1052703857422	931.579833984375	177.8193359375	46.8409996032715	931.531921386719	181.755523681641	41.9777946472168	930.310241699219	185.401321411133	32.2640533447266	927.991760253906	184.55793762207	6.74979829788208	925.784606933594	180.277587890625	-0.581621706485748	929.498901367188	NA	NA	NA	168.662185668945	13.161600112915	970.696044921875	180.436416625977	8.83642768859863	980.037780761719	197.584518432617	5.20044755935669	969.620910644531	210.897399902344	-6.54290580749512	946.369384765625	204.659332275391	-15.9205884933472	942.809265136719	181.120681762695	-1.19164776802063	949.406616210938	199.178359985352	-35.563591003418	940.4150390625	188.352294921875	-35.0419082641602	930.48828125	178.750473022461	-42.0693054199219	926.871459960938	176.937545776367	-17.6298789978027	937.159606933594
GMNH-VM14-567	134.450439453125	65.4479675292969	935.108215332031	134.393051147461	58.6552734375	944.746643066406	134.121231079102	47.7231979370117	963.881774902344	133.683975219727	25.5454959869385	986.563293457031	133.614013671875	22.258186340332	990.82275390625	136.107162475586	-60.2053718566895	944.564208984375	135.880035400391	-39.642505645752	934.124877929688	135.767303466797	-21.3949203491211	932.514892578125	135.172058105469	1.1132218837738	950.61767578125	134.631637573242	15.6074628829956	941.003479003906	134.496276855469	48.4260749816895	942.499755859375	124.004493713379	62.9671783447266	936.299255371094	122.082588195801	60.813159942627	936.860778808594	118.014038085938	55.2931976318359	933.198425292969	114.154853820801	43.3420562744141	931.75830078125	117.298858642578	17.9869403839111	928.933898925781	123.793876647949	9.77209949493408	933.706604003906	129.379241943359	45.9524536132812	961.116821289062	130.001831054688	24.4957084655762	977.453002929688	116.193145751953	20.1258563995361	985.403930664062	99.9926910400391	12.2584686279297	974.8076171875	90.3548583984375	0.66210812330246	945.938720703125	96.8156661987305	-8.23790454864502	945.009521484375	119.422622680664	11.6192188262939	955.268127441406	104.346260070801	-28.3177089691162	945.420471191406	118.163642883301	-24.2379035949707	935.041748046875	127.903968811035	-30.9865188598633	932.345153808594	127.538719177246	-4.91284656524658	943.702026367188	145.276748657227	62.5768585205078	937.077270507812	148.093688964844	60.2776031494141	936.166809082031	151.743911743164	54.7034950256348	933.693908691406	155.517562866211	42.985107421875	932.697814941406	152.901947021484	16.8742256164551	930.001770019531	147.148849487305	9.30762481689453	934.230346679688	138.57795715332	45.9912185668945	961.186889648438	137.640075683594	24.8382339477539	978.174255371094	151.153869628906	21.3726749420166	986.299255371094	168.297485351562	13.6954288482666	976.55615234375	179.331436157227	-0.783167600631714	946.101623535156	173.874130249023	-6.85561609268188	946.250610351562	149.957504272461	10.7204818725586	956.569519042969	166.701461791992	-27.558780670166	946.347351074219	152.347671508789	-23.6700134277344	935.208679199219	143.69873046875	-30.97239112854	932.606384277344	142.760192871094	-5.07800388336182	943.690490722656
GMNH-VM14-573	138.798263549805	73.0088653564453	952.880310058594	137.494934082031	65.4560317993164	963.388671875	136.472320556641	52.4179534912109	983.461486816406	134.786178588867	26.4611644744873	1005.67816162109	134.261169433594	22.0746917724609	1010.14984130859	143.613250732422	-58.2278480529785	966.962707519531	144.731323242188	-37.7293357849121	949.64501953125	143.823394775391	-20.2008514404297	950.03466796875	140.418914794922	2.10228514671326	968.431213378906	139.914733886719	19.1028728485107	959.847229003906	138.568771362305	55.7792930603027	958.073852539062	127.021026611328	68.8386840820312	953.591552734375	123.728485107422	65.1924896240234	951.254028320312	121.155792236328	57.917293548584	948.2529296875	119.984672546387	47.91943359375	946.0458984375	123.978118896484	20.6082077026367	945.092651367188	130.180374145508	14.1607799530029	952.272644042969	130.979217529297	51.7859649658203	979.583374023438	131.737121582031	26.3833694458008	997.270141601562	117.380378723145	19.112907409668	1004.96435546875	102.264320373535	13.0253210067749	992.88232421875	92.6280746459961	-2.21896958351135	963.136962890625	100.911445617676	-9.53926658630371	961.546325683594	124.811302185059	12.267991065979	972.895385742188	111.246025085449	-29.5369453430176	961.322204589844	123.783866882324	-25.3589763641357	951.179382324219	136.358642578125	-30.9206466674805	947.1376953125	132.131546020508	-5.40689086914062	960.496276855469	150.725296020508	68.8098602294922	955.455383300781	152.916473388672	66.7953033447266	954.738830566406	156.821624755859	60.5498352050781	951.59375	160.365341186523	49.6535263061523	950.418579101562	158.908905029297	22.7783985137939	948.072814941406	152.165557861328	16.0502452850342	954.122619628906	142.990112304688	50.2592277526855	980.716369628906	139.543731689453	26.5868492126465	998.624145507812	153.145217895508	22.0126857757568	1008.47900390625	169.906219482422	17.7820205688477	1000.80920410156	188.667098999023	3.49411106109619	973.615966796875	182.882568359375	-4.88080024719238	970.324523925781	154.141021728516	14.4139709472656	975.484375	174.072738647461	-25.8081665039062	967.511169433594	163.481567382812	-22.7317562103271	954.74072265625	152.008926391602	-29.8543128967285	948.770812988281	151.208541870117	-4.19940900802612	962.217468261719
GMNH-VM14-609	126.655815124512	59.1152305603027	938.476318359375	126.789932250977	51.2306823730469	947.758605957031	126.923164367676	39.0447387695312	964.811340332031	127.595062255859	18.7101459503174	983.288024902344	127.556770324707	15.362624168396	987.553344726562	130.039138793945	-63.5127410888672	947.668640136719	130.322235107422	-43.0927925109863	935.022338867188	130.189834594727	-25.5712623596191	933.793762207031	129.395812988281	-5.48900270462036	949.040588378906	128.541595458984	12.0736675262451	942.487609863281	127.440780639648	44.3736114501953	943.980895996094	115.762794494629	54.541805267334	939.128356933594	114.124137878418	52.1140251159668	938.799682617188	111.126815795898	46.6583442687988	936.711486816406	107.803848266602	36.5282859802246	934.844848632812	111.850234985352	11.8589172363281	933.030700683594	117.457656860352	5.85027599334717	935.181701660156	122.400199890137	37.3587112426758	962.496032714844	124.59171295166	17.9879112243652	975.751586914062	111.509178161621	13.4008207321167	983.636291503906	95.7498474121094	5.71106433868408	973.549072265625	86.6576385498047	-5.01202440261841	944.914672851562	92.9286346435547	-15.6025943756104	943.678344726562	116.895011901855	3.71226143836975	953.785461425781	100.707427978516	-32.9951591491699	943.879089355469	113.25537109375	-30.5900650024414	935.091735839844	123.256217956543	-35.6308288574219	931.848266601562	122.163314819336	-10.4594430923462	943.169311523438	138.117965698242	55.5844688415527	938.697021484375	139.863662719727	54.050365447998	937.936340332031	143.321258544922	49.1431083679199	937.020568847656	147.278305053711	38.5838508605957	935.0068359375	145.746368408203	13.8186254501343	933.113220214844	140.444732666016	6.2987813949585	935.30029296875	132.524658203125	38.2619171142578	961.809387207031	130.920837402344	18.2977447509766	976.010681152344	144.542816162109	14.4469690322876	983.567077636719	160.273010253906	8.02163124084473	974.380249023438	171.660232543945	-2.13918805122375	946.581298828125	166.126617431641	-13.2986946105957	944.987915039062	141.633407592773	4.60174608230591	953.739807128906	160.192016601562	-31.5625972747803	944.669250488281	146.178634643555	-29.6161975860596	935.199584960938	137.433395385742	-35.8413543701172	932.373474121094	137.286743164062	-10.4815425872803	943.287170410156
GMNH-VM14-610	156.186706542969	68.7831726074219	939.48583984375	155.277236938477	60.0468482971191	949.932922363281	154.092315673828	40.1265296936035	968.771301269531	153.175628662109	15.3432245254517	988.48095703125	152.930618286133	10.9032011032104	993.124877929688	159.450927734375	-71.2749252319336	953.409301757812	160.146911621094	-50.0764846801758	936.216430664062	160.137054443359	-31.5493698120117	935.019348144531	157.961837768555	-8.39565944671631	951.159484863281	157.947677612305	8.78225803375244	942.609191894531	155.772201538086	47.186653137207	945.037170410156	142.862548828125	63.9293594360352	940.811340332031	139.165908813477	60.8007164001465	937.673461914062	135.827407836914	52.2987213134766	933.406982421875	135.815780639648	40.9734992980957	931.979858398438	140.349533081055	13.4906415939331	929.2001953125	146.495910644531	4.06626605987549	933.404296875	148.824035644531	39.9429512023926	964.725341796875	150.643630981445	15.3242902755737	981.008911132812	135.570953369141	10.6122894287109	985.659240722656	117.527793884277	1.41262853145599	975.941711425781	106.976600646973	-9.74288845062256	943.546142578125	116.297798156738	-20.092134475708	943.550354003906	143.984344482422	0.266028016805649	954.223937988281	126.182594299316	-40.3492774963379	944.390869140625	141.690383911133	-36.7254676818848	936.843078613281	152.295791625977	-44.0705375671387	933.448608398438	150.123336791992	-17.8829689025879	942.879821777344	168.5693359375	63.9585380554199	940.99072265625	173.336029052734	62.1970024108887	941.036376953125	177.071075439453	53.3111572265625	938.046447753906	178.545364379883	42.4168739318848	935.777404785156	176.862289428711	14.5770444869995	932.447204589844	171.10823059082	4.67661666870117	935.623962402344	160.163665771484	39.9141387939453	965.960632324219	157.256500244141	15.14781665802	981.500915527344	171.90641784668	11.4587411880493	990.033752441406	191.636764526367	3.54855537414551	982.346557617188	208.43766784668	-8.31111717224121	951.352233886719	198.72297668457	-17.1051826477051	949.634704589844	170.012573242188	1.72755599021912	956.906982421875	191.312622070312	-38.5977821350098	948.491271972656	176.830902099609	-36.6423034667969	938.597839355469	167.816940307617	-43.6962928771973	934.517578125	167.260696411133	-17.7906608581543	943.756713867188
GMNH-VM14-614	135.659515380859	59.0618515014648	921.042602539062	134.358200073242	54.1343650817871	931.653198242188	133.927047729492	43.5069274902344	950.894836425781	132.883972167969	18.8561019897461	972.988525390625	132.270690917969	15.6240282058716	977.372985839844	131.896865844727	-68.0132293701172	934.244018554688	133.760269165039	-46.7055625915527	920.420532226562	135.104995727539	-28.055004119873	920.592834472656	134.373382568359	-5.80979633331299	937.519470214844	134.986190795898	8.3537483215332	927.973937988281	134.452819824219	44.6032981872559	929.174499511719	124.35986328125	55.2682685852051	922.53076171875	122.465003967285	52.8736000061035	921.933654785156	119.638961791992	47.7075347900391	919.905639648438	116.158699035645	36.3372192382812	917.825744628906	117.545654296875	10.5116519927979	916.041564941406	122.176071166992	3.98282957077026	920.812133789062	128.644683837891	41.427921295166	947.277038574219	129.431106567383	19.6386890411377	963.586303710938	115.481788635254	13.9398508071899	972.036437988281	99.7956085205078	8.28020191192627	957.924011230469	90.5295486450195	-2.57297372817993	931.039672851562	98.2165145874023	-12.4798011779785	931.994323730469	121.865447998047	3.45019102096558	940.702331542969	101.944488525391	-32.1847915649414	932.522277832031	116.117088317871	-31.4061508178711	921.859313964844	125.976722717285	-38.0531730651855	917.829162597656	126.684928894043	-12.7129135131836	929.9599609375	146.443572998047	53.4849624633789	922.113647460938	147.629760742188	52.4239349365234	921.510864257812	150.56867980957	47.1769371032715	919.989135742188	154.096298217773	35.9533920288086	918.525329589844	153.181701660156	9.71984958648682	916.828796386719	147.92138671875	3.01236844062805	921.172973632812	139.273956298828	41.8759231567383	947.997253417969	137.153213500977	18.9487648010254	963.541809082031	148.307037353516	12.7315883636475	973.704162597656	167.296401977539	7.80260705947876	959.433288574219	177.774475097656	-5.57412958145142	933.552307128906	170.779647827148	-14.2035484313965	934.006591796875	148.030685424805	2.84437990188599	940.516845703125	166.290023803711	-35.4528541564941	934.724853515625	153.685256958008	-33.0598640441895	923.674621582031	142.718002319336	-38.8724937438965	918.401489257812	142.755432128906	-13.6205549240112	929.804138183594
GMNH-VM14-616	126.89673614502	52.6412391662598	935.316040039062	127.166107177734	46.3244743347168	945.51953125	128.054763793945	35.104736328125	962.28759765625	128.141479492188	11.3131942749023	981.684387207031	128.130554199219	7.99436283111572	985.139587402344	128.287612915039	-66.8373794555664	941.169982910156	127.644065856934	-46.7793121337891	928.355041503906	128.049743652344	-31.8139495849609	928.185668945312	128.054473876953	-12.0875587463379	944.945007324219	127.893028259277	5.89759731292725	938.377807617188	127.716217041016	38.0281372070312	943.296447753906	116.96459197998	49.5102844238281	937.208435058594	115.803993225098	47.8094367980957	936.562744140625	112.592422485352	43.3219184875488	933.242492675781	110.972640991211	33.4299125671387	930.415100097656	112.667266845703	7.92529344558716	926.448059082031	117.544525146484	0.630214214324951	931.049987792969	123.027770996094	32.92919921875	959.142578125	124.473678588867	11.682131767273	972.397216796875	112.495475769043	6.85034608840942	981.143127441406	96.298095703125	1.15141797065735	971.3173828125	85.6801986694336	-10.1718997955322	941.997497558594	92.4917984008789	-18.489330291748	941.049926757812	114.078132629395	-1.49882304668427	950.287963867188	98.8721389770508	-36.274227142334	940.888000488281	111.160835266113	-34.807445526123	930.939086914062	120.65518951416	-40.3210296630859	927.391845703125	120.470176696777	-16.8009071350098	939.185546875	137.355529785156	50.5037117004395	937.5	139.409896850586	48.4976425170898	937.202087402344	143.211959838867	44.1586112976074	934.611572265625	145.900238037109	34.2190589904785	930.773803710938	144.106689453125	9.38204765319824	926.768249511719	138.652297973633	1.20555996894836	931.756652832031	132.623886108398	33.5489501953125	959.083251953125	131.744903564453	11.7974643707275	973.094604492188	144.014511108398	6.51778697967529	981.151489257812	160.416564941406	1.26091539859772	970.296325683594	170.784133911133	-11.0857801437378	941.822204589844	164.267181396484	-19.3031406402588	940.962463378906	142.88916015625	-0.696878850460052	949.410461425781	157.257843017578	-37.6849403381348	940.195434570312	143.705581665039	-34.9635047912598	930.353881835938	135.071563720703	-40.7380561828613	927.537475585938	135.757797241211	-17.6949844360352	938.772155761719
GMNH-VM14-619	144.665512084961	80.8667755126953	977.743896484375	144.670501708984	69.956657409668	985.497436523438	145.31135559082	56.1807022094727	1004.89624023438	145.014434814453	30.2253913879395	1026.16650390625	144.855361938477	26.540943145752	1031.669921875	147.659317016602	-56.2089309692383	987.6337890625	147.465286254883	-32.4774742126465	971.542785644531	146.724899291992	-16.2665691375732	969.510559082031	145.705001831055	6.6285572052002	990.484436035156	145.502639770508	24.9850044250488	979.76220703125	144.828964233398	60.0482025146484	981.271545410156	133.165573120117	75.0414276123047	978.232849121094	130.768112182617	73.3736572265625	976.899658203125	127.134468078613	65.0024642944336	975.560119628906	125.250137329102	53.8355598449707	970.334777832031	128.776718139648	24.7083778381348	967.899780273438	133.234985351562	18.4003715515137	972.477172851562	140.421798706055	53.8820533752441	1002.12365722656	141.605117797852	29.689115524292	1018.59448242188	127.20573425293	25.4211254119873	1027.38256835938	109.652435302734	15.5561866760254	1017.56567382812	97.6110610961914	7.73911952972412	985.508117675781	107.672790527344	-2.33931541442871	985.357727050781	130.446197509766	15.2628479003906	994.373291015625	113.569961547852	-23.2034645080566	983.206237792969	127.631576538086	-19.5740985870361	972.891723632812	139.323654174805	-25.8652744293213	968.975708007812	137.674697875977	-0.0413409061729908	982.149780273438	156.619705200195	76.0162124633789	978.89453125	160.08235168457	73.4031448364258	977.118408203125	162.672012329102	65.4036254882812	974.293212890625	164.625137329102	54.7267799377441	969.9365234375	163.327026367188	26.1959133148193	968.265502929688	157.948394775391	19.5016231536865	972.8623046875	150.839797973633	54.6214294433594	1002.53717041016	149.09342956543	29.5705528259277	1018.83099365234	163.699066162109	26.1642208099365	1028.35949707031	181.16764831543	18.3797550201416	1019.41650390625	194.477569580078	8.30289649963379	985.480407714844	186.390701293945	-0.149474248290062	985.44189453125	159.812408447266	14.992919921875	994.080139160156	180.882095336914	-21.8464012145996	984.285766601562	164.599670410156	-18.6805419921875	973.854248046875	155.697448730469	-25.3068103790283	968.187744140625	155.185836791992	0.484440386295319	982.222778320312
GMNH-VM14-620	116.462104797363	55.1230773925781	926.972839355469	116.730415344238	49.7138938903809	935.189575195312	117.060394287109	38.9128913879395	956.407653808594	118.604438781738	22.8486747741699	978.073547363281	118.644889831543	19.4060688018799	982.750915527344	124.057090759277	-61.3464965820312	945.878723144531	123.108520507812	-43.4974975585938	933.607604980469	122.263046264648	-27.3507137298584	932.633850097656	120.585250854492	-6.66900730133057	945.409301757812	119.857345581055	7.62475490570068	936.449890136719	117.453987121582	40.9846267700195	933.394104003906	106.632232666016	51.1054763793945	927.497802734375	104.690437316895	48.2762413024902	927.823608398438	101.209983825684	42.7133941650391	926.114379882812	99.6042861938477	31.1555595397949	925.636535644531	103.927894592285	6.43244123458862	925.451721191406	109.576385498047	1.20990216732025	930.364868164062	112.216651916504	38.9659614562988	952.092651367188	115.087188720703	20.7819290161133	969.727783203125	101.227180480957	16.0363254547119	979.161987304688	87.5978775024414	6.89562606811523	969.059753417969	78.0224685668945	-4.28514385223389	944.055114746094	85.1065826416016	-15.3631467819214	942.464965820312	105.641815185547	2.98733735084534	949.552856445312	93.0296020507812	-32.1132926940918	943.356994628906	105.386169433594	-32.2905654907227	934.309997558594	115.565269470215	-36.9560012817383	932.303588867188	114.140846252441	-12.1880016326904	940.127563476562	126.525650024414	51.2808647155762	928.072998046875	129.019561767578	49.0742340087891	927.934753417969	132.831161499023	43.745922088623	925.955993652344	136.142517089844	33.720832824707	925.169616699219	136.340789794922	8.08292007446289	925.262268066406	131.224990844727	2.30387306213379	930.382751464844	122.025917053223	39.0919609069824	952.106384277344	122.202919006348	20.9983711242676	969.6025390625	135.335540771484	18.8645877838135	980.129150390625	151.747573852539	12.2291030883789	969.317810058594	163.172729492188	-0.449388295412064	943.946411132812	157.647354125977	-10.4950952529907	942.823913574219	134.115783691406	4.74230241775513	949.909484863281	151.554595947266	-29.5519542694092	943.00146484375	139.292114257812	-30.3774452209473	934.39501953125	130.349761962891	-35.9061279296875	932.036071777344	127.452301025391	-11.4622898101807	940.363220214844
GMNH-VM14-670	138.59309387207	67.3535232543945	927.900451660156	138.588104248047	62.161262512207	936.672546386719	138.920211791992	46.2055854797363	957.284729003906	140.895843505859	19.6890468597412	980.192810058594	141.008422851562	16.2982234954834	984.376098632812	148.24772644043	-67.1990280151367	941.271057128906	146.972091674805	-46.4339332580566	926.443298339844	145.750930786133	-29.4682750701904	923.777587890625	143.775604248047	-3.90122675895691	942.39208984375	141.990753173828	11.7444715499878	934.718139648438	139.650588989258	50.8838958740234	933.411865234375	127.72541809082	61.466926574707	930.103820800781	126.022354125977	59.547492980957	930.848388671875	122.53588104248	51.774471282959	928.625122070312	120.462982177734	39.8584976196289	924.725158691406	125.338905334473	12.5906648635864	923.823913574219	131.369247436523	7.0553936958313	928.173767089844	134.72004699707	45.680046081543	954.241882324219	137.498779296875	20.0718994140625	971.315307617188	123.905616760254	12.8748569488525	981.005126953125	107.963836669922	7.68795680999756	968.3544921875	96.3527450561523	-4.42428541183472	937.856384277344	105.684707641602	-17.4459285736084	938.125732421875	127.427421569824	5.32358741760254	947.830871582031	114.337463378906	-37.6566581726074	937.757080078125	127.672882080078	-33.346923828125	926.752502441406	138.329010009766	-40.424633026123	923.114379882812	136.729309082031	-12.6432752609253	933.9931640625	150.693511962891	62.4670677185059	930.044921875	152.647918701172	61.202033996582	930.302856445312	157.186920166016	53.4113998413086	929.609252929688	159.746688842773	42.4067802429199	925.556945800781	158.881637573242	14.7918157577515	923.632263183594	153.545745849609	8.07163906097412	927.809753417969	144.176193237305	45.7075080871582	953.803833007812	144.658462524414	20.2887115478516	971.896606445312	158.33137512207	15.7319326400757	981.507568359375	175.834228515625	11.9520931243896	969.333801269531	190.458297729492	0.570075929164886	939.274963378906	182.402755737305	-12.7284717559814	939.3310546875	159.031097412109	7.21303129196167	948.393249511719	178.622741699219	-33.1763610839844	937.847717285156	163.30256652832	-31.6950740814209	926.588439941406	153.876998901367	-39.6653137207031	923.28173828125	151.740509033203	-12.5842542648315	933.512756347656
GMNH-VM14-688	131.960662841797	70.9684219360352	976.530029296875	132.043960571289	63.486888885498	986.821716308594	131.957244873047	52.6163330078125	1007.37530517578	131.02131652832	29.4173793792725	1026.54565429688	130.772247314453	25.0778408050537	1031.49462890625	130.525421142578	-53.265495300293	981.874755859375	130.655715942383	-31.7179374694824	973.707153320312	130.961074829102	-13.2159624099731	974.230041503906	131.151428222656	6.06157732009888	989.233215332031	131.298721313477	23.1812496185303	982.38671875	131.66047668457	55.4753303527832	982.525268554688	121.53337097168	66.7863922119141	978.03662109375	119.76350402832	63.7263984680176	977.255249023438	115.96940612793	60.0475616455078	975.138427734375	NA	NA	NA	114.326179504395	27.5152587890625	970.424987792969	119.430969238281	18.4037780761719	974.755981445312	127.191596984863	52.0933036804199	1003.11041259766	127.627418518066	30.1805877685547	1017.224609375	115.720649719238	23.2546291351318	1027.83837890625	98.7481994628906	18.969762802124	1014.71154785156	86.8674011230469	8.04049015045166	986.806701660156	94.955696105957	-1.00184297561646	985.88623046875	118.052742004395	16.9922275543213	994.999572753906	101.70930480957	-19.0345630645752	985.119506835938	114.61784362793	-17.1820945739746	975.517822265625	122.976112365723	-21.5322399139404	972.008483886719	123.582649230957	2.17257785797119	984.614501953125	141.45849609375	66.5499649047852	976.854309082031	143.399673461914	64.2657852172852	976.806213378906	146.412124633789	60.1351356506348	973.829833984375	149.566452026367	51.195011138916	971.65673828125	148.496215820312	27.5963554382324	970.811889648438	143.030990600586	18.1282176971436	974.728271484375	136.958190917969	51.4037933349609	1003.09771728516	134.917938232422	29.481388092041	1017.48950195312	146.566925048828	23.1340370178223	1028.14697265625	163.282424926758	19.5076656341553	1015.57678222656	174.586715698242	7.13374137878418	987.312805175781	166.930389404297	-1.13667106628418	986.745483398438	144.520782470703	16.8436946868896	995.744262695312	161.606185913086	-19.6065559387207	985.453918457031	147.496307373047	-17.2336006164551	975.368408203125	138.64875793457	-23.2683353424072	972.0263671875	138.450881958008	1.99197101593018	984.374633789062
GMNH-VM14-696	138.704895019531	80.380729675293	983.588012695312	137.973693847656	71.8703689575195	994.232482910156	137.634857177734	56.4945831298828	1012.9326171875	136.927856445312	34.4566383361816	1036.02062988281	136.829727172852	31.2598152160645	1040.37072753906	135.444351196289	-50.6368064880371	989.378967285156	135.531494140625	-28.8837451934814	978.15478515625	135.921478271484	-11.9964427947998	977.845275878906	135.960952758789	7.20588064193726	993.972778320312	136.341415405273	25.2490787506104	987.391967773438	137.616897583008	61.4955558776855	989.675415039062	127.333343505859	74.5420379638672	983.67138671875	124.708541870117	71.7396469116211	982.80078125	121.593391418457	66.6012191772461	980.572937011719	117.885444641113	55.9829635620117	979.083068847656	116.930809020996	30.7993869781494	975.319580078125	122.61742401123	19.0255489349365	979.669982910156	132.873352050781	55.5499954223633	1010.79223632812	133.568603515625	33.7820167541504	1026.82080078125	119.32935333252	27.9007778167725	1035.67602539062	101.650917053223	19.9956512451172	1024.75598144531	92.0497436523438	10.3311929702759	993.636047363281	99.7257385253906	0.940308630466461	993.234619140625	122.070472717285	18.7116966247559	1001.32843017578	104.319633483887	-17.7560386657715	991.690979003906	119.109870910645	-14.6698694229126	979.957214355469	127.825721740723	-21.5139942169189	976.830444335938	128.604568481445	3.07685160636902	990.221374511719	149.038101196289	75.0982894897461	983.235656738281	151.341461181641	71.1465911865234	982.160400390625	153.231521606445	65.5119323730469	979.597717285156	156.297424316406	54.3434600830078	978.185852050781	155.571655273438	28.9650897979736	974.324768066406	149.584426879883	18.9204177856445	979.073913574219	143.172256469727	55.3138809204102	1009.84289550781	140.857177734375	34.1229286193848	1026.14318847656	155.005722045898	27.8572845458984	1034.38781738281	172.877456665039	19.3791885375977	1023.58746337891	180.735473632812	7.84291744232178	991.685119628906	172.085678100586	0.744054138660431	991.968627929688	150.613388061523	18.0037231445312	1001.19732666016	168.273529052734	-19.1799812316895	990.409973144531	152.213745117188	-15.4587078094482	980.084350585938	143.517593383789	-23.0077590942383	976.807739257812	143.617126464844	2.78602409362793	989.544616699219
GMNH-VM14-697	145.155151367188	63.707405090332	936.046630859375	144.691436767578	58.2915458679199	943.275207519531	143.904800415039	42.7355842590332	962.8701171875	144.030624389648	11.3622999191284	981.144653320312	143.736953735352	8.07455348968506	985.10986328125	144.801071166992	-73.4779510498047	944.025207519531	145.636489868164	-52.8423652648926	926.202758789062	146.551834106445	-36.4053688049316	925.656311035156	145.469772338867	-13.158519744873	941.822509765625	145.210540771484	4.38451957702637	935.984619140625	144.945022583008	46.0008430480957	940.094055175781	133.38720703125	58.3571510314941	936.695739746094	130.231170654297	54.4736099243164	935.001159667969	127.668464660645	47.1371650695801	931.560668945312	124.784065246582	34.6103401184082	928.961975097656	127.752517700195	7.77105093002319	925.042846679688	132.815307617188	0.297988176345825	928.32275390625	138.843765258789	39.6825675964355	959.179748535156	141.352996826172	11.696722984314	974.470336914062	128.429443359375	5.62575197219849	981.438781738281	110.118797302246	0.590919435024261	971.047485351562	97.496940612793	-9.65345859527588	942.895629882812	106.817939758301	-19.7094058990479	941.010620117188	130.222900390625	-1.47484648227692	948.00732421875	114.366897583008	-38.6374549865723	939.814453125	127.66495513916	-37.8324127197266	928.707763671875	137.390121459961	-45.6531448364258	924.577209472656	137.279479980469	-19.8057861328125	935.763549804688	157.462326049805	57.8268814086914	939.230102539062	160.772796630859	53.2501068115234	937.046264648438	163.599868774414	45.4817848205566	933.162231445312	NA	NA	NA	163.112930297852	6.86353445053101	925.497741699219	157.766906738281	0.154978901147842	928.3349609375	150.382186889648	40.3897094726562	959.006469726562	147.167831420898	10.8446865081787	974.423583984375	160.751556396484	6.12015151977539	982.464477539062	178.911224365234	0.77221143245697	972.452514648438	192.810806274414	-9.78228855133057	944.534301757812	183.041519165039	-19.5126399993896	941.03125	160.573883056641	-1.23932099342346	948.801452636719	177.513305664062	-40.6293983459473	940.707885742188	164.007385253906	-38.3962211608887	928.979370117188	154.330383300781	-46.3069343566895	924.922119140625	154.105987548828	-20.3131999969482	935.677368164062
GMNH-VM14-700	134.705032348633	59.8246688842773	930.314636230469	135.143432617188	54.4433403015137	939.537414550781	135.259735107422	43.0307807922363	959.172119140625	135.328765869141	20.7945232391357	981.238891601562	135.178359985352	18.0648498535156	985.724426269531	137.04704284668	-62.6669464111328	942.377624511719	136.914688110352	-41.1033668518066	930.684204101562	136.761108398438	-23.8807182312012	930.188049316406	135.952835083008	-4.05206155776978	946.759155273438	135.770050048828	12.6544790267944	936.68310546875	135.545867919922	45.7218627929688	936.450500488281	NA	NA	NA	123.818313598633	53.1843757629395	930.873046875	119.786575317383	48.3662223815918	927.986389160156	117.274459838867	38.2989463806152	925.688293457031	119.235710144043	13.0858211517334	924.659301757812	124.452850341797	7.55538845062256	929.720397949219	130.562973022461	41.0427856445312	955.790222167969	131.605285644531	20.3552494049072	971.994262695312	119.332710266113	15.9663667678833	981.362976074219	102.703941345215	10.6924886703491	970.842834472656	89.9171600341797	-2.55000448226929	942.231628417969	97.1519241333008	-10.9092302322388	940.603515625	120.670928955078	6.99012851715088	950.09228515625	105.409545898438	-30.1231517791748	940.883911132812	119.435844421387	-27.7488632202148	931.990783691406	129.1298828125	-33.2072334289551	928.802978515625	128.306289672852	-9.51524066925049	939.6904296875	145.640319824219	56.1027908325195	931.055786132812	147.429580688477	53.6848945617676	930.314147949219	150.135192871094	48.8661231994629	927.983093261719	153.744018554688	39.1756629943848	926.208557128906	152.591949462891	13.8452529907227	924.893432617188	147.124572753906	7.96516132354736	929.960205078125	140.123168945312	40.8867530822754	956.240905761719	138.696929931641	20.0423278808594	973.155700683594	150.482055664062	16.7699241638184	982.1474609375	168.056915283203	11.6279058456421	970.935302734375	180.827621459961	-1.80520403385162	941.897277832031	175.051605224609	-9.98153686523438	940.944091796875	151.150238037109	7.45315027236938	950.488952636719	167.599319458008	-29.3322925567627	940.690490722656	154.730575561523	-26.7329730987549	931.645935058594	144.887237548828	-32.7034797668457	929.019104003906	144.300796508789	-9.16732978820801	940.213562011719
GMNH-VM14-715	139.399673461914	73.3498916625977	952.4287109375	140.270385742188	65.5831069946289	962.297119140625	141.593444824219	47.1880798339844	981.93505859375	142.226318359375	25.1217079162598	999.592956542969	142.665985107422	22.4362621307373	1004.26867675781	145.215972900391	-59.6677474975586	969.064880371094	143.956604003906	-40.403450012207	949.018615722656	143.292175292969	-23.5900115966797	946.878784179688	142.933151245117	-1.44244253635406	964.475524902344	142.13037109375	15.9001321792603	956.81201171875	140.351119995117	53.3429527282715	957.524291992188	128.090606689453	69.0668792724609	953.695861816406	125.019454956055	65.0138626098633	953.107482910156	121.863922119141	58.477725982666	951.534851074219	119.468406677246	46.0651359558105	950.102600097656	122.572456359863	19.5478973388672	947.143005371094	129.846740722656	11.4000797271729	950.070251464844	135.85383605957	48.464469909668	978.110412597656	138.600677490234	24.4231777191162	991.641296386719	124.331924438477	20.9742908477783	1001.66839599609	107.026588439941	13.0662136077881	993.144592285156	96.2568511962891	1.93333959579468	964.264953613281	104.851463317871	-11.0931539535522	963.044372558594	128.417358398438	9.29547119140625	970.228088378906	112.667594909668	-29.5357074737549	963.142700195312	124.711532592773	-27.9235687255859	951.005187988281	135.459930419922	-34.7469596862793	947.512573242188	134.558990478516	-8.85254859924316	958.054443359375	151.263305664062	68.2311859130859	953.896545410156	153.716995239258	64.292350769043	952.759033203125	157.258193969727	59.0721549987793	950.819519042969	160.874008178711	47.008472442627	947.739196777344	158.787475585938	20.4340686798096	945.14892578125	153.989410400391	11.3814640045166	948.734436035156	146.614013671875	47.9210739135742	977.31396484375	145.418563842773	24.7331008911133	991.968017578125	160.460510253906	22.8431987762451	1000.54943847656	178.437438964844	15.4324951171875	989.609191894531	188.68879699707	4.34712409973145	960.063293457031	180.744201660156	-7.50065660476685	959.8662109375	156.738403320312	10.072208404541	968.337280273438	175.787780761719	-28.2357215881348	961.313171386719	162.343536376953	-26.4312229156494	949.232238769531	151.319244384766	-34.3897247314453	946.718383789062	151.213165283203	-7.96303415298462	957.330749511719
GMNH-VM14-716	144.282516479492	80.9403610229492	967.730407714844	144.365447998047	71.183708190918	979.542602539062	145.045043945312	57.0178680419922	999.593322753906	145.395263671875	32.1000671386719	1021.13409423828	145.587478637695	28.0757331848145	1026.38146972656	147.058334350586	-56.8117752075195	989.33935546875	147.011917114258	-35.0552253723145	970.277709960938	146.92463684082	-19.6882209777832	967.607116699219	146.892715454102	3.38598871231079	985.071716308594	146.10237121582	21.4327011108398	974.872680664062	145.411590576172	59.1735000610352	973.94287109375	131.571640014648	75.6565628051758	970.251708984375	128.287155151367	71.7655181884766	967.727478027344	125.001998901367	64.0836181640625	965.762023925781	124.062965393066	52.4987182617188	964.111633300781	127.778518676758	24.7573623657227	960.279174804688	133.632873535156	15.576397895813	966.602172851562	139.403305053711	53.7937774658203	995.923217773438	142.208709716797	31.4347267150879	1012.41632080078	127.028030395508	26.4351940155029	1021.83758544922	107.899803161621	17.2848777770996	1010.46234130859	96.0188064575195	0.402040809392929	981.29296875	105.311798095703	-6.41015291213989	981.128784179688	131.378463745117	14.8595018386841	988.579040527344	112.942237854004	-26.697847366333	981.816284179688	128.551345825195	-22.7785148620605	971.358581542969	139.383728027344	-29.2910976409912	968.605651855469	137.779190063477	-2.79617094993591	979.251403808594	157.353485107422	74.4512329101562	970.271545410156	161.831329345703	71.2475204467773	967.604431152344	164.419570922852	64.6471939086914	964.451049804688	165.497192382812	52.4033546447754	963.580627441406	163.941787719727	25.163948059082	960.747497558594	157.707183837891	15.7357349395752	967.005554199219	151.717590332031	53.734935760498	995.750122070312	148.984512329102	31.1460990905762	1013.23345947266	162.743530273438	27.1278419494629	1021.81872558594	183.063262939453	18.4457721710205	1011.26208496094	196.370849609375	1.47454822063446	981.517944335938	186.602554321289	-5.07456970214844	980.99755859375	162.162948608398	15.3304576873779	989.040771484375	181.748794555664	-26.5670986175537	982.582824707031	164.126815795898	-22.4587802886963	970.889465332031	154.935638427734	-29.1665287017822	968.846862792969	156.124572753906	-3.09105134010315	978.925659179688
GMNH-VM14-725	150.898651123047	74.5214462280273	936.461120605469	151.065887451172	66.1849899291992	944.703186035156	151.756240844727	49.3400077819824	962.106323242188	151.765808105469	21.6214637756348	985.212463378906	151.812423706055	18.3687191009521	989.483459472656	154.040023803711	-65.1074295043945	947.914916992188	154.15673828125	-43.5503616333008	931.010070800781	154.19596862793	-25.9221572875977	928.121337890625	153.076019287109	-2.49701833724976	946.855651855469	152.974853515625	16.1121826171875	936.830017089844	151.432373046875	55.7374687194824	939.378051757812	138.89762878418	67.9058532714844	936.730834960938	137.018692016602	65.9768676757812	935.028015136719	132.892440795898	57.785945892334	933.81884765625	130.690124511719	46.9186630249023	928.593078613281	134.432693481445	18.8114376068115	924.712280273438	140.258316040039	10.6862602233887	929.680358886719	145.98974609375	47.2634315490723	959.289428710938	148.983764648438	21.7424278259277	977.525268554688	133.200912475586	16.0796718597412	986.545654296875	117.111541748047	11.2844886779785	976.55615234375	105.449485778809	-0.357774674892426	944.80712890625	112.618965148926	-14.7051792144775	940.944152832031	136.939575195312	8.45218181610107	950.976013183594	120.653938293457	-32.9372138977051	942.543518066406	135.118148803711	-29.4726600646973	932.216857910156	144.852325439453	-36.5037498474121	927.606628417969	144.505279541016	-9.66211986541748	940.336853027344	163.683883666992	67.9843215942383	936.356628417969	166.579849243164	66.3915786743164	934.8984375	170.796783447266	59.056755065918	933.56689453125	174.051986694336	47.4367332458496	928.925354003906	170.749572753906	19.9217185974121	924.881591796875	165.644958496094	11.2586832046509	930.064392089844	157.873046875	47.7007064819336	959.033813476562	154.723342895508	22.4483890533447	977.269287109375	170.261825561523	18.1405544281006	987.291198730469	187.243988037109	13.0145044326782	976.902954101562	200.881881713867	1.41231286525726	944.331848144531	192.85383605957	-12.9463062286377	942.2060546875	168.641143798828	10.0575752258301	951.350769042969	186.962432861328	-31.8302001953125	943.031433105469	170.740051269531	-28.5328884124756	931.250793457031	161.706512451172	-35.7231407165527	927.998901367188	162.103561401367	-9.5689868927002	939.926879882812
GMNH-VM14-727	128.629745483398	70.2931060791016	968.095520019531	128.810409545898	64.3723220825195	975.924011230469	129.607696533203	53.4605331420898	995.0478515625	130.106231689453	32.4180526733398	1018.89129638672	130.224594116211	29.3191719055176	1023.76495361328	134.624313354492	-54.0429916381836	984.874877929688	133.609039306641	-32.9451522827148	969.244934082031	133.232894897461	-17.3046569824219	965.959411621094	130.957672119141	6.95368766784668	983.582946777344	130.973526000977	21.4483890533447	975.113647460938	129.503356933594	53.9847183227539	973.074645996094	117.734481811523	65.3681793212891	969.530029296875	116.522911071777	63.809684753418	969.129150390625	113.908737182617	58.720401763916	965.885803222656	111.116195678711	47.8341598510742	963.956481933594	113.981437683105	21.2425765991211	963.401123046875	118.988700866699	15.2125854492188	967.538513183594	125.300666809082	51.2958183288574	993.286010742188	126.950469970703	32.2752685546875	1009.83166503906	113.544052124023	29.0592498779297	1019.35614013672	98.4074401855469	20.726583480835	1008.51977539062	89.0524063110352	9.05061531066895	980.052001953125	95.4868392944336	-3.92073583602905	978.854919433594	116.399826049805	15.537055015564	988.586059570312	101.764770507812	-21.9472522735596	979.936340332031	114.844543457031	-20.3512001037598	969.434692382812	126.09481048584	-26.9125099182129	966.113830566406	125.03889465332	0.280362606048584	976.225158691406	139.761245727539	65.9133758544922	968.94970703125	141.081436157227	63.9815673828125	968.775573730469	144.282150268555	59.6040954589844	965.938842773438	148.47021484375	48.583854675293	964.101501464844	147.858825683594	22.0151786804199	963.825012207031	142.971435546875	16.1904945373535	967.618103027344	134.29899597168	51.4000511169434	992.934509277344	133.905258178711	32.2237167358398	1010.5673828125	147.298751831055	29.7717876434326	1019.44458007812	163.30517578125	22.4924564361572	1008.69317626953	173.664459228516	11.1008939743042	982.061279296875	167.403549194336	-1.02299177646637	981.306701660156	146.716171264648	16.3769264221191	989.131103515625	164.48291015625	-19.8265361785889	981.592163085938	151.45686340332	-19.6617813110352	969.818359375	140.850341796875	-26.6870059967041	966.629821777344	139.143112182617	-0.24246920645237	977.035461425781
GMNH-VM14-728	161.31005859375	76.0664138793945	963.745666503906	159.889251708984	65.1548919677734	973.528381347656	159.373962402344	46.8081474304199	993.445922851562	159.801544189453	14.5223760604858	1012.43420410156	159.453628540039	10.2192325592041	1016.29174804688	160.430953979492	-74.4895935058594	970.947448730469	160.788864135742	-51.7362442016602	952.493713378906	161.231201171875	-33.8104057312012	951.619995117188	160.325958251953	-5.38533306121826	973.2607421875	160.425537109375	11.314133644104	963.025024414062	160.237197875977	53.4964065551758	967.886413574219	147.402114868164	72.3956298828125	964.861511230469	144.030883789062	69.3038864135742	963.102111816406	140.659530639648	61.5726928710938	958.80517578125	139.02278137207	49.2899742126465	956.121765136719	140.877777099609	23.1416721343994	949.164001464844	147.34895324707	8.79854965209961	954.974487304688	153.363327026367	44.3307838439941	988.642395019531	156.369430541992	13.976357460022	1005.31134033203	139.931640625	8.75874710083008	1014.08642578125	123.930160522461	2.9616322517395	1004.82250976562	108.314018249512	-5.9074387550354	968.722351074219	119.037208557129	-17.4772624969482	967.271484375	144.399703979492	4.20395421981812	978.6923828125	127.400405883789	-40.5863265991211	966.690795898438	143.409591674805	-37.2369003295898	954.596740722656	152.775451660156	-44.490779876709	950.765563964844	152.602691650391	-16.1458969116211	964.747497558594	174.043151855469	71.7583236694336	964.739685058594	179.734283447266	67.7344207763672	962.222045898438	180.442352294922	60.4162902832031	958.321105957031	181.167739868164	47.8697357177734	954.778869628906	179.396636962891	21.0818176269531	949.127014160156	172.742630004883	8.5590877532959	955.055969238281	165.50553894043	45.3569030761719	990.230773925781	163.495132446289	14.5983047485352	1005.30029296875	179.343154907227	9.74174213409424	1013.91845703125	196.03157043457	4.41343116760254	1006.36932373047	213.08219909668	-7.40223264694214	970.166748046875	202.700820922852	-17.8034687042236	968.157958984375	176.799346923828	4.27551651000977	978.3125	194.858001708984	-41.3117408752441	967.056091308594	179.211730957031	-37.6521682739258	954.528991699219	168.40495300293	-44.8789520263672	950.910095214844	168.833267211914	-17.5103054046631	963.685363769531
GMNH-VM14-737	143.689270019531	59.034740447998	935.279663085938	144.291137695312	51.652229309082	944.151489257812	NA	NA	NA	145.189956665039	19.1162128448486	989.350891113281	145.135650634766	16.1877765655518	993.601440429688	148.793228149414	-69.3949584960938	962.960876464844	148.683670043945	-49.001636505127	946.182189941406	148.095947265625	-35.1063003540039	942.720764160156	146.63362121582	-7.65119981765747	955.330871582031	146.431732177734	6.90812730789185	945.518432617188	144.865325927734	40.5706176757812	942.920776367188	133.113082885742	53.4119300842285	936.6240234375	132.008819580078	51.0121688842773	936.138916015625	128.729858398438	46.0994033813477	934.420593261719	126.203018188477	34.8092155456543	932.260559082031	128.792816162109	7.87852430343628	931.305358886719	134.419876098633	0.966079473495483	938.2021484375	NA	NA	NA	141.607147216797	18.3578071594238	980.545715332031	127.122581481934	14.945013999939	988.921508789062	111.756805419922	7.34521245956421	978.252807617188	104.015464782715	-10.7470598220825	949.797302246094	111.156181335449	-16.8524990081787	952.000427246094	133.608474731445	2.54864501953125	958.426940917969	116.676765441895	-36.7397384643555	956.920104980469	131.136581420898	-37.770206451416	944.898559570312	141.19596862793	-44.2222213745117	943.472290039062	140.165771484375	-16.5235977172852	949.825073242188	154.889205932617	54.195930480957	936.475830078125	156.275802612305	52.6048431396484	935.5908203125	160.069381713867	47.6960678100586	934.234497070312	163.851669311523	36.0548553466797	932.601501464844	163.992660522461	9.30317974090576	931.765625	158.16423034668	1.17870140075684	938.374328613281	NA	NA	NA	148.637268066406	18.0777435302734	981.252075195312	162.200973510742	16.665355682373	989.704162597656	179.264312744141	10.093997001648	979.753784179688	189.554428100586	-8.40761375427246	952.418334960938	182.434692382812	-13.6915712356567	953.787231445312	159.987640380859	4.2489857673645	958.872985839844	177.961547851562	-34.4142990112305	957.319763183594	164.654830932617	-35.7565574645996	945.828002929688	155.262557983398	-44.1913795471191	944.150329589844	NA	NA	NA
GMNH-VM14-742	131.566741943359	73.3089828491211	966.177978515625	131.60383605957	66.348274230957	973.967651367188	130.57991027832	51.3446350097656	991.386413574219	130.014404296875	27.2367515563965	1012.28759765625	129.580780029297	22.6550922393799	1017.794921875	134.807250976562	-55.8120803833008	966.275085449219	134.509735107422	-33.4467735290527	955.953796386719	134.420364379883	-16.9315795898438	956.962463378906	132.855651855469	4.08974742889404	975.805358886719	132.548156738281	19.8819427490234	967.891540527344	131.667999267578	55.7307357788086	970.141174316406	120.508247375488	69.4887390136719	966.060913085938	118.534622192383	66.6344299316406	965.357299804688	114.970832824707	61.3856887817383	963.547607421875	112.954803466797	50.6234817504883	960.529052734375	114.261856079102	24.5862140655518	956.553588867188	120.557716369629	14.953821182251	960.571533203125	125.86580657959	49.2841033935547	989.182556152344	126.88777923584	26.6130027770996	1005.81024169922	112.737815856934	19.5956192016602	1012.95983886719	97.0002136230469	12.0789861679077	998.871398925781	88.5629043579102	4.36897277832031	969.161437988281	96.9082870483398	-4.97080135345459	969.016479492188	117.89501953125	13.4947929382324	981.202209472656	100.967720031738	-23.5382194519043	967.616149902344	117.780944824219	-20.6109313964844	957.527038574219	126.993240356445	-26.8822498321533	954.568481445312	126.649742126465	-1.97825717926025	968.8291015625	142.328948974609	69.4802551269531	967.110473632812	144.668304443359	66.4507141113281	966.017333984375	147.928192138672	61.1567497253418	964.603271484375	151.178039550781	51.1028060913086	962.098571777344	151.042190551758	24.1017913818359	957.745483398438	145.135772705078	15.2722730636597	961.786560058594	135.83366394043	48.9045715332031	989.545776367188	133.726898193359	26.6257724761963	1006.09320068359	148.180877685547	20.7670021057129	1014.49731445312	164.449768066406	13.8126564025879	1004.33294677734	177.599517822266	7.00753927230835	974.531433105469	167.744369506836	-3.94615793228149	972.898376464844	148.197677612305	14.569037437439	983.315551757812	166.660446166992	-23.7155170440674	971.991455078125	151.801223754883	-20.9655723571777	959.87109375	141.807037353516	-26.7162799835205	955.76806640625	140.07795715332	-1.84989500045776	969.871337890625
GMNH-VM14-765	125.637557983398	58.5908050537109	935.947937011719	125.64900970459	49.4254608154297	946.261596679688	125.218948364258	37.020866394043	964.105224609375	125.496215820312	14.4784593582153	982.840942382812	125.589080810547	11.2205801010132	986.089721679688	131.502639770508	-63.2580108642578	941.179077148438	131.081207275391	-43.6695404052734	931.140075683594	129.851318359375	-26.0567798614502	930.092468261719	128.496688842773	-7.16921949386597	944.702697753906	127.60173034668	9.81057071685791	939.173278808594	126.415718078613	42.9790649414062	941.123474121094	115.051139831543	52.8157272338867	936.801635742188	114.894638061523	51.9627952575684	936.126953125	111.791847229004	47.145378112793	933.594116210938	109.392990112305	36.4046478271484	930.724914550781	111.650398254395	10.8886375427246	927.651489257812	116.962631225586	5.44518852233887	931.594360351562	121.082717895508	36.6863746643066	960.393981933594	122.651931762695	16.1879386901855	974.376342773438	110.798980712891	9.19593811035156	982.024780273438	95.5229263305664	3.99264407157898	971.208618164062	86.9315872192383	-5.68800640106201	941.519653320312	94.0079650878906	-15.8616466522217	940.675354003906	114.40796661377	3.55370855331421	950.882995605469	100.61971282959	-33.4880790710449	940.822631835938	113.859397888184	-30.4706211090088	932.10205078125	123.012802124023	-35.1931343078613	928.884338378906	122.081237792969	-10.9265279769897	940.34130859375	136.090957641602	55.0330581665039	937.267700195312	137.27001953125	53.7516784667969	936.824157714844	140.529632568359	49.2228889465332	934.668273925781	144.187637329102	38.9343109130859	931.804992675781	144.314010620117	12.5216064453125	928.75341796875	139.531158447266	6.60403299331665	932.715026855469	130.115234375	36.2106170654297	960.781005859375	129.406661987305	15.9801635742188	974.12841796875	142.389877319336	12.0408620834351	982.615112304688	158.215576171875	7.55965900421143	972.679016113281	170.11491394043	-2.03312754631042	943.418090820312	164.676559448242	-12.094916343689	942.987426757812	139.676315307617	4.72556495666504	951.884460449219	158.904663085938	-30.7672538757324	942.150817871094	146.577743530273	-28.5722885131836	932.542785644531	137.315643310547	-34.371654510498	929.178405761719	135.934265136719	-10.8985023498535	940.243347167969
GMNH-VM14-777	134.682556152344	59.3313140869141	937.993041992188	135.557235717773	53.174430847168	946.275390625	NA	NA	NA	135.004745483398	15.1104154586792	982.531860351562	135.2060546875	10.9867000579834	986.694213867188	135.57829284668	-62.4019546508789	937.882629394531	135.230728149414	-42.0858917236328	931.046813964844	134.735534667969	-24.4606609344482	934.665405273438	135.261215209961	-5.65598201751709	947.9599609375	135.112152099609	10.5345706939697	941.988647460938	135.416015625	44.4405860900879	942.460998535156	124.787452697754	57.077507019043	938.227172851562	123.268486022949	54.877815246582	938.4736328125	119.604995727539	50.5566291809082	937.141174316406	115.932426452637	39.1950340270996	934.714660644531	117.83715057373	15.621844291687	932.061279296875	123.330360412598	5.73595333099365	933.935241699219	131.280746459961	38.6425323486328	961.946228027344	131.525573730469	14.4678287506104	976.378723144531	118.57502746582	6.4926586151123	983.538208007812	103.460144042969	4.61145544052124	971.781799316406	93.4036483764648	-1.37841212749481	945.745361328125	99.8752365112305	-12.4579286575317	942.428894042969	121.124717712402	3.49824786186218	950.7451171875	106.062118530273	-29.6540660858154	943.048217773438	119.393981933594	-27.8189678192139	933.260803222656	126.778915405273	-32.5678749084473	930.30810546875	128.100723266602	-10.9421243667603	941.889038085938	145.236297607422	56.3507919311523	937.5595703125	146.526916503906	55.3014450073242	937.444641113281	149.900207519531	50.218936920166	936.361755371094	153.756713867188	40.190113067627	934.718017578125	151.834732055664	15.8588085174561	932.023681640625	145.975601196289	5.37193155288696	933.957641601562	NA	NA	NA	138.544662475586	14.9159727096558	976.590270996094	151.060989379883	7.41814374923706	984.456909179688	166.77522277832	4.00273895263672	972.563415527344	175.547805786133	0.0322356373071671	946.960815429688	169.398162841797	-11.9755773544312	943.702575683594	147.132965087891	2.78229975700378	952.111694335938	163.565124511719	-30.7220230102539	942.515808105469	150.279327392578	-27.51442527771	933.213012695312	142.908050537109	-32.843017578125	930.709899902344	142.432220458984	-10.6197547912598	941.588745117188
GMNH-VM14-778	151.550201416016	68.4950714111328	936.420227050781	151.685913085938	61.4596328735352	945.120178222656	150.661743164062	45.7668991088867	965.920288085938	150.742782592773	15.0189561843872	984.880798339844	150.594955444336	10.104808807373	989.432189941406	157.656097412109	-70.1993103027344	944.927795410156	157.143798828125	-49.8979339599609	925.821899414062	156.436920166016	-30.0023708343506	926.129211425781	154.028686523438	-4.14810514450073	947.901611328125	154.20198059082	10.2163276672363	938.47900390625	152.306167602539	51.170970916748	939.361267089844	139.904357910156	63.673469543457	936.930847167969	137.881301879883	60.4500274658203	935.682983398438	134.360504150391	53.2904968261719	932.069885253906	132.367874145508	41.5661582946777	928.896789550781	135.217010498047	15.52552318573	924.735229492188	141.418548583984	5.96959018707275	929.483154296875	145.744705200195	44.6249008178711	961.800842285156	146.955993652344	15.2440414428711	976.841674804688	130.618103027344	6.60386657714844	984.2529296875	116.909591674805	-0.283341348171234	973.397399902344	105.764152526855	-12.6085042953491	939.327819824219	114.932205200195	-17.517915725708	940.5849609375	137.271286010742	3.33216142654419	950.13330078125	122.458847045898	-38.2772674560547	937.223693847656	139.31037902832	-32.2661590576172	926.455200195312	147.524215698242	-38.386344909668	924.207458496094	146.08740234375	-12.9904146194458	938.306213378906	163.722763061523	63.9243469238281	937.56787109375	166.42041015625	61.5271949768066	935.417114257812	169.627914428711	54.6331901550293	932.322631835938	173.640090942383	44.1717338562012	930.117614746094	173.276931762695	17.7016468048096	925.968505859375	166.320846557617	6.38589715957642	931.296630859375	156.873016357422	44.6317863464355	962.447998046875	156.219314575195	14.9872570037842	977.244018554688	171.698013305664	9.3983039855957	986.230895996094	187.703353881836	3.29980397224426	977.080078125	203.701309204102	-8.00716781616211	944.221862792969	193.855392456055	-14.9264116287231	944.596923828125	170.820205688477	4.44663238525391	952.496215820312	190.52326965332	-35.3458862304688	940.999877929688	171.929718017578	-31.7018547058105	928.714233398438	165.023910522461	-38.5608940124512	926.013916015625	163.254928588867	-12.7930402755737	939.146728515625
GMNH-VM14-806	130.000091552734	55.0847091674805	924.25048828125	129.211364746094	50.7540969848633	934.538391113281	129.567657470703	43.2972717285156	955.872436523438	130.724151611328	18.0600509643555	979.488830566406	130.893280029297	15.4095153808594	983.827758789062	135.278289794922	-67.3988494873047	941.965576171875	133.781402587891	-49.6533889770508	929.931640625	133.631195068359	-30.2513599395752	928.721496582031	132.999053955078	-6.05117130279541	944.810791015625	131.595825195312	7.50160694122314	932.884521484375	130.368560791016	40.5887870788574	932.2470703125	118.29948425293	50.8931846618652	926.374572753906	116.144889831543	48.0032768249512	926.08203125	113.074661254883	42.2569580078125	924.312194824219	111.300758361816	30.5979175567627	922.270141601562	115.195495605469	5.49783945083618	921.7880859375	120.782897949219	0.0822256430983543	926.763305664062	125.143287658691	38.8550720214844	953.094848632812	127.40837097168	16.9685192108154	970.551574707031	114.074935913086	11.5503053665161	977.455505371094	99.1933670043945	3.34417939186096	969.09521484375	86.7258911132812	-8.90755748748779	940.088256835938	94.2093200683594	-18.8093376159668	938.964111328125	117.554786682129	2.1624059677124	946.571166992188	102.09619140625	-36.6852607727051	938.964172363281	117.697654724121	-34.7824592590332	930.084899902344	126.561126708984	-40.6757125854492	928.313598632812	124.837257385254	-13.6859731674194	937.491943359375	140.847305297852	51.5821342468262	926.592407226562	143.161682128906	49.0695762634277	926.525146484375	146.92008972168	42.8152503967285	924.221801757812	150.051956176758	32.3088226318359	922.691101074219	147.587051391602	7.09610939025879	921.638549804688	142.678695678711	1.564368724823	926.154357910156	135.048812866211	40.1966934204102	951.862609863281	134.963668823242	17.2308444976807	970.434020996094	148.552764892578	14.3025398254395	978.149353027344	164.504669189453	6.99466323852539	968.773254394531	177.413879394531	-4.44250297546387	939.486877441406	170.895919799805	-15.451174736023	938.567016601562	147.148971557617	3.34150195121765	946.820129394531	164.996459960938	-35.3382339477539	937.778442382812	149.717803955078	-32.6599044799805	929.620666503906	141.308700561523	-39.0614204406738	928.061279296875	140.276870727539	-12.5864057540894	937.752014160156
GMNH-VM15-5	132.648895263672	64.4977874755859	950.528381347656	133.053863525391	58.1900520324707	958.51611328125	133.547103881836	45.6335334777832	975.792785644531	132.825088500977	25.3198394775391	998.346069335938	132.362396240234	22.279993057251	1003.13201904297	135.462814331055	-62.513557434082	963.415405273438	135.017456054688	-40.2924575805664	948.444702148438	135.207092285156	-23.5266056060791	946.55322265625	134.327072143555	-1.3346221446991	962.821044921875	133.515380859375	13.6496438980103	955.597229003906	133.540466308594	49.0395431518555	954.799194335938	121.98267364502	57.8024635314941	950.66357421875	120.194129943848	55.790340423584	949.159118652344	117.295524597168	50.8838539123535	947.653747558594	114.001197814941	39.2594604492188	944.894897460938	117.037368774414	12.5677690505981	944.43359375	122.494239807129	8.96448421478271	948.150329589844	127.095336914062	44.4729919433594	972.84423828125	128.972808837891	24.4866847991943	990.225830078125	114.501335144043	20.8901233673096	998.665161132812	99.7297592163086	10.6619215011597	987.344299316406	90.1904144287109	-2.43301105499268	956.493774414062	98.1575164794922	-10.620397567749	957.25341796875	119.286346435547	8.73005199432373	968.106140136719	102.63712310791	-28.854736328125	957.609130859375	117.91658782959	-27.967041015625	947.424499511719	127.216232299805	-34.3470649719238	945.944030761719	126.56177520752	-7.7021894454956	956.406372070312	144.624526977539	58.6190605163574	951.431274414062	146.042953491211	56.5739479064941	949.632751464844	148.821868896484	51.5513114929199	947.943664550781	152.43994140625	40.3996353149414	945.138000488281	151.016967773438	13.3010272979736	946.217529296875	145.620040893555	9.77755451202393	948.790283203125	138.81672668457	43.8602600097656	973.934997558594	137.020050048828	24.8688926696777	990.961547851562	150.820373535156	20.931224822998	999.822998046875	166.669448852539	11.7933206558228	989.107055664062	178.426345825195	-0.395767241716385	960.455078125	170.89909362793	-8.52391815185547	959.957092285156	147.676345825195	10.1992263793945	969.072021484375	166.768310546875	-27.8908042907715	959.536560058594	151.792388916016	-27.0030765533447	948.63916015625	142.539291381836	-33.7603492736816	946.51025390625	142.205764770508	-7.40387582778931	957.01953125
HNCC-02-20	-1.13389599323273	58.9898834228516	1132.87268066406	-1.3655766248703	53.6721954345703	1126.45227050781	-1.70713865756989	39.7994804382324	1107.36889648438	-1.04671812057495	20.7016716003418	1085.08337402344	-1.16200053691864	18.3008193969727	1081.85949707031	-1.2857027053833	-63.7131233215332	1120.77514648438	-0.950236678123474	-43.552906036377	1136.03308105469	-1.16806840896606	-28.0626945495605	1137.12609863281	-1.47460377216339	-5.38116645812988	1118.94494628906	-0.865416347980499	9.70312309265137	1127.83435058594	-1.30372154712677	41.0539779663086	1129.12890625	10.2442312240601	52.8941879272461	1132.49548339844	11.6313552856445	51.6630554199219	1132.85278320312	14.1348314285278	46.4474754333496	1135.76428222656	17.4995384216309	36.3983612060547	1138.10461425781	15.5016107559204	9.95014095306396	1137.62817382812	10.1332893371582	4.8674693107605	1135.11706542969	3.722323179245	38.6865158081055	1110.501953125	1.54664027690887	20.169921875	1093.66027832031	16.8926467895508	15.2671432495117	1085.77172851562	31.4222164154053	8.87085056304932	1096.56237792969	42.6182708740234	-1.13272762298584	1125.50476074219	35.0744819641113	-10.8236522674561	1124.77172851562	13.3507175445557	5.51627492904663	1116.60498046875	30.75412940979	-31.6870937347412	1122.75451660156	16.9135265350342	-30.9510707855225	1133.31140136719	6.75061988830566	-37.6005897521973	1137.50402832031	5.86223793029785	-11.2307453155518	1126.04797363281	-12.9217081069946	52.7685623168945	1133.26538085938	-13.995662689209	51.6449089050293	1133.39428710938	-16.7582912445068	46.3732833862305	1135.666015625	-19.6899261474609	35.9171714782715	1138.21057128906	-17.3418426513672	9.3817834854126	1138.85473632812	-11.8901557922363	3.07721590995789	1136.93872070312	-6.4987678527832	39.6140174865723	1111.37036132812	-4.2584547996521	19.4478225708008	1093.86474609375	-18.3802547454834	15.8035688400269	1085.55383300781	-33.9734039306641	8.2447395324707	1097.2294921875	-44.6246070861816	-2.71346092224121	1125.91711425781	-35.3113632202148	-12.2110891342163	1124.22827148438	-14.6314210891724	5.16411542892456	1116.69799804688	-32.959774017334	-32.4537544250488	1122.30102539062	-18.7544422149658	-31.6511859893799	1134.26538085938	-9.06003856658936	-37.3027038574219	1138.60388183594	-8.5210075378418	-12.1403160095215	1127.71118164062
HNCC-03-10	0.258098959922791	73.4987869262695	1086.75915527344	-0.345314353704453	64.6711959838867	1074.87878417969	-0.684682786464691	50.4382743835449	1051.54235839844	-0.846804797649384	21.8498001098633	1025.83129882812	-1.08419144153595	17.4203796386719	1020.44000244141	0.00630887923762202	-70.6627960205078	1047.41491699219	-0.0588700212538242	-56.6922225952148	1072.31713867188	0.0276697333902121	-38.1987037658691	1078.26513671875	-0.38962709903717	-7.35099172592163	1063.7939453125	0.0207317266613245	9.61385726928711	1073.4931640625	-0.136583670973778	51.1628532409668	1078.4091796875	12.4652128219604	65.9421005249023	1083.92700195312	16.3517990112305	62.1285629272461	1083.77575683594	18.409107208252	54.4855041503906	1085.72644042969	21.0171012878418	42.397891998291	1087.07189941406	18.2775440216064	13.7292785644531	1087.21130371094	12.2643375396729	5.32650184631348	1080.35217285156	5.25448846817017	46.8985481262207	1054.53747558594	2.53382921218872	20.5002498626709	1034.13659667969	18.5232315063477	17.4465065002441	1024.98095703125	37.7055625915527	8.99689769744873	1033.69714355469	52.2218170166016	-5.26089429855347	1066.43115234375	40.5613975524902	-17.8421497344971	1065.27465820312	14.5988483428955	5.84073448181152	1058.798828125	32.7426109313965	-39.7693099975586	1061.1435546875	18.3695087432861	-42.2087211608887	1074.31164550781	8.45406723022461	-50.5076103210449	1076.43115234375	6.84954023361206	-18.3798198699951	1070.22595214844	-12.9630565643311	66.3532791137695	1083.89025878906	-16.6199531555176	63.1741485595703	1084.73352050781	-19.1019859313965	55.7234115600586	1086.68737792969	-20.7748699188232	42.5161476135254	1088.60021972656	-17.9250030517578	14.4294586181641	1088.11743164062	-12.3586235046387	5.81122636795044	1080.85180664062	-6.42897176742554	47.3484191894531	1054.59069824219	-4.64219331741333	20.8133430480957	1034.7978515625	-21.1238555908203	17.8923149108887	1025.89123535156	-38.5873603820801	9.72234916687012	1031.75988769531	-54.0056076049805	-7.18478488922119	1067.09619140625	-40.8912086486816	-19.1697845458984	1066.49291992188	-15.782600402832	5.9712724685669	1058.64086914062	-34.4706649780273	-40.7255363464355	1061.708984375	-19.768087387085	-41.6390609741211	1073.14709472656	-8.03259754180908	-50.7639083862305	1077.6962890625	-8.14043140411377	-18.654426574707	1070.98950195312
HNCC-03-17	-0.909402191638946	59.8015403747559	1135.93798828125	-1.12011861801147	52.880199432373	1125.82336425781	-1.71729099750519	43.9942245483398	1103.90625	-2.02536582946777	23.2782745361328	1078.62548828125	-2.16206216812134	19.8632144927979	1074.22534179688	-0.471669971942902	-62.101734161377	1107.27722167969	-0.385415494441986	-45.4896392822266	1124.7783203125	-0.662121117115021	-28.6905498504639	1128.03552246094	-1.59120714664459	-5.55041074752808	1114.70812988281	-1.56617617607117	9.5535478591919	1122.40222167969	-1.00878214836121	44.0973320007324	1128.38623046875	9.62355995178223	55.2778587341309	1134.16088867188	11.1770257949829	52.6733741760254	1134.28283691406	14.8570823669434	47.5106239318848	1134.95495605469	16.7541427612305	36.9836502075195	1136.06469726562	15.3330860137939	10.7230253219604	1134.21545410156	9.86480236053467	5.54673528671265	1129.30603027344	3.55202603340149	43.0552062988281	1106.79138183594	1.41848063468933	21.9515438079834	1085.92590332031	13.8796882629395	18.148624420166	1078.669921875	30.9051952362061	10.3264532089233	1087.94274902344	42.8297882080078	-2.01737236976624	1114.94299316406	35.5553741455078	-12.1249837875366	1115.70532226562	12.3825998306274	6.76771831512451	1108.07287597656	30.064115524292	-31.03053855896	1113.52307128906	16.857442855835	-31.7430782318115	1124.64685058594	7.03308486938477	-39.5790214538574	1127.40686035156	6.45511817932129	-11.7709035873413	1119.65026855469	-11.0984916687012	54.6855163574219	1134.10400390625	-12.6342506408691	52.9483451843262	1134.38354492188	-16.6105327606201	47.9983596801758	1135.7666015625	-19.1547679901123	37.6198692321777	1136.54699707031	-17.9458541870117	11.3641920089722	1135.42626953125	-12.5768690109253	5.11822938919067	1129.21545410156	-6.70295190811157	42.69873046875	1107.08422851562	-5.48621940612793	21.9972038269043	1086.60546875	-18.9596843719482	17.1642799377441	1078.23986816406	-34.6658821105957	9.736403465271	1088.58239746094	-46.421989440918	-2.25912094116211	1117.15344238281	-37.4156303405762	-13.243745803833	1116.39196777344	-16.0947742462158	6.13375949859619	1108.02990722656	-31.687406539917	-32.1454010009766	1114.73889160156	-18.0667991638184	-32.9765739440918	1126.04125976562	-7.71211004257202	-40.0373306274414	1127.58544921875	-8.19091510772705	-12.0292930603027	1120.458984375
HNCC-03-18	-1.45651876926422	61.4296035766602	1071.1669921875	-0.983254969120026	56.7566184997559	1063.47399902344	-1.02354550361633	42.5898208618164	1042.9462890625	-1.69272446632385	23.9883880615234	1022.58258056641	-1.76903104782104	20.6806011199951	1018.37683105469	-2.68423008918762	-61.2863845825195	1052.1005859375	-2.07183909416199	-44.4538612365723	1071.17895507812	-2.20933032035828	-27.5688858032227	1073.47534179688	-2.166823387146	-3.38648819923401	1058.63269042969	-1.9775607585907	12.4441089630127	1065.29455566406	-1.14972448348999	45.1669502258301	1065.85913085938	9.14480876922607	56.1105346679688	1068.86437988281	10.8896951675415	54.6925163269043	1069.6953125	13.996337890625	49.3000946044922	1071.916015625	17.2453174591064	39.3524780273438	1074.39672851562	14.9687900543213	14.1015691757202	1076.576171875	9.29680347442627	9.17870712280273	1072.05139160156	3.8633496761322	41.5146369934082	1046.20300292969	1.46373558044434	22.9422225952148	1030.03698730469	14.7697992324829	18.4758071899414	1022.01495361328	29.1009044647217	10.2609062194824	1031.5185546875	39.655200958252	-0.148902654647827	1059.26440429688	34.3775367736816	-10.9570817947388	1059.97973632812	12.3725852966309	8.66086578369141	1053.64074707031	27.5773220062256	-29.284595489502	1059.35229492188	16.0114574432373	-29.617115020752	1070.31103515625	6.20885753631592	-36.8818283081055	1074.36645507812	4.84326934814453	-8.94326591491699	1064.61975097656	-11.3651523590088	56.1031951904297	1068.47595214844	-12.9501552581787	54.1797332763672	1069.85729980469	-15.8835973739624	49.6202850341797	1071.88989257812	-19.9265232086182	39.7725677490234	1074.63232421875	-18.6723499298096	14.473292350769	1076.30920410156	-13.2059965133667	8.80097007751465	1071.49890136719	-5.41444301605225	43.4612655639648	1047.15246582031	-5.00901746749878	23.2332820892334	1029.77819824219	-18.8498687744141	18.7461528778076	1022.09094238281	-31.2663230895996	10.6363668441772	1031.53161621094	-43.1007194519043	1.35347628593445	1059.17907714844	-37.898754119873	-10.7559785842896	1059.72644042969	-15.8487129211426	8.72588443756104	1053.19018554688	-32.5943260192871	-29.7359237670898	1059.91931152344	-20.3855304718018	-30.3616409301758	1071.42822265625	-10.1102924346924	-38.1424140930176	1073.06530761719	-9.17297077178955	-9.23565673828125	1064.59887695312
HNCC-03-22	-1.16808378696442	56.8386764526367	1144.60717773438	-1.46855890750885	51.7162742614746	1137.42517089844	-1.70607650279999	44.7389450073242	1117.4853515625	-1.69251477718353	24.8354835510254	1089.58532714844	-1.45110070705414	22.8045520782471	1085.26440429688	-2.04187321662903	-64.7036056518555	1111.73950195312	-2.30284214019775	-47.227840423584	1129.97009277344	-1.5277134180069	-31.9417896270752	1135.3828125	-1.84027564525604	-4.71408796310425	1122.05200195312	-1.4208596944809	9.60531902313232	1133.20239257812	-1.70861184597015	41.4247398376465	1139.05395507812	9.60194301605225	51.3137664794922	1143.24719238281	11.0662498474121	49.2607650756836	1143.46508789062	14.6528959274292	43.3131217956543	1145.35607910156	17.54075050354	31.8566856384277	1146.63342285156	16.2752323150635	5.18888711929321	1143.40893554688	10.8597774505615	1.03895258903503	1139.2333984375	3.11528134346008	42.0507583618164	1119.26599121094	1.10161566734314	23.7159519195557	1097.67077636719	15.4189443588257	19.4487838745117	1088.01513671875	30.8985118865967	11.1162433624268	1098.52502441406	40.5292549133301	-3.83362984657288	1124.27282714844	34.1474342346191	-14.1294298171997	1124.57116699219	12.0273542404175	5.37115669250488	1118.88415527344	28.9860553741455	-32.8422317504883	1122.21838378906	14.9752244949341	-33.730827331543	1133.10998535156	6.08286571502686	-40.458137512207	1134.33740234375	4.63199186325073	-12.117392539978	1128.30737304688	-12.4388151168823	51.1507453918457	1144.36303710938	-14.2364530563354	50.268196105957	1144.54125976562	-17.7948932647705	44.2117195129395	1145.6650390625	-21.0404281616211	32.8623046875	1146.81701660156	-20.00124168396	5.90536880493164	1143.19604492188	-13.748028755188	2.55067753791809	1139.27990722656	-7.00057744979858	42.5082817077637	1119.892578125	-4.90268516540527	23.0111446380615	1097.51513671875	-18.2618675231934	20.4324626922607	1087.65576171875	-34.5737991333008	11.4391479492188	1098.73840332031	-44.8116149902344	-4.32247638702393	1124.60388183594	-38.1448287963867	-13.5843648910522	1124.33630371094	-15.9974327087402	5.35832643508911	1118.77172851562	-31.9852352142334	-32.6543159484863	1122.04150390625	-18.4299793243408	-34.2127532958984	1133.1318359375	-9.71141052246094	-40.5068359375	1133.71105957031	-9.31176471710205	-11.932710647583	1128.78442382812
HNCC-04-14	-1.67251193523407	68.358512878418	1068.49987792969	-1.11366474628448	60.6120719909668	1059.23168945312	-1.55177175998688	45.2992744445801	1036.23718261719	-1.61645841598511	21.4755935668945	1012.12023925781	-1.62583482265472	17.7508773803711	1007.20404052734	-0.661809921264648	-74.1562423706055	1036.21618652344	-0.820355892181396	-57.3614501953125	1061.25122070312	-1.15171337127686	-39.3963661193848	1063.03332519531	-1.5137642621994	-10.5268516540527	1048.20751953125	-1.28731417655945	7.56756830215454	1057.76696777344	-1.16030979156494	47.7420387268066	1062.44641113281	11.8704166412354	61.0976409912109	1065.98815917969	12.9827737808228	58.8675689697266	1066.56848144531	17.9933452606201	49.2775650024414	1068.224609375	21.046199798584	36.9263191223145	1071.60778808594	16.8183307647705	8.37978553771973	1071.77514648438	10.9596881866455	1.5111358165741	1065.87841796875	4.41197967529297	44.4339141845703	1038.9921875	2.17805290222168	20.5182933807373	1020.86560058594	18.394193649292	16.5718536376953	1010.38732910156	35.5978393554688	8.3011474609375	1019.62329101562	46.6654853820801	-10.4765577316284	1050.34838867188	38.1913757324219	-20.1223850250244	1050.05419921875	15.4246416091919	2.75712537765503	1044.20739746094	33.2695388793945	-41.390266418457	1046.49291992188	17.3604469299316	-42.0959510803223	1059.41772460938	7.5435848236084	-51.2799263000488	1063.99719238281	7.72671031951904	-21.032133102417	1054.75122070312	-15.169228553772	60.6085395812988	1067.30517578125	-16.2233295440674	58.9714431762695	1067.82409667969	-20.55029296875	49.3681221008301	1069.71960449219	-22.6101589202881	37.8533401489258	1072.68432617188	-19.0875549316406	8.80636596679688	1072.84814453125	-13.8108501434326	1.27810561656952	1065.30895996094	-7.91002893447876	44.508918762207	1040.11560058594	-5.43714714050293	20.8948535919189	1021.30767822266	-21.2245616912842	15.6854190826416	1011.310546875	-38.6108016967773	7.67456531524658	1020.20483398438	-49.1851768493652	-9.05777835845947	1053.9111328125	-39.9355773925781	-20.5743560791016	1051.16125488281	-18.6737270355225	1.93597841262817	1045.37109375	-35.6849632263184	-43.9387702941895	1047.697265625	-19.7674312591553	-42.6623039245605	1061.42956542969	-9.50060081481934	-51.8186378479004	1063.88696289062	-9.68662929534912	-20.6168651580811	1055.34008789062
HNCC-04-15	-2.10285234451294	66.1605834960938	1135.59155273438	-0.979390621185303	59.4240951538086	1124.40405273438	-2.51179265975952	47.9716873168945	1104.24243164062	-2.04456377029419	22.8964157104492	1078.39489746094	-2.1055896282196	19.2369060516357	1074.10375976562	-1.01571333408356	-62.4853134155273	1119.44079589844	-1.05032694339752	-40.9955787658691	1133.45495605469	-1.18497943878174	-26.5048770904541	1134.51147460938	-1.16483235359192	-4.51533079147339	1119.87707519531	-0.753500699996948	12.7981824874878	1127.76989746094	-1.66243708133698	49.8117256164551	1127.52099609375	9.45427894592285	62.7713203430176	1132.51428222656	10.4642400741577	61.9986839294434	1132.72888183594	14.9173488616943	57.426456451416	1136.02819824219	18.3535118103027	46.0637512207031	1137.37231445312	17.4054851531982	19.3304977416992	1138.31384277344	10.8352346420288	7.96820688247681	1133.90686035156	2.7932596206665	47.0053329467773	1107.13366699219	1.35026144981384	23.9633178710938	1088.44909667969	16.1727237701416	17.6876697540283	1080.44506835938	32.8745613098145	10.8175668716431	1089.03759765625	42.1975746154785	3.95375275611877	1117.33142089844	35.872875213623	-10.2456102371216	1119.79870605469	14.3868579864502	6.98135185241699	1112.41796875	30.3881702423096	-29.8915328979492	1120.83728027344	14.9409685134888	-29.4863929748535	1131.59704589844	6.26877164840698	-35.374454498291	1133.9287109375	5.39815616607666	-9.93711566925049	1124.65051269531	-12.7478685379028	62.1667556762695	1133.59851074219	-13.8126392364502	60.8725357055664	1134.12622070312	-18.3119411468506	56.0145149230957	1135.78051757812	-20.6152496337891	44.9902954101562	1138.11279296875	-19.5418872833252	18.0335884094238	1139.7783203125	-12.0136461257935	7.24443292617798	1134.32287597656	-7.63672733306885	46.9629783630371	1107.67114257812	-5.0529522895813	23.0404434204102	1088.43933105469	-19.6709861755371	18.0301208496094	1080.2216796875	-35.6844825744629	9.4356746673584	1090.109375	-45.0012092590332	1.63182723522186	1118.56909179688	-38.5238494873047	-10.6566877365112	1122.01208496094	-16.3790912628174	6.18196392059326	1113.09265136719	-32.5452156066895	-31.5009231567383	1122.75524902344	-16.0659027099609	-29.6912326812744	1133.00732421875	-8.4618330001831	-35.7438049316406	1134.50720214844	-8.89657878875732	-10.1643152236938	1124.52685546875
HNCC-04-60	-1.9003689289093	68.2317352294922	1065.00402832031	-1.80185675621033	62.8243827819824	1059.45678710938	-1.54005479812622	48.2386512756348	1040.05578613281	-1.79743981361389	20.3729209899902	1016.83752441406	-1.80394530296326	16.6539192199707	1012.68853759766	-1.96268653869629	-67.9313049316406	1060.818359375	-1.89985406398773	-46.7140312194824	1070.98645019531	-1.31103825569153	-27.4012775421143	1071.13073730469	-1.66561722755432	-3.08920073509216	1054.69079589844	-1.57685649394989	14.0847749710083	1061.71923828125	-1.67219889163971	49.5984191894531	1064.19567871094	9.29262161254883	64.2288360595703	1063.45373535156	11.3596124649048	62.6309242248535	1064.0498046875	16.5382137298584	56.3115425109863	1068.00695800781	19.1690311431885	45.2938766479492	1070.97253417969	16.7521133422852	18.5383930206299	1073.94396972656	10.9115037918091	10.1376686096191	1070.17333984375	4.39973068237305	45.8974075317383	1042.17590332031	1.37355172634125	21.3991031646729	1025.54235839844	16.539888381958	14.6597909927368	1016.13348388672	32.0861320495605	10.7994709014893	1027.70239257812	44.6334609985352	-2.55415773391724	1060.49780273438	37.3638572692871	-11.2216510772705	1059.80700683594	12.5999965667725	9.17560958862305	1049.44665527344	32.2175788879395	-32.3148612976074	1060.01892089844	16.6588115692139	-31.3195514678955	1070.25732421875	5.91436433792114	-37.700267791748	1072.02160644531	6.25590801239014	-10.4120855331421	1062.46472167969	-12.8714056015015	63.8933525085449	1064.70446777344	-15.0406684875488	62.3321113586426	1065.11560058594	-19.4291858673096	55.2947616577149	1068.6220703125	-21.7497100830078	45.0708847045898	1071.13623046875	-20.2117538452148	18.2636833190918	1073.25720214844	-14.2202997207642	10.4774780273438	1069.72119140625	-7.93769073486328	45.9769058227539	1042.41845703125	-5.08923006057739	21.1795177459717	1025.12060546875	-18.9283256530762	15.3827886581421	1016.11663818359	-34.8916053771973	10.8526592254639	1026.91552734375	-48.7044677734375	-4.20586252212524	1060.24157714844	-40.3058586120605	-11.1240291595459	1059.052734375	-17.1127796173096	10.261344909668	1049.63256835938	-36.2402153015137	-31.7826538085938	1060.74108886719	-20.3821277618408	-30.8408622741699	1071.09106445312	-10.0970859527588	-36.3406028747559	1072.14282226562	-9.71251678466797	-10.3094348907471	1063.02722167969
HNCC-04-85	-0.452265530824661	65.3583984375	1151.2880859375	-0.662170886993408	60.1229858398438	1143.48107910156	-0.870128631591797	50.7255706787109	1121.34887695312	-0.252271562814713	21.9799175262451	1094.72705078125	-0.251846045255661	18.7319087982178	1090.29956054688	-2.16651916503906	-63.9906311035156	1129.2412109375	-1.98853504657745	-45.8090286254883	1145.98425292969	-1.6985992193222	-29.1711158752441	1146.52514648438	-0.81109344959259	-4.98413419723511	1131.81237792969	-0.490756690502167	13.9163703918457	1139.19482421875	-1.03713715076447	48.6891174316406	1144.77563476562	10.6962118148804	59.4272079467773	1149.71826171875	12.5360298156738	57.3064193725586	1150.63269042969	15.2076196670532	51.9717102050781	1151.43469238281	19.2973518371582	41.2979469299316	1152.36450195312	16.9970321655273	15.2381191253662	1151.53784179688	11.2767858505249	7.3297290802002	1146.13159179688	5.07304000854492	48.0778198242188	1123.92297363281	2.85416483879089	22.74049949646	1104.34143066406	17.3111572265625	17.0280570983887	1094.03491210938	32.1849098205566	10.3427991867065	1105.03784179688	44.6955223083496	-0.0760278701782227	1133.755859375	37.198070526123	-13.1047048568726	1134.40441894531	15.1151332855225	8.4921817779541	1125.8828125	30.9419898986816	-32.6940879821777	1134.19689941406	16.8355102539062	-31.9015083312988	1145.88513183594	6.37580108642578	-38.9309730529785	1147.35595703125	7.45449542999268	-10.4705085754395	1137.05322265625	-12.0685863494873	59.7127723693848	1149.91979980469	-13.5422773361206	57.9674530029297	1150.48291015625	-16.7924480438232	52.5458602905273	1150.505859375	-20.762378692627	41.9292640686035	1151.72302246094	-18.8927574157715	15.2895545959473	1151.11999511719	-13.1503219604492	8.17251968383789	1145.71984863281	-5.8291015625	48.6528434753418	1123.63171386719	-3.46286988258362	22.3491172790527	1104.11022949219	-17.2347373962402	18.1667594909668	1094.36413574219	-33.0326957702637	10.9245901107788	1104.11499023438	-45.7718315124512	0.707081735134125	1133.53039550781	-38.0895767211914	-11.5162382125854	1133.72033691406	-15.3069925308228	8.58729934692383	1126.45275878906	-33.9773178100586	-31.1290664672852	1133.25354003906	-19.8174839019775	-30.8539733886719	1144.93896484375	-9.34612846374512	-37.9809684753418	1147.5224609375	-9.23301219940186	-10.0778141021729	1136.90026855469
HNCC-04-89	-1.9272221326828	64.6565322875977	1122.90295410156	-2.38255643844604	56.3792152404785	1114.86694335938	-2.05652236938477	43.7358169555664	1094.71081542969	-0.239383175969124	15.9690761566162	1074.01293945312	-0.033467922359705	13.2676334381104	1070.81140136719	0.590492129325867	-61.4545021057129	1122.3291015625	0.177650898694992	-40.7278175354004	1133.51770019531	0.128075018525124	-19.8174514770508	1132.37756347656	0.0433377996087074	-2.20493531227112	1113.95385742188	-0.314869046211243	14.0131454467773	1120.30908203125	-1.95023632049561	46.8696594238281	1118.08972167969	8.21340560913086	60.8192596435547	1121.99499511719	10.3479843139648	58.4236946105957	1122.88415527344	13.3135709762573	54.4529762268066	1124.484375	17.4652538299561	43.3140716552734	1126.98974609375	17.6660995483398	18.3640804290771	1131.48156738281	12.38205909729	10.2661113739014	1127.48010253906	3.25748062133789	42.1123847961426	1098.27185058594	2.23289895057678	17.44065284729	1082.35119628906	16.3697967529297	11.0085945129395	1075.66638183594	32.0280418395996	7.64435529708862	1085.14294433594	43.9377670288086	0.770406603813171	1114.88793945312	38.0786476135254	-9.34267330169678	1117.73291015625	12.6375904083252	7.19260215759277	1107.20458984375	30.5575790405273	-26.4485740661621	1120.38208007812	16.3613128662109	-24.1085739135742	1130.94677734375	8.67541313171387	-29.8740158081055	1134.56652832031	7.14862823486328	-7.48122501373291	1121.00598144531	-12.3491516113281	60.1803169250488	1122.380859375	-13.6070871353149	58.8534622192383	1123.208984375	-17.2057971954346	54.1814765930176	1125.3095703125	-20.2857494354248	42.8853759765625	1128.44348144531	-18.7671451568604	18.2427806854248	1130.86950683594	-12.5384244918823	9.09877681732178	1127.53491210938	-7.11608600616455	40.810848236084	1097.3359375	-3.10622644424438	17.0619735717773	1083.09301757812	-16.8028545379639	10.3833436965942	1075.00280761719	-31.5295829772949	5.7936863899231	1083.54138183594	-43.8431167602539	-2.64570331573486	1113.87182617188	-37.4565963745117	-10.554440498352	1115.88500976562	-15.1570014953613	7.86396789550781	1108.52001953125	-30.1630382537842	-27.9326248168945	1119.76916503906	-16.640754699707	-24.5678901672363	1130.65393066406	-8.69144153594971	-29.547269821167	1134.84558105469	-7.17818355560303	-7.48619699478149	1120.18298339844
HNCC-05-17	-1.87207794189453	67.5786209106445	1069.75354003906	-1.69302713871002	60.1668319702148	1061.65368652344	-1.31678891181946	46.7847518920898	1038.09497070312	-0.871600985527039	19.0138149261475	1013.98474121094	-0.977185070514679	15.276611328125	1009.34338378906	-1.8276230096817	-67.8654403686523	1044.39575195312	-1.74323761463165	-49.086238861084	1065.00207519531	-1.91537797451019	-32.2231903076172	1068.08374023438	-1.53422617912292	-8.75474166870117	1053.06567382812	-1.79956781864166	8.67797470092773	1060.26989746094	-1.44851505756378	48.9357643127441	1065.2431640625	9.79984188079834	61.9485740661621	1068.48547363281	13.3121681213379	59.3323173522949	1069.3408203125	16.0133094787598	52.0147132873535	1072.00329589844	19.0675163269043	39.6014556884766	1073.14514160156	15.807653427124	12.8843450546265	1074.60620117188	11.0580778121948	4.67597389221191	1067.60241699219	4.51884412765503	43.8655662536621	1041.60668945312	2.51758027076721	18.505786895752	1023.21081542969	17.9721870422363	13.4887971878052	1013.27697753906	36.2036170959473	4.78018379211426	1025.57678222656	48.8445510864258	-7.63354444503784	1057.02502441406	38.3742332458496	-17.0672569274902	1056.68188476562	13.2327709197998	1.59934556484222	1045.78210449219	33.5540466308594	-38.5771102905273	1054.80688476562	15.8668231964111	-35.9889183044434	1064.70458984375	5.85650777816772	-43.3773345947266	1068.05383300781	6.29373025894165	-15.8111820220947	1057.94836425781	-13.8150033950806	62.5348739624023	1068.47290039062	-17.3640632629395	59.6125183105469	1069.19177246094	-19.7644996643066	52.0456237792969	1071.79565429688	-22.2900791168213	40.4012031555176	1073.22607421875	-20.3248119354248	12.4931783676147	1074.42016601562	-13.9252910614014	3.72846436500549	1067.98376464844	-7.25812292098999	44.3236923217773	1041.3984375	-5.13229942321777	18.8837985992432	1022.9033203125	-20.8489608764648	13.1025686264038	1013.962890625	-40.4094161987305	6.57939291000366	1026.71118164062	-52.6402587890625	-6.04977035522461	1057.03344726562	-42.2408485412598	-16.8157997131348	1056.55578613281	-16.6507453918457	2.41168689727783	1046.52575683594	-37.5340614318848	-38.684196472168	1053.68518066406	-19.8724746704102	-36.766429901123	1064.59655761719	-10.3143949508667	-42.74658203125	1067.38757324219	-9.69967079162598	-15.8929920196533	1058.07897949219
HNCC-05-23	-1.31979644298553	61.6709213256836	1145.76428222656	-1.07157635688782	56.3405914306641	1137.49877929688	-1.53622484207153	45.6573944091797	1116.46215820312	-1.19894242286682	25.231424331665	1090.45666503906	-1.227423787117	21.1391506195068	1084.41064453125	-1.93121385574341	-64.614631652832	1121.73034667969	-1.98202836513519	-42.3804664611816	1136.97546386719	-1.75498533248901	-26.3636455535889	1139.35717773438	-1.54729652404785	-3.08957552909851	1124.96643066406	NA	NA	NA	-1.46923995018005	47.5732803344727	1139.6787109375	NA	NA	NA	10.9694766998291	53.8214340209961	1144.71508789062	14.1548976898193	48.701847076416	1145.42907714844	16.9084548950195	38.703441619873	1146.69689941406	16.7504634857178	14.8738193511963	1145.17724609375	10.1875162124634	5.53538846969604	1141.37390136719	4.57112836837769	44.5204467773438	1119.35229492188	2.20886445045471	23.848726272583	1099.3291015625	16.5081977844238	21.0784664154053	1090.62622070312	31.3128299713135	12.7840156555176	1101.43432617188	41.8551177978516	-0.0361759699881077	1129.65625	35.9769477844238	-13.7180118560791	1128.43615722656	11.3288736343384	6.36416482925415	1119.77575683594	30.4144268035889	-33.1724700927734	1126.45471191406	15.101505279541	-30.5120792388916	1137.31091308594	5.25459289550781	-36.5816421508789	1139.99475097656	6.37419128417969	-8.98832035064697	1129.806640625	-11.4025974273682	57.434757232666	1143.96118164062	-13.8286352157593	54.2686080932617	1144.51342773438	-16.7891979217529	48.6977844238281	1145.42431640625	-19.9875469207764	39.7398452758789	1146.35034179688	-19.8706169128418	15.5459871292114	1144.77734375	-14.6764183044434	7.08259010314941	1140.66845703125	-6.42626237869263	45.0958404541016	1118.24450683594	-4.51378297805786	24.601432800293	1099.57092285156	-17.9921894073486	21.5571994781494	1090.53967285156	-33.683650970459	12.5208435058594	1100.89868164062	-46.168140411377	1.29567015171051	1129.05224609375	-40.3126525878906	-12.2669239044189	1129.34985351562	-15.926833152771	6.72347784042358	1120.10302734375	-34.3934059143066	-31.5110969543457	1126.81079101562	-18.1770305633545	-29.7904720306396	1137.43591308594	-9.73027420043945	-35.8935661315918	1140.40051269531	-9.3864278793335	-8.75334739685059	1130.28918457031
HNCC-05-43	-2.52464866638184	69.6729583740234	1085.62390136719	-1.51652145385742	64.1256790161133	1075.37841796875	-1.08093559741974	49.3239707946777	1051.14111328125	-0.0873095095157623	22.7463569641113	1022.74920654297	-0.0538957267999649	19.1364917755127	1018.53448486328	-1.2406290769577	-67.9462203979492	1056.37194824219	-0.505917429924011	-50.6353378295898	1071.71923828125	-0.984821379184723	-31.9694004058838	1075.904296875	-0.721263587474823	-4.3068060874939	1060.97692871094	-0.794895887374878	12.6501216888428	1073.29248046875	-1.57345020771027	51.8589782714844	1078.79675292969	10.3768491744995	65.6683502197266	1083.81176757812	14.636227607727	62.1795997619629	1084.34118652344	17.9846286773682	54.0404472351074	1086.04699707031	20.2488117218018	41.0632247924805	1087.59228515625	17.904296875	17.0160713195801	1087.49377441406	12.1511468887329	6.21595287322998	1080.78918457031	4.47669124603271	48.1363105773926	1054.53869628906	3.41024494171143	22.6309127807617	1033.68530273438	17.1363849639893	18.5698375701904	1023.30773925781	36.6527862548828	10.2942914962769	1035.37048339844	47.9131736755371	-6.08193254470825	1065.83569335938	40.1121978759766	-14.6908073425293	1064.70446777344	13.7809181213379	8.16644287109375	1059.53588867188	32.3966865539551	-35.163703918457	1062.78247070312	16.8045845031738	-35.6497535705566	1072.87866210938	7.61790037155151	-42.2077178955078	1074.52258300781	7.13076066970825	-14.1604681015015	1067.61877441406	-13.8304605484009	65.182373046875	1083.65075683594	-18.2008781433105	61.808349609375	1083.66027832031	-20.4957714080811	52.7779197692871	1086.50622558594	-23.029088973999	40.4329109191895	1087.49487304688	-19.2900829315186	16.6786022186279	1087.49487304688	-13.7010536193848	6.09584617614746	1080.81652832031	-7.42406272888184	46.5917358398438	1054.35339355469	-3.87787461280823	22.9218406677246	1033.583984375	-18.0697917938232	18.3326148986816	1022.78015136719	-38.3438148498535	10.2566928863525	1036.21374511719	-49.1154708862305	-7.08977603912354	1066.28637695312	-42.4259757995605	-15.3666534423828	1065.755859375	-14.740270614624	6.80287504196167	1060.14587402344	-34.5030097961426	-37.5579147338867	1063.65270996094	-19.5627899169922	-36.5188179016113	1072.95764160156	-9.12057495117188	-42.2676963806152	1074.53173828125	-8.98230934143066	-13.8764514923096	1067.58728027344
HNCC-06-23	-1.63492596149445	77.4166030883789	1069.78796386719	-1.46705305576324	69.7904586791992	1061.89135742188	-2.05876016616821	51.7297554016113	1040.47021484375	-1.5172290802002	15.6707801818848	1020.58068847656	-1.492884516716	10.4641075134277	1015.86596679688	-1.26871240139008	-67.30615234375	1072.7998046875	-1.14440596103668	-43.3275413513184	1085.37634277344	-1.3205658197403	-26.3311653137207	1085.07470703125	-1.27015578746796	-4.9113039970398	1065.79602050781	-1.15194070339203	17.2504405975342	1068.36657714844	-1.57951891422272	56.9825744628906	1066.82861328125	11.3756370544434	71.5142593383789	1068.79333496094	13.3745098114014	69.421989440918	1069.99291992188	17.2728595733643	59.9961318969727	1074.58569335938	20.3241691589355	49.6214485168457	1077.10363769531	17.8786716461182	22.065013885498	1081.06311035156	11.4581422805786	13.5911922454834	1077.14392089844	4.00606060028076	52.0033264160156	1044.91735839844	2.29505276679993	19.177770614624	1031.49206542969	17.968620300293	12.4145889282227	1022.32446289062	35.8940391540527	5.69127702713013	1032.92810058594	48.7566146850586	-2.10665225982666	1067.75170898438	38.7380142211914	-13.5525598526001	1070.00463867188	14.0134983062744	7.22121238708496	1055.62426757812	35.2175827026367	-34.356502532959	1072.45520019531	16.5322551727295	-28.928882598877	1082.45336914062	6.99360275268555	-35.7977409362793	1086.51525878906	6.80251550674438	-8.71992111206055	1071.00354003906	-14.6655187606812	70.9139175415039	1069.49719238281	-16.4403457641602	69.2534790039062	1069.86791992188	-20.9860954284668	59.7990455627441	1074.27575683594	-22.9570426940918	49.2847023010254	1077.375	-20.2836112976074	22.2141017913818	1081.61572265625	-13.827260017395	13.1586465835571	1077.3603515625	-8.12235069274902	51.5854759216309	1045.17919921875	-5.71468210220337	18.8879814147949	1030.5810546875	-21.2332725524902	12.2571849822998	1021.77502441406	-39.6412467956543	6.09762954711914	1033.4453125	-51.2382049560547	-1.93622410297394	1068.05590820312	-41.7079544067383	-12.5439348220825	1070.27465820312	-17.9714126586914	7.89074325561523	1055.84680175781	-37.5979156494141	-33.2374229431152	1073.07373046875	-18.9476699829102	-29.0571537017822	1082.42248535156	-8.26417350769043	-37.2245941162109	1086.32104492188	-9.56593322753906	-9.60072135925293	1071.88220214844
HNCC-06-35	-2.5808732509613	58.1901969909668	1171.21936035156	-2.74933981895447	52.2005500793457	1162.48059082031	-2.44679713249207	42.5200462341309	1141.85388183594	-1.78968727588654	18.6186752319336	1118.4716796875	-1.66212868690491	14.3545770645142	1113.53002929688	-2.15438508987427	-64.0333023071289	1158.97692871094	-2.01667022705078	-42.158073425293	1170.08654785156	-1.96329963207245	-26.0396385192871	1169.38098144531	-2.79014587402344	-5.63133001327515	1153.62463378906	-2.44625353813171	10.2912406921387	1161.87048339844	-3.11518096923828	42.8773422241211	1165.47668457031	7.77317094802856	52.0846977233887	1169.20581054688	9.52336311340332	49.4509468078613	1169.7509765625	13.2814140319824	44.904052734375	1171.18041992188	16.9390754699707	34.7810821533203	1172.34619140625	14.5982131958008	10.9934816360474	1173.12524414062	9.49536228179932	4.82021760940552	1167.80554199219	2.36762523651123	40.5264930725098	1143.87255859375	1.12338411808014	17.4779148101807	1125.71081542969	14.4804801940918	11.6062154769897	1118.65222167969	29.381498336792	6.59117937088013	1129.19470214844	42.065128326416	-3.4703414440155	1157.58898925781	34.3846015930176	-12.2600736618042	1155.81848144531	11.4621438980103	4.36899137496948	1149.36376953125	30.1503963470459	-33.3283729553223	1155.96569824219	15.9984569549561	-30.2018051147461	1168.03491210938	6.05894994735718	-35.7350959777832	1170.98254394531	6.12465143203735	-11.8869543075562	1158.89453125	-13.533148765564	52.2104148864746	1169.0234375	-15.5340642929077	49.4139976501465	1169.85705566406	-18.2632503509521	44.2007713317871	1171.46643066406	-21.2156620025635	34.4733047485352	1172.3291015625	-19.1575984954834	9.88672161102295	1173.67016601562	-13.8857440948486	4.09673929214478	1167.96826171875	-7.40410614013672	40.4828224182129	1144.01025390625	-5.02692127227783	18.7303161621094	1126.111328125	-17.8570728302002	10.221170425415	1117.30444335938	-34.4820022583008	6.80593872070312	1128.5693359375	-46.5259437561035	-3.34597587585449	1156.00158691406	-38.5114898681641	-12.6909847259521	1155.80224609375	-17.2379131317139	4.70063781738281	1149.45764160156	-33.4703903198242	-34.3885498046875	1155.40441894531	-19.661828994751	-30.5906772613525	1167.82397460938	-9.60760402679443	-36.1007766723633	1170.23742675781	-9.81514930725098	-11.5723075866699	1158.44079589844
HNCC-06-40	-2.03107142448425	61.4990425109863	1102.00146484375	-2.18839335441589	57.3363723754883	1093.04919433594	-2.81886696815491	46.3670234680176	1070.95886230469	-1.38915944099426	24.4543609619141	1041.64965820312	-1.39107966423035	21.6104850769043	1036.03759765625	2.64099264144897	-66.6596069335938	1055.23889160156	2.83943557739258	-54.7284851074219	1080.14672851562	2.39284896850586	-37.8940277099609	1086.70837402344	1.06879222393036	-8.61692142486572	1073.11999511719	0.845350921154022	6.25617742538452	1084.87573242188	-1.24274528026581	46.3534393310547	1095.22326660156	9.35715675354004	56.3327522277832	1098.91650390625	11.6938152313232	54.2776947021484	1098.70227050781	15.6960124969482	46.5710334777832	1100.50427246094	20.0487174987793	35.1652221679688	1101.53942871094	18.9746932983398	9.18244171142578	1100.2626953125	12.5155611038208	1.35706675052643	1091.15380859375	3.17079854011536	44.2830200195312	1072.31665039062	2.71325826644897	21.5677032470703	1051.05737304688	18.4187126159668	18.9799919128418	1039.82958984375	34.1229133605957	11.0465927124023	1046.37182617188	48.6574745178223	-5.59043550491333	1075.90686035156	40.8471565246582	-18.2527618408203	1074.58056640625	14.9345293045044	4.17858171463013	1071.80249023438	33.626708984375	-37.970458984375	1071.04821777344	19.1754379272461	-40.0458984375	1083.037109375	10.9325284957886	-47.5080108642578	1084.57421875	8.84294414520264	-17.1514263153076	1078.80712890625	-13.0136089324951	55.5856704711914	1098.7607421875	-14.4859218597412	53.4940223693848	1099.08715820312	-18.290771484375	44.7822113037109	1101.50341796875	-20.6682281494141	33.0549926757812	1102.45007324219	-18.2584667205811	7.54900169372559	1100.31103515625	-10.6170625686646	-0.146332010626793	1091.36291503906	-7.42693567276001	43.5020866394043	1072.89343261719	-4.36109256744385	22.051248550415	1051.2333984375	-18.7899742126465	18.5975532531738	1041.84240722656	-35.5029983520508	9.01517200469971	1048.40185546875	-47.3312721252441	-11.4501457214355	1078.26062011719	-37.0410461425781	-21.1175498962402	1077.20056152344	-14.4386501312256	3.61774182319641	1072.9892578125	-30.5714340209961	-40.9953651428223	1070.92565917969	-14.32763671875	-41.0095252990723	1083.59619140625	-5.57269811630249	-48.6360130310059	1084.79516601562	-5.83151340484619	-18.0705242156982	1079.50646972656
HNCC-06-59	-1.2215975522995	72.3350067138672	1084.60778808594	-1.68970429897308	65.4103469848633	1075.18054199219	-1.49802839756012	49.9066467285156	1051.99694824219	-0.956555902957916	24.3887939453125	1025.9423828125	-0.819646894931793	19.8592319488525	1020.00555419922	-0.423206806182861	-68.5522613525391	1057.58923339844	-0.114581502974033	-47.3948936462402	1077.5537109375	-1.32976865768433	-28.9973926544189	1077.9287109375	-0.620866417884827	-4.54015827178955	1062.52453613281	-1.13373124599457	14.673773765564	1074.48364257812	-1.4275084733963	54.0806922912598	1079.18249511719	11.0306091308594	67.9099273681641	1081.8330078125	13.5381803512573	65.2344741821289	1083.26916503906	18.3795070648193	56.9303283691406	1085.46740722656	20.7566585540771	46.0354499816895	1087.63647460938	18.2290077209473	19.1809673309326	1088.29077148438	11.7055711746216	8.65486717224121	1081.0634765625	3.99928021430969	48.0989112854004	1055.13781738281	2.8325674533844	23.9741344451904	1035.54284667969	17.4929237365723	19.6195087432861	1026.38305664062	35.6032447814941	11.8363227844238	1035.68896484375	48.4530982971191	0.546435713768005	1067.7802734375	38.3941040039062	-12.241795539856	1064.57824707031	13.6437940597534	6.69282913208008	1058.08850097656	34.0638275146484	-35.790454864502	1064.43896484375	17.8912963867188	-33.3912773132324	1075.40502929688	7.744797706604	-41.8745613098145	1078.30627441406	7.3063473701477	-10.7019147872925	1068.06616210938	-13.8606443405151	66.1592330932617	1082.68371582031	-16.4008941650391	64.1670379638672	1083.26049804688	-20.1296195983887	56.1881790161133	1086.68103027344	-23.6533298492432	44.8398551940918	1088.21398925781	-20.4551258087158	18.5472888946533	1089.60412597656	-13.7005472183228	7.80321645736694	1082.09912109375	-7.20264911651611	47.7422561645508	1055.25646972656	-4.79383563995361	23.8023490905762	1034.63464355469	-18.8855400085449	18.9059886932373	1025.78210449219	-36.6795692443848	10.6286268234253	1034.65600585938	-51.4121627807617	-1.81119620800018	1067.61389160156	-42.6782722473145	-13.3204517364502	1066.92956542969	-17.319055557251	7.56921434402466	1057.9521484375	-35.4025268554688	-37.4199447631836	1064.32092285156	-19.3788356781006	-33.771671295166	1075.81958007812	-8.27860736846924	-41.2013282775879	1078.47387695312	-9.74882698059082	-11.894250869751	1068.44470214844
HNCC-06-60	-1.6698340177536	67.5539169311523	1096.4384765625	-1.64903962612152	60.8970413208008	1087.07434082031	-1.39389622211456	48.1905975341797	1063.33422851562	-1.40324902534485	22.370943069458	1035.93994140625	-1.41589248180389	18.199987411499	1029.17004394531	-2.02162647247314	-70.5051956176758	1062.23059082031	-1.1381676197052	-49.9889373779297	1082.77197265625	-1.00587141513824	-32.849536895752	1087.00988769531	-0.991846859455109	-8.66191864013672	1070.89038085938	-0.982391834259033	8.89695644378662	1081.73498535156	-1.47464525699615	49.7719078063965	1089.98291015625	10.3330345153809	61.7731437683105	1092.48120117188	12.8766117095947	59.5590362548828	1093.95080566406	17.1715030670166	50.3231430053711	1096.76879882812	20.7824153900146	38.2839202880859	1096.98913574219	17.2737998962402	9.86642551422119	1096.76843261719	11.3110008239746	3.68308162689209	1089.27770996094	4.89719581604004	47.2799034118652	1066.87976074219	2.27902007102966	21.0126476287842	1044.65014648438	17.1133079528809	16.9122714996338	1035.32604980469	34.0019340515137	10.4582567214966	1041.92395019531	47.5230712890625	-6.63325929641724	1074.41076660156	40.21728515625	-15.8979749679565	1073.92211914062	13.6099891662598	4.09411525726318	1067.61157226562	34.0293235778809	-37.0751724243164	1071.15808105469	17.0426979064941	-35.7764129638672	1082.85217285156	6.7532320022583	-43.1994285583496	1085.22912597656	7.25245904922485	-13.7366571426392	1076.53063964844	-14.4275159835815	61.1375503540039	1093.00634765625	-17.4689311981201	59.5480804443359	1094.30932617188	-20.6371059417725	50.6508483886719	1096.70947265625	-22.5381851196289	38.1346282958984	1097.35900878906	-18.606954574585	9.93375587463379	1096.73742675781	-12.0951013565063	3.91062450408936	1088.97619628906	-7.44808530807495	46.6654930114746	1066.25012207031	-4.89121723175049	21.1368846893311	1044.05285644531	-19.4367237091064	17.7049751281738	1036.04638671875	-36.8863868713379	10.4750337600708	1043.39038085938	-49.4864654541016	-8.67454242706299	1076.15124511719	-39.5216598510742	-15.9138870239258	1076.08923339844	-16.0988750457764	4.03760290145874	1067.982421875	-36.2499694824219	-38.6374778747559	1073.41882324219	-17.7850685119629	-36.5642433166504	1083.80822753906	-8.79313087463379	-43.2604560852051	1085.18811035156	-8.77087497711182	-15.1240310668945	1076.93359375
HNCC-86-3Y	-1.50219476222992	60.4666976928711	1072.78759765625	-1.43552696704865	56.0305442810059	1065.640625	-1.29108798503876	46.0913009643555	1045.68103027344	-0.762052536010742	22.8592185974121	1024.90454101562	-0.715528845787048	20.257116317749	1020.29815673828	-1.4713100194931	-61.103630065918	1060.88488769531	-0.896151602268219	-40.208683013916	1076.80895996094	-1.25659835338593	-24.159538269043	1077.58422851562	-1.88661396503448	-1.51099240779877	1061.3505859375	-1.63344013690948	13.5259885787964	1066.25524902344	-1.41736829280853	45.9974670410156	1067.95031738281	8.44459056854248	54.9147262573242	1071.93566894531	10.30823802948	52.7414169311523	1072.41748046875	13.1373891830444	47.4274711608887	1073.4931640625	16.6558170318604	38.81884765625	1074.998046875	14.5619478225708	14.9397172927856	1075.7880859375	10.044846534729	9.25844860076904	1072.52880859375	4.04965305328369	44.5678024291992	1048.57580566406	1.72274076938629	22.8023262023926	1032.6728515625	15.1983346939087	19.427375793457	1025.7802734375	30.1610107421875	13.0199089050293	1034.921875	39.8279991149902	4.20937442779541	1060.13073730469	32.1059188842773	-9.03816509246826	1061.13598632812	11.927038192749	8.46987342834473	1055.54565429688	29.147045135498	-27.1451797485352	1063.04370117188	15.3957471847534	-28.4244003295898	1073.85144042969	6.53964376449585	-34.4796447753906	1078.12780761719	5.38780212402344	-7.97333431243896	1067.23278808594	-11.452073097229	54.3003311157227	1072.08020019531	-12.2101736068726	52.4794120788574	1073.09338378906	-15.9352159500122	46.6859283447266	1073.38317871094	-18.652759552002	37.4062461853027	1075.50378417969	-16.9250144958496	15.0003290176392	1076.01916503906	-12.5600566864014	8.32670593261719	1072.24719238281	-6.24124813079834	44.6063842773438	1049.26025390625	-3.91336250305176	22.8064002990723	1033.02966308594	-17.5003356933594	18.9054584503174	1025.40515136719	-31.8474369049072	11.9004783630371	1033.98010253906	-42.2161712646484	3.24290108680725	1061.79968261719	-34.4022827148438	-9.81966876983643	1062.72863769531	-14.9236669540405	8.43767070770264	1055.6083984375	-31.8973522186279	-28.1971015930176	1064.37890625	-18.7572765350342	-28.4960918426514	1075.00463867188	-9.29451084136963	-34.3999671936035	1078.90991210938	-8.47926998138428	-8.06046295166016	1066.87268066406
PRI-10044	-1.61981964111328	53.4098663330078	1031.3212890625	-1.65462172031403	46.9768409729004	1021.18823242188	-1.77296757698059	38.9493751525879	997.598205566406	-0.969036877155304	16.9690952301025	973.493530273438	-0.851249992847443	13.6609706878662	968.852172851562	0.255517959594727	-68.0134353637695	1002.32775878906	-0.263039380311966	-51.520565032959	1018.7080078125	-0.516989529132843	-32.8962554931641	1020.59136962891	-1.18767905235291	-9.13409805297852	1006.69219970703	-1.04623448848724	6.9844856262207	1017.25408935547	-1.3354309797287	38.9374961853027	1022.33203125	10.3866729736328	47.8849411010742	1028.40454101562	10.9608583450317	47.1257476806641	1028.60876464844	13.8453645706177	42.1635322570801	1029.54650878906	17.3341503143311	32.001823425293	1030.60607910156	16.3975772857666	6.59216403961182	1028.14721679688	11.424204826355	1.14203453063965	1022.76568603516	2.61731934547424	38.788330078125	1002.14666748047	2.16742706298828	17.378870010376	981.164794921875	15.5460357666016	12.3496837615967	973.634155273438	31.2754077911377	8.33719253540039	985.302124023438	42.9168319702148	-2.83293628692627	1007.69775390625	37.2419738769531	-15.9886846542358	1009.58526611328	14.4652948379517	2.64529633522034	1001.98529052734	32.0322875976562	-34.994312286377	1007.37945556641	16.2902355194092	-35.2197303771973	1019.35357666016	8.21024036407471	-41.686336517334	1020.67065429688	6.83310556411743	-14.8679485321045	1012.48620605469	-13.2367076873779	47.4084014892578	1028.48461914062	-13.8466272354126	46.458869934082	1028.47192382812	-16.4752178192139	41.6611328125	1029.4384765625	-20.1432781219482	31.3820552825928	1030.54174804688	-18.5005931854248	6.54489803314209	1028.44323730469	-13.6598310470581	0.688843548297882	1023.21533203125	-5.51053285598755	38.247200012207	1002.01202392578	-4.25329160690308	16.7679786682129	982.193542480469	-17.4648056030273	11.5285263061523	973.7080078125	-33.0334434509277	7.42952919006348	985.671875	-42.1364402770996	-3.9745922088623	1009.56793212891	-36.2168197631836	-17.8100624084473	1010.31079101562	-16.8098316192627	2.21121716499329	1002.44647216797	-31.9341259002686	-37.7428817749023	1009.28033447266	-16.9810276031494	-35.9186134338379	1020.97351074219	-8.15999889373779	-42.4997444152832	1021.35217285156	-9.30339813232422	-16.093412399292	1014.80297851562
PRI-10045	-0.787066519260406	54.1532211303711	1033.02197265625	-0.930254340171814	50.0073623657227	1024.93957519531	-1.45627212524414	38.9270057678223	1001.23016357422	-1.5787216424942	15.2106065750122	976.527160644531	-1.54837155342102	12.3480663299561	971.435913085938	0.0357746630907059	-74.5773773193359	1006.71350097656	0.20778888463974	-56.8391342163086	1024.65942382812	-0.312671959400177	-37.9622230529785	1027.65734863281	-0.857937693595886	-14.1274242401123	1011.03430175781	-0.682430803775787	1.74793553352356	1022.56951904297	-0.633724927902222	39.2721633911133	1026.32275390625	11.6335687637329	48.6001167297363	1031.02368164062	12.8559331893921	47.3349304199219	1031.85009765625	16.0568141937256	39.053768157959	1033.97705078125	18.123083114624	28.6711463928223	1035.51000976562	16.2838611602783	1.65407764911652	1034.87121582031	11.4920635223389	-3.36671924591064	1027.83959960938	3.9911367893219	37.3156471252441	1005.24884033203	1.77719748020172	15.2848138809204	984.073425292969	15.9084215164185	11.558874130249	975.49169921875	33.1751480102539	5.04754781723022	985.388854980469	47.1988677978516	-11.6663274765015	1014.28741455078	38.7529754638672	-21.2493686676025	1015.30432128906	15.2677640914917	-1.00273323059082	1006.45135498047	33.2478981018066	-41.3052635192871	1014.15570068359	18.0558567047119	-41.69140625	1024.80041503906	7.67081499099732	-48.5631065368652	1027.67724609375	7.27040386199951	-21.484354019165	1018.86157226562	-13.27587890625	48.3992004394531	1031.21850585938	-15.0186557769775	47.318546295166	1031.46350097656	-17.6280612945557	39.1447334289551	1034.1240234375	-19.3899021148682	28.1651515960693	1036.27551269531	-17.47119140625	2.02373003959656	1035.78637695312	-12.5059747695923	-3.69165587425232	1028.96630859375	-6.40269565582275	37.9943428039551	1005.29760742188	-5.23453998565674	15.2196998596191	984.383911132812	-18.7558345794678	11.2495040893555	976.006652832031	-35.9253807067871	3.66743659973145	986.67724609375	-48.2060546875	-12.8335800170898	1016.07647705078	-39.3287811279297	-23.431022644043	1016.84222412109	-15.5558977127075	-1.60802567005157	1006.39294433594	-33.7034492492676	-42.8135948181152	1015.38238525391	-16.5360355377197	-42.5660743713379	1025.56872558594	-7.11547422409058	-49.6721534729004	1027.06677246094	-8.54720783233643	-22.6832389831543	1019.57147216797
PRI-10076	-1.64991188049316	59.9919052124023	1011.22808837891	-1.06373369693756	54.1073112487793	1003.41491699219	-0.00456841243430972	44.2982521057129	980.522766113281	-0.68498432636261	18.1872005462646	951.867614746094	-0.408518731594086	15.2057418823242	946.863403320312	-1.27039921283722	-73.9386520385742	979.365783691406	-0.946263134479523	-55.1436996459961	1000.47930908203	-1.3316752910614	-38.0045318603516	1003.42657470703	-0.591198146343231	-11.0238342285156	989.292175292969	-0.862018465995789	4.40296745300293	1000.25830078125	-1.22467374801636	41.5594635009766	1005.08843994141	10.4307956695557	53.3412742614746	1009.08764648438	13.1001424789429	50.9471473693848	1010.04132080078	16.4096393585205	43.6743545532227	1011.80590820312	20.175630569458	32.396728515625	1013.19049072266	16.205265045166	6.76588344573975	1013.19714355469	11.1784524917603	-1.89530646800995	1006.08215332031	5.20908880233765	42.1834335327148	983.537658691406	2.30333137512207	18.590950012207	960.609069824219	17.2814025878906	12.9126768112183	952.150024414062	34.0649604797363	9.51469898223877	962.78857421875	49.6012153625488	-8.93748664855957	992.201354980469	38.4463996887207	-20.7985935211182	992.409484863281	14.6217021942139	0.29100689291954	983.868408203125	31.7409362792969	-42.746768951416	989.894714355469	15.4001150131226	-40.5169906616211	1001.50640869141	7.6956992149353	-47.5708465576172	1004.1015625	6.88661956787109	-20.081787109375	996.293334960938	-12.9884023666382	52.8381004333496	1008.89111328125	-15.8843460083008	49.9999580383301	1009.970703125	-18.8101825714111	43.3895416259766	1011.27227783203	-22.1662044525146	32.0927581787109	1013.16082763672	-18.0594444274902	5.96039724349976	1012.49395751953	-12.7994384765625	-1.47737193107605	1006.61517333984	-5.88137769699097	42.5522499084473	984.2578125	-3.62444472312927	17.7874965667725	960.134155273438	-17.6112422943115	13.2049694061279	952.151489257812	-34.3831672668457	8.75023651123047	960.437866210938	-50.9733734130859	-7.18686819076538	990.763244628906	-37.5251617431641	-20.231990814209	991.446228027344	-16.6066188812256	0.317630857229233	983.26171875	-33.6336288452148	-42.1921768188477	988.955505371094	-16.4671878814697	-39.074535369873	1001.21343994141	-8.78416919708252	-47.9902877807617	1003.33514404297	-8.60097503662109	-19.6136054992676	996.306884765625
PRI-10095	-2.88364243507385	54.9082946777344	1006.443359375	-2.44207000732422	49.7782745361328	999.122863769531	-2.36074733734131	38.4520950317383	976.915344238281	-2.10799288749695	15.8717355728149	949.94384765625	-1.96829807758331	12.0530014038086	944.340087890625	-2.34252715110779	-71.8879928588867	976.851440429688	-1.84050726890564	-54.1695899963379	995.941955566406	-2.44031620025635	-37.827880859375	998.407775878906	-1.91673731803894	-12.244683265686	984.980651855469	-2.12283205986023	4.29210901260376	995.990539550781	-2.54217147827148	38.9703216552734	1002.36419677734	8.90190696716309	50.5170211791992	1005.63513183594	9.72490882873535	49.9001617431641	1006.20440673828	15.1145801544189	40.559455871582	1008.39489746094	17.8123340606689	30.2652950286865	1009.39361572266	14.1219158172607	3.51205468177795	1008.736328125	9.69662475585938	-2.19857120513916	1001.56378173828	2.31065392494202	36.8368797302246	980.602111816406	0.8633873462677	16.4684295654297	959.222717285156	15.261157989502	11.0333738327026	948.281799316406	31.2064342498779	5.71127986907959	959.799255371094	46.4671096801758	-9.41140174865723	986.474182128906	37.0854377746582	-21.324462890625	988.184753417969	13.180212020874	-1.17127072811127	979.579345703125	31.0112533569336	-41.1839141845703	984.043701171875	15.1770811080933	-41.2407760620117	995.717468261719	6.02985954284668	-46.7195739746094	999.269958496094	5.93453407287598	-20.172155380249	991.477783203125	-14.7852020263672	50.6171035766602	1005.94110107422	-15.3952379226685	50.2555046081543	1006.22961425781	-19.6156730651855	40.8597755432129	1008.92535400391	-22.1443920135498	30.1030330657959	1010.11553955078	-18.2786331176758	3.48257756233215	1009.06195068359	-13.6563196182251	-2.66679382324219	1001.96240234375	-7.21490335464478	36.418514251709	980.246215820312	-4.94583463668823	15.9450731277466	958.636962890625	-18.7752914428711	11.3046350479126	948.404602050781	-35.257755279541	6.46708631515503	959.4892578125	-51.2028274536133	-9.66735076904297	987.062316894531	-41.3685913085938	-21.5877513885498	988.43701171875	-17.8073768615723	-0.587215721607208	978.835815429688	-35.7165603637695	-40.7347640991211	985.397216796875	-19.5261535644531	-41.4555358886719	995.829467773438	-10.6330118179321	-46.8474922180176	998.456481933594	-9.7203893661499	-20.7953586578369	991.310119628906
PRI-10110	-0.257989704608917	48.2325096130371	989.135986328125	-0.26899442076683	44.2198333740234	984.188354492188	-1.22340571880341	35.1854591369629	964.135559082031	-2.11609816551208	13.0779342651367	943.202697753906	-2.06547212600708	10.4889221191406	939.15478515625	-2.96338272094727	-62.9554405212402	973.803344726562	-3.44409918785095	-46.9132385253906	988.682861328125	-3.19773983955383	-30.0547122955322	990.015075683594	-2.11365270614624	-9.04980564117432	977.128540039062	-1.72883665561676	7.22844362258911	984.707824707031	-0.64527302980423	35.6970252990723	987.071472167969	10.0606069564819	43.7004623413086	989.806579589844	10.765157699585	43.4628829956055	990.033935546875	13.6498603820801	38.3764495849609	992.526733398438	16.2199001312256	28.9707698822021	994.349670410156	13.7382707595825	5.80939626693726	993.706726074219	9.43543910980225	0.874081373214722	989.74462890625	3.79654240608215	34.182746887207	967.838989257812	0.380351960659027	14.2012386322021	951.596862792969	13.1169939041138	8.27153015136719	942.192932128906	27.4786415100098	4.77468395233154	953.375	41.3767890930176	-6.3964638710022	978.452270507812	33.078929901123	-16.0694522857666	979.039916992188	10.9703483581543	-0.727056264877319	970.310974121094	26.184061050415	-33.2918357849121	979.74951171875	13.6879091262817	-32.6837348937988	988.878967285156	4.11678647994995	-37.9905395507812	991.508361816406	4.06354904174805	-14.1983327865601	982.298400878906	-10.442816734314	43.5694999694824	990.781982421875	-11.4080514907837	42.9654350280762	991.049499511719	-14.1014518737793	39.3556442260742	992.984375	-17.825719833374	29.9511489868164	994.888061523438	-16.874906539917	6.40002918243408	994.306823730469	-12.7333555221558	1.21975016593933	989.795104980469	-5.22655296325684	34.3169326782227	967.750793457031	-4.61119413375854	14.1640110015869	951.703002929688	-17.0152416229248	8.45747661590576	942.011352539062	-32.3530311584473	6.14793920516968	956.0888671875	-44.915901184082	-4.01131296157837	981.172973632812	-36.920051574707	-14.9321165084839	980.499267578125	-16.353422164917	1.12630569934845	971.517517089844	-32.055534362793	-32.5556297302246	980.209655761719	-19.1451663970947	-32.5615158081055	989.044982910156	-10.6825494766235	-38.177661895752	991.199829101562	-8.38974857330322	-14.0001211166382	982.366638183594
PRI-10126	-1.04942166805267	50.1516647338867	1000.12976074219	-0.986802935600281	46.2756881713867	992.695007324219	-1.04277050495148	36.4753913879395	969.882019042969	-0.910728096961975	15.0274810791016	946.984130859375	-0.930402278900146	12.2594509124756	941.672485351562	-2.84530830383301	-65.5812911987305	973.519104003906	-2.02132654190063	-50.6254653930664	992.60009765625	-2.0750732421875	-34.5634346008301	995.2255859375	-1.23935234546661	-11.6362266540527	982.10791015625	-1.31093144416809	3.71657109260559	988.913208007812	-1.46227288246155	35.0055046081543	992.958435058594	9.59276485443115	43.9279441833496	999.847045898438	11.1500930786133	42.605152130127	1000.81604003906	14.318042755127	38.1319694519043	1002.12567138672	17.2797145843506	27.2466049194336	1003.10168457031	14.0878534317017	2.17395925521851	1002.35028076172	9.35526466369629	-2.80017185211182	996.151062011719	2.81717252731323	34.9248580932617	973.192504882812	1.89021408557892	14.5060663223267	954.871032714844	14.6135177612305	10.0933895111084	945.416870117188	29.896764755249	4.39959001541138	956.036193847656	40.1524887084961	-10.6576747894287	981.468078613281	33.5650291442871	-21.3055667877197	982.930786132812	13.1437215805054	-2.05878615379333	975.710876464844	26.4228038787842	-37.8404502868652	982.769714355469	15.166223526001	-38.3410148620605	993.88720703125	4.7151255607605	-45.0898056030273	995.480102539062	4.87560272216797	-18.0449676513672	988.449279785156	-12.0010137557983	44.9478378295898	998.738464355469	-13.7619714736938	43.7934074401855	999.032592773438	-17.3196086883545	38.3381805419922	1000.96203613281	-19.3614959716797	28.1544933319092	1002.41369628906	-18.3439521789551	3.16175365447998	1001.9638671875	-12.4391956329346	-2.78159022331238	995.738403320312	-5.17037487030029	35.8549346923828	973.853576660156	-4.11747598648071	14.3116807937622	954.872009277344	-16.713020324707	10.8249320983887	945.569580078125	-32.9740257263184	5.93228816986084	956.390197753906	-43.8368873596191	-9.74104499816895	982.168762207031	-36.1362953186035	-18.7901821136475	983.409851074219	-17.0168857574463	-2.50436854362488	975.4775390625	-30.777099609375	-35.1143531799316	983.023376464844	-17.3460006713867	-37.423526763916	993.973754882812	-9.61876964569092	-45.0516662597656	995.282348632812	-7.98645067214966	-16.1389770507812	987.501098632812
PRI-10227	1.5662180185318	51.2052001953125	1241.46130371094	0.380456626415253	50.0586776733398	1235.81665039062	-1.80360162258148	43.4688568115234	1215.72827148438	-5.37458944320679	28.0884990692139	1192.32849121094	-5.83683252334595	26.1194248199463	1188.00036621094	NA	NA	NA	-4.73358726501465	-40.3554153442383	1226.18017578125	-3.82507681846619	-24.7619552612305	1230.72155761719	-4.31300640106201	-2.2938539981842	1220.37121582031	-2.62087440490723	10.6389980316162	1230.26245117188	-0.474203497171402	39.6245307922363	1235.48229980469	9.87181091308594	46.0505523681641	1237.66442871094	10.3982849121094	45.4998741149902	1237.68676757812	12.8792362213135	39.8150215148926	1238.47875976562	15.8332319259644	30.9927597045898	1238.34753417969	13.3924865722656	7.90673398971558	1234.46655273438	8.80225658416748	4.29517412185669	1233.20361328125	3.26278162002563	41.1994323730469	1218.54418945312	-1.52304065227509	25.9839687347412	1199.82861328125	10.7028999328613	22.1644458770752	1188.93762207031	26.0193367004395	15.5515365600586	1199.49597167969	34.5401802062988	-1.11454641819	1220.02807617188	25.3709468841553	-9.78143978118896	1218.02880859375	9.39323902130127	6.19453430175781	1215.36560058594	22.7605762481689	-24.9137687683105	1215.17724609375	11.2992172241211	-25.6225032806396	1227.03137207031	2.2801079750061	-33.6910095214844	1229.10595703125	2.49105286598206	-6.76720714569092	1223.46484375	-7.79549407958984	47.0694236755371	1240.68872070312	-8.93740749359131	46.4145050048828	1240.42199707031	-12.180136680603	41.7101058959961	1241.49145507812	-15.6917839050293	33.0804061889648	1242.10241699219	-16.0805950164795	9.72747707366943	1237.88745117188	-13.0484800338745	5.58047771453857	1235.365234375	-6.81108379364014	41.8667755126953	1219.2421875	-7.67534589767456	26.5721473693848	1200.32019042969	-20.919807434082	23.8671569824219	1192.07824707031	-35.3006896972656	17.6647796630859	1205.61730957031	-40.9207878112793	1.31362462043762	1228.6279296875	-33.858585357666	-8.415358543396	1225.28308105469	-17.1058521270752	6.89127063751221	1218.04064941406	-32.7057685852051	-24.0706443786621	1221.85327148438	-19.4743728637695	-25.2433643341064	1230.8037109375	-10.3449115753174	-33.5077323913574	1230.42956542969	-10.4694404602051	-7.17123031616211	1225.07922363281
PRI-10228	0.0348838530480862	51.3229217529297	1000.77563476562	-0.40995579957962	47.8793067932129	992.9365234375	-1.99200880527496	36.7784271240234	972.326049804688	-3.56975030899048	14.9150466918945	947.968994140625	-3.93294620513916	11.0490608215332	942.763610839844	-3.94127225875854	-68.7747497558594	974.768371582031	-2.2945613861084	-51.3321304321289	993.935119628906	-3.04724669456482	-34.5356750488281	995.991088867188	-2.6333589553833	-11.4194974899292	982.435546875	-1.86730194091797	4.38722991943359	990.541137695312	-0.491544753313065	36.6171836853027	994.441467285156	9.45145988464355	46.2333030700684	999.792785644531	11.6437139511108	44.1678123474121	999.658508300781	15.1672735214233	38.8770637512207	999.817321777344	18.4539585113525	28.7793922424316	1000.85620117188	15.4921445846558	4.44465923309326	1000.82623291016	10.0587968826294	-1.76264667510986	996.596252441406	3.40853023529053	36.2214469909668	975.282531738281	0.396308183670044	14.6530838012695	956.815979003906	12.8931741714478	8.95513820648193	946.544738769531	27.301061630249	4.51979780197144	955.540466308594	43.1979866027832	-9.37998867034912	982.230346679688	33.8501930236816	-21.0267715454102	983.8369140625	12.5810918807983	-1.83013558387756	977.141296386719	27.1341686248779	-38.2024803161621	982.201354980469	13.6041126251221	-38.1985740661621	994.106811523438	4.95747232437134	-43.8378067016602	995.878112792969	4.15350961685181	-17.8353004455566	988.364379882812	-10.0998983383179	46.9006156921387	1000.16473388672	-12.5767936706543	44.4279327392578	1000.53186035156	-16.2311725616455	39.6466903686523	1001.50512695312	-20.2299919128418	29.5667419433594	1002.22119140625	-18.1654834747314	5.06407022476196	1001.70733642578	-13.0128202438354	-1.91955542564392	997.405395507812	-6.10705518722534	35.9160804748535	975.628051757812	-6.42503881454468	14.5538311004639	956.062255859375	-19.0082015991211	9.3411750793457	947.956665039062	-33.3358421325684	4.61395120620728	958.155700683594	-46.7740211486816	-7.58315801620483	986.593994140625	-38.4201545715332	-18.3811511993408	987.166320800781	-17.5408344268799	-1.80957341194153	977.323486328125	-33.1523017883301	-38.4352493286133	985.146728515625	-18.6250801086426	-38.1560516357422	995.303527832031	-10.0887670516968	-44.4352645874023	996.711547851562	-9.54176139831543	-18.1239681243896	988.767517089844
PRI-10377	110.356483459473	56.2456321716309	852.548461914062	110.188507080078	50.8053207397461	858.517028808594	109.684860229492	43.7963333129883	874.286682128906	110.820922851562	23.1473560333252	897.55810546875	110.662292480469	20.5877304077148	900.673217773438	115.489761352539	-51.1973495483398	867.631530761719	114.161552429199	-33.6678657531738	853.539123535156	113.589859008789	-17.2102794647217	851.883239746094	112.150810241699	3.94683814048767	867.021606445312	112.072601318359	15.3241243362427	857.469848632812	110.26139831543	43.9749336242676	855.721862792969	101.190208435059	51.5999145507812	852.3720703125	100.521041870117	50.9397659301758	851.678100585938	97.6916732788086	46.8336982727051	849.61328125	94.2776641845703	37.3661270141602	848.321472167969	98.0995635986328	14.1691722869873	849.476257324219	102.122505187988	11.1678190231323	853.11181640625	105.359832763672	42.2951278686523	871.11181640625	108.394111633301	24.2320537567139	888.914672851562	97.3658599853516	17.6713809967041	898.996032714844	83.439567565918	13.527174949646	888.308715820312	73.4285736083984	1.8739767074585	863.59619140625	79.9893569946289	-6.67335367202759	863.058227539062	98.5219192504883	11.4379892349243	870.502990722656	86.7695999145508	-22.693473815918	863.683776855469	99.2618637084961	-21.1684303283691	853.85009765625	107.037582397461	-25.9193134307861	851.202331542969	106.638984680176	-3.55162572860718	861.990295410156	119.322387695312	52.2267799377441	852.538452148438	120.403717041016	51.820068359375	852.207153320312	123.707633972168	47.8155364990234	850.981140136719	127.746887207031	38.2875289916992	848.995666503906	126.561706542969	15.0514230728149	850.009399414062	122.095916748047	11.654914855957	853.107116699219	114.477478027344	42.6319885253906	871.377197265625	113.057754516602	23.547908782959	888.893188476562	124.363288879395	18.5270118713379	899.242004394531	138.533950805664	15.5409317016602	889.453186035156	150.997528076172	4.76637363433838	864.762390136719	143.268814086914	-4.46369695663452	863.885498046875	125.006660461426	12.1910085678101	870.704895019531	139.813049316406	-20.5696773529053	864.183288574219	127.006332397461	-20.6327495574951	854.260498046875	121.310569763184	-25.3473949432373	851.595336914062	118.785911560059	-4.06144189834595	861.372680664062
PRI-10635	-1.24036991596222	48.6789588928223	999.392272949219	-1.05215513706207	43.9575004577637	990.562255859375	-0.384887009859085	34.9084892272949	971.285705566406	0.221762716770172	16.641975402832	947.787475585938	0.524022221565247	13.575852394104	942.342224121094	0.577931344509125	-69.3363800048828	976.718200683594	-0.743575513362885	-50.7646713256836	994.127380371094	-0.346093118190765	-34.8282585144043	996.44189453125	-0.496772527694702	-11.201265335083	980.907531738281	-1.09086132049561	1.75972831249237	988.773803710938	-1.132444024086	33.5900764465332	993.342407226562	9.20995426177979	42.8473701477051	998.443725585938	11.0790729522705	40.756706237793	999.324401855469	13.847861289978	35.9157066345215	1001.05297851562	16.7760848999023	25.0547752380371	1002.28125	15.3553552627563	0.795291364192963	1000.25579833984	11.3458232879639	-3.34487628936768	995.94091796875	4.14237785339355	33.2773056030273	974.693969726562	2.62088108062744	16.0300960540771	955.671142578125	17.9700660705566	12.8976535797119	947.682922363281	32.5306701660156	5.86139678955078	958.881530761719	43.056510925293	-7.40970134735107	984.539794921875	35.3376083374023	-20.5787868499756	985.334777832031	14.4149560928345	-1.66105020046234	976.053161621094	30.4521656036377	-37.4362907409668	983.671813964844	16.4932727813721	-38.3346061706543	993.629638671875	7.05102825164795	-45.2815437316895	996.523681640625	7.16239261627197	-18.6654071807861	987.677368164062	-12.2154626846313	42.7785301208496	997.395446777344	-13.9367952346802	41.1598854064941	997.90087890625	-17.2188968658447	35.8384246826172	1000.05480957031	-20.2324542999268	25.58473777771	1000.67462158203	-17.4693088531494	0.287399590015411	998.7373046875	-13.5176649093628	-2.85662174224854	995.056396484375	-5.59519624710083	33.2431793212891	974.598388671875	-2.6456606388092	15.6281414031982	955.577941894531	-16.85964012146	12.192211151123	946.330688476562	-32.5130233764648	5.32322359085083	956.852600097656	-44.1345596313477	-7.53645133972168	980.055358886719	-34.5281600952148	-20.9014492034912	981.958923339844	-14.7423973083496	-0.572049677371979	975.238098144531	-31.0723915100098	-37.6762466430664	980.715026855469	-17.6457958221436	-38.7670402526855	992.37353515625	-7.89412784576416	-45.4020538330078	996.213256835938	-7.82997226715088	-18.8236808776855	986.949096679688
PRI-10651	-1.73433554172516	56.4080924987793	1000.54547119141	-1.66919732093811	51.698055267334	991.740539550781	-2.10818409919739	44.6485748291016	970.879943847656	-2.26812863349915	20.3770751953125	947.345886230469	-2.47490286827087	17.6864395141602	943.322204589844	-1.93318402767181	-60.2180557250977	982.669738769531	-1.7769433259964	-39.1374855041504	995.087158203125	-1.66475486755371	-23.3453559875488	994.043273925781	-2.13715624809265	-3.63197922706604	982.215759277344	-1.91649162769318	11.4391603469849	990.237060546875	-1.59345984458923	44.309684753418	995.286193847656	9.23151397705078	51.3249778747559	998.950561523438	10.0446634292603	50.4296226501465	999.527648925781	12.9713497161865	46.2192497253418	1001.14117431641	16.8195629119873	35.741943359375	1002.73559570312	13.6863613128662	11.2761154174805	1001.97210693359	9.18692779541016	7.34077882766724	997.058898925781	2.86946749687195	42.5827941894531	974.461730957031	0.296619832515717	21.1986885070801	955.175048828125	13.9221563339233	16.3159503936768	946.592102050781	27.4714775085449	12.208815574646	956.501159667969	39.4728546142578	0.284368515014648	980.645202636719	32.6363677978516	-8.88292217254639	983.679443359375	12.1593790054321	6.58254766464233	976.572082519531	28.8135528564453	-27.4493179321289	984.275024414062	13.1625690460205	-25.9797878265381	994.665405273438	5.58855533599854	-31.3752613067627	996.295837402344	4.09984064102173	-7.16780614852905	987.052673339844	-12.1699981689453	51.1732139587402	999.435302734375	-13.278904914856	50.3985252380371	1000.07000732422	-16.1318740844727	46.0709419250488	1001.61340332031	-19.5876579284668	36.1832389831543	1003.43206787109	-16.812650680542	11.1262769699097	1002.16076660156	-12.8579835891724	7.06704330444336	996.521667480469	-6.93203449249268	42.6781158447266	974.490905761719	-5.2300591468811	20.4180068969727	954.997314453125	-18.3955821990967	16.4193859100342	946.383850097656	-32.7408790588379	13.701886177063	957.970764160156	-44.4706001281738	0.617101907730103	982.043762207031	-37.4179725646973	-9.4557695388794	983.815063476562	-17.35129737854	6.97963285446167	975.69970703125	-32.1167831420898	-27.1996288299561	984.390563964844	-17.0091323852539	-25.7495250701904	994.58447265625	-8.8904619216919	-31.9178314208984	996.169555664062	-8.89242267608643	-7.33853483200073	987.378173828125
PRI-10652	-0.248767271637917	54.2402496337891	997.540283203125	-0.412710696458817	48.9282646179199	989.343200683594	-2.29824995994568	40.1746864318848	970.702880859375	-3.72888875007629	17.0056800842285	948.678161621094	-3.87899589538574	14.0559730529785	944.501159667969	-3.84491658210754	-66.3198165893555	983.953002929688	-3.21130204200745	-45.7930564880371	996.319641113281	-2.68267560005188	-28.8732452392578	996.604431152344	-2.36718583106995	-6.10694026947021	981.970031738281	-2.10324501991272	8.76379108428955	990.711486816406	-0.957095921039581	40.0500106811523	993.003540039062	10.3714275360107	47.8341217041016	996.664123535156	10.8823871612549	46.9196014404297	997.34423828125	13.9006662368774	42.5030097961426	999.311462402344	17.2043342590332	32.0060501098633	1000.10845947266	15.1540565490723	6.38133001327515	1000.00622558594	10.1321172714233	2.01014089584351	996.412658691406	2.46558260917664	38.2492179870605	973.849609375	-0.57537180185318	17.0876617431641	956.095031738281	11.6515512466431	11.6531858444214	946.960632324219	29.6452579498291	6.69811344146729	958.870544433594	41.5526466369629	-9.55127334594727	983.157531738281	33.3234100341797	-16.3447704315186	982.580017089844	11.009651184082	1.12821042537689	974.797241210938	26.3628940582275	-34.995475769043	983.834899902344	13.6857023239136	-32.5782661437988	995.123107910156	4.30900621414185	-38.6500091552734	996.955627441406	4.67496109008789	-13.4017057418823	988.357971191406	-11.0684003829956	48.4608421325684	997.232421875	-12.2610149383545	47.3759346008301	997.785339355469	-15.6302738189697	42.6760673522949	1000.04248046875	-18.8801689147949	32.2763977050781	1001.74517822266	-17.5339260101318	6.21918535232544	1001.94769287109	-13.5794725418091	2.50394296646118	997.8525390625	-6.10904836654663	38.3619270324707	973.920043945312	-6.3166823387146	17.1900959014893	955.743469238281	-19.836877822876	12.6289339065552	948.563903808594	-36.3924446105957	10.1211214065552	964.205932617188	-46.1093368530273	-6.7897777557373	988.843383789062	-38.7338485717773	-14.9747533798218	987.527587890625	-17.3231945037842	3.03816556930542	977.044128417969	-33.0717926025391	-33.2175483703613	986.880859375	-17.8402671813965	-31.9829654693604	996.562927246094	-10.7072439193726	-37.8635673522949	997.937072753906	-10.0458860397339	-13.820743560791	989.257751464844
PRI-10653	-2.27302050590515	49.7527160644531	997.527221679688	-2.02930498123169	45.2111549377441	990.516052246094	-2.16133975982666	36.6329917907715	968.609130859375	-2.2537796497345	11.7925281524658	944.254943847656	-2.03526926040649	8.92269229888916	940.190124511719	-3.33358860015869	-72.1808242797852	980.871704101562	-2.92181420326233	-52.1327667236328	991.482849121094	-3.56954026222229	-33.900276184082	993.117736816406	-2.85295152664185	-11.2509384155273	978.463684082031	-2.70105504989624	4.91700983047485	987.229858398438	-1.92707991600037	35.671199798584	991.804748535156	8.40839004516602	44.1071319580078	996.405883789062	8.98246955871582	44.0281562805176	996.777221679688	11.7986698150635	39.3934173583984	998.690246582031	15.4811697006226	29.4242916107178	1000.18408203125	13.2128715515137	3.75288009643555	998.203491210938	9.52368831634522	-0.429628014564514	993.308837890625	2.49608564376831	35.2710800170898	973.041137695312	-0.0202237498015165	12.7957944869995	952.296447753906	13.3671340942383	6.64352321624756	943.689636230469	28.4258346557617	2.49901866912842	954.029541015625	40.9289703369141	-8.15757369995117	982.19921875	33.6746444702148	-19.4451026916504	983.232604980469	11.1169424057007	-1.65137720108032	974.047424316406	28.1391735076904	-37.5834579467773	982.769470214844	13.9495849609375	-35.8307151794434	991.754943847656	5.07672452926636	-42.6534461975098	994.503356933594	4.72967910766602	-16.3148498535156	984.939636230469	-12.9426584243774	43.5455055236816	995.118713378906	-13.6987762451172	42.9047698974609	995.387512207031	-17.1743011474609	38.4166030883789	998.288269042969	-20.4368114471436	28.0789394378662	999.834228515625	-17.9213256835938	2.37999224662781	997.806274414062	-14.7072973251343	-1.56488847732544	993.723754882812	-6.73451280593872	34.967887878418	972.791870117188	-4.97356367111206	11.7601833343506	951.662963867188	-17.8072204589844	6.47774648666382	942.747802734375	-33.580810546875	3.14094543457031	954.498901367188	-45.7673797607422	-9.52534294128418	982.544311523438	-38.2778244018555	-19.6358070373535	983.149963378906	-17.1001510620117	-1.79016089439392	973.503295898438	-34.485710144043	-38.4133682250977	982.815734863281	-19.5974521636963	-36.6828918457031	992.185241699219	-10.558051109314	-43.521656036377	993.967041015625	-10.3228378295898	-17.7075366973877	985.197265625
PRI-10658	-1.42395126819611	52.0731239318848	1020.47515869141	-1.46000170707703	49.3749961853027	1013.08660888672	-2.46077179908752	41.4453506469727	991.8828125	-3.49364686012268	22.5817718505859	970.307922363281	-3.74525904655457	20.0197525024414	965.344177246094	-2.86701655387878	-60.5937538146973	993.591552734375	-2.57722330093384	-43.4789695739746	1010.14959716797	-2.42574000358582	-26.5189838409424	1012.43127441406	-3.1907205581665	-4.24440574645996	1000.91882324219	-2.34496855735779	9.78072261810303	1009.81860351562	-1.94288396835327	38.5588150024414	1014.29229736328	8.76813220977783	46.1493225097656	1018.61499023438	9.52403354644775	45.3523597717285	1018.95843505859	12.3197965621948	40.3914451599121	1020.01538085938	15.6851797103882	31.0994358062744	1021.29162597656	13.0046710968018	7.62421464920044	1019.08355712891	9.02752113342285	4.03425121307373	1015.22540283203	2.2427351474762	39.8560600280762	995.907104492188	-0.0300791040062904	21.7588634490967	978.244018554688	12.3041896820068	16.9416980743408	967.25830078125	26.997537612915	10.6883897781372	978.421997070312	38.4116821289062	-3.15615224838257	1002.67999267578	31.4186382293701	-13.0094299316406	1000.42730712891	11.9008960723877	6.45801639556885	995.780029296875	25.3357219696045	-30.0766773223877	1000.01965332031	14.0403633117676	-29.4053802490234	1011.73120117188	5.18803882598877	-36.4025077819824	1013.46954345703	4.22440671920776	-10.4721212387085	1006.20812988281	-11.8318710327148	46.363338470459	1019.25372314453	-12.9765720367432	45.6127624511719	1019.68481445312	-15.7500467300415	41.1752471923828	1020.55981445312	-19.1429252624512	31.4420223236084	1020.52825927734	-16.8735408782959	8.15078353881836	1018.6015625	-13.3336496353149	4.36429452896118	1015.177734375	-6.05629062652588	40.0183029174805	995.864868164062	-6.08109712600708	21.9738121032715	978.137451171875	-19.3859081268311	18.0134868621826	967.962280273438	-33.5306739807129	11.474365234375	981.224548339844	-42.6014366149902	-2.48142337799072	1006.59368896484	-36.5607376098633	-12.2760763168335	1004.11187744141	-18.2349033355713	6.05405569076538	996.327514648438	-31.3153820037842	-30.4223499298096	1002.52416992188	-18.2359848022461	-29.8009166717529	1013.21136474609	-9.73229503631592	-36.8913459777832	1013.70697021484	-8.88737392425537	-10.2380743026733	1006.47747802734
PRI-10673	-4.50989484786987	55.2349472045898	1016.94598388672	-4.14791059494019	49.5084114074707	1008.3408203125	-2.94827914237976	39.9106864929199	987.419677734375	-1.15284693241119	20.3000507354736	963.049438476562	-0.925197780132294	18.138391494751	958.516235351562	-0.62104320526123	-67.1504516601562	990.671508789062	-1.72085905075073	-49.4434127807617	1006.00640869141	-2.24595594406128	-32.8402709960938	1009.03991699219	-1.95443618297577	-8.19319915771484	995.878662109375	-2.81390810012817	5.22490167617798	1006.70269775391	-4.05369567871094	39.1955223083496	1010.68286132812	6.05240440368652	48.9476318359375	1016.99884033203	7.48093891143799	47.3652801513672	1017.63836669922	10.1982107162476	42.7217292785645	1019.2216796875	14.2440624237061	32.030876159668	1020.38000488281	13.5762033462524	5.4763035774231	1018.619140625	8.3727216720581	-0.441984713077545	1012.48272705078	2.26119232177734	38.6428909301758	991.956604003906	1.57410860061646	19.0188083648682	972.380310058594	14.7765436172485	14.6946706771851	962.303344726562	30.5861301422119	8.4820613861084	973.553588867188	40.5356407165527	-3.63964653015137	1000.42456054688	33.0358734130859	-15.2072372436523	999.170166015625	13.4638357162476	2.3533034324646	992.430725097656	28.7696723937988	-33.6255340576172	996.358825683594	14.9310932159424	-36.2409706115723	1007.47698974609	6.41981887817383	-42.3214149475098	1009.84326171875	4.81946611404419	-16.1380767822266	1001.86956787109	-14.9010028839111	48.6346893310547	1015.93798828125	-16.4707946777344	47.0675735473633	1016.79333496094	-19.0992679595947	42.5213050842285	1018.07586669922	-22.7556476593018	31.5024871826172	1019.28643798828	-20.1514148712158	4.3932466506958	1017.93713378906	-14.4752464294434	-0.803708553314209	1012.37329101562	-7.63986158370972	38.8539924621582	990.653869628906	-4.6787109375	18.893009185791	971.517150878906	-16.9967041015625	14.73304271698	961.335266113281	-34.5318717956543	7.93484687805176	972.994812011719	-44.6152458190918	-7.9500937461853	998.906616210938	-36.2997093200684	-16.778003692627	997.108154296875	-17.3077087402344	0.971928179264069	991.232360839844	-31.218677520752	-35.3974189758301	994.416870117188	-18.3133640289307	-37.709831237793	1006.33544921875	-9.17064762115479	-43.5094757080078	1008.03125	-9.40576839447021	-15.9158363342285	1000.8662109375
PRI-10674	-3.56971073150635	52.4540863037109	1019.24176025391	-3.1357991695404	48.3080101013184	1012.02990722656	-3.3733184337616	37.7874870300293	990.563598632812	-3.00610399246216	15.1269903182983	969.803466796875	-2.76097464561462	11.4996614456177	965.223449707031	-0.869568943977356	-68.0035934448242	1002.56719970703	-1.78039240837097	-49.1626625061035	1016.68438720703	-2.4644501209259	-31.3704891204834	1016.96221923828	-2.10383605957031	-8.4511251449585	1004.91662597656	-1.83804655075073	5.53018951416016	1013.05181884766	-3.19299292564392	37.5711860656738	1014.39819335938	7.47748136520386	47.1172981262207	1019.07922363281	8.25471115112305	46.1116485595703	1019.87170410156	11.4144849777222	41.9630699157715	1021.03729248047	15.1235036849976	31.6947841644287	1022.3017578125	13.1907739639282	6.66759634017944	1022.77459716797	9.4339075088501	1.17669701576233	1018.404296875	1.56775403022766	38.7221641540527	996.761352539062	-0.132477670907974	15.8683195114136	977.797790527344	12.7460460662842	10.3339023590088	968.411682128906	27.6015090942383	7.13747453689575	979.161804199219	40.6900024414062	-3.64287877082825	1003.54339599609	33.2162437438965	-15.9118995666504	1005.42987060547	11.8896017074585	1.41488087177277	998.137451171875	28.5082473754883	-33.0087280273438	1006.29437255859	14.2461605072021	-34.0423965454102	1016.24163818359	6.14296960830688	-41.183048248291	1017.63098144531	5.36059522628784	-14.8089904785156	1010.74365234375	-13.7692213058472	46.370361328125	1019.08331298828	-14.8946561813354	45.0367469787598	1019.37023925781	-17.6351737976074	40.405818939209	1021.74700927734	-20.6908588409424	30.2469673156738	1022.8974609375	-17.3992481231689	5.46240139007568	1022.48797607422	-13.4171180725098	0.8629230260849	1019.0849609375	-8.16071605682373	38.3706817626953	996.111572265625	-5.83779239654541	15.6181039810181	977.770874023438	-19.1832122802734	10.0449180603027	969.48388671875	-32.8951110839844	5.91691398620605	980.317321777344	-45.3749961853027	-6.71544694900513	1007.29528808594	-37.9527854919434	-17.1654510498047	1006.95465087891	-16.883129119873	0.976361691951752	998.519165039062	-32.4804992675781	-34.4728050231934	1007.82458496094	-18.9629020690918	-35.5032539367676	1017.72424316406	-9.62120246887207	-41.1184425354004	1018.29229736328	-9.42435646057129	-14.9337167739868	1010.79296875
PRI-10675	-1.53155934810638	53.9267463684082	1026.10632324219	-1.42528879642487	49.1273040771484	1019.00225830078	-1.61307716369629	39.6166877746582	996.512817382812	-2.4689314365387	19.2490844726562	974.848754882812	-2.56894111633301	16.3320693969727	969.590087890625	-2.8253972530365	-67.3993301391602	997.876525878906	-2.74390244483948	-50.7912673950195	1017.86358642578	-2.61337924003601	-34.1750717163086	1021.41430664062	-2.04723572731018	-11.4493732452393	1010.44390869141	-2.51762962341309	6.27914762496948	1016.76556396484	-0.889798521995544	37.9403114318848	1019.82427978516	10.0010299682617	48.5328598022461	1024.98168945312	11.2525424957275	46.7187767028809	1025.58471679688	14.2973728179932	41.833423614502	1026.45483398438	18.1623783111572	31.0419082641602	1028.23461914062	14.6569948196411	6.68083381652832	1028.39514160156	8.30231666564941	0.762808442115784	1023.00091552734	2.70123887062073	39.1177520751953	1000.58044433594	0.319633364677429	19.0443916320801	983.595520019531	13.5824480056763	13.2648735046387	973.454284667969	29.6998176574707	10.9978446960449	984.475891113281	42.3469543457031	-5.46072244644165	1009.19207763672	34.2582054138184	-18.6527233123779	1010.86468505859	12.4399194717407	2.53206586837769	1003.63220214844	29.0917377471924	-36.0307807922363	1008.02313232422	14.6980724334717	-38.427604675293	1020.30432128906	4.79231023788452	-43.8289947509766	1021.28552246094	4.7872486114502	-17.0962390899658	1015.01385498047	-12.2517900466919	48.7779922485352	1025.38623046875	-13.8453407287598	47.2266540527344	1025.60620117188	-17.5410499572754	41.9660148620605	1026.646484375	-21.0973014831543	31.6829452514648	1027.97326660156	-18.887300491333	7.25257730484009	1028.14282226562	-13.4269180297852	0.283492982387543	1022.68481445312	-5.98100566864014	38.991382598877	1001.02569580078	-4.95918416976929	19.1547565460205	983.250183105469	-18.9545421600342	14.3556118011475	973.713317871094	-34.4968566894531	11.6985120773315	984.401000976562	-47.7624969482422	-4.48470735549927	1008.29211425781	-38.7587966918945	-17.6153430938721	1010.21496582031	-16.8989448547363	2.63087248802185	1004.04235839844	-34.5619926452637	-35.857048034668	1007.72717285156	-19.3553276062012	-37.2808990478516	1019.32659912109	-10.8539924621582	-43.3305244445801	1021.37005615234	-9.24231338500977	-16.9592800140381	1014.98370361328
PRI-10676	0.976297080516815	63.6007690429688	1032.90844726562	0.818458020687103	61.0338134765625	1027.36987304688	0.0387146845459938	47.0550994873047	1002.99279785156	-2.08623909950256	20.7079544067383	976.017700195312	-2.39112973213196	17.4290199279785	968.901306152344	-2.9452953338623	-70.5130004882812	999.421752929688	-2.18454504013062	-54.1917724609375	1018.28204345703	-2.0583016872406	-34.537899017334	1023.53021240234	-1.32032084465027	-10.0236968994141	1011.31701660156	-1.02991449832916	8.99797534942627	1020.2958984375	0.421049535274506	46.658763885498	1027.89221191406	11.7650423049927	59.3277359008789	1033.75305175781	14.6776218414307	55.5647125244141	1034.3564453125	17.5947933197021	50.5113906860352	1035.63366699219	20.5879154205322	38.0713882446289	1035.2314453125	17.1188011169434	12.2687339782715	1034.4130859375	11.344521522522	2.14344215393066	1028.13232421875	5.0016074180603	45.6751823425293	1006.45861816406	1.28095769882202	18.5059947967529	982.950561523438	14.4749994277954	15.0719318389893	971.152709960938	31.1014366149902	10.7491111755371	981.877563476562	48.2209892272949	-8.14288425445557	1007.73272705078	39.347095489502	-17.0344009399414	1009.76361083984	14.4927415847778	3.41497087478638	1005.27484130859	30.6685466766357	-39.0162200927734	1006.62744140625	15.0859575271606	-39.0555114746094	1020.58166503906	6.61615800857544	-45.7908744812012	1022.85107421875	6.73797941207886	-16.956127166748	1015.86737060547	-9.90353488922119	58.9741859436035	1033.49230957031	-13.8813352584839	55.5395050048828	1033.8876953125	-16.5181407928467	49.606559753418	1035.51452636719	NA	NA	NA	-18.6062450408936	11.3649129867554	1035.55432128906	-13.4808177947998	1.71164798736572	1028.44030761719	-4.88706636428833	44.6223602294922	1005.96563720703	-5.14439964294434	17.7808856964111	983.4580078125	-18.4278259277344	15.8015460968018	971.578430175781	-34.7553901672363	12.0416212081909	984.609741210938	-50.5745620727539	-7.46678447723389	1012.92193603516	-42.3074913024902	-15.9055671691895	1012.80596923828	-17.0051727294922	2.54441475868225	1005.94177246094	-35.0288505554199	-38.7498817443848	1009.21588134766	-18.2473678588867	-38.3780250549316	1022.61639404297	-9.94278144836426	-46.0544548034668	1022.947265625	-9.76050567626953	-17.5413722991943	1016.97467041016
PRI-10678	-0.0358872525393963	56.7826461791992	1036.734375	-0.260444521903992	51.7622184753418	1028.01232910156	-0.437202125787735	41.2835235595703	1005.77172851562	-2.75641441345215	19.8275299072266	978.772888183594	-3.08065271377563	16.9056434631348	972.836242675781	-1.39848864078522	-71.3612518310547	1004.30505371094	-1.91042423248291	-55.3834800720215	1021.57623291016	-2.03397822380066	-37.8375205993652	1024.59143066406	-2.59786558151245	-12.5178146362305	1013.90679931641	-1.96390426158905	4.79186487197876	1022.19250488281	-0.557672202587128	39.4363746643066	1028.45947265625	10.8698301315308	51.8507461547852	1034.31323242188	12.8879632949829	49.9560852050781	1035.53161621094	16.687385559082	41.9312896728516	1035.35876464844	18.6679992675781	30.3539409637451	1036.73840332031	15.2787065505981	5.27175712585449	1035.81079101562	10.2118053436279	-1.54466044902802	1028.39379882812	5.22967910766602	40.1373634338379	1009.35809326172	0.655815601348877	18.3432693481445	986.332946777344	13.9361581802368	15.3510780334473	976.94873046875	32.1568832397461	10.4797983169556	987.767822265625	45.6947441101074	-5.73288106918335	1013.57458496094	33.818042755127	-18.6286544799805	1012.80584716797	13.2147998809814	1.5511931180954	1007.1787109375	30.4563331604004	-37.7526321411133	1009.93243408203	14.3372068405151	-40.6302604675293	1022.3779296875	6.33941411972046	-47.5004196166992	1024.28454589844	5.91646575927734	-20.1628093719482	1019.13934326172	-11.6239604949951	51.7464485168457	1034.60656738281	-12.9469013214111	50.4491081237793	1034.80627441406	-16.7187633514404	41.1581039428711	1036.13342285156	-19.8780040740967	30.5711727142334	1038.18774414062	-17.4891166687012	5.31526708602905	1037.69287109375	-13.676251411438	-1.60548293590546	1029.82250976562	-5.56517601013184	40.8324279785156	1009.787109375	-4.84611558914185	18.4286651611328	986.306823730469	-19.7711353302002	15.6519432067871	978.426513671875	-36.8826789855957	10.663275718689	990.1748046875	-46.722972869873	-6.65122127532959	1017.81671142578	-38.5321464538574	-18.5126972198486	1015.49578857422	-17.2633838653564	2.04345607757568	1008.02685546875	-35.3186874389648	-39.9684753417969	1012.00048828125	-18.6863079071045	-40.7651748657227	1024.76428222656	-10.0124006271362	-47.8736991882324	1024.46508789062	-10.1431646347046	-20.1406116485596	1019.9296875
PRI-10680	-3.0071861743927	61.153133392334	1017.68341064453	-3.33644890785217	55.9494819641113	1008.52465820312	-3.16164684295654	42.9424514770508	984.452880859375	-1.36203575134277	20.654899597168	961.086730957031	-1.2569727897644	16.7052135467529	956.715026855469	-1.77767908573151	-65.6364288330078	981.313232421875	-1.67169904708862	-50.7376327514648	1003.19464111328	-2.04529857635498	-33.2121734619141	1008.28289794922	-1.93192279338837	-7.30852508544922	994.773071289062	-2.00132060050964	9.33211898803711	1004.33801269531	-2.77487754821777	42.702018737793	1010.37866210938	9.0695161819458	55.1764144897461	1016.40435791016	11.332691192627	52.6738128662109	1017.15307617188	13.5328025817871	45.350772857666	1018.21942138672	17.207447052002	33.4957504272461	1019.04382324219	14.0132465362549	7.48667526245117	1018.06518554688	8.36709022521973	2.71314764022827	1011.13677978516	1.32241678237915	41.9625816345215	988.669006347656	1.15404093265533	20.0445461273193	968.807006835938	14.9583168029785	14.2253246307373	958.416442871094	34.3168869018555	10.2838830947876	970.290893554688	46.6078605651855	-3.668128490448	998.213500976562	38.8947105407715	-16.8062210083008	997.894897460938	13.9288654327393	3.82099509239197	990.754272460938	30.6093311309814	-34.7933883666992	995.476379394531	15.0354013442993	-35.8077239990234	1006.03503417969	6.39220666885376	-43.3473091125488	1007.24359130859	5.69258403778076	-15.5434017181396	1000.07275390625	-14.8635425567627	55.5165939331055	1017.32281494141	-17.3889808654785	53.0761451721191	1018.05249023438	-19.3601665496826	46.3160438537598	1019.27740478516	-22.2053375244141	34.5269622802734	1019.26251220703	-19.2014999389648	7.57999134063721	1017.14111328125	-13.3449954986572	2.96351909637451	1010.84204101562	-7.48452997207642	41.8945083618164	988.726867675781	-4.6105809211731	19.7635021209717	969.192138671875	-17.7281837463379	14.7183742523193	957.937438964844	-37.8815536499023	9.71646976470947	969.7451171875	NA	NA	NA	-39.5943412780762	-17.3599185943604	996.197448730469	-17.2850284576416	4.56273317337036	990.008728027344	-34.312068939209	-36.5323333740234	994.497741699219	-19.8665657043457	-36.0112762451172	1005.46966552734	-10.123649597168	-43.9487686157227	1006.33349609375	-9.80113792419434	-15.3416900634766	1000.22302246094
PRI-10682	-3.1213071346283	51.6322174072266	1173.31726074219	-3.37566089630127	47.3335571289062	1164.51965332031	-2.88665151596069	39.4733047485352	1142.26550292969	-2.94014048576355	20.4383087158203	1118.88513183594	-2.94863319396973	17.9252300262451	1114.12426757812	-7.04127931594849	-65.3937835693359	1145.99865722656	-6.27575397491455	-48.1560516357422	1162.05249023438	-6.00712394714355	-31.0750217437744	1165.81018066406	-4.76070070266724	-7.38079595565796	1152.2021484375	-4.03262758255005	6.0009708404541	1160.59448242188	-3.38423252105713	37.2000503540039	1165.93981933594	7.59151983261108	46.1858825683594	1171.212890625	8.90065479278564	45.2881851196289	1171.28259277344	11.8731708526611	40.2497711181641	1172.67407226562	15.0871477127075	29.8362064361572	1173.95861816406	12.7388191223145	6.44475173950195	1172.54016113281	7.31691789627075	0.7229163646698	1167.57775878906	1.37455904483795	37.833667755127	1146.33972167969	0.309890508651733	19.5280895233154	1127.30834960938	13.2743673324585	13.8421087265015	1118.15014648438	28.4267444610596	9.66878604888916	1128.30798339844	41.0642623901367	-5.70796585083008	1152.45495605469	32.3436622619629	-18.2684535980225	1154.66442871094	10.622654914856	2.31034755706787	1145.4873046875	24.3179416656494	-35.7381172180176	1154.30651855469	11.1010875701904	-35.1168022155762	1163.88757324219	1.46032559871674	-40.7984962463379	1165.82043457031	2.50707817077637	-13.8085517883301	1158.09167480469	-14.1752862930298	46.655200958252	1171.18493652344	-15.4373216629028	45.568416595459	1171.2119140625	-18.5123043060303	40.7813148498535	1172.21826171875	-21.9583492279053	30.5764770507812	1173.13818359375	-20.7942943572998	7.1741156578064	1171.99938964844	-15.3079509735107	0.668200671672821	1166.95764160156	-7.96886348724365	37.5544853210449	1146.19860839844	-6.42546939849854	19.0457820892334	1127.16394042969	-19.3582801818848	15.3757886886597	1117.95056152344	-35.1245460510254	11.3899583816528	1127.255859375	-49.4250068664551	-2.95189499855042	1151.53063964844	-41.6758499145508	-15.465085029602	1153.61950683594	-18.9872894287109	2.86113405227661	1144.89465332031	-36.321418762207	-33.5273170471191	1153.24792480469	-21.2305183410645	-33.1341438293457	1163.14465332031	-13.459415435791	-40.4361724853516	1164.80847167969	-12.2040643692017	-13.5042524337769	1157.53894042969
PRI-10684	-1.43522894382477	52.4878120422363	1021.29504394531	-1.75766229629517	47.6811256408691	1013.45306396484	-2.82939434051514	37.7266159057617	992.718200683594	-3.3690083026886	19.5705299377441	971.892333984375	-3.55797171592712	17.5325107574463	967.084350585938	0.80426824092865	-67.2725296020508	997.177490234375	1.22665131092072	-48.2985801696777	1014.95288085938	0.360060453414917	-32.5635986328125	1017.97088623047	-0.729645550251007	-10.4620094299316	1006.64367675781	-1.29356050491333	6.13798379898071	1013.33673095703	-2.06254267692566	36.3867263793945	1015.51934814453	9.47392272949219	46.13330078125	1018.51940917969	10.264612197876	45.4082794189453	1019.09802246094	14.0228834152222	40.7111701965332	1021.32012939453	16.4786739349365	30.4853382110596	1024.7998046875	14.953067779541	5.60824298858643	1025.13171386719	10.3478965759277	-0.0814906135201454	1019.73370361328	2.34274649620056	36.8515434265137	997.482177734375	-0.392851263284683	17.7967967987061	979.223571777344	14.045991897583	14.567006111145	969.238037109375	29.3644943237305	7.68317985534668	978.932739257812	41.3257865905762	-4.34409856796265	1004.01202392578	34.4875106811523	-15.0276823043823	1005.32006835938	13.6190376281738	0.926827013492584	998.60107421875	29.3600120544434	-34.4747467041016	1003.44787597656	16.0165710449219	-34.2171249389648	1016.12463378906	8.28835964202881	-41.2091674804688	1016.79919433594	5.86374235153198	-15.0575733184814	1010.51940917969	-12.2339763641357	46.010498046875	1020.86407470703	-12.9142150878906	44.7133865356445	1021.17498779297	-16.0661754608154	39.5515403747559	1022.98492431641	-19.3352928161621	28.8191547393799	1025.26245117188	-16.2114067077637	3.75525832176208	1026.21911621094	-11.8826551437378	-0.944309055805206	1020.7880859375	-7.19566679000854	36.4048919677734	997.61865234375	-5.94964790344238	17.3453731536865	979.536437988281	-19.2652530670166	14.1201667785645	971.083435058594	-34.8460083007812	6.09570789337158	982.414123535156	-43.8748741149902	-8.13563346862793	1007.54943847656	-35.5312919616699	-17.1038417816162	1007.99737548828	-16.8103675842285	-0.438482314348221	999.784851074219	-29.6337375640869	-36.672233581543	1006.04742431641	-15.6151180267334	-35.778205871582	1017.45300292969	-6.45397186279297	-41.1037254333496	1019.00872802734	-6.31170272827148	-14.7936859130859	1008.80999755859
PRI-10690	-2.87053894996643	62.1374244689941	1187.30554199219	-2.59665846824646	57.5697364807129	1178.72302246094	-2.7047131061554	42.8547744750977	1151.23168945312	-0.993205487728119	16.1133995056152	1123.30249023438	-0.915864765644073	13.0796756744385	1118.33447265625	-3.0727264881134	-74.3814926147461	1146.24157714844	-2.12546062469482	-59.2848281860352	1167.50793457031	-2.94979572296143	-42.1339454650879	1170.80969238281	-2.25156593322754	-12.7919864654541	1157.43859863281	-2.56838893890381	4.30699253082275	1170.2763671875	-2.30725169181824	42.227855682373	1178.6748046875	8.87823581695557	57.3423194885254	1186.43981933594	11.8091926574707	54.4308204650879	1187.95202636719	15.3068695068359	47.7233390808105	1188.95922851562	18.8130016326904	36.3578300476074	1187.91662597656	17.3078498840332	10.2252006530762	1186.55822753906	10.6396760940552	-1.70422470569611	1176.5810546875	3.61059617996216	41.8286437988281	1155.78967285156	2.12065839767456	15.1147375106812	1131.35229492188	16.7331466674805	9.92611217498779	1122.42236328125	35.120475769043	3.50106716156006	1133.8564453125	47.325122833252	-10.6076955795288	1163.70263671875	38.5903053283691	-22.2926177978516	1161.20385742188	14.1776494979858	-1.19098198413849	1153	31.7082805633545	-43.796459197998	1159.10827636719	16.4417018890381	-46.3435020446777	1170.14685058594	6.12757539749146	-50.6960716247559	1171.54553222656	6.08531045913696	-21.8161144256592	1165.27429199219	-14.3983039855957	57.5562591552734	1186.16564941406	-17.6022186279297	54.5901565551758	1186.80102539062	-20.7843551635742	47.1529426574707	1188.31042480469	-23.634786605835	35.7134475708008	1187.54711914062	-22.3669738769531	8.95402336120605	1185.63745117188	-15.9571914672852	-1.61525344848633	1176.73059082031	-7.87061166763306	41.8580131530762	1155.12829589844	-4.42919826507568	16.1723709106445	1131.34802246094	-19.2166404724121	11.0941114425659	1121.43249511719	-37.9734420776367	4.60645532608032	1131.884765625	-52.8702964782715	-9.39542007446289	1159.77600097656	-42.3229675292969	-22.800895690918	1160.33984375	-19.7068042755127	-1.55431175231934	1152.26550292969	-36.3840560913086	-45.6972160339355	1157.03796386719	-20.5904865264893	-46.4365692138672	1169.11108398438	-11.0504913330078	-51.4093933105469	1169.82531738281	-10.1428127288818	-22.0114154815674	1163.80749511719
PRI-10691	-1.68670189380646	50.5143775939941	1183.94519042969	-1.6238785982132	47.3785362243652	1176.27856445312	-1.30604481697083	42.0945816040039	1153.67639160156	-1.56238651275635	23.7604236602783	1129.50073242188	-1.8014110326767	21.7966041564941	1124.37182617188	-4.63836050033569	-65.49951171875	1150.14575195312	-3.99996590614319	-48.7116661071777	1166.01940917969	-3.59420609474182	-31.0958423614502	1171.05151367188	-2.98072838783264	-5.93116283416748	1158.98864746094	-2.6411280632019	8.29374408721924	1169.75732421875	-2.2792751789093	38.0262298583984	1177.22937011719	8.66302108764648	44.2216033935547	1181.65808105469	9.4332218170166	42.8851203918457	1182.38171386719	11.2842016220093	38.5705337524414	1183.69982910156	14.7231931686401	28.659740447998	1184.80700683594	12.2234630584717	4.71890735626221	1182.05773925781	8.02231788635254	0.798671662807465	1176.31640625	2.97176361083984	39.0929145812988	1156.87170410156	1.44765663146973	22.1007499694824	1137.59460449219	14.4198980331421	18.33469581604	1128.11999511719	29.0428619384766	10.2567405700684	1138.41662597656	39.9662132263184	-9.19413566589356	1162.08325195312	31.1910953521729	-16.6701202392578	1161.0224609375	11.4408912658691	4.35976696014404	1155.29125976562	26.4182910919189	-34.1343307495117	1158.14050292969	12.347165107727	-33.7096099853516	1168.78405761719	4.16246747970581	-40.8185920715332	1169.61889648438	3.95746421813965	-13.1875429153442	1166.19946289062	-12.6327743530273	44.9350624084473	1181.1513671875	-13.5880937576294	44.1893844604492	1181.32556152344	-16.1585350036621	39.0997123718262	1182.48937988281	-19.7189788818359	29.5833282470703	1183.23840332031	-18.0440464019775	4.79182910919189	1180.26977539062	-14.0347785949707	1.98259043693542	1175.64587402344	-5.82966232299805	39.9909553527832	1156.81018066406	-4.62244415283203	22.5864238739014	1137.5146484375	-17.8258838653564	18.9116172790527	1127.646484375	-32.9027290344238	11.5444135665894	1137.80615234375	-46.7730407714844	-5.91195011138916	1160.93664550781	-37.9253005981445	-15.9737920761108	1160.619140625	-16.270206451416	4.35891389846802	1154.86975097656	-34.4253959655762	-33.0099716186523	1157.57153320312	-19.8478717803955	-33.0822677612305	1169.10998535156	-12.2958087921143	-39.9728012084961	1170.83215332031	-10.1462640762329	-12.6367349624634	1166.16625976562
PRI-10693	-0.943193912506104	54.847728729248	1181.94213867188	-0.406266629695892	49.651741027832	1170.59399414062	-0.331042021512985	39.9093360900879	1149.74157714844	-0.755900382995605	21.2802352905273	1124.76538085938	-0.716383695602417	18.6820201873779	1120.21411132812	-4.95428943634033	-62.2348861694336	1147.51550292969	-5.34285545349121	-45.9480247497559	1164.86413574219	-4.84087753295898	-29.1210975646973	1167.06982421875	-3.33120846748352	-7.84183025360107	1157.11938476562	-2.9407217502594	7.21409702301025	1167.53002929688	-1.54362630844116	40.3555679321289	1173.9482421875	8.52522277832031	48.6190071105957	1180.65002441406	10.0021905899048	47.7058410644531	1180.68127441406	12.7610549926758	42.1956672668457	1181.69909667969	14.9636287689209	31.3347969055176	1182.36486816406	12.7926149368286	6.05624198913574	1179.04626464844	8.1875810623169	0.690970778465271	1173.83068847656	4.13577318191528	39.4445419311523	1154.49353027344	2.10309219360352	20.4249610900879	1133.72326660156	14.8680763244629	15.3398551940918	1123.93395996094	31.2018394470215	10.0346994400024	1136.65893554688	38.8751411437988	-5.44248056411743	1159.009765625	31.3766708374023	-15.3639860153198	1158.53857421875	11.5968914031982	2.46351718902588	1152.66870117188	24.8738346099854	-33.0082511901855	1155.79516601562	11.6963472366333	-33.007942199707	1167.33581542969	2.9233193397522	-38.2347869873047	1166.40466308594	3.71514344215393	-13.5213708877563	1162.548828125	-11.8004455566406	50.2903823852539	1178.94604492188	-13.2624435424805	49.0082397460938	1179.34729003906	-16.8364028930664	43.6579818725586	1180.5517578125	-20.8986721038818	33.2192115783691	1180.37316894531	-19.2239475250244	7.59542036056519	1177.98461914062	-14.6089172363281	1.85834014415741	1172.6083984375	-5.36527824401855	40.0094337463379	1153.78442382812	-4.34533548355103	20.8314819335938	1133.05322265625	-17.1088237762451	17.2595100402832	1121.80590820312	-34.6549339294434	12.8774700164795	1134.09948730469	-45.1882781982422	-2.1706976890564	1155.17346191406	-37.8322067260742	-12.5193548202515	1154.97412109375	-17.3577194213867	3.72951626777649	1150.16528320312	-33.2982330322266	-31.8178272247314	1152.36853027344	-19.5225257873535	-31.7815284729004	1165.52624511719	-13.8504009246826	-38.262767791748	1166.8740234375	-11.2074193954468	-12.9549331665039	1161.60498046875
PRI-10695	-0.580163717269897	58.8510513305664	1171.75854492188	-0.855181097984314	54.8681945800781	1164.36596679688	-1.81896090507507	45.3221702575684	1142.2490234375	-4.05971384048462	21.0340099334717	1119.99340820312	-4.30106925964355	18.1104068756104	1115.88220214844	-5.33578777313232	-60.3060493469238	1146.95617675781	-4.5457911491394	-42.4979858398438	1164.21142578125	-4.60009241104126	-23.0606060028076	1166.17749023438	-3.85121273994446	-1.5187326669693	1152.52648925781	-3.11579775810242	13.8802337646484	1161.17956542969	-1.28819704055786	44.5229339599609	1165.19848632812	9.75400924682617	52.1043472290039	1169.97570800781	10.0894613265991	51.4062423706055	1170.59020996094	12.5851755142212	47.0369720458984	1171.67907714844	15.6016435623169	37.0883750915527	1172.89135742188	13.5134172439575	13.1403226852417	1171.537109375	8.43628597259521	8.47669982910156	1166.69091796875	2.91301488876343	44.2814064025879	1145.51025390625	-0.855194211006165	21.5009231567383	1126.576171875	11.0605344772339	15.3608016967773	1117.85961914062	26.1775283813477	10.5042781829834	1130.05773925781	37.4663352966309	-0.145898535847664	1153.19799804688	29.2912540435791	-9.80432319641113	1154.15246582031	9.64795684814453	6.46642017364502	1146.76049804688	24.3418521881104	-28.5682525634766	1153.92102050781	12.1244020462036	-26.6068344116211	1164.7998046875	3.16835474967957	-33.3784713745117	1167.80541992188	2.79405212402344	-7.67884826660156	1158.36120605469	-11.3923215866089	53.0305938720703	1170.37866210938	-11.8853845596313	52.6711807250977	1170.63391113281	-14.6176853179932	47.2442932128906	1172.54406738281	-17.0412559509277	37.0888938903809	1173.40808105469	-17.9436874389648	13.9444770812988	1172.56884765625	-13.939022064209	8.75052165985107	1167.52600097656	-6.98866558074951	44.4007911682129	1145.52905273438	-6.4478006362915	21.6036834716797	1126.45910644531	-19.6030216217041	16.7322311401367	1118.82995605469	-34.3954658508301	13.0941190719604	1132.14233398438	-44.0343170166016	3.42414927482605	1156.37023925781	-35.1020088195801	-8.1134614944458	1155.72314453125	-18.00465965271	6.99823570251465	1147.18774414062	-34.4889488220215	-26.5809707641602	1155.28515625	-21.4192085266113	-25.7247486114502	1166.11462402344	-12.5428533554077	-33.6312599182129	1167.81494140625	-11.0708932876587	-7.34503602981567	1159.1787109375
PRI-10700	0.510407865047455	63.3218955993652	1185.17114257812	0.642325222492218	59.8937072753906	1176.54284667969	0.791497707366943	47.6888465881348	1151.03308105469	-0.431797981262207	23.889310836792	1126.01489257812	-0.18010401725769	21.3964233398438	1120.05517578125	-5.34884166717529	-66.2997665405273	1145.41137695312	-4.78350877761841	-53.5813140869141	1165.04296875	-4.40102434158325	-35.3009719848633	1170.14880371094	-2.14023780822754	-6.20231533050537	1157.494140625	-1.83612644672394	8.27357959747314	1169.59924316406	-0.376732617616653	45.1537590026855	1177.37426757812	12.1796283721924	56.1746597290039	1183.3427734375	13.3820381164551	54.8153762817383	1184.37683105469	16.9245414733887	46.4636039733887	1184.86657714844	18.5831508636475	34.2123908996582	1186.107421875	14.2900152206421	7.94474220275879	1184.67993164062	8.5595293045044	1.73317539691925	1175.39367675781	4.94607067108154	46.7076454162598	1156.0693359375	2.1722400188446	22.2711391448975	1132.99462890625	15.616138458252	18.1525192260742	1122.74645996094	33.8222045898438	11.0377006530762	1135.11193847656	46.3322257995605	-9.43009757995605	1162.88171386719	35.3831596374512	-18.6422824859619	1162.52770996094	15.6145582199097	4.71883058547974	1153.29602050781	29.2814044952393	-37.2817420959473	1158.53454589844	12.8787832260132	-39.2548713684082	1168.60327148438	4.06998300552368	-45.9306335449219	1169.75720214844	4.42861986160278	-16.410701751709	1163.9580078125	-11.3727931976318	57.2714195251465	1183.080078125	-13.2195482254028	56.0385398864746	1183.84680175781	-17.4693489074707	47.3720932006836	1183.61755371094	-20.790454864502	36.1698379516602	1184.34790039062	-18.7677822113037	9.60013961791992	1183.50354003906	-13.3134708404541	2.93549346923828	1174.90148925781	-4.43863248825073	46.7113456726074	1154.88623046875	-4.14584922790527	21.8841762542725	1132.04260253906	-17.1281566619873	18.9673767089844	1122.13708496094	-34.9780387878418	13.969030380249	1133.23364257812	-50.3291397094727	-3.68906426429749	1161.24499511719	-39.5795707702637	-14.5030527114868	1160.88757324219	-18.4356822967529	5.85893964767456	1152.62707519531	-36.4460639953613	-34.7165260314941	1156.32971191406	-21.3994617462158	-36.9929695129395	1167.40026855469	-13.3125467300415	-44.6671028137207	1169.35974121094	-9.62160396575928	-16.1070690155029	1163.58544921875
PRI-10702	-2.715167760849	63.1049575805664	1185.40234375	-3.06168603897095	58.6068153381348	1178.54418945312	-2.62686705589294	45.6747932434082	1155.05017089844	-2.00548839569092	18.6804275512695	1126.42150878906	-1.84664285182953	15.4877319335938	1121.62927246094	-6.35590505599976	-76.8277816772461	1154.94763183594	-5.21019506454468	-57.1201629638672	1174.54309082031	-5.22380590438843	-40.1127014160156	1178.06237792969	-3.96629858016968	-13.2779970169067	1163.00695800781	-4.11572170257568	3.8101007938385	1173.5947265625	-3.29284644126892	44.9650268554688	1180.32373046875	9.64075565338135	55.761646270752	1185.59655761719	10.5824279785156	53.431640625	1187.54968261719	13.9644861221313	44.0403480529785	1188.49987792969	16.6812915802002	32.005313873291	1189.05615234375	14.1065835952759	4.54432010650635	1188.43395996094	8.44141578674316	-1.83451116085052	1180.25122070312	2.758633852005	44.0611305236816	1158.27307128906	0.741509854793549	18.1613540649414	1135.28918457031	15.8338346481323	12.2615413665771	1125.79614257812	32.9079475402832	5.62033605575562	1137.51110839844	45.8902893066406	-8.02847766876221	1166.43786621094	35.1259994506836	-23.6970596313477	1166.96264648438	13.0514307022095	-1.82597422599792	1157.90563964844	30.9645004272461	-43.1457138061523	1164.357421875	14.9486513137817	-44.076602935791	1174.9775390625	3.33881592750549	-51.9196968078613	1177.50427246094	5.11300754547119	-22.3477344512939	1169.74450683594	-15.3481426239014	56.6748542785645	1185.36291503906	-17.4509868621826	54.4679298400879	1185.77380371094	-21.1488132476807	45.563777923584	1187.54077148438	-23.7876949310303	33.7200660705566	1188.83850097656	-22.3602352142334	5.48666858673096	1187.71374511719	-16.7244987487793	-0.963296294212341	1179.46740722656	-8.34871006011963	43.6914520263672	1158.01037597656	-6.03415107727051	17.7317676544189	1135.20617675781	-20.0650959014893	13.5783452987671	1124.84777832031	-39.1929626464844	7.36261034011841	1136.85583496094	-53.8756370544434	-7.259934425354	1164.15954589844	-43.4440879821777	-21.6749305725098	1165.02905273438	-20.198823928833	0.217681705951691	1156.74353027344	-40.3668174743652	-41.8144226074219	1162.94201660156	-25.2808361053467	-43.4782333374023	1174.10314941406	-13.2885637283325	-50.9826431274414	1177.60217285156	-12.7836847305298	-21.5592994689941	1168.82897949219
PRI-10703	-1.8892560005188	57.7864418029785	1183.49072265625	-1.84273862838745	54.2753829956055	1175.89758300781	NA	NA	NA	-2.23360562324524	24.3129653930664	1127.23767089844	-2.12483644485474	22.0552825927734	1121.90930175781	-5.49387502670288	-70.5106658935547	1144.57092285156	-5.34829664230347	-52.9443473815918	1166.04211425781	-5.29287910461426	-35.3602867126465	1171.1201171875	-3.97957873344421	-6.78984880447388	1157.01281738281	-3.89467668533325	7.94185829162598	1169.541015625	-2.02508354187012	41.3753128051758	1176.44775390625	8.83437156677246	52.4303321838379	1183.05627441406	11.0636138916016	50.2405281066895	1183.20922851562	13.7691659927368	43.9496879577637	1182.43603515625	15.5614547729492	33.1250457763672	1183.91101074219	11.7464027404785	8.20069408416748	1182.32458496094	7.64333200454712	1.47363722324371	1175.99951171875	2.70550799369812	42.8253784179688	1155.68591308594	0.58824747800827	22.3754920959473	1133.14514160156	15.0369596481323	19.4487571716309	1125.09094238281	30.6262073516846	14.39439868927	1133.22045898438	43.1979370117188	-2.53374624252319	1161.81750488281	32.8985023498535	-17.7399139404297	1162.05383300781	10.7322273254395	3.16569113731384	1154.01745605469	28.3768424987793	-37.0153656005859	1157.73168945312	12.3565340042114	-38.7718467712402	1168.34985351562	2.82096147537231	-46.2240219116211	1169.66223144531	3.1338746547699	-15.5198783874512	1163.45141601562	-12.5677871704102	53.3018074035645	1182.28369140625	-15.3682718276978	51.2045745849609	1182.92443847656	-18.9310131072998	45.4874839782715	1181.39147949219	-21.7544097900391	33.687858581543	1183.36499023438	-19.7886123657227	9.1227970123291	1181.92736816406	-15.7909507751465	2.7682638168335	1176.71398925781	NA	NA	NA	-4.89357566833496	22.5999221801758	1132.81494140625	-20.1670188903809	19.3415756225586	1124.02001953125	-35.7051849365234	16.1938781738281	1133.53234863281	-49.9390830993652	0.103806436061859	1160.3564453125	-40.701831817627	-16.1617431640625	1160.81665039062	-18.2844085693359	4.79779100418091	1154.00744628906	-37.0877799987793	-35.5638847351074	1157.37109375	-21.9377288818359	-37.5682411193848	1168.9677734375	-12.5008726119995	-45.6216468811035	1168.80688476562	-11.676438331604	-14.7150249481201	1163.48962402344
PRI-10704	-2.59457755088806	58.5995864868164	1184.04309082031	-2.79225587844849	54.7129516601562	1176.18908691406	-1.91538751125336	44.5598373413086	1152.66967773438	-1.24264121055603	18.013542175293	1124.04321289062	-1.09940314292908	15.5931062698364	1119.53063964844	-1.00601351261139	-70.3730239868164	1148.71362304688	-1.93267607688904	-53.2622146606445	1167.95788574219	-2.45680785179138	-35.8434143066406	1170.03942871094	-1.57062220573425	-9.97028255462646	1157.32580566406	-1.82503509521484	6.47522020339966	1167.3349609375	-2.84054946899414	41.6736488342285	1175.78356933594	7.8652753829956	53.9357681274414	1183.67944335938	9.88689517974854	52.2834281921387	1183.70031738281	13.9721508026123	44.0380935668945	1185.26928710938	16.6906967163086	34.16162109375	1185.23425292969	15.6399765014648	7.00833177566528	1181.12634277344	10.6471433639526	0.393516510725021	1175.04516601562	3.16973638534546	42.6432914733887	1155.90002441406	1.57878255844116	17.8756885528564	1132.822265625	16.1467361450195	12.4346027374268	1124.08703613281	32.566722869873	8.1969165802002	1136.05932617188	46.1823272705078	-8.74559783935547	1160.77502441406	37.7272186279297	-21.1951599121094	1160.08776855469	13.1117067337036	0.653026223182678	1152.88317871094	29.1022415161133	-39.451847076416	1159.65563964844	15.9058332443237	-38.0733451843262	1169.03015136719	7.02242374420166	-46.0834503173828	1170.88293457031	6.34110689163208	-18.0475883483887	1163.34558105469	-14.3075523376465	54.0642280578613	1181.07116699219	-16.1895866394043	51.9104270935059	1181.32690429688	-19.7358512878418	43.3561325073242	1183.13928222656	-21.9835109710693	33.2403678894043	1182.4052734375	-19.0057926177979	5.06735467910767	1180.0302734375	-15.0537843704224	-0.936545193195343	1174.15734863281	-7.21825504302979	42.3068733215332	1155.89233398438	-4.07787704467773	17.2446823120117	1132.09790039062	-17.8402614593506	11.6169347763062	1122.88403320312	-34.1688003540039	9.1803388595581	1134.3330078125	-50.062313079834	-8.58340740203857	1158.79895019531	-40.4590377807617	-20.6707172393799	1158.37219238281	-16.8340530395508	2.55457997322083	1154.57104492188	-33.314525604248	-39.9057693481445	1157.76416015625	-19.4074630737305	-38.9394035339355	1167.96606445312	-10.6005458831787	-46.4716644287109	1170.00366210938	-10.2669982910156	-18.2859382629395	1162.94165039062
PRI-10705	-1.38336563110352	65.1523361206055	1195.51550292969	-1.46714019775391	60.5421867370605	1184.57092285156	-2.18559789657593	46.836353302002	1161.30114746094	-2.76983642578125	22.8841514587402	1136.74645996094	-2.80779552459717	19.988525390625	1132.75183105469	-7.76338005065918	-66.1259536743164	1159.98425292969	-6.82769823074341	-49.0685424804688	1180.32763671875	-6.07746696472168	-31.5233116149902	1184.90466308594	-4.1457781791687	-4.77168321609497	1172.65087890625	-3.5791585445404	10.9570770263672	1180.97131347656	-2.39284753799438	48.9332847595215	1187.34460449219	10.8846464157104	59.1115455627441	1192.71728515625	12.8761825561523	56.9326400756836	1194.0107421875	15.2797718048096	49.8111915588379	1195.87939453125	18.2938003540039	37.2469291687012	1194.76098632812	12.4276990890503	9.70856952667236	1192.8974609375	7.19830322265625	5.37095642089844	1188.35400390625	2.82772135734558	47.0563125610352	1166.89306640625	0.123211897909641	22.6089019775391	1144.37585449219	13.2843103408813	16.756872177124	1136.08984375	29.4007968902588	13.4350433349609	1147.42663574219	42.162712097168	-4.20137596130371	1175.359375	32.5242919921875	-15.3965425491333	1175.099609375	11.3650693893433	6.2692060470581	1167.21228027344	27.9496765136719	-34.7933006286621	1172.23693847656	13.5307579040527	-36.5891342163086	1183.07006835938	2.30003571510315	-41.8251571655273	1183.64758300781	3.25975584983826	-13.5133829116821	1178.60791015625	-13.5006008148193	60.0523376464844	1193.08825683594	-15.5700397491455	58.7058410644531	1193.49987792969	-19.6297359466553	50.4006729125977	1194.4228515625	-22.7461261749268	38.8751068115234	1194.43688964844	-19.7522830963135	10.97682762146	1192.32592773438	-15.3546123504639	6.4652943611145	1187.88916015625	-7.28868436813354	47.1881828308105	1165.83312988281	-6.29239177703857	22.4296474456787	1144.17443847656	-20.6411514282227	19.0685691833496	1136.18688964844	-36.0977249145508	16.4521713256836	1146.35290527344	-51.4511184692383	0.341751962900162	1174.51831054688	-42.1737518310547	-11.7935085296631	1174.91381835938	-19.8356685638428	8.21824264526367	1166.26721191406	-39.0263671875	-31.3165550231934	1172.05725097656	-24.5407752990723	-34.4510917663574	1182.51794433594	-15.3732719421387	-40.4162712097168	1183.91296386719	-13.1380004882812	-12.4917917251587	1177.87414550781
PRI-10710	0.27090135216713	58.2532005310059	1179.38684082031	0.178765535354614	54.128833770752	1172.33422851562	0.0701005682349205	44.0503387451172	1150.6826171875	-1.1433048248291	24.2941150665283	1125.18615722656	-1.32958006858826	21.8291778564453	1120.45849609375	-4.26155996322632	-61.6379661560059	1152.63037109375	-4.19925260543823	-42.3289222717285	1167.75915527344	-3.48269820213318	-26.6149158477783	1170.25769042969	-2.19685459136963	-3.42117476463318	1156.83569335938	-1.50171160697937	12.2908325195312	1168.20874023438	-0.0329978764057159	43.7554664611816	1173.59826660156	10.7149782180786	52.3353271484375	1177.57019042969	11.5177183151245	51.5628471374512	1178.24462890625	14.6282815933228	46.1864013671875	1179.78881835938	17.6196994781494	36.0550308227539	1181.13195800781	15.0673131942749	11.3938589096069	1179.39233398438	10.3046817779541	6.18882417678833	1172.82104492188	3.77541065216064	43.6807327270508	1155.07666015625	2.21241784095764	23.6466312408447	1134.62756347656	14.3082733154297	19.0844917297363	1124.88696289062	29.5246047973633	13.3847980499268	1136.45617675781	42.5477256774902	0.965732932090759	1159.71887207031	32.3143653869629	-10.650071144104	1159.64233398438	13.309178352356	6.54453563690186	1151.9638671875	27.1881084442139	-30.1006488800049	1156.92236328125	13.4336423873901	-31.7696437835693	1168.6494140625	4.41236543655396	-36.9116859436035	1170.54370117188	5.17041206359863	-9.20781230926514	1161.93786621094	-10.4829807281494	52.5856285095215	1178.00109863281	-11.4969816207886	51.8605880737305	1178.08178710938	-14.5304841995239	46.2864418029785	1179.9306640625	-18.0531349182129	36.9644508361816	1181.01953125	-16.6895580291748	11.8907194137573	1179.01135253906	-13.3347225189209	6.74632024765015	1172.82897949219	-4.39419031143188	43.9142875671387	1154.37231445312	-4.06861209869385	23.9415874481201	1134.12939453125	-17.1920623779297	20.4304904937744	1124.62768554688	-32.7195892333984	15.7584648132324	1136.24279785156	-46.4610328674316	2.42984104156494	1159.39233398438	-37.3952407836914	-8.44361305236816	1159.66809082031	-16.8053855895996	7.5918231010437	1151.15490722656	-33.5422515869141	-28.1465797424316	1156.95947265625	-21.0911426544189	-29.3108425140381	1168.73388671875	-11.3377323150635	-36.198917388916	1170.48315429688	-10.2800788879395	-8.60946655273438	1162.79565429688
PRI-10711	-0.927753508090973	56.3666458129883	1187.94970703125	-1.63268506526947	53.3764686584473	1179.93786621094	-2.62095928192139	43.8309936523438	1155.39636230469	-2.17379856109619	19.0602169036865	1128.83923339844	-2.41632032394409	15.4950342178345	1123.93786621094	-2.70193934440613	-72.1055603027344	1152.271484375	-2.68179607391357	-56.345329284668	1172.93395996094	-3.34017515182495	-39.7393913269043	1176.81848144531	-2.78480172157288	-12.5140333175659	1164.76477050781	-2.3342273235321	4.31510591506958	1173.82385253906	-1.37346172332764	41.4707870483398	1180.22961425781	10.8184947967529	51.599983215332	1185.71716308594	12.6412897109985	50.2513084411621	1185.6962890625	15.1652631759644	41.1506843566895	1187.3955078125	17.6082057952881	30.6303119659424	1188.11840820312	14.8346252441406	5.09916639328003	1187.06823730469	9.08093452453613	-1.04865837097168	1180.44506835938	3.63541674613953	42.4266319274902	1159.58837890625	1.29181206226349	18.8537368774414	1139.13415527344	15.1601409912109	12.5199413299561	1128.02404785156	32.095775604248	5.40014457702637	1137.98132324219	46.555118560791	-11.7447147369385	1163.78344726562	37.0857620239258	-21.1649360656738	1165.96630859375	13.1914072036743	0.251619726419449	1158.22338867188	29.7100410461426	-40.430248260498	1163.25158691406	15.4200077056885	-42.4546432495117	1174.52917480469	5.93727111816406	-49.5006217956543	1176.61791992188	5.60449981689453	-21.1819686889648	1169.71179199219	-13.9611320495605	51.6363487243652	1186.56103515625	-15.5935297012329	50.9247398376465	1186.78515625	-18.6578407287598	41.6002197265625	1187.4052734375	-21.1404628753662	31.2152194976807	1187.884765625	-19.3881397247314	5.46846008300781	1187.03063964844	-13.8580121994019	-1.14364671707153	1180.27380371094	-7.84237289428711	42.5136985778809	1159.49951171875	-5.47754526138306	18.5068683624268	1137.642578125	-19.403003692627	14.1364822387695	1127.63745117188	-38.2758522033691	8.33595848083496	1140.212890625	-52.296875	-9.19460582733154	1164.35412597656	-41.3518333435059	-20.1300487518311	1166.02624511719	-18.8455543518066	0.0335762165486813	1158.77868652344	-35.843864440918	-40.2714767456055	1163.13427734375	-20.7170543670654	-42.6469764709473	1174.64733886719	-11.2373132705688	-49.5565452575684	1176.4716796875	-10.7258405685425	-20.8604679107666	1170.58020019531
PRI-10712	-0.604681849479675	54.9504928588867	1183.52893066406	-1.13365912437439	49.5373077392578	1173.96801757812	-2.99951076507568	41.6713981628418	1149.40197753906	-2.56113123893738	19.1293964385986	1124.76452636719	-2.6040210723877	17.0582141876221	1120.53295898438	-6.33518266677856	-67.0057601928711	1151.72277832031	-5.08681964874268	-47.4051094055176	1168.87829589844	-4.74320840835571	-33.2588882446289	1172.72033691406	-3.75368285179138	-9.33140087127686	1160.791015625	-3.21650505065918	8.07978248596191	1169.0302734375	-1.32635354995728	40.7831497192383	1176.72412109375	9.4654483795166	49.6865196228027	1181.45422363281	10.6642007827759	48.7467727661133	1181.69592285156	14.5835828781128	43.6044273376465	1183.3662109375	17.3319988250732	33.0146827697754	1183.76159667969	13.7562875747681	7.79474973678589	1182.76928710938	8.46618175506592	0.164782539010048	1176.43615722656	2.13732409477234	38.8999137878418	1153.54943847656	0.42376059293747	17.7555274963379	1133.18969726562	13.5147666931152	13.7964458465576	1124.35693359375	28.5938758850098	9.54851245880127	1133.56567382812	42.0553321838379	-7.1439208984375	1157.19995117188	34.066822052002	-20.3443641662598	1160.45458984375	12.2814350128174	2.23334240913391	1154.84033203125	24.6665019989014	-37.1664924621582	1158.39868164062	12.2841606140137	-37.1366081237793	1170.08874511719	2.70935940742493	-42.3846244812012	1171.91796875	3.52264356613159	-15.3307886123657	1165.10498046875	-11.4813718795776	50.5687484741211	1181.29833984375	-12.9694843292236	49.5378646850586	1181.50415039062	-16.6608238220215	44.8177719116211	1183.08166503906	-20.4743137359619	34.5710639953613	1184.1796875	-20.0580883026123	9.64370727539062	1182.82263183594	-15.0776214599609	1.07727956771851	1176.4296875	-6.50968933105469	39.7474555969238	1153.57824707031	-5.66494798660278	17.6840782165527	1133.04553222656	-18.4403324127197	15.2705898284912	1123.80541992188	-33.6320457458496	12.2703876495361	1133.67309570312	-48.7698707580566	-2.0847795009613	1156.87072753906	-42.0335845947266	-17.2869720458984	1160.732421875	-18.2126884460449	3.52633571624756	1154.50122070312	-34.9776039123535	-35.239070892334	1157.783203125	-21.3681259155273	-35.7402648925781	1170.41442871094	-12.6340007781982	-41.7667808532715	1171.34973144531	-11.149040222168	-15.111795425415	1165.37915039062
PRI-10713	-1.0377424955368	61.7160758972168	1175.46936035156	-1.53553605079651	55.3099784851074	1168.74426269531	-2.004478931427	39.1646499633789	1141.35949707031	-2.46116089820862	14.064398765564	1117.46655273438	-2.58951687812805	10.5400581359863	1112.15075683594	-6.8496241569519	-74.773551940918	1152.06274414062	-5.52119493484497	-56.0584106445312	1169.76123046875	-5.3081750869751	-36.676399230957	1171	-2.98502802848816	-11.7376642227173	1156.10266113281	-3.07039856910706	6.10384750366211	1164.623046875	NA	NA	NA	10.7503871917725	55.5797538757324	1174.92102050781	13.5745658874512	52.8839416503906	1176.08068847656	15.9695539474487	45.9815254211426	1175.75915527344	18.7416706085205	34.7977561950684	1177.47387695312	NA	NA	NA	9.71011447906494	0.030321629717946	1171.87878417969	3.27507972717285	39.7009811401367	1147.77770996094	1.04963111877441	13.6918487548828	1126.59130859375	13.9513235092163	8.89337348937988	1117.30395507812	30.4526329040527	4.94713115692139	1126.99816894531	46.6017951965332	-8.99626159667969	1157.59118652344	35.3997573852539	-22.4173202514648	1160.41467285156	13.0691719055176	-2.32459568977356	1148.27624511719	29.0359210968018	-42.5563011169434	1161.91638183594	12.8248319625854	-40.1654014587402	1168.78918457031	3.13803744316101	-46.6457939147949	1172.162109375	4.43629312515259	-19.3741149902344	1161.25073242188	-13.1968307495117	57.1239395141602	1175.73132324219	-15.9570360183716	54.4145851135254	1177.1279296875	-18.83056640625	48.186149597168	1176.79150390625	-21.6538829803467	36.9751281738281	1178.18579101562	-20.8955497741699	10.6082916259766	1179.2529296875	-17.0817070007324	1.73210680484772	1172.72094726562	-6.91168975830078	38.5786247253418	1146.56787109375	-5.57605886459351	14.276180267334	1126.0478515625	-19.5062141418457	10.0194244384766	1116.45532226562	-35.465461730957	7.85948705673218	1126.90161132812	-51.4854431152344	-4.43870782852173	1155.71337890625	-42.9960556030273	-19.2048091888428	1160.27722167969	-18.4783554077148	0.440427035093307	1148.71472167969	-38.7847633361816	-40.0519256591797	1160.75024414062	-21.4594478607178	-39.2516746520996	1169.01770019531	-13.6794662475586	-45.4751396179199	1171.55310058594	-12.3467092514038	-18.4485034942627	1161.52258300781
PRI-10716	1.2126077413559	65.1200561523438	1201.21276855469	0.363394320011139	61.0727272033691	1192.69189453125	-0.513766944408417	49.0849456787109	1171.0732421875	-1.22410941123962	23.9690227508545	1145.8447265625	-1.29106140136719	21.4126472473145	1141.14770507812	-4.91590547561646	-62.8085289001465	1172.78698730469	-3.00858330726624	-45.4210205078125	1193.65490722656	-3.80085110664368	-28.7731552124023	1195.169921875	-3.15355706214905	-1.52171552181244	1179.27575683594	-2.13548469543457	12.9109706878662	1189.12634277344	0.18464894592762	49.1513557434082	1194.44030761719	12.0117998123169	59.9647331237793	1197.85412597656	13.8681478500366	58.4203910827637	1198.97253417969	16.9127063751221	50.3211784362793	1199.68078613281	18.8267250061035	39.5629653930664	1201.57922363281	16.3387908935547	14.4820775985718	1200.97961425781	10.2974987030029	7.39660358428955	1195.02600097656	4.58832311630249	48.735107421875	1174.83227539062	1.47759675979614	23.8285636901855	1152.97033691406	14.4359397888184	18.2315731048584	1142.94348144531	29.8449554443359	13.1240797042847	1152.29467773438	44.3684272766113	-3.0831618309021	1178.9599609375	34.937198638916	-13.8529853820801	1180.205078125	12.4547033309937	6.72435283660889	1173.728515625	27.7878799438477	-32.0447463989258	1180.09631347656	16.0218944549561	-32.6188774108887	1191.93347167969	5.51690053939819	-38.4154510498047	1195.76110839844	5.68595933914185	-10.6717262268066	1186.40319824219	-10.6137027740479	61.1173896789551	1198.33862304688	-11.3439025878906	59.9215698242188	1198.75866699219	-16.3243846893311	51.6328010559082	1200.70556640625	-19.2878494262695	41.4005737304688	1202.57189941406	-19.0159912109375	15.8049802780151	1201.857421875	-14.6252660751343	8.09228610992432	1195.76000976562	-5.83719444274902	48.5459327697754	1175.00549316406	-3.96949696540833	23.9395542144775	1153.41772460938	-17.7888202667236	19.852388381958	1142.24792480469	-32.9131927490234	15.9713449478149	1152.34313964844	-49.1421318054199	1.68859004974365	1181.90991210938	-39.2813720703125	-10.9683933258057	1182.8662109375	-17.15869140625	8.54854011535645	1174.57177734375	-36.1218376159668	-31.1655044555664	1181.84729003906	-23.5536594390869	-30.9480934143066	1193.85278320312	-12.6371650695801	-37.8398742675781	1196.90454101562	-11.4470672607422	-10.666995048523	1186.99462890625
PRI-10722	-4.2950234413147	66.5249328613281	1180.32934570312	-4.20328426361084	59.965145111084	1169.68859863281	-4.28392171859741	47.3977088928223	1146.048828125	-4.61341667175293	20.9796123504639	1119.87963867188	-4.69354438781738	17.2524509429932	1115.52648925781	-5.10246133804321	-65.2275695800781	1155.41137695312	-5.88574266433716	-44.3224487304688	1171.71643066406	-6.33059072494507	-27.3532333374023	1172.39868164062	-5.59350633621216	-3.7015585899353	1156.80798339844	-5.52399635314941	11.6880149841309	1167.43334960938	-4.23805952072144	48.0670776367188	1172.64880371094	7.24066352844238	61.3984603881836	1177.43273925781	7.67903232574463	61.1578674316406	1177.89794921875	13.4880247116089	52.8384742736816	1179.36437988281	16.1273498535156	42.091064453125	1180.85717773438	12.7940807342529	15.2315683364868	1180.1611328125	7.56288766860962	7.35975885391235	1175.12316894531	0.327168464660645	45.8414611816406	1149.25952148438	-1.29275178909302	20.7467937469482	1128.86193847656	12.9071102142334	14.8148365020752	1118.94873046875	30.2372341156006	8.77236843109131	1130.89392089844	45.4109497070312	-2.10623931884766	1161.12561035156	35.264533996582	-13.9718904495239	1160.27294921875	11.5669889450073	7.90648603439331	1151.41455078125	26.7451667785645	-33.578067779541	1161.72521972656	12.1376829147339	-30.1333026885986	1171.38171386719	1.74367427825928	-36.9219741821289	1174.12097167969	2.44481754302979	-9.50018978118896	1162.54370117188	-15.7892084121704	61.7697601318359	1176.40393066406	-16.2596664428711	60.9811630249023	1176.21459960938	-22.028881072998	52.6501159667969	1178.7109375	-24.9567165374756	41.6340408325195	1180.20544433594	-23.0160655975342	15.2233476638794	1179.36096191406	-18.3058662414551	7.18916940689087	1174.63684082031	-9.43797302246094	47.5953903198242	1149.61169433594	-8.17294025421143	21.4733715057373	1128.75927734375	-22.4375438690186	14.9171543121338	1118.40759277344	-40.0855598449707	9.29275321960449	1130.96716308594	-54.8708076477051	-0.874314308166504	1161.79809570312	-44.2264060974121	-12.4612379074097	1160.49682617188	-21.5376873016357	7.61680603027344	1150.39904785156	-38.8353462219238	-33.2764625549316	1161.86853027344	-21.715482711792	-30.4207134246826	1170.51159667969	-13.6972770690918	-37.5587882995605	1173.77880859375	-13.1357564926147	-9.66519355773926	1162.17529296875
PRI-10723	1.61275291442871	58.3134269714355	1172.60107421875	1.65123891830444	53.0404777526855	1161.31958007812	0.722906649112701	43.9958648681641	1140.82458496094	-0.492621004581451	23.3405933380127	1117.66125488281	-0.68174010515213	20.9157752990723	1113.33764648438	-1.17219030857086	-61.5425872802734	1147.40563964844	-1.2596161365509	-45.8038063049316	1165.19604492188	-1.33061540126801	-31.0599842071533	1167.61767578125	-1.58507966995239	-4.66557836532593	1154.4892578125	-0.545156538486481	11.3874750137329	1160.72497558594	1.18038427829742	44.3144721984863	1165.33654785156	12.2133083343506	51.7495651245117	1170.67932128906	13.028657913208	50.7069854736328	1171.46350097656	15.7301349639893	45.9100189208984	1172.47412109375	19.1298694610596	35.1956024169922	1173.57214355469	16.9526824951172	9.53391551971436	1172.61145019531	11.5608978271484	5.6201229095459	1167.52783203125	5.77499485015869	43.3557548522949	1144.48120117188	3.19170498847961	22.4170608520508	1125.595703125	15.5003385543823	16.6146183013916	1117.58020019531	30.6826820373535	12.2031888961792	1128.6943359375	43.4480094909668	-1.74380993843079	1151.74963378906	34.437873840332	-12.8483963012695	1154.19506835938	13.4139280319214	6.06594228744507	1147.69262695312	28.0491123199463	-31.5041561126709	1153.19799804688	14.7846164703369	-32.542552947998	1165.12414550781	6.39904737472534	-39.8644714355469	1167.21350097656	6.11178159713745	-12.371506690979	1160.31066894531	-9.66118240356445	52.3670539855957	1170.69567871094	-10.7346315383911	51.3545112609863	1171.29528808594	-13.5410537719727	46.6752319335938	1172.51013183594	-17.5029716491699	36.8215141296387	1173.52062988281	-17.5634059906006	11.0532140731812	1173.41369628906	-12.1605558395386	5.51925134658813	1167.67883300781	-4.02979850769043	44.1808166503906	1144.12634277344	-4.13853454589844	22.3060302734375	1125.27905273438	-17.6407566070557	17.8533897399902	1116.92834472656	-31.8987560272217	12.0588436126709	1127.78186035156	-44.220027923584	-1.19670557975769	1153.44030761719	-35.8339004516602	-13.2643280029297	1155.98718261719	-15.7732028961182	6.02933216094971	1147.13745117188	-30.3753108978271	-33.1350631713867	1154.84533691406	-16.57177734375	-33.2012023925781	1166.74267578125	-8.81578254699707	-40.4318809509277	1167.29272460938	-8.03193855285645	-12.7360210418701	1160.86364746094
PRI-10724	-0.716199517250061	60.6799430847168	1157.51879882812	-1.20404851436615	55.2718124389648	1150.58288574219	-1.28808438777924	42.8638648986816	1132.83581542969	-2.74400758743286	19.1786289215088	1113.88891601562	-3.02037692070007	16.4636039733887	1109.86645507812	-9.72477436065674	-60.6744766235352	1154.06860351562	-7.6342306137085	-40.0484886169434	1167.72302246094	-6.87390375137329	-21.7833957672119	1168.32214355469	-5.18211793899536	0.315752476453781	1149.65881347656	-3.81609177589417	15.3832321166992	1156.62023925781	-1.92230808734894	46.2625007629395	1154.90893554688	8.94491958618164	53.9663276672363	1157.86157226562	9.97300910949707	53.4773139953613	1158.5498046875	12.8502788543701	49.7221260070801	1160.43737792969	15.8246440887451	39.6106224060059	1164.22644042969	12.8693838119507	14.9279155731201	1167.29113769531	7.68334007263184	9.8999719619751	1163.7666015625	2.96294641494751	42.8151817321777	1136.77966308594	-0.339676350355148	19.1899375915527	1120.63049316406	12.538215637207	12.3292865753174	1112.85327148438	26.6509227752686	9.361572265625	1123.39501953125	38.0410499572754	-0.966538846492767	1152.45263671875	29.9749317169189	-10.0158920288086	1153.17150878906	10.207667350769	7.15297508239746	1143.50500488281	23.6597919464111	-28.4991836547852	1156.09936523438	9.8180103302002	-25.2922592163086	1166.83959960938	0.948623239994049	-30.6682033538818	1169.55053710938	0.923720836639404	-7.09766149520874	1157.00024414062	-11.8282299041748	55.3602981567383	1156.98120117188	-12.5355520248413	54.3879013061523	1157.45568847656	-15.9978895187378	50.6461029052734	1159.56689453125	-20.4273910522461	40.7602920532227	1163.57165527344	-19.1189994812012	15.1502265930176	1167.44458007812	-15.0869674682617	10.8424844741821	1163.75720214844	-5.45035123825073	43.2866287231445	1136.22668457031	-5.38111591339111	19.2975673675537	1120.67468261719	-18.1547412872314	14.2229137420654	1112.59375	-33.936351776123	12.9549217224121	1123.45849609375	-46.4910697937012	3.2263605594635	1151.55932617188	-38.4288635253906	-5.70299005508423	1153.76086425781	-18.4355850219727	9.31361865997314	1143.71801757812	-36.5833854675293	-25.310884475708	1156.64343261719	-23.2489147186279	-23.096363067627	1167.65832519531	-15.318696975708	-29.6476345062256	1169.60961914062	-12.0942697525024	-6.202965259552	1157.20520019531
PRI-10726	-1.99110794067383	55.3581390380859	1186.32788085938	-1.72341513633728	51.6562805175781	1177.439453125	-2.66688680648804	43.5665550231934	1156.07189941406	-2.91002678871155	19.3293476104736	1133.634765625	-2.98257184028625	17.2632255554199	1129.25329589844	-7.49577522277832	-64.5862121582031	1161.1787109375	-6.71709489822388	-48.4276428222656	1177.72448730469	-6.05331754684448	-30.9431610107422	1180.88745117188	-4.64849758148193	-6.35648393630981	1167.52978515625	-3.43740463256836	9.38525390625	1175.65222167969	-2.163409948349	41.8200073242188	1179.12768554688	9.45944499969482	49.9940490722656	1183.77355957031	9.82136154174805	49.2951927185059	1184.14599609375	12.9632110595703	44.5059242248535	1186.04541015625	15.4990653991699	34.6032524108887	1187.78967285156	12.6547660827637	10.6914577484131	1188.32385253906	6.50802850723267	3.7325279712677	1182.43798828125	2.48418569564819	39.5626220703125	1158.27307128906	-0.102598637342453	18.2072353363037	1140.75256347656	12.6011066436768	12.6689701080322	1132.43200683594	27.6403636932373	8.36930561065674	1143.53771972656	40.4849166870117	-6.55353927612305	1168.39990234375	32.6449775695801	-18.511791229248	1170.18383789062	10.9489345550537	1.7633740901947	1160.71655273438	24.4983654022217	-34.5466194152832	1167.65283203125	10.4431190490723	-33.9515380859375	1178.66711425781	1.86740076541901	-40.3088607788086	1180.85607910156	2.09090518951416	-14.9389266967773	1173.98413085938	-13.1759634017944	50.6896781921387	1184.35607910156	-14.1123552322388	49.9096908569336	1184.38195800781	-17.36789894104	45.4402923583984	1185.41870117188	-20.5232906341553	35.463321685791	1187.91027832031	-19.2209243774414	11.625955581665	1188.61047363281	-13.9856472015381	4.78234910964966	1182.02746582031	-7.27452421188354	41.6124801635742	1158.66125488281	-6.08124399185181	18.4964408874512	1139.93151855469	-18.7122821807861	14.2733745574951	1132.44689941406	-34.6562728881836	11.7521419525146	1141.72241210938	-49.0359497070312	-3.52599906921387	1168.35534667969	-41.0198097229004	-14.5961332321167	1169.52197265625	-20.1836814880371	4.28958129882812	1161.37158203125	-36.0312728881836	-31.4152145385742	1167.73071289062	-21.7894897460938	-32.2855758666992	1179.02160644531	-13.8969831466675	-40.1748313903809	1180.47216796875	-11.8438425064087	-14.5457391738892	1174.35119628906
PRI-10727	-0.885059773921967	53.3972663879395	1186.66979980469	-0.726638436317444	49.2355766296387	1179.57116699219	-2.09008455276489	40.5259399414062	1157.03674316406	-2.90484261512756	19.4592628479004	1130.21008300781	-3.13534545898438	17.1543140411377	1125.96105957031	-3.38861083984375	-66.4000549316406	1157.43664550781	-3.06129455566406	-49.762939453125	1172.5908203125	-3.42334699630737	-32.6105995178223	1177.16491699219	-2.17441272735596	-7.59284543991089	1165.6796875	-1.32257032394409	9.21739673614502	1176.02746582031	-1.04747915267944	38.8088111877441	1181.13269042969	9.69818782806396	47.3136787414551	1184.83862304688	10.440505027771	46.6429176330566	1185.55187988281	13.927170753479	41.9396934509277	1187.7314453125	18.1511344909668	31.5288066864014	1188.73876953125	16.4097805023193	6.54867506027222	1188.12084960938	10.4150543212891	1.1066666841507	1181.52661132812	2.9645676612854	38.4109954833984	1160.66760253906	-0.00738646881654859	18.9585418701172	1139.89208984375	13.3027620315552	14.8750066757202	1129.71948242188	29.8513088226318	9.63810062408447	1140.77893066406	43.1893196105957	-6.05984830856323	1165.67504882812	34.7947807312012	-16.2648105621338	1165.82202148438	12.8059539794922	3.36876702308655	1159.38049316406	28.5450973510742	-34.4253692626953	1162.58947753906	13.9907569885254	-34.6039695739746	1174.84484863281	5.34319257736206	-42.0346488952637	1176.54333496094	4.85562562942505	-14.6994009017944	1171.35852050781	-11.4978532791138	47.1534690856934	1185.35412597656	-12.6820602416992	45.9768714904785	1186.67395019531	-16.0392589569092	41.408332824707	1188.13952636719	-20.567361831665	31.0444889068604	1189.94543457031	-19.4859428405762	5.70629262924194	1188.609375	-13.8323698043823	0.90094006061554	1182.79809570312	-6.28992986679077	39.179515838623	1161.60229492188	-5.5513072013855	18.4805488586426	1138.85729980469	-19.3432884216309	15.7354068756104	1129.93530273438	-35.6767959594727	10.5304908752441	1143.84985351562	-47.8059349060059	-7.82945251464844	1169.28442382812	-37.9194831848145	-15.4731664657593	1168.97998046875	-18.618595123291	2.99916911125183	1160.05053710938	-33.9399375915527	-34.2767677307129	1165.10864257812	-20.3834915161133	-35.9696388244629	1176.4189453125	-10.1196937561035	-42.3691368103027	1177.044921875	-9.58770275115967	-15.219841003418	1171.27465820312
PRI-10729	0.665504217147827	71.5182037353516	1121.40673828125	0.542552947998047	65.9392776489258	1112.29406738281	NA	NA	NA	-0.318307995796204	30.9095916748047	1060.02233886719	-0.387272387742996	27.5992126464844	1054.90844726562	-4.89490079879761	-58.3786087036133	1079.03308105469	-5.15411043167114	-42.0950355529785	1103.12414550781	-4.48333644866943	-25.0208435058594	1106.80737304688	-3.39199090003967	0.4377221763134	1093.80932617188	-2.06730890274048	18.1149024963379	1105.76782226562	-0.208435609936714	54.6959381103516	1114.94897460938	11.8648481369019	65.9711837768555	1119.91320800781	13.5607137680054	64.6799926757812	1120.17114257812	16.5124397277832	55.1726303100586	1122.32263183594	18.5280685424805	44.7150382995605	1123.25268554688	14.7931814193726	19.262228012085	1120.005859375	8.66897296905518	11.1131954193115	1111.19006347656	5.88979721069336	53.7442817687988	1093.15014648438	2.89141631126404	30.4371185302734	1068.65942382812	18.2313652038574	24.0094795227051	1058.63708496094	33.5618667602539	17.925838470459	1068.35217285156	44.8744773864746	3.0991575717926	1092.74426269531	35.9820899963379	-8.49557971954346	1093.30981445312	14.0149736404419	10.829815864563	1086.38891601562	26.8748893737793	-27.8663787841797	1091.23376464844	12.9853258132935	-28.832727432251	1103.90319824219	3.44877672195435	-36.8193397521973	1105.93591308594	3.76343297958374	-7.66362190246582	1098.75390625	-11.6108961105347	67.4423522949219	1119.77233886719	-13.2960910797119	66.2238082885742	1120.14575195312	-16.9138164520264	57.4951820373535	1122.01831054688	-20.1541633605957	47.2143821716309	1122.61877441406	-20.0164203643799	21.0880374908447	1119.81494140625	-14.9961595535278	12.2457656860352	1111.15808105469	-5.10251665115356	54.0999717712402	1091.75952148438	-3.53721570968628	30.4896392822266	1068.34631347656	-18.0381450653076	27.7197761535645	1058.82653808594	-35.8957443237305	22.0727500915527	1068.02893066406	-49.701961517334	5.20033740997314	1094.26684570312	-41.9288177490234	-5.87837982177734	1093.90649414062	-19.178186416626	11.6021337509155	1086.41394042969	-37.5201301574707	-28.2647819519043	1091.24694824219	-21.4391479492188	-28.0243167877197	1104.44775390625	-12.9340124130249	-36.2256965637207	1106.37512207031	-11.981068611145	-7.68403625488281	1099.13256835938
PRI-10731	-0.133953675627708	67.8377838134766	1115.9931640625	-0.500769734382629	60.8066596984863	1106.77807617188	-0.644529342651367	46.7294044494629	1085.13037109375	-1.50364947319031	27.6362266540527	1059.93237304688	-1.51396560668945	25.4940223693848	1054.84753417969	-7.2030520439148	-58.1216926574707	1081.8388671875	-5.54630661010742	-42.9042091369629	1103.74182128906	-4.6851806640625	-27.755558013916	1106.07971191406	-2.98247599601746	-0.206619128584862	1094.08911132812	-2.60224676132202	14.2012147903442	1104.72717285156	-1.19577729701996	50.8376655578613	1110.16088867188	11.0739459991455	61.8047142028809	1115.68432617188	13.548264503479	58.9168128967285	1115.36340332031	16.6309375762939	50.4801445007324	1116.74645996094	19.6900634765625	38.5209121704102	1116.67626953125	14.8282585144043	12.3444061279297	1116.01330566406	9.29699039459229	6.86599683761597	1109.90979003906	3.92644190788269	48.1187210083008	1090.57434082031	1.63739693164825	26.2041835784912	1067.72326660156	14.1079759597778	22.5664749145508	1057.90441894531	31.7593898773193	16.7957611083984	1068.87902832031	45.8556442260742	-2.27059984207153	1096.38000488281	35.1431694030762	-14.1572227478027	1095.8447265625	12.7740716934204	9.46377372741699	1088.3603515625	27.2438831329346	-32.2547149658203	1093.69018554688	13.7353897094727	-30.9274749755859	1104.36303710938	3.36590361595154	-37.2223815917969	1106.32653808594	4.35630702972412	-9.87497711181641	1099.12377929688	-12.1685361862183	63.0241508483887	1114.52685546875	-14.3488855361938	59.9136581420898	1114.931640625	-18.3849716186523	52.1378135681152	1116.88146972656	-22.4381618499756	39.8883857727051	1116.8076171875	-19.8562355041504	14.1176853179932	1115.28881835938	-14.4859390258789	8.72717475891113	1109.66198730469	-6.19566202163696	48.2563705444336	1089.76257324219	-4.97066688537598	26.0110759735107	1068.04675292969	-18.585334777832	24.2756423950195	1058.70715332031	-35.9697647094727	20.7253093719482	1069.34509277344	-50.9513244628906	3.92709994316101	1095.14709472656	-42.3654861450195	-9.9036111831665	1096.19567871094	-17.8484058380127	11.2989091873169	1088.42736816406	-36.4580535888672	-28.0181694030762	1093.18505859375	-22.2389736175537	-29.3851833343506	1104.7607421875	-12.9587078094482	-36.5205497741699	1106.23608398438	-11.7816114425659	-9.64525890350342	1099.85070800781
PRI-10732	-2.33723258972168	69.3847579956055	1112.75842285156	-2.82514882087708	65.0247497558594	1104.12182617188	-2.09621453285217	50.3264045715332	1078.42138671875	-1.04152584075928	24.0582046508789	1051.17797851562	-0.912425398826599	19.7584819793701	1046.35888671875	-0.364373832941055	-62.7975044250488	1077.68273925781	-1.07753229141235	-47.7989234924316	1100.11560058594	-1.54595828056335	-30.7622852325439	1103.04699707031	-1.4235098361969	-4.20464658737183	1090.87072753906	-1.91615879535675	13.7703905105591	1099.42919921875	-2.44957423210144	51.3600425720215	1104.7353515625	8.65420436859131	64.492057800293	1111.70886230469	12.6152572631836	60.4489440917969	1113.09191894531	15.2089519500732	55.0800895690918	1113.93835449219	17.3853130340576	44.417781829834	1113.146484375	16.3479328155518	17.0955295562744	1113.86730957031	10.4600877761841	6.88238048553467	1107.05932617188	2.90682864189148	51.655143737793	1085.00231933594	2.15543413162231	25.0778980255127	1061.60485839844	17.2574806213379	18.7714805603027	1052.97595214844	31.8999633789062	17.4778919219971	1060.94519042969	49.2669372558594	-0.487253427505493	1093.14611816406	37.3064231872559	-12.297966003418	1093.23071289062	13.6797046661377	7.3940691947937	1084.39294433594	32.8994445800781	-31.05295753479	1090.48059082031	15.7856197357178	-33.3796920776367	1100.72583007812	6.5653018951416	-40.6728935241699	1103.23229980469	5.82082986831665	-11.0012626647949	1094.826171875	-14.1137762069702	64.2837982177734	1111.93896484375	-17.6956729888916	61.0117149353027	1112.94860839844	-20.1894645690918	54.6668930053711	1112.69494628906	-21.8546371459961	43.0834999084473	1113.15795898438	-20.706485748291	16.6222457885742	1113.91796875	-15.1866588592529	6.62283182144165	1106.71142578125	-7.4918966293335	51.6517295837402	1085.31066894531	-4.50876426696777	25.1976871490479	1061.43920898438	-18.7100925445557	20.1428527832031	1052.79748535156	-35.9374313354492	17.2058410644531	1062.48974609375	-50.8551902770996	-1.5662350654602	1090.96411132812	-40.2593154907227	-13.1079683303833	1092.24914550781	-17.6239681243896	9.2213249206543	1083.95837402344	-35.0787162780762	-32.3429641723633	1090.08752441406	-18.74436378479	-33.4642562866211	1100.72692871094	-8.96478462219238	-40.1459884643555	1102.95141601562	-9.20634460449219	-11.117504119873	1095.24926757812
PRI-10734	-2.62242031097412	71.5603942871094	1110.41979980469	-2.55175304412842	67.4379196166992	1100.92834472656	-2.77318096160889	56.5918159484863	1075.57702636719	-1.92592906951904	26.8149185180664	1046.56628417969	-1.81092774868011	22.5770969390869	1040.49609375	-4.82487726211548	-64.4019470214844	1075.15051269531	-3.21121692657471	-46.9053230285645	1095.36560058594	-2.81921792030334	-27.7320880889893	1100.16748046875	-2.59559321403503	-2.36498689651489	1084.27709960938	-2.14774584770203	17.3107051849365	1094.5068359375	-1.78962826728821	55.6213684082031	1101.83422851562	8.31509113311768	66.210693359375	1106.99829101562	11.5018835067749	63.9081535339355	1107.3203125	15.0441217422485	56.8172721862793	1108.74694824219	17.4183597564697	44.8916320800781	1109.24377441406	15.7899780273438	19.8104228973389	1108.08422851562	10.1209869384766	11.1602869033813	1101.07739257812	2.62529468536377	53.6216621398926	1079.45532226562	0.822625637054443	26.8647937774658	1055.23132324219	14.4742956161499	19.9673480987549	1045.72277832031	31.7732372283936	15.0909719467163	1058.05700683594	47.4467430114746	1.31012201309204	1083.8251953125	38.6025276184082	-12.8644237518311	1086.47412109375	12.3701219558716	7.59936141967773	1076.62939453125	30.2758445739746	-32.2195053100586	1086.44018554688	14.7787199020386	-30.522159576416	1097.8046875	4.47649765014648	-37.915111541748	1099.44067382812	5.43710899353027	-8.38940048217773	1090.08959960938	-13.9478120803833	64.3342437744141	1107.72412109375	-17.6196365356445	62.0936546325684	1109.32849121094	-18.6636543273926	54.8795280456543	1111.96508789062	-21.9548282623291	43.7171058654785	1109.51306152344	-19.3248615264893	18.8458671569824	1107.86364746094	-14.5716218948364	11.0988626480103	1101.22045898438	-7.27011394500732	53.3225746154785	1079.75061035156	-4.93165636062622	27.0097503662109	1055.02197265625	-19.0547332763672	20.5756053924561	1045.50463867188	-36.3655204772949	15.8101778030396	1057.84729003906	-51.4778251647949	2.75611877441406	1085.58020019531	-43.3233451843262	-10.8483419418335	1085.95544433594	-18.5107078552246	9.37949371337891	1076.55126953125	-36.4375	-31.6058712005615	1086.00390625	-19.5904159545898	-28.9644527435303	1096.93823242188	-11.0692682266235	-37.7298393249512	1099.42333984375	-10.7546672821045	-8.4632682800293	1090.18493652344
PRI-10736	-2.40479040145874	67.0374069213867	1125.54162597656	-2.43574142456055	61.0398712158203	1116.71398925781	-2.13364624977112	47.2101249694824	1093.2841796875	-0.753209233283997	22.4505500793457	1066.00463867188	-0.566189408302307	18.8612194061279	1060.40026855469	-2.58213472366333	-68.2118072509766	1092.4541015625	-2.04324841499329	-51.3546600341797	1111.373046875	-2.35530185699463	-33.1807327270508	1115.73522949219	-2.52335596084595	-7.15091419219971	1102.09375	-2.59814310073853	10.2987756729126	1111.70397949219	-1.82665145397186	48.4554710388184	1118.21911621094	9.7119836807251	60.902717590332	1122.67541503906	11.4503898620605	59.0764045715332	1122.47595214844	15.835488319397	49.9931755065918	1123.5068359375	18.3674011230469	38.1635818481445	1125.603515625	15.1767911911011	11.6560764312744	1124.50646972656	10.0270023345947	5.10412931442261	1118.96875	3.32665801048279	46.1774826049805	1097.07763671875	2.03106045722961	21.9586162567139	1072.81005859375	16.1363143920898	17.4328060150146	1065.16064453125	33.554744720459	13.1687259674072	1076.28771972656	47.1243476867676	-5.34862089157104	1104.73657226562	35.9793472290039	-16.7841320037842	1103.25769042969	12.9827632904053	5.22067594528198	1096.40246582031	31.3941707611084	-37.3415756225586	1101.88403320312	13.549412727356	-36.4019775390625	1113.07055664062	6.54199695587158	-43.2080039978027	1116.04895019531	4.86344623565674	-13.584620475769	1108.30041503906	-14.3999071121216	60.2404975891113	1122.61450195312	-15.5655012130737	58.3574829101562	1123.07678222656	-20.6855754852295	49.1423263549805	1123.2236328125	-22.7663803100586	38.3745269775391	1125.79040527344	-19.7651176452637	11.9387912750244	1124.22082519531	-15.167576789856	4.13922071456909	1117.96057128906	-7.13730430603027	46.7662963867188	1096.66137695312	-3.93830156326294	21.5737743377686	1072.92700195312	-16.7051105499268	17.5420475006104	1063.67333984375	-34.8089294433594	12.0820064544678	1073.57434082031	-50.7142639160156	-5.2398853302002	1102.54833984375	-38.3967475891113	-17.3348426818848	1101.806640625	-17.8127117156982	5.16259956359863	1095.5732421875	-35.3290138244629	-38.4483604431152	1100.94860839844	-19.2172794342041	-37.3814392089844	1112.95812988281	-10.829665184021	-44.0618438720703	1115.38415527344	-9.40932178497314	-13.6665830612183	1107.90881347656
PRI-10737	-3.52737474441528	65.5639190673828	1121.01965332031	-2.90625381469727	59.7064743041992	1112.85498046875	-2.11614918708801	44.4380683898926	1089.92687988281	-2.01196503639221	19.7124805450439	1060.52075195312	-1.74544680118561	16.2985820770264	1055.04553222656	-1.99324691295624	-71.956184387207	1084.08312988281	-2.89351582527161	-56.6393394470215	1107.47045898438	-2.79879856109619	-38.7478523254395	1111.77917480469	-2.97267699241638	-11.2354497909546	1099.22705078125	-2.95133233070374	5.60099792480469	1109.24768066406	-3.01023602485657	46.2098045349121	1115.25610351562	7.8872766494751	60.0575752258301	1118.98217773438	12.1243362426758	57.1913452148438	1119.90234375	15.364221572876	50.2901000976562	1120.58984375	18.3843574523926	39.1275100708008	1122.97448730469	16.4120998382568	14.2546634674072	1122.58422851562	11.1861848831177	1.08953201770782	1115.96203613281	3.07018542289734	43.3711547851562	1094.14538574219	1.3396635055542	18.8244743347168	1070.15197753906	16.5861740112305	13.8869848251343	1059.09191894531	32.902702331543	9.27820491790771	1068.34545898438	50.9543495178223	-7.58339691162109	1097.13012695312	38.8596267700195	-21.1944923400879	1098.57897949219	12.709921836853	2.35812592506409	1092.78271484375	32.7639846801758	-41.7513236999512	1097.26538085938	17.53076171875	-42.2352294921875	1108.90795898438	5.852219581604	-50.7512092590332	1111.36181640625	5.75180673599243	-19.7082271575928	1104.41833496094	-13.818998336792	59.0795822143555	1119.01525878906	-16.8829917907715	55.9331016540527	1120.60754394531	-21.8565616607666	49.9123878479004	1121.32800292969	-24.05442237854	39.1981964111328	1122.51770019531	-22.4455413818359	13.3109941482544	1121.83020019531	-16.5947761535645	-0.103565491735935	1115.19018554688	-6.96288728713989	43.6603088378906	1093.38684082031	-5.37859535217285	18.406681060791	1069.2294921875	-20.6686325073242	14.264817237854	1059.04370117188	-36.6964378356934	8.8640546798706	1066.62756347656	-55.4178619384766	-8.71101093292236	1096.87719726562	-42.2146492004395	-22.2818450927734	1098.32275390625	-18.9890651702881	1.15958023071289	1091.74963378906	-37.2855644226074	-42.4836463928223	1097.35083007812	-21.2249908447266	-43.8230018615723	1109.51318359375	-10.9135036468506	-50.8449401855469	1111.21435546875	-10.847653388977	-19.9041385650635	1104.29821777344
PRI-10739	-3.16257572174072	63.3830261230469	1117.89465332031	-2.86742234230042	57.4134635925293	1109.99133300781	-3.10057091712952	44.9809341430664	1087.5986328125	-2.72866725921631	22.3550491333008	1062.01965332031	-2.5884964466095	19.0082778930664	1056.75830078125	-3.31639266014099	-67.2402114868164	1088.76965332031	-3.83952116966248	-50.0218925476074	1108.83227539062	-3.78049612045288	-31.5614910125732	1112.06201171875	-3.07786130905151	-7.46777725219727	1095.50744628906	-3.29303479194641	8.05020236968994	1107.61181640625	-3.39785242080688	45.5294952392578	1112.84240722656	8.99734210968018	57.0961074829102	1116.5771484375	10.0006017684937	55.2041320800781	1117.35095214844	13.4633541107178	47.5392684936523	1117.98315429688	15.6328868865967	35.8412628173828	1120.41027832031	12.9504632949829	9.38099479675293	1121.158203125	7.71534967422485	2.59245681762695	1114.09228515625	1.81046533584595	43.3785820007324	1091.30017089844	0.0255703553557396	21.4314022064209	1069.9638671875	14.0398426055908	17.5621147155762	1061.48120117188	30.2304363250732	11.0229091644287	1071.15087890625	45.2423667907715	-5.41328048706055	1101.48449707031	35.7898559570312	-16.2680549621582	1100.64367675781	12.1360130310059	3.01593708992004	1092.45202636719	29.7356510162354	-36.2043647766113	1098.24584960938	14.1315259933472	-36.1484260559082	1110.78515625	3.93667435646057	-44.5108871459961	1111.49841308594	4.9338264465332	-16.7624111175537	1103.95104980469	-15.1483030319214	57.2527961730957	1116.0458984375	-16.7490005493164	55.5034599304199	1116.17724609375	-20.1717662811279	48.1849517822266	1117.94348144531	-23.2773857116699	36.5969276428223	1119.97387695312	-20.8800563812256	9.78080463409424	1120.53369140625	-14.6335172653198	3.08002591133118	1113.63000488281	-7.6855583190918	44.1550178527832	1091.90417480469	-5.90499258041382	21.1536140441895	1070.18737792969	-18.8076858520508	17.9246578216553	1060.57800292969	-35.8735961914062	11.6693153381348	1070.18041992188	NA	NA	NA	NA	NA	NA	-19.3455467224121	3.70713567733765	1090.9609375	-36.1094703674316	-37.0740242004395	1096.5302734375	-20.1762294769287	-36.3202667236328	1110.10217285156	-11.3160629272461	-43.6596183776855	1111.84313964844	-10.5328607559204	-16.111795425415	1103.60693359375
PRI-10740	0.210579067468643	65.0265274047852	1082.84094238281	-0.179573595523834	59.0891304016113	1076.01586914062	-1.03165555000305	44.6430130004883	1054.50866699219	-0.832422375679016	21.8742446899414	1030.3837890625	-0.911101818084717	19.1732769012451	1025.71655273438	-2.81552076339722	-67.3220596313477	1055.24609375	-2.30334186553955	-53.614616394043	1077.50732421875	-2.18412709236145	-35.1441230773926	1081.65173339844	-1.39125609397888	-7.6304669380188	1066.84997558594	-1.45671510696411	9.41734313964844	1077.13134765625	-1.01822769641876	45.6355895996094	1079.13269042969	11.4000377655029	57.8416213989258	1081.84521484375	13.8731451034546	55.6322860717773	1082.34228515625	16.338508605957	48.9333763122559	1084.97717285156	19.5921173095703	37.6814041137695	1087.810546875	16.7373905181885	12.7287921905518	1091.1796875	10.6859512329102	4.16095352172852	1084.41357421875	4.03642320632935	42.8145446777344	1058.47521972656	2.16455006599426	20.1985168457031	1038.22888183594	16.7570762634277	14.854211807251	1028.64074707031	33.3345947265625	10.8289995193481	1038.42614746094	48.1148986816406	-8.31224346160889	1067.40307617188	38.6231498718262	-17.7806186676025	1068.90393066406	13.6743307113647	3.38105463981628	1061.060546875	30.0791034698486	-37.7771034240723	1067.48474121094	15.8405342102051	-37.7166061401367	1080.37548828125	6.11654472351074	-45.3843383789062	1081.17614746094	5.95916366577148	-17.5450229644775	1075.47412109375	-11.3465013504028	58.5742073059082	1081.77990722656	-14.8281345367432	55.5470848083496	1083.05932617188	-17.7670612335205	49.3711013793945	1085.15270996094	-21.2628192901611	38.1064758300781	1087.84167480469	-19.4633102416992	13.0381641387939	1090.91320800781	-13.9131784439087	4.799973487854	1084.37719726562	-5.63958358764648	44.0640068054199	1057.59716796875	-4.14500141143799	19.950590133667	1038.39270019531	-17.1640129089355	16.3988780975342	1028.67199707031	-34.6879234313965	13.5198650360107	1037.68444824219	-49.4658889770508	-5.96918821334839	1067.96398925781	-40.5267028808594	-16.2626361846924	1068.56018066406	-16.5096187591553	5.17228412628174	1061.10437011719	-33.4391403198242	-36.9382743835449	1066.8974609375	-19.7935924530029	-36.5795936584473	1079.5439453125	-10.3840923309326	-45.0542984008789	1080.71130371094	-9.37743759155273	-17.2807388305664	1074.54052734375
PRI-10742	-0.468339681625366	56.302375793457	1099.95275878906	-0.574782848358154	52.7375030517578	1092.18212890625	-1.36562645435333	43.4444770812988	1070.96508789062	-2.19760012626648	21.2552070617676	1046.23022460938	-2.34436535835266	19.0778923034668	1041.91662597656	-4.51963233947754	-63.303882598877	1073.83813476562	-3.77944040298462	-47.1336402893066	1090.73962402344	-3.35714268684387	-30.7644309997559	1091.59118652344	-2.46793556213379	-7.16723871231079	1080.96411132812	-1.3267457485199	9.30597686767578	1089.83508300781	-0.564821660518646	44.0733604431152	1095.09094238281	9.5284833908081	51.1506996154785	1098.50744628906	10.484127998352	50.0107803344727	1099.34545898438	12.808032989502	45.6214408874512	1101.06494140625	16.8714962005615	35.9193267822266	1102.54846191406	14.6607303619385	11.5469121932983	1101.67834472656	9.78143501281738	3.89005851745605	1095.77490234375	3.38914656639099	41.2602882385254	1073.76708984375	0.889978408813477	20.4483203887939	1054.8994140625	13.9686460494995	14.0144701004028	1046.33825683594	29.0519638061523	10.6724338531494	1057.22619628906	40.8230056762695	-3.36020421981812	1080.08996582031	33.617546081543	-13.5157155990601	1080.5986328125	10.4533863067627	2.73100686073303	1074.15368652344	26.487491607666	-30.8070697784424	1079.17138671875	12.729679107666	-32.0285224914551	1090.10302734375	4.55069923400879	-38.9481735229492	1092.50659179688	5.4139256477356	-11.2360925674438	1085.41796875	-11.3921251296997	51.9693450927734	1097.84741210938	-12.3507556915283	51.0746154785156	1098.11694335938	-15.0430145263672	46.279899597168	1100.1376953125	-18.9930267333984	36.3857879638672	1102.34545898438	-17.9415874481201	11.9584302902222	1101.6435546875	-12.72975730896	4.27196884155273	1096.61193847656	-5.73803091049194	42.5023384094238	1074.01538085938	-4.10888147354126	20.8509902954102	1054.79077148438	-17.0196876525879	17.2251644134521	1046.74353027344	-32.823070526123	12.7960681915283	1057.49938964844	-45.2955665588379	-2.00614333152771	1082.08679199219	-37.5399055480957	-10.6704092025757	1082.62915039062	-16.7977924346924	5.13093376159668	1075.35827636719	-33.8063774108887	-29.4116725921631	1080.45556640625	-20.6550540924072	-30.9101314544678	1090.97338867188	-11.5817270278931	-38.9069900512695	1092.78173828125	-10.2134780883789	-11.8009462356567	1086.20336914062
PRI-10744	-1.62966787815094	57.1000022888184	1140.2685546875	-1.70345711708069	53.4424324035645	1132.34912109375	-1.93128442764282	45.4489097595215	1110.86157226562	-2.62729907035828	25.6405277252197	1086.73767089844	-2.52962470054626	23.2589454650879	1082.29138183594	-3.98820543289185	-60.8752403259277	1109.71203613281	-3.96055436134338	-44.2830581665039	1126.37939453125	-4.24634504318237	-27.5428466796875	1130.36572265625	-3.19819474220276	-3.18270325660706	1118.01513671875	-2.94897985458374	12.5107107162476	1129.33276367188	-1.96331536769867	43.005485534668	1134.3916015625	9.06414699554443	50.9566421508789	1139.25036621094	10.008469581604	49.9268455505371	1139.57653808594	12.6285429000854	45.3615989685059	1140.2744140625	16.3666820526123	35.1433448791504	1140.62866210938	13.9385013580322	11.274733543396	1140.26525878906	9.16587543487549	5.87749147415161	1134.79455566406	2.41546654701233	44.2949523925781	1115.39819335938	0.336045622825623	25.0058860778809	1094.50671386719	12.7106380462646	21.5740776062012	1085.79284667969	29.3408107757568	16.9011135101318	1096.7685546875	41.0908813476562	-1.43227970600128	1120.84460449219	34.7617530822754	-10.8293886184692	1118.30786132812	11.8342323303223	8.05528354644775	1112.89501953125	25.5131130218506	-29.2942218780518	1116.35302734375	12.7324380874634	-29.9170150756836	1128.24243164062	4.32641172409058	-37.3886070251465	1129.58483886719	3.84619927406311	-9.30628204345703	1124.20178222656	-12.069393157959	50.8718605041504	1139.06945800781	-13.1048469543457	50.050121307373	1139.14416503906	-16.3314228057861	44.8995208740234	1140.29150390625	-20.0496158599854	35.0661544799805	1140.87573242188	-17.9145107269287	10.7503643035889	1140.61328125	-14.5073051452637	6.19457340240479	1135.02807617188	-6.51675081253052	43.8909797668457	1114.99096679688	-5.21387529373169	25.0771408081055	1094.58874511719	-17.6382122039795	22.217586517334	1085.62243652344	-34.3085098266602	18.1257858276367	1097.69555664062	-47.2796363830566	0.700396239757538	1120.86474609375	-39.0340957641602	-9.58434581756592	1120.27453613281	-17.8848114013672	8.92107105255127	1113.82202148438	-34.1787757873535	-28.3755264282227	1117.35668945312	-21.5397090911865	-30.1878185272217	1129.46118164062	-11.4365510940552	-37.5637664794922	1129.32751464844	-10.7895736694336	-9.33301734924316	1124.90100097656
PRI-10751	-2.85672831535339	52.2216377258301	1139.2734375	-3.43430376052856	49.2474594116211	1128.32641601562	-3.57140398025513	40.8248329162598	1107.29663085938	-3.84468960762024	22.4306335449219	1085.58557128906	-3.87108469009399	20.8334350585938	1081.58386230469	-0.483397126197815	-61.1443176269531	1110.82763671875	-1.55177128314972	-45.3538475036621	1127.26477050781	-2.51597213745117	-29.3588924407959	1130.08239746094	-2.63200402259827	-3.76201486587524	1116.62817382812	-1.87994885444641	9.05003643035889	1126.59375	-3.16610789299011	38.7530364990234	1130.89196777344	8.26700592041016	48.3424377441406	1135.3466796875	9.23319816589355	47.082405090332	1136.18603515625	12.3523693084717	42.4401245117188	1137.37268066406	15.9999656677246	32.0650825500488	1139.10522460938	13.7083177566528	7.04670238494873	1136.576171875	9.20197296142578	2.31564116477966	1132.31750488281	0.596192359924316	40.3423004150391	1110.59265136719	-0.244877055287361	21.8561553955078	1094.38244628906	13.7094688415527	17.850944519043	1083.63391113281	29.4329795837402	12.5834465026855	1095.68762207031	40.5567207336426	-1.47225844860077	1120.35107421875	33.3566551208496	-12.8932647705078	1119.13024902344	11.4063396453857	4.03876256942749	1111.91967773438	27.2953567504883	-28.6288185119629	1117.53857421875	14.4022397994995	-29.841646194458	1127.92248535156	6.49851655960083	-37.7154197692871	1129.03356933594	4.63894176483154	-10.6934299468994	1123.09045410156	-13.9440393447876	47.9880905151367	1136.8427734375	-14.7641839981079	46.6948509216309	1137.16784667969	-18.1622371673584	41.7945938110352	1138.52722167969	-20.6548480987549	31.5054225921631	1139.97338867188	-18.4726238250732	6.98460531234741	1137.4970703125	-12.9056491851807	2.2857677936554	1132.71948242188	-7.80276536941528	39.7501106262207	1111.03466796875	-6.70813083648682	21.8573169708252	1093.85534667969	-19.7586879730225	16.9945392608643	1085.17456054688	-36.2828941345215	11.5116291046143	1098.10083007812	NA	NA	NA	-37.7290153503418	-15.3166570663452	1121.70727539062	-16.9474277496338	4.34833335876465	1112.23620605469	-31.7189826965332	-31.0940914154053	1120.1318359375	-18.2559566497803	-31.3462448120117	1129.19848632812	-9.41928291320801	-38.0953941345215	1130.25842285156	-9.80051612854004	-11.9256734848022	1123.95751953125
PRI-10765	126.635749816895	54.8751792907715	843.670349121094	126.245849609375	49.3065643310547	851.663208007812	126.759757995605	39.0539970397949	870.930358886719	127.985168457031	17.0734195709229	893.691467285156	128.241485595703	13.6583757400513	898.534729003906	128.785293579102	-67.6616287231445	865.940368652344	128.810073852539	-50.546501159668	850.524719238281	128.439865112305	-32.638427734375	847.701171875	128.574829101562	-9.41088104248047	862.400634765625	128.27392578125	2.77316761016846	850.58251953125	126.798416137695	39.1497497558594	849.716186523438	115.931266784668	48.3510894775391	843.972900390625	114.071060180664	45.9726829528809	843.306030273438	111.182601928711	38.3744010925293	841.965759277344	NA	NA	NA	112.27409362793	3.30775213241577	841.561157226562	117.505386352539	-2.58598709106445	846.219665527344	121.402961730957	36.7299652099609	867.830749511719	124.955619812012	15.9509763717651	887.39208984375	112.858924865723	12.2883739471436	894.4697265625	97.6386032104492	1.97389781475067	885.79248046875	86.0143356323242	-8.91302871704102	858.115905761719	92.9668807983398	-17.7261333465576	858.918029785156	114.10302734375	-0.0334473662078381	865.534606933594	98.7882995605469	-36.4591979980469	860.929443359375	113.213996887207	-37.5609741210938	850.5439453125	120.797386169434	-41.6271820068359	847.172546386719	121.215606689453	-18.2865219116211	857.125305175781	137.641952514648	48.6011772155762	845.054260253906	139.569702148438	46.1099243164062	844.089172363281	NA	NA	NA	NA	NA	NA	142.762557983398	3.16882228851318	841.737182617188	138.555313110352	-2.60172629356384	846.111572265625	132.596176147461	36.9546012878418	867.570861816406	130.30158996582	14.9092969894409	886.767883300781	142.588226318359	12.2928161621094	895.731506347656	158.908813476562	4.74105882644653	882.880554199219	169.335586547852	-6.78112506866455	857.770324707031	162.594772338867	-16.529483795166	858.651794433594	142.235656738281	1.00117242336273	865.446716308594	159.31217956543	-37.7987861633301	860.059387207031	144.231475830078	-38.2702865600586	849.678161621094	136.587127685547	-42.8745498657227	847.656127929688	136.023468017578	-18.6770572662354	857.738525390625
PRI-10767	110.093719482422	42.8115119934082	848.1474609375	110.268615722656	38.2222061157227	856.139221191406	110.85986328125	29.6689071655273	872.879455566406	111.735061645508	12.9915380477905	894.286071777344	111.835174560547	10.6188821792603	898.441467285156	111.622428894043	-63.7117805480957	870.669860839844	111.020973205566	-48.9366264343262	853.794982910156	111.130554199219	-35.6503524780273	850.517395019531	111.482666015625	-11.2837715148926	864.751159667969	111.032051086426	0.410892337560654	856.059692382812	110.307319641113	30.8057613372803	853.056457519531	100.278274536133	38.3545684814453	848.883544921875	98.8585662841797	36.674144744873	849.069885253906	96.0171051025391	32.2863006591797	848.150207519531	93.0431289672852	22.4524154663086	847.388427734375	97.3364486694336	-2.17258095741272	849.245666503906	100.966720581055	-4.6657543182373	851.738037109375	106.146278381348	29.2662792205811	870.148193359375	109.142997741699	12.8910093307495	887.466552734375	97.3810195922852	9.31588554382324	896.775390625	82.395637512207	0.277301102876663	886.716918945312	73.2090377807617	-11.8311395645142	864.316589355469	81.7940368652344	-20.8121852874756	863.329467773438	96.9158782958984	-3.19324088096619	869.725708007812	85.0064086914062	-36.3373718261719	864.953308105469	97.2969131469727	-38.3733940124512	854.328430175781	104.324897766113	-44.1120872497559	851.7421875	105.642623901367	-20.1647453308105	858.384338378906	120.14266204834	38.0575637817383	848.791931152344	121.439788818359	36.8148040771484	848.453186035156	123.993827819824	32.3819007873535	847.365356445312	127.89820098877	22.5371627807617	846.976440429688	124.859382629395	-1.88008522987366	848.6787109375	120.829277038574	-4.48181343078613	851.734924316406	115.178077697754	29.4534301757812	869.921203613281	113.78409576416	13.0267457962036	887.413269042969	126.542083740234	9.17695236206055	895.308227539062	140.203109741211	0.813586056232452	885.067932128906	148.264205932617	-11.6400575637817	861.277221679688	141.179000854492	-20.4958171844482	861.507263183594	126.521514892578	-3.33220934867859	868.724853515625	137.323944091797	-36.7574996948242	863.109436035156	125.258445739746	-37.480297088623	853.433837890625	117.325386047363	-43.8092079162598	850.863464355469	117.195098876953	-19.6653575897217	859.179626464844
PRI-10771	112.485664367676	49.2223815917969	888.554809570312	112.386543273926	43.7430610656738	893.998779296875	112.641983032227	32.9227676391602	912.832702636719	112.776214599609	13.2772970199585	935.032531738281	112.857643127441	10.2051372528076	938.523010253906	115.23233795166	-63.3453674316406	902.186584472656	114.873191833496	-45.1706428527832	889.054626464844	115.193618774414	-28.796501159668	886.892578125	114.372734069824	-7.96048784255981	902.618225097656	113.878341674805	6.27599716186523	893.860412597656	113.105377197266	36.2181930541992	891.78076171875	103.298553466797	45.9675216674805	888.027709960938	101.919448852539	44.399528503418	887.530456542969	98.6793823242188	40.5905685424805	886.646789550781	95.9174499511719	29.8498630523682	885.008544921875	98.9172210693359	6.20837688446045	887.501281738281	103.395606994629	0.299577593803406	888.242126464844	NA	NA	NA	110.625633239746	13.6494770050049	926.779541015625	98.14794921875	6.5800609588623	935.835998535156	84.3816375732422	2.81505155563354	925.953735351562	75.7129211425781	-6.90952730178833	901.850036621094	83.3390884399414	-16.1931800842285	899.713806152344	99.5992050170898	0.729001522064209	907.873168945312	87.1277618408203	-33.0435600280762	899.639038085938	100.393676757812	-31.5947570800781	888.692993164062	107.343017578125	-37.7593536376953	886.421630859375	107.664245605469	-15.525013923645	896.070556640625	122.022048950195	45.8203659057617	887.857971191406	123.487449645996	44.3566093444824	887.399780273438	127.287368774414	40.3854560852051	887.240173339844	130.366287231445	30.3273735046387	885.794372558594	128.302429199219	6.05683326721191	887.854431152344	124.826026916504	0.938572108745575	888.605346679688	117.744819641113	34.0636291503906	909.129211425781	115.254455566406	13.8216648101807	926.427307128906	126.690322875977	7.43922090530396	937.000793457031	141.313934326172	3.7934365272522	927.094360351562	152.373748779297	-6.41653919219971	901.7822265625	145.594497680664	-15.0289287567139	899.976379394531	127.816879272461	0.175330549478531	908.166259765625	142.532897949219	-32.2526817321777	899.461547851562	130.345718383789	-31.3453140258789	888.941589355469	122.325721740723	-37.4292602539062	885.89453125	120.709648132324	-15.1822595596313	896.418029785156
PRI-10789	131.047622680664	56.576057434082	846.863586425781	130.598007202148	51.1189765930176	852.113159179688	129.765380859375	37.9367637634277	870.926513671875	129.033355712891	11.7561311721802	893.514282226562	128.911727905273	8.11352348327637	897.129211425781	137.030670166016	-69.7148895263672	858.052734375	135.781051635742	-48.5215606689453	841.64111328125	135.468948364258	-33.0528030395508	840.001342773438	132.840194702148	-9.03359794616699	860.01318359375	132.854309082031	5.66280174255371	849.640808105469	131.375732421875	41.438232421875	848.742004394531	119.909523010254	51.6697845458984	845.822875976562	118.238830566406	49.7662239074707	845.153137207031	114.767227172852	43.4858016967773	843.106384277344	112.385643005371	33.0561790466309	840.251708984375	116.257827758789	7.42286729812622	838.201904296875	122.107322692871	0.843750238418579	844.247375488281	123.636047363281	37.8491859436035	865.825927734375	126.470855712891	10.4597053527832	887.060607910156	114.080215454102	5.51458024978638	895.765563964844	98.0262908935547	-1.25809729099274	884.576293945312	86.5341339111328	-15.9540882110596	856.960327148438	96.5527572631836	-22.9558353424072	853.684387207031	120.435111999512	-2.47812747955322	865.414916992188	104.308715820312	-41.5646553039551	854.095581054688	119.839698791504	-38.5535507202148	842.008056640625	128.208648681641	-42.8684730529785	839.247985839844	126.914131164551	-19.9366092681885	850.598937988281	141.539947509766	52.752513885498	846.919616699219	142.488143920898	52.2610511779785	846.685607910156	148.434600830078	43.9639358520508	844.419372558594	151.674774169922	34.144702911377	841.581909179688	149.292953491211	7.35993957519531	839.809814453125	143.874771118164	1.16524076461792	845.44091796875	135.214904785156	37.3403205871582	868.228210449219	132.643585205078	11.2041616439819	887.211975097656	143.984024047852	7.17299652099609	897.652282714844	162.140258789062	3.03100371360779	889.460998535156	176.897308349609	-9.33815288543701	861.518676757812	169.042282104492	-17.2896614074707	857.558044433594	145.269073486328	-0.661796510219574	866.232360839844	166.076263427734	-38.2391014099121	856.837463378906	151.324951171875	-35.7851257324219	843.562316894531	143.53923034668	-42.3504295349121	840.373718261719	142.054794311523	-18.9133167266846	851.675048828125
PRI-10928	-4.94335174560547	61.8668251037598	1168.14111328125	-3.86066126823425	56.3044319152832	1157.99926757812	-3.44186520576477	46.6340408325195	1132.37426757812	-2.84909629821777	23.4753532409668	1098.80700683594	-2.94135165214539	19.0693969726562	1093.06213378906	-2.86537647247314	-70.0738220214844	1123.91491699219	-3.62593245506287	-50.7996101379395	1142.13806152344	-3.52466678619385	-34.0073623657227	1146.85144042969	-3.51785635948181	-5.32946300506592	1130.99108886719	-4.11374187469482	8.66251277923584	1145.42468261719	-3.58486461639404	44.9137802124023	1159.57141113281	6.552659034729	57.1566696166992	1165.89428710938	9.03861427307129	54.5965690612793	1166.67297363281	13.5476770401001	47.6225547790527	1167.06628417969	15.569676399231	35.9917106628418	1165.7021484375	12.9597730636597	10.30198097229	1161.07092285156	6.36703538894653	3.31413173675537	1153.02893066406	1.98655831813812	45.9701538085938	1134.13610839844	0.354842752218246	23.1726169586182	1107.56384277344	16.5682067871094	18.1901264190674	1098.75134277344	31.4590187072754	10.9771003723145	1107.61682128906	42.7249374389648	-6.48717546463013	1137.3916015625	34.3754997253418	-16.6069316864014	1138.01708984375	9.80980110168457	2.04481649398804	1128.08776855469	29.9245319366455	-37.7746162414551	1132.98022460938	14.24391746521	-39.3453903198242	1144.78515625	3.92908620834351	-45.3514709472656	1145.62963867188	4.83022737503052	-15.3797149658203	1138.548828125	-15.3418684005737	57.2504806518555	1165.38110351562	-17.4615364074707	54.697681427002	1165.19970703125	-21.2596740722656	46.8362731933594	1166.08142089844	-23.4256324768066	35.4637641906738	1164.73583984375	-21.5269565582275	9.88646507263184	1160.00732421875	-14.471040725708	1.49237513542175	1151.53845214844	-9.02806377410889	45.4469604492188	1133.50903320312	-6.69938373565674	21.8550148010254	1107.02868652344	-20.9085063934326	18.9081001281738	1097.68835449219	-37.7511215209961	10.8335390090942	1106.18212890625	-49.6837768554688	-6.99555969238281	1135.11511230469	-42.0178031921387	-15.0015954971313	1135.55480957031	-18.4464473724365	4.38828420639038	1127.46801757812	-37.1673889160156	-38.0188865661621	1130.59313964844	-21.3370113372803	-37.1853637695312	1143.09155273438	-11.109338760376	-44.4051399230957	1145.20581054688	-12.1654090881348	-16.3859539031982	1137.62231445312
PRI-11109	121.482475280762	55.3653831481934	841.778747558594	122.232475280762	49.0581474304199	849.067932128906	123.861717224121	37.0187110900879	867.403198242188	125.198547363281	20.1507987976074	890.073425292969	125.445732116699	17.7373447418213	894.662170410156	124.625480651855	-63.9544944763184	865.594970703125	124.453437805176	-46.1823959350586	847.411193847656	124.394989013672	-30.2883281707764	845.921081542969	124.334228515625	-7.19903993606567	858.847717285156	123.790016174316	6.61029720306396	850.045166015625	122.864860534668	39.3106422424316	847.186096191406	111.442771911621	50.1824150085449	845.111572265625	110.412734985352	48.6706848144531	844.99755859375	106.065238952637	43.0678901672363	843.779174804688	103.01326751709	31.9624290466309	842.572387695312	106.172302246094	5.80909776687622	841.748168945312	111.662055969238	0.977286398410797	844.288024902344	118.709037780762	37.2410469055176	864.768615722656	121.876502990723	19.3324413299561	883.340942382812	108.346450805664	16.0135498046875	892.1455078125	94.4710006713867	9.86780071258545	885.388549804688	80.3775177001953	-4.25866985321045	859.4765625	87.2941970825195	-16.9347229003906	858.064758300781	109.766082763672	2.13318967819214	863.285278320312	93.9384994506836	-33.999439239502	858.953369140625	107.879364013672	-34.1772956848145	848.682312011719	116.693023681641	-39.0647468566895	845.523620605469	117.05908203125	-13.1215925216675	853.375427246094	132.845275878906	49.9656829833984	843.136169433594	134.23567199707	49.0565795898438	842.6220703125	138.073699951172	43.444694519043	841.524597167969	140.613357543945	32.5691375732422	839.760681152344	139.390182495117	6.54415941238403	838.833190917969	134.937866210938	1.72708225250244	843.269836425781	128.295486450195	37.2144546508789	864.557250976562	127.462272644043	19.1216201782227	883.595092773438	140.770736694336	16.9558925628662	890.908020019531	155.005218505859	11.0259876251221	881.921997070312	167.648406982422	-2.98709607124329	854.383972167969	160.482192993164	-15.7445402145386	853.902282714844	138.551223754883	3.06964087486267	862.291687011719	154.4033203125	-34.015697479248	855.338623046875	139.834762573242	-34.6375846862793	846.631774902344	130.926361083984	-39.3838005065918	844.613159179688	131.715316772461	-13.5039024353027	852.850830078125
PRI-11285	106.577980041504	54.6108360290527	849.284729003906	106.643623352051	51.6350555419922	853.940734863281	106.950698852539	44.7590141296387	870.599548339844	107.538887023926	26.2778396606445	892.88232421875	107.52751159668	23.4291648864746	897.329345703125	110.221488952637	-51.6878547668457	868.847778320312	108.860214233398	-35.1333885192871	854.424255371094	108.573417663574	-18.4525451660156	852.814697265625	108.368041992188	2.89204502105713	865.543701171875	108.050514221191	13.3999462127686	855.356872558594	106.923156738281	43.452522277832	852.275939941406	97.7929534912109	50.2419319152832	848.526306152344	96.4752731323242	49.1830062866211	848.229370117188	92.82177734375	44.3386154174805	846.928527832031	89.1387252807617	34.3806610107422	846.340026855469	93.8743133544922	10.9395618438721	848.435729980469	97.0201797485352	8.27493858337402	850.580993652344	102.034400939941	42.8578186035156	868.3505859375	104.869804382324	25.8531017303467	886.033081054688	93.2604598999023	19.5905208587646	895.687316894531	79.5165710449219	13.7384977340698	887.254150390625	69.5365829467773	2.36452293395996	864.455871582031	78.6352615356445	-5.94802331924438	863.783447265625	93.6417465209961	10.1631698608398	869.216674804688	82.0542526245117	-22.5724105834961	865.808349609375	95.5644836425781	-22.0834922790527	854.916564941406	101.619651794434	-27.5353107452393	852.261413574219	102.823150634766	-5.05472850799561	860.353332519531	115.63166809082	51.5537796020508	848.774353027344	117.39803314209	49.8819351196289	848.441833496094	121.301300048828	45.3148498535156	847.224182128906	125.207862854004	35.3713226318359	847.078430175781	120.763954162598	12.0534582138062	848.600708007812	118.66674041748	9.44683361053467	850.592895507812	111.26522064209	43.490421295166	868.615478515625	109.963134765625	25.5443077087402	886.086364746094	121.30859375	20.1649780273438	895.488891601562	135.663909912109	15.1268835067749	887.242431640625	146.282913208008	4.06968021392822	864.057983398438	138.39697265625	-4.7663254737854	863.393432617188	121.917411804199	11.6196975708008	869.527587890625	134.746109008789	-20.8944721221924	864.264099121094	123.48152923584	-22.2308158874512	853.647888183594	116.806442260742	-27.7547798156738	852.00341796875	114.9814453125	-5.00910949707031	859.9306640625
PRI-11318	121.710174560547	55.8883666992188	837.227172851562	121.768951416016	50.5471153259277	844.079772949219	122.72876739502	41.2831535339355	862.711547851562	123.577476501465	23.6091213226318	886.54541015625	123.624145507812	20.2830028533936	892.627685546875	128.860595703125	-66.5561676025391	854.115356445312	128.519912719727	-46.132740020752	840.773193359375	127.710189819336	-27.8947906494141	840.186584472656	126.11604309082	-6.40005397796631	854.447143554688	124.639343261719	8.13831043243408	845.79052734375	122.68236541748	39.9786567687988	841.838317871094	110.810592651367	48.9290924072266	838.248657226562	110.139533996582	47.941333770752	837.886779785156	107.808418273926	42.9781837463379	835.635498046875	104.368225097656	31.644323348999	834.449157714844	108.132942199707	7.26194095611572	835.52880859375	112.937812805176	2.3757107257843	839.346130371094	117.153358459473	39.6597671508789	860.211975097656	120.118598937988	22.0810775756836	878.206237792969	106.505088806152	17.4184322357178	887.187255859375	92.632942199707	7.75094842910767	877.937255859375	80.4043502807617	-5.28442001342773	854.255676269531	88.5065307617188	-18.6821994781494	850.732788085938	110.67992401123	4.40947246551514	857.841430664062	95.9644393920898	-34.8480796813965	851.537902832031	111.338500976562	-32.7314605712891	841.594970703125	120.603073120117	-37.9578895568848	839.255676269531	119.19319152832	-12.6935558319092	848.038146972656	133.208312988281	50.2303047180176	838.488891601562	134.031005859375	49.1571464538574	838.010192871094	137.205154418945	44.4686164855957	835.737915039062	141.512512207031	33.5397911071777	833.815002441406	141.178329467773	9.05439758300781	835.352783203125	136.956207275391	3.63691973686218	839.327209472656	128.511810302734	39.9457130432129	859.110290527344	126.774291992188	22.3488807678223	878.275939941406	140.126998901367	19.4215717315674	887.077880859375	156.410858154297	11.6685390472412	877.474609375	170.2451171875	-0.248574122786522	853.737548828125	164.593109130859	-13.9431991577148	850.568786621094	139.13737487793	5.68047523498535	857.728637695312	157.266845703125	-31.4232578277588	851.1904296875	143.466171264648	-30.7412414550781	841.103820800781	135.303970336914	-36.5121383666992	838.721008300781	133.186019897461	-12.3202819824219	848.244750976562
PRI-11320	123.753425598145	56.1242828369141	835.420776367188	124.355621337891	51.523078918457	841.224426269531	125.1044921875	42.4818077087402	861.854187011719	125.808013916016	23.9361705780029	885.470764160156	126.177742004395	20.5518074035645	891.212829589844	131.121398925781	-64.9764404296875	856.507080078125	129.198532104492	-47.8516273498535	841.048828125	128.26496887207	-30.0548210144043	838.984924316406	127.708885192871	-6.86468505859375	853.702392578125	126.440795898438	10.1203670501709	842.478393554688	124.551574707031	41.7592239379883	838.409790039062	113.530174255371	49.9625473022461	834.575866699219	112.158065795898	49.1454238891602	834.736877441406	109.090972900391	43.2914886474609	833.426574707031	105.998443603516	31.5986785888672	833.081420898438	109.151504516602	6.32940292358398	835.233459472656	114.493843078613	2.63385272026062	837.294677734375	119.818305969238	41.3310661315918	858.173278808594	122.56982421875	22.276834487915	877.960205078125	108.993553161621	17.4940891265869	886.093383789062	94.2581024169922	8.60381889343262	876.912658691406	84.7421569824219	-6.82925271987915	851.780578613281	93.2250289916992	-15.9774866104126	852.039733886719	112.45613861084	2.4333028793335	858.178833007812	99.3134918212891	-33.8471984863281	852.587524414062	113.291030883789	-35.6200752258301	840.91162109375	121.11865234375	-40.9178085327148	838.360656738281	120.077239990234	-12.9837417602539	846.453063964844	134.90397644043	51.0394515991211	834.441528320312	135.940841674805	50.2108116149902	834.105346679688	140.213638305664	44.5543899536133	832.954956054688	143.983047485352	33.8206787109375	832.52978515625	143.021102905273	7.5033130645752	834.328552246094	138.788360595703	3.565345287323	836.498596191406	130.273620605469	41.3361053466797	857.466674804688	128.992156982422	22.7833385467529	877.715515136719	142.835586547852	19.8065853118896	885.771484375	158.51969909668	10.894458770752	877.208312988281	169.355712890625	-4.31018400192261	850.773132324219	162.588012695312	-12.5821132659912	850.799682617188	142.638366699219	4.78077697753906	857.506164550781	158.125061035156	-32.9277267456055	850.957397460938	145.027816772461	-34.5933723449707	839.636352539062	135.667510986328	-40.251106262207	837.630554199219	135.005935668945	-13.1626987457275	845.445129394531
PRI-11322	128.382583618164	60.9027976989746	836.760009765625	128.350463867188	55.9092483520508	844.636169433594	129.183349609375	47.7682495117188	864.070556640625	130.098358154297	28.1859264373779	889.819702148438	130.189102172852	25.2277317047119	894.766418457031	133.015777587891	-65.26708984375	862.086669921875	132.763702392578	-45.5544090270996	848.826904296875	132.365371704102	-28.0737342834473	844.950134277344	131.452972412109	-2.35548758506775	858.022521972656	130.763092041016	11.2108058929443	847.428833007812	128.966110229492	45.7732620239258	842.062866210938	117.896240234375	54.1111221313477	837.062805175781	116.453323364258	52.83740234375	836.534790039062	112.849052429199	46.0635070800781	835.71875	110.260841369629	34.5561332702637	834.732971191406	114.431022644043	9.1167049407959	839.017883300781	118.184982299805	6.36029291152954	841.680603027344	124.755180358887	45.5641860961914	861.950927734375	126.941497802734	26.9704856872559	882.478271484375	112.341125488281	22.0837631225586	891.280456542969	97.4660949707031	13.6853914260864	881.731567382812	86.6976928710938	-1.29602813720703	856.024963378906	94.3111343383789	-14.0870456695557	856.749267578125	118.506736755371	8.85487651824951	861.976379394531	101.940322875977	-31.6612682342529	856.850524902344	114.327529907227	-33.2844047546387	847.072875976562	124.630157470703	-37.8691940307617	844.542053222656	124.398712158203	-9.44028377532959	851.960327148438	139.486968994141	54.8278503417969	837.38623046875	141.021820068359	53.4654312133789	836.630187988281	144.692016601562	47.0823707580566	835.110900878906	148.201934814453	36.0828666687012	833.885192871094	146.590347290039	9.95632171630859	838.609436035156	143.687515258789	6.9299464225769	841.450500488281	133.830108642578	46.1387481689453	862.137817382812	133.768630981445	27.0955142974854	882.782897949219	146.056076049805	24.0711421966553	891.413452148438	163.992919921875	16.8853721618652	880.619445800781	176.229125976562	1.54916548728943	855.107849121094	170.317428588867	-11.4364023208618	856.038391113281	144.931976318359	10.5288162231445	861.676086425781	163.463592529297	-30.4321956634521	856.463439941406	151.768051147461	-32.587646484375	847.127258300781	140.582443237305	-37.6070594787598	844.330505371094	138.857055664062	-9.4180269241333	851.515991210938
PRI-11328	124.957145690918	55.2225036621094	836.859619140625	125.786659240723	51.0733413696289	843.002624511719	127.45622253418	43.6315574645996	862.146606445312	128.427993774414	21.4109439849854	889.160095214844	128.586715698242	19.1315307617188	894.24658203125	130.473266601562	-67.6598205566406	866	129.796859741211	-50.3841514587402	849.354187011719	129.272735595703	-33.8765296936035	845.809814453125	128.343139648438	-7.24906635284424	858.19091796875	127.523406982422	5.85623979568481	847.817749023438	126.83472442627	41.7798042297363	840.880126953125	114.269287109375	48.5830268859863	838.999816894531	113.275520324707	47.8576049804688	838.561096191406	109.950492858887	41.7740135192871	836.840576171875	107.174621582031	29.8507099151611	834.938293457031	110.083190917969	3.70156311988831	837.917785644531	114.742866516113	-1.52791357040405	842.218017578125	121.598777770996	41.1532173156738	860.140441894531	125.081024169922	20.1161155700684	880.890502929688	111.336364746094	15.5232095718384	890.037048339844	98.2597198486328	8.06196880340576	882.012268066406	85.9231338500977	-6.4706621170044	857.791442871094	93.0463104248047	-18.819860458374	857.487915039062	115.089874267578	1.74595153331757	861.981567382812	98.6362380981445	-37.5391464233398	859.635192871094	111.203010559082	-39.0780410766602	848.943786621094	122.166297912598	-45.0564956665039	846.569763183594	120.967063903809	-17.8148059844971	852.238952636719	136.87776184082	50.3246383666992	837.745666503906	137.556396484375	50.0377731323242	837.747192382812	141.518249511719	44.5315475463867	835.741333007812	145.412231445312	33.0984840393066	833.877868652344	144.794784545898	5.83136463165283	837.338684082031	139.742431640625	0.491136193275452	841.970031738281	132.688980102539	41.7703895568848	859.499755859375	131.482284545898	20.4543876647949	881.0947265625	143.388671875	18.5504760742188	889.185546875	158.715637207031	11.4935998916626	880.368774414062	170.103561401367	-2.5254442691803	855.271362304688	164.212051391602	-15.7486085891724	855.281860351562	142.915893554688	2.89780330657959	860.517028808594	160.448394775391	-34.8118858337402	857.730590820312	147.280563354492	-36.6610717773438	847.432006835938	137.370178222656	-44.6759796142578	846.767333984375	136.474060058594	-15.2093515396118	852.468200683594
PRI-11373	126.484931945801	58.500431060791	840.250183105469	126.702835083008	55.242073059082	846.289672851562	128.073196411133	45.4124526977539	867.533203125	128.679779052734	25.6896553039551	892.491638183594	128.87727355957	22.2425231933594	897.375122070312	130.380966186523	-65.4537200927734	864.878173828125	129.441024780273	-47.3098907470703	846.819152832031	128.822891235352	-28.7215576171875	844.955322265625	128.905471801758	-4.27782344818115	859.704833984375	128.330108642578	8.7914342880249	848.625366210938	127.269233703613	44.4391098022461	845.226501464844	115.340118408203	52.9103164672852	842.950439453125	114.470901489258	52.1160430908203	842.978820800781	111.296920776367	46.1888809204102	840.592834472656	109.259155273438	35.3059921264648	839.999267578125	109.227798461914	8.49683380126953	839.927795410156	115.407905578613	3.35002112388611	842.969482421875	123.264778137207	43.7660522460938	864.544616699219	125.596374511719	23.4856700897217	883.780029296875	113.00074005127	20.4637069702148	891.906433105469	98.3827743530273	11.0382671356201	884.135925292969	84.8296203613281	-1.33420133590698	859.193603515625	92.6376037597656	-14.4947004318237	856.987487792969	116.439895629883	5.82537412643433	862.741027832031	98.0948333740234	-33.5160713195801	858.727294921875	110.890777587891	-33.111759185791	847.956115722656	120.826637268066	-39.5287704467773	843.695129394531	120.413345336914	-12.6934509277344	853.300354003906	138.29524230957	53.5976600646973	843.203491210938	139.074661254883	52.9955253601074	843.334167480469	143.205215454102	46.3814468383789	840.498229980469	145.673614501953	35.6670455932617	838.516357421875	146.087051391602	9.00269603729248	838.867858886719	140.631652832031	3.39860606193542	842.208618164062	132.788284301758	43.6920509338379	864.821411132812	131.511947631836	24.038553237915	883.752136230469	144.517456054688	21.1233367919922	891.685119628906	159.677124023438	13.0193634033203	882.856140136719	171.938919067383	1.81895995140076	856.558654785156	164.954177856445	-12.8780469894409	855.464904785156	142.898910522461	5.56049299240112	862.205932617188	160.189575195312	-32.4582138061523	857.172546386719	146.540603637695	-32.6496658325195	846.655822753906	137.049118041992	-39.11865234375	843.658264160156	136.468856811523	-12.6516628265381	852.509582519531
PRI-11376	138.84228515625	70.9734573364258	829.106872558594	139.47200012207	62.8463172912598	839.81103515625	140.838119506836	49.7374839782715	861.695861816406	141.51252746582	26.3067684173584	885.908996582031	141.466613769531	21.9782676696777	891.500427246094	144.012512207031	-63.6194114685059	852.016967773438	143.099746704102	-42.1904029846191	832.102416992188	142.521408081055	-23.2125263214111	830.023559570312	141.956893920898	-0.699893772602081	850.184936523438	141.044967651367	13.7458238601685	838.827331542969	140.079528808594	52.1927375793457	834.842346191406	127.808052062988	65.1386642456055	831.680236816406	125.516647338867	62.2457962036133	829.927490234375	122.892601013184	55.0180015563965	827.94140625	120.208404541016	44.8179550170898	826.489990234375	122.626449584961	20.2588672637939	826.739135742188	128.508697509766	9.64658641815186	833.36669921875	134.854370117188	48.5841255187988	856.805358886719	137.321441650391	25.2179164886475	876.649597167969	123.477653503418	20.0734214782715	885.437744140625	105.858520507812	11.685676574707	875.105346679688	91.6364440917969	1.71135461330414	843.934143066406	101.383155822754	-11.8802423477173	844.842041015625	127.627769470215	7.62107992172241	854.80908203125	111.079986572266	-30.6619815826416	844.660705566406	124.573661804199	-28.8867454528809	833.732360839844	135.053726196289	-34.0976104736328	829.021118164062	134.282455444336	-8.60829544067383	842.228271484375	149.437744140625	65.3281555175781	829.471374511719	153.015853881836	62.9971656799316	828.821472167969	155.869522094727	56.2181663513184	827.644470214844	159.599578857422	44.9561653137207	825.78076171875	158.082778930664	21.2211494445801	825.616333007812	153.509750366211	10.4388446807861	832.182922363281	146.081665039062	48.8690490722656	857.240905761719	144.903854370117	25.2769546508789	877.894470214844	159.998184204102	20.9218215942383	884.897888183594	178.206985473633	15.6644849777222	873.3408203125	190.984832763672	3.39905309677124	842.268432617188	183.185668945312	-6.418869972229	843.630615234375	157.235076904297	10.001579284668	853.204772949219	175.578094482422	-29.0738162994385	842.940856933594	160.990280151367	-27.6897258758545	832.63427734375	150.712310791016	-32.953239440918	828.177673339844	150.813980102539	-7.74170827865601	841.486206054688
PRI-11414	142.434020996094	77.8492431640625	831.629028320312	143.18376159668	67.5762710571289	841.954711914062	145.021102905273	51.6936264038086	860.961730957031	147.23405456543	28.5858993530273	884.248168945312	147.16227722168	25.0643539428711	889.077819824219	150.116119384766	-61.6968612670898	848.228149414062	147.334533691406	-40.7312393188477	832.301147460938	147.130096435547	-20.3362770080566	830.523864746094	146.493179321289	3.39918875694275	846.649658203125	145.820816040039	18.9152202606201	836.669494628906	143.660400390625	58.6209106445312	835.675842285156	130.712051391602	71.4150848388672	831.705200195312	128.612915039062	70.0837326049805	831.070373535156	124.458702087402	61.1740798950195	828.720520019531	122.567222595215	49.7714385986328	825.688598632812	126.790817260742	24.0747528076172	823.196411132812	132.21760559082	15.0384244918823	828.480529785156	138.515640258789	52.4208183288574	856.251220703125	143.445770263672	27.8064785003662	877.713928222656	127.618171691895	21.3250885009766	886.8525390625	110.71802520752	14.6120805740356	876.983215332031	93.7095260620117	3.17218351364136	847.236267089844	104.305564880371	-7.48410940170288	842.826843261719	129.671035766602	13.3458366394043	853.353454589844	113.106857299805	-28.345911026001	843.800964355469	128.084594726562	-25.7751941680908	832.28662109375	139.016067504883	-31.3479690551758	829.6201171875	138.527770996094	-3.55519008636475	839.557556152344	155.031372070312	72.523323059082	831.872375488281	157.815689086914	71.581672668457	831.958312988281	161.800033569336	64.0439224243164	827.841369628906	164.449005126953	51.9641418457031	824.493530273438	163.144592285156	25.5663204193115	821.704345703125	158.376586914062	17.2008056640625	826.504150390625	150.092483520508	52.7290496826172	856.610107421875	151.002670288086	27.7133808135986	877.726623535156	166.985565185547	23.1420478820801	885.457458496094	183.357406616211	15.6149339675903	876.416320800781	199.340118408203	4.77301836013794	843.180847167969	189.731094360352	-4.10035943984985	840.581115722656	163.172668457031	13.5879392623901	852.741821289062	181.534912109375	-25.2982540130615	840.922180175781	167.017929077148	-24.3109893798828	830.181457519531	155.099090576172	-29.7344856262207	827.92041015625	156.26481628418	-2.73057341575623	839.126770019531
PRI-11415	136.600982666016	68.475341796875	838.660461425781	136.618865966797	63.0715217590332	846.437072753906	137.162628173828	48.0183601379395	865.878051757812	137.063247680664	23.125	888.837097167969	136.956344604492	19.0149898529053	893.899536132812	145.068801879883	-62.5714111328125	853.012145996094	141.76237487793	-41.9085273742676	832.84033203125	140.954696655273	-24.3463592529297	831.502258300781	139.080368041992	-0.91672146320343	849.564819335938	138.481796264648	14.7711009979248	841.580444335938	137.139755249023	50.0072250366211	840.9482421875	124.623123168945	61.3791084289551	839.015563964844	123.47297668457	60.9601707458496	838.904968261719	119.446128845215	52.3923187255859	835.567199707031	116.618965148926	40.6387977600098	832.41552734375	121.562133789062	14.3264293670654	830.550903320312	125.978088378906	9.54228496551514	834.011840820312	130.783721923828	46.8886604309082	861.988891601562	133.982650756836	23.5103874206543	880.395690917969	117.644241333008	15.7092123031616	888.192626953125	103.025688171387	7.87289237976074	878.277404785156	90.6796264648438	-2.759122133255	849.332092285156	100.420997619629	-13.2138223648071	846.28759765625	122.784896850586	6.81802463531494	856.771789550781	108.113693237305	-33.713695526123	846.303161621094	123.115272521973	-30.4355506896973	832.447631835938	133.928283691406	-35.7845993041992	829.891662597656	130.975433349609	-9.83016109466553	840.323547363281	149.133239746094	62.9264640808105	840.199645996094	150.28938293457	62.1135902404785	839.697387695312	155.362670898438	54.5956954956055	836.42529296875	158.558990478516	42.7426147460938	832.63330078125	155.771957397461	16.5438709259033	830.866271972656	151.739608764648	11.180905342102	834.189086914062	142.936294555664	47.8106536865234	862.197937011719	140.723205566406	23.18337059021	880.256225585938	155.858291625977	19.3685874938965	888.627685546875	173.275451660156	13.4464092254639	880.531799316406	188.455535888672	5.10467290878296	850.083251953125	178.732986450195	-6.57253122329712	847.697143554688	154.181350708008	9.20004367828369	856.410400390625	175.225296020508	-27.2854824066162	847.211730957031	158.287963867188	-26.6409034729004	833.480346679688	148.806686401367	-34.2628707885742	830.011657714844	147.411926269531	-7.54034328460693	840.680786132812
PRI-11665	-4.48100471496582	43.6811370849609	1006.37854003906	-4.11568927764893	39.6551513671875	1001.03588867188	-3.51239919662476	32.0570030212402	982.284301757812	-2.64052987098694	14.8721332550049	958.165405273438	-2.24713945388794	12.2582454681396	954.048034667969	-0.569041907787323	-62.4834747314453	984.027709960938	-2.40825271606445	-45.1652793884277	998.137268066406	-2.72623610496521	-30.9576301574707	1001.30316162109	-2.83911943435669	-10.261794090271	988.657775878906	-3.13381719589233	1.05504679679871	998.473388671875	-4.38823938369751	32.9139823913574	1002.30059814453	5.1455283164978	39.7537231445312	1008.44598388672	6.68594408035278	38.6602630615234	1008.71630859375	9.83178424835205	34.8350563049316	1010.41552734375	13.8943328857422	24.0386714935303	1010.76666259766	11.6259317398071	-0.108487904071808	1006.83227539062	6.82685375213623	-2.65129542350769	1003.0224609375	1.2254900932312	31.7251396179199	985.419128417969	-0.0597409904003143	14.4080743789673	966.838195800781	12.2104043960571	11.0308704376221	956.523681640625	26.8368263244629	3.43646740913391	965.639831542969	37.6489486694336	-8.24476623535156	990.082153320312	28.314603805542	-17.0457706451416	990.274047851562	11.1901874542236	-1.19896280765533	983.97021484375	25.2744579315186	-34.1422653198242	988.205993652344	11.2623615264893	-33.8734436035156	998.299194335938	4.46335935592651	-39.7897682189941	1000.85565185547	2.98377060890198	-17.2327556610107	993.20654296875	-14.4695138931274	39.2892189025879	1007.37554931641	-15.5107460021973	38.056037902832	1007.89068603516	-18.2133617401123	33.4759292602539	1009.92932128906	-22.1343193054199	23.2838554382324	1009.50231933594	-17.2240524291992	-1.29594147205353	1005.75128173828	-13.4223556518555	-3.11483788490295	1002.78826904297	-8.01823902130127	31.6493740081787	984.856811523438	-5.26276540756226	14.5772743225098	966.021911621094	-17.6088771820068	9.25815010070801	956.313720703125	-31.531379699707	2.19949054718018	964.434326171875	-42.7549209594727	-10.078987121582	989.251037597656	-33.5430793762207	-19.2242698669434	990.244201660156	-17.5065689086914	-0.573175251483917	983.582092285156	-29.3381328582764	-35.4362258911133	988.341491699219	-16.5058288574219	-34.5389938354492	999.345031738281	-9.07999324798584	-40.7775764465332	1000.76409912109	-8.62604331970215	-17.7305812835693	993.478942871094
PRI-1571	-2.20777821540833	-28.4661960601807	1031.88854980469	-1.63032948970795	-20.1873588562012	1026.44787597656	-1.5105277299881	-1.226966381073	1015.03387451172	-1.18949210643768	24.1760158538818	992.631591796875	-1.24965989589691	29.0638751983643	989.168518066406	-0.874301671981812	3.67065644264221	904.658020019531	-1.13363194465637	-16.0217304229736	921.453247070312	-1.3679438829422	-20.9096164703369	936.733154296875	-1.68945467472076	-7.23811674118042	964.144348144531	-1.67092311382294	-18.6529598236084	977.884704589844	-1.52068603038788	-22.5221633911133	1015.57751464844	7.93212890625	-28.0071125030518	1028.23706054688	11.6282663345337	-28.4858512878418	1024.3388671875	15.133584022522	-28.8103446960449	1018.60601806641	17.8900947570801	-30.076452255249	1006.63037109375	15.3553590774536	-29.0130290985107	979.778930664062	10.3755292892456	-24.6550559997559	972.420043945312	3.86546468734741	-3.83806991577148	1013.84161376953	1.42691624164581	15.9548025131226	991.293334960938	14.7855014801025	26.2011642456055	986.581665039062	31.4679088592529	18.4309597015381	978.713439941406	42.8731422424316	-8.63145923614502	964.825256347656	36.8468322753906	-10.4915533065796	956.536499023438	12.5871839523315	-2.31061744689941	973.122680664062	29.9179096221924	-5.81554651260376	935.647399902344	14.6516580581665	-18.2139320373535	935.329284667969	6.61478519439697	-19.5321063995361	927.474304199219	5.29081678390503	-12.0237808227539	954.927368164062	-11.8612194061279	-27.1122169494629	1027.51000976562	-15.5570497512817	-28.3049201965332	1024.20227050781	-18.0641021728516	-28.586332321167	1017.87847900391	-21.5949058532715	-28.7354907989502	1006.74609375	-18.5730133056641	-29.2379398345947	979.494445800781	-13.9487619400024	-24.8994827270508	972.6865234375	-6.98049736022949	-3.41695880889893	1013.58422851562	-4.19423675537109	16.6076278686523	991.524658203125	-16.3630962371826	28.6331348419189	987.904113769531	-34.8466033935547	18.3610801696777	978.623107910156	-47.7664947509766	-7.7190990447998	968.094055175781	-40.1802024841309	-9.99956321716309	955.040771484375	-15.72571849823	-2.35912680625916	973.873840332031	-32.4959602355957	-6.57042598724365	933.516357421875	-16.5044822692871	-17.487548828125	934.732299804688	-8.50394439697266	-20.8299121856689	927.272216796875	-8.47462558746338	-12.2797412872314	954.580383300781
PRI-1631	-1.66525232791901	51.1935386657715	1000.34350585938	-1.99328947067261	45.1731338500977	994.301513671875	-2.54920506477356	33.2073783874512	973.284484863281	-3.15744924545288	14.775857925415	951.199035644531	-3.20032477378845	12.8245944976807	947.121032714844	-3.33492159843445	-69.5926361083984	987.061706542969	-3.50930380821228	-50.8128852844238	999.498901367188	-2.91672015190125	-34.1346817016602	1002.11138916016	-2.22873902320862	-12.1132297515869	988.814514160156	-2.30604577064514	1.12236952781677	997.314025878906	-1.93421959877014	35.7144584655762	996.793395996094	8.99571514129639	46.9232978820801	999.522216796875	10.4894332885742	45.0935325622559	999.754699707031	13.6480131149292	41.0318145751953	1001.06140136719	NA	NA	NA	14.5254192352295	4.48136854171753	1006.64202880859	9.00877571105957	-3.04215431213379	1002.11993408203	2.85540795326233	30.9411563873291	976.777099609375	0.130439355969429	13.804051399231	959.41943359375	14.2976236343384	10.2637224197388	950.591857910156	32.6976432800293	1.73003900051117	963.074462890625	41.6239929199219	-10.934289932251	991.655395507812	32.048526763916	-20.1423454284668	991.400024414062	11.5115776062012	-2.29801368713379	981.498718261719	28.2514171600342	-37.0000534057617	989.407104492188	14.0802164077759	-37.0716819763184	999.759460449219	4.35214471817017	-44.6559715270996	1001.65887451172	4.73197841644287	-18.9004650115967	993.595703125	-12.440182685852	47.477367401123	1000.51239013672	-13.4123134613037	45.5188522338867	1000.87170410156	-17.4615840911865	41.2982482910156	1001.97741699219	NA	NA	NA	-18.7615661621094	4.3717622756958	1007.03576660156	-13.7211236953735	-3.07321262359619	1002.50006103516	-7.69749546051025	32.1007270812988	976.43310546875	-5.93829870223999	14.2779264450073	958.695068359375	-19.526439666748	11.0431213378906	951.673767089844	-38.3596458435059	2.11609053611755	963.843200683594	-46.6242256164551	-9.3496732711792	992.478271484375	-36.9854202270508	-19.7043685913086	992.247680664062	-17.0197048187256	-1.87413120269775	982.200622558594	-33.3119888305664	-38.0686378479004	989.964538574219	-19.7953510284424	-37.1217002868652	1000.37182617188	-10.7967071533203	-44.175178527832	1001.91125488281	-9.94664001464844	-18.5511913299561	993.112731933594
PRI-2133	1.16003894805908	68.3461074829102	1009.51983642578	0.0496856085956097	56.9859733581543	998.280517578125	-1.50473868846893	44.0059013366699	974.7822265625	-3.01076865196228	19.4439907073975	948.504272460938	-3.490638256073	15.6460247039795	941.67041015625	-5.53561305999756	-70.3609237670898	981.105712890625	-4.56974935531616	-52.0285720825195	999.884948730469	-3.91650986671448	-35.4225883483887	1001.49658203125	-2.64788842201233	-10.4877576828003	986.518005371094	-2.05727744102478	8.10330581665039	997.663208007812	0.0845112130045891	48.2352867126465	1003.51226806641	11.9871501922607	62.3993835449219	1007.49560546875	13.4408140182495	59.8315620422363	1008.47772216797	17.6755542755127	51.399585723877	1010.53460693359	18.8552017211914	40.4370956420898	1012.55847167969	17.5519199371338	13.91428565979	1011.28289794922	10.160514831543	3.59286117553711	1005.1826171875	4.37246179580688	40.3916358947754	978.72802734375	0.426243752241135	17.4821376800537	954.659423828125	16.3864936828613	13.3701133728027	946.192504882812	35.3192329406738	3.63097143173218	956.796752929688	45.7464332580566	-12.6226711273193	986.748352050781	35.6087188720703	-20.5425662994385	988.754577636719	13.2920055389404	0.647124767303467	978.869262695312	29.8321685791016	-39.9993209838867	986.167541503906	14.3259534835815	-38.0034027099609	999.483947753906	3.54890513420105	-45.2786483764649	1002.07897949219	5.34394025802612	-15.9400262832642	992.321838378906	-10.2946319580078	62.3357963562012	1007.10943603516	-13.0515851974487	59.3109664916992	1008.04827880859	-16.8670749664307	51.2359466552734	1009.24865722656	-19.5319385528564	41.1310920715332	1012.95422363281	-20.0576229095459	14.8779172897339	1012.01812744141	-13.8818912506104	4.45304918289185	1005.62512207031	-6.88758182525635	42.8065338134766	977.806457519531	-5.96000814437866	17.8026847839355	955.281372070312	-21.6176624298096	14.7936506271362	947.857604980469	-39.310188293457	6.31784439086914	958.820007324219	-50.5276565551758	-9.14614486694336	989.335693359375	-40.7905120849609	-17.3278026580811	991.058532714844	-18.4607810974121	4.7048716545105	980.509155273438	-37.9328498840332	-36.5154724121094	988.636962890625	-21.8837699890137	-37.4927558898926	1000.72259521484	-11.6549787521362	-44.1483268737793	1003.01922607422	-11.3871278762817	-16.453369140625	993.079223632812
PRI-2147	-1.52809655666351	62.0056076049805	1005.32012939453	-2.0366325378418	57.0799827575684	996.310180664062	-2.95564150810242	43.7549858093262	978.30029296875	-4.09140968322754	18.2060375213623	954.011779785156	-4.29726696014404	14.3330812454224	949.040100097656	-4.313720703125	-65.9767379760742	980.115051269531	-3.43321180343628	-48.454662322998	1000.38922119141	-3.00486540794373	-31.9740753173828	1003.81329345703	-3.0342173576355	-6.90211248397827	988.660217285156	-2.38410902023315	8.85145568847656	998.412475585938	-1.57783007621765	48.1296844482422	1000.63653564453	8.66728210449219	57.5177116394043	1003.68145751953	11.0825433731079	55.241771697998	1004.72357177734	14.282434463501	49.2855758666992	1005.70373535156	17.0580883026123	38.119945526123	1006.701171875	16.2748508453369	11.3656234741211	1008.22570800781	9.50087261199951	3.8800265789032	1003.57177734375	2.45879077911377	42.7680015563965	980.309326171875	-0.570339202880859	16.5668201446533	961.61767578125	10.688549041748	13.974178314209	951.690368652344	27.0971145629883	5.85969591140747	958.92333984375	41.8702583312988	-5.27768516540527	986.239624023438	34.2104187011719	-15.0893678665161	987.109985351562	11.3428239822388	3.49121618270874	982.226257324219	27.9913482666016	-37.2530784606934	985.521301269531	12.9135837554932	-35.4300193786621	999.424865722656	4.71291589736938	-41.9836463928223	1002.486328125	4.13569831848145	-15.1968746185303	993.272583007812	-11.8643102645874	56.5142555236816	1005.15155029297	-13.5837020874023	54.612606048584	1006.140625	-16.7682037353516	48.3564224243164	1007.96984863281	-19.4252033233643	38.0720024108887	1009.27258300781	-18.9962253570557	10.9435882568359	1010.9365234375	-13.6058511734009	3.85728573799133	1005.30230712891	-7.47752285003662	41.7901229858398	981.267822265625	-6.45324039459229	17.2834224700928	961.364929199219	-18.6746635437012	14.5735912322998	952.7578125	-35.1304092407227	6.96855449676514	961.909362792969	-49.3342895507812	-4.26761341094971	991.129760742188	-40.8326721191406	-14.3263416290283	992.787475585938	-17.2596454620361	2.59553551673889	983.195617675781	-36.112232208252	-36.3801383972168	989.590270996094	-20.6967639923096	-34.6701507568359	1001.98345947266	-11.2380266189575	-40.8017921447754	1003.466796875	-10.5985651016235	-15.4531517028809	995.245971679688
PRI-2157	-1.82148718833923	66.3274536132812	1018.60015869141	-1.95407795906067	56.7392196655273	1006.77032470703	-0.558236062526703	46.4915237426758	982.755920410156	-3.07078242301941	23.2339897155762	951.55126953125	-3.17596936225891	19.5457706451416	946.028503417969	-3.9531683921814	-71.7148056030273	978.873596191406	-3.18054389953613	-51.9339790344238	999.2666015625	-3.15277862548828	-33.4157562255859	1002.33508300781	-3.02631568908691	-9.84745979309082	989.396606445312	-2.08923482894897	7.62319612503052	1001.11157226562	-2.26027321815491	46.5309677124023	1009.29901123047	9.89855003356934	61.6137771606445	1016.13049316406	12.4586296081543	59.6873588562012	1015.88226318359	16.322790145874	51.238338470459	1018.46905517578	17.9495620727539	39.0341110229492	1018.37457275391	15.3743553161621	12.2387371063232	1014.95367431641	9.41027927398682	3.35246157646179	1007.04113769531	4.27387523651123	44.9897537231445	986.053161621094	0.509444117546082	21.3233032226562	958.520874023438	16.9555072784424	18.678243637085	950.715698242188	35.4080429077148	10.7703151702881	962.549743652344	46.3259353637695	-5.07545614242554	991.499389648438	36.0497169494629	-16.4443550109863	991.500610351562	11.6855812072754	4.2313551902771	983.6328125	32.5884437561035	-36.9561462402344	988.068542480469	14.4652938842773	-36.5382995605469	999.161071777344	5.06352472305298	-44.2369689941406	1001.64501953125	5.19669437408447	-13.8151388168335	992.969604492188	-13.1138916015625	61.6802177429199	1017.95635986328	-14.9301156997681	60.2224044799805	1018.14971923828	-18.8905563354492	51.3772430419922	1019.27294921875	-20.4485683441162	39.417407989502	1019.92712402344	-19.6798686981201	12.94114112854	1015.92956542969	-13.586763381958	3.40255522727966	1008.29754638672	-7.64868211746216	44.9858169555664	985.121520996094	-6.53886795043945	21.9219093322754	959.19140625	-21.0304660797119	18.9300327301025	951.355834960938	-41.2005653381348	11.0212163925171	962.721313476562	-51.4497718811035	-6.9788932800293	991.677734375	-41.9870529174805	-16.4687690734863	992.281433105469	-17.8724670410156	3.7482807636261	983.868408203125	-38.4600028991699	-37.4054946899414	988.584350585938	-22.6583023071289	-36.5830116271973	999.042724609375	-11.4386510848999	-43.7180976867676	1002.08068847656	-10.8650302886963	-14.3283357620239	994.102783203125
PRI-2168	-1.88262128829956	-28.3563289642334	1041.29357910156	-1.97835958003998	-20.1615104675293	1036.130859375	-1.74564921855927	-0.0684038624167442	1023.96551513672	-1.97795414924622	25.4102687835693	998.937622070312	-1.95379090309143	31.115026473999	994.337219238281	-0.769161760807037	4.00585126876831	913.560485839844	-0.842813491821289	-17.0577602386475	930.611511230469	-0.660755634307861	-21.0569820404053	946.293640136719	-1.34125280380249	-7.67443990707397	973.218627929688	-1.24868333339691	-18.3299617767334	988.064086914062	-1.55682051181793	-22.8108959197998	1026.74755859375	8.42675876617432	-26.6435050964355	1037.02233886719	10.8850498199463	-27.3789882659912	1034.9677734375	14.0817079544067	-28.569896697998	1028.73107910156	17.3833408355713	-28.6677837371826	1018.02966308594	16.6476802825928	-29.1140899658203	990.791137695312	10.9783420562744	-23.5051040649414	983.178405761719	3.32082414627075	-2.13237690925598	1022.00665283203	1.17475759983063	17.7746715545654	997.951721191406	12.8583250045776	27.5883960723877	995.833435058594	28.9495220184326	20.0625534057617	987.026489257812	44.0324859619141	-7.0007905960083	976.533630371094	36.3375473022461	-6.66884803771973	965.608642578125	13.2270612716675	-2.68537402153015	983.292724609375	31.165168762207	-3.71930599212646	943.775268554688	15.7517719268799	-17.3725109100342	943.832702636719	7.57235097885132	-19.0318031311035	936.64794921875	6.13104438781738	-13.0661401748657	963.916625976562	-12.0905447006226	-27.6012306213379	1035.34313964844	-13.6644697189331	-28.1101989746094	1033.62414550781	-16.7331943511963	-29.855920791626	1026.73168945312	-19.1957054138184	-30.4220275878906	1016.35729980469	-18.011625289917	-30.4240283966064	990.007751464844	-12.0041561126709	-24.5373306274414	982.79833984375	-6.32922649383545	-2.50525307655334	1020.99957275391	-4.33254623413086	17.9798774719238	997.960510253906	-16.9046115875244	27.2834320068359	995.472106933594	-32.5904350280762	19.0209884643555	986.673583984375	-47.2258110046387	-8.97806358337402	974.199096679688	-38.6346397399902	-10.3394947052002	964.434875488281	-15.7451133728027	-2.30835199356079	982.438537597656	-32.9287300109863	-6.60761976242065	942.436767578125	-16.8343315124512	-18.4958248138428	944.158386230469	-9.11842823028564	-21.237720489502	938.2373046875	-8.28820610046387	-13.5959539413452	963.904113769531
PRI-2584	-1.45535218715668	-29.9920349121094	1006.28369140625	-1.42330622673035	-19.8203010559082	998.528015136719	-2.00334310531616	-1.13425958156586	985.481506347656	-1.45820093154907	21.716947555542	960.084289550781	-1.47559726238251	27.8779602050781	954.987121582031	NA	NA	NA	0.283888250589371	-25.9215679168701	891.462158203125	0.0074849990196526	-29.8654308319092	907.820617675781	-0.554733097553253	-11.101357460022	935.81640625	-1.28071045875549	-23.0554294586182	950.417907714844	-1.92996454238892	-24.2868137359619	988.588684082031	9.3436107635498	-28.8633480072021	1000.76318359375	12.9454002380371	-30.7686786651611	997.680114746094	14.7422780990601	-32.330623626709	991.607421875	16.9634895324707	-34.7449569702148	980.360168457031	14.7763547897339	-34.9493980407715	953.245849609375	9.45632266998291	-29.3708057403564	946.99755859375	3.69691228866577	-3.72743463516235	983.574523925781	0.740466356277466	15.589617729187	959.216491699219	16.641357421875	26.5857677459717	954.982116699219	31.6266765594482	17.6819381713867	946.728820800781	45.9121017456055	-15.5896825790405	936.403442382812	36.5364189147949	-18.2663269042969	926.370056152344	12.4917554855347	-5.43632888793945	942.068725585938	32.2761306762695	-16.562084197998	905.3642578125	15.4955615997314	-27.2104663848877	906.489929199219	7.95873069763184	-29.4984912872314	899.310302734375	6.3518853187561	-20.2122898101807	925.174865722656	-12.6502676010132	-29.5410614013672	1001.08361816406	-16.5142364501953	-30.5433788299561	998.367309570312	-17.802038192749	-33.7566223144531	992.147521972656	-19.846981048584	-36.2292823791504	980.794738769531	-16.6706390380859	-36.0276298522949	953.197326660156	-11.831371307373	-29.8022899627686	947.601989746094	-7.59368324279785	-3.3854353427887	983.413696289062	-4.29681921005249	15.054759979248	958.688171386719	-17.5248222351074	25.6256465911865	954.867309570312	-34.0307922363281	16.2451553344727	947.117004394531	-48.8457374572754	-17.1595420837402	935.187561035156	-38.6232604980469	-18.6851005554199	925.784362792969	-15.2066459655762	-7.15324258804321	943.350891113281	-31.7264633178711	-16.1093196868896	903.103393554688	-15.0410594940186	-26.4952239990234	905.141906738281	-7.46302080154419	-28.8816013336182	898.533447265625	-6.85081434249878	-20.1340351104736	924.909057617188
PRI-2585	NA	NA	NA	-1.03069114685059	51.3461303710938	1002.50769042969	NA	NA	NA	-1.31627881526947	15.3097438812256	956.383422851562	-1.52108645439148	12.0970373153687	952.547790527344	-7.17700099945068	-65.5863418579102	984.1962890625	-5.58789539337158	-47.341911315918	1000.29125976562	-5.58264255523682	-32.979434967041	1005.44769287109	-3.52239155769348	-8.28495407104492	990.029357910156	-2.7915530204773	6.66787624359131	1002.03564453125	-1.59071373939514	42.9796180725098	1005.0029296875	NA	NA	NA	10.5542297363281	49.1211471557617	1011.02593994141	14.2004795074463	44.334114074707	1011.82885742188	16.4221935272217	33.5502166748047	1013.58905029297	15.4305715560913	7.01938915252686	1013.84387207031	9.21975898742676	0.0774983763694763	1006.1728515625	4.9111795425415	39.927864074707	986.634155273438	1.26337575912476	15.5447521209717	965.720336914062	13.5213737487793	8.4346513748169	954.900085449219	28.7474002838135	2.93381071090698	964.665466308594	40.1498527526855	-10.5805749893188	992.085266113281	34.3224143981934	-19.0374412536621	989.9931640625	11.0672693252563	-0.742826044559479	984.985778808594	24.7117137908936	-38.2080459594727	990.320373535156	10.0697107315063	-34.8696250915527	1001.54119873047	2.01234531402588	-40.6606254577637	1004.0087890625	3.68170690536499	-17.3049926757812	995.675598144531	NA	NA	NA	-13.971095085144	48.8157615661621	1009.02905273438	-16.9571628570557	44.1734275817871	1011.31536865234	-19.5662536621094	33.2784042358398	1013.23077392578	-20.0656509399414	7.24602174758911	1013.72735595703	-14.7224063873291	0.0879862084984779	1006.71246337891	-5.57592296600342	40.2026519775391	987.284301757812	-4.38396215438843	16.534496307373	965.602355957031	-16.0926036834717	10.7772254943848	954.845336914062	-33.1422348022461	6.32238626480103	963.361022949219	-47.5754776000977	-5.52920484542847	990.340087890625	-39.5600700378418	-15.3032646179199	991.094665527344	-16.7273578643799	1.09398210048676	984.49560546875	-35.3831977844238	-35.4550361633301	990.570373535156	-20.4937515258789	-33.4982948303223	1001.94195556641	-13.0893821716309	-40.2063293457031	1002.51995849609	-11.8697032928467	-16.8006324768066	995.7421875
PRI-2586	-1.67847549915314	-25.4113273620605	1019.54925537109	-0.69014698266983	-20.2817554473877	1014.66149902344	-1.10497856140137	-0.707724392414093	1001.38323974609	-1.58832621574402	22.5245418548584	977.392639160156	-1.30999279022217	26.8695526123047	973.934143066406	-1.06127035617828	-1.91992032527924	892.427185058594	-0.604934453964233	-20.4140300750732	908.333862304688	-0.0490181483328342	-23.4944820404053	924.746520996094	-1.02862846851349	-9.67548370361328	951.698303222656	-1.06209743022919	-21.2215156555176	965.705871582031	-1.28896462917328	-22.4607543945312	1005.25982666016	8.70948696136475	-27.3427772521973	1014.66845703125	12.2651472091675	-29.7556667327881	1009.92547607422	15.3861703872681	-30.3360252380371	1004.20672607422	17.5205001831055	-31.0138568878174	993.144104003906	15.2677068710327	-31.0145626068115	966.294799804688	10.7365322113037	-26.2740077972412	959.935974121094	4.72533655166626	-4.43698644638062	999.739013671875	1.10972392559052	12.5074510574341	976.646301269531	14.1549205780029	24.8157711029053	972.203918457031	30.2520656585693	16.8602714538574	964.553405761719	44.3358421325684	-8.97208213806152	955.174865722656	37.0098762512207	-10.8355503082275	940.3837890625	13.1530094146729	-6.4249701499939	962.706237792969	29.3454532623291	-9.37209987640381	920.07373046875	15.2648458480835	-20.2805862426758	922.734313964844	7.08504152297974	-22.1694717407227	915.498229980469	6.319664478302	-16.0098152160645	941.045043945312	-11.0696249008179	-26.119649887085	1015.14605712891	-15.2515354156494	-29.1221199035645	1010.13433837891	-17.520471572876	-29.9764652252197	1003.41430664062	-19.9423542022705	-30.8953304290771	993.265502929688	-17.4937992095947	-30.8807468414307	966.784912109375	-11.5813388824463	-26.7573490142822	960.364990234375	-6.63141870498657	-4.46902084350586	1001.25177001953	-3.49836611747742	12.8814153671265	976.783996582031	-15.65904712677	24.0749969482422	972.842041015625	-32.3612861633301	16.3998432159424	966.146240234375	-45.8354225158691	-10.1812191009521	954.916931152344	-36.8693885803223	-13.6925716400146	941.671936035156	-15.4827480316162	-6.26555442810059	961.7607421875	-32.0695152282715	-9.56650733947754	921.195068359375	-16.6548004150391	-21.1417140960693	923.049255371094	-8.99001979827881	-23.3877754211426	916.789123535156	-7.46988391876221	-14.3077363967896	941.713684082031
PRI-2587	-1.60725605487823	56.1526374816895	1007.1767578125	-1.63478147983551	51.3820495605469	998.832763671875	-1.60895919799805	40.7283325195312	980.416748046875	-2.66424322128296	15.7406072616577	952.988098144531	-2.95300626754761	11.557822227478	948.035461425781	-5.61130380630493	-68.9943084716797	981.703796386719	-5.00874614715576	-50.4535217285156	999.273376464844	-4.39744663238525	-36.8446884155273	1002.22637939453	-3.47580742835999	-10.4604902267456	986.724426269531	-2.89513874053955	2.71227955818176	997.008911132812	-2.29577374458313	42.0389976501465	1001.65234375	8.35767459869385	52.4184036254883	1005.33367919922	12.8925294876099	47.9603652954102	1006.23217773438	16.0352725982666	42.5398788452149	1007.45550537109	16.9125347137451	30.8231410980225	1009.72473144531	14.0253944396973	5.42881441116333	1009.60394287109	8.28208541870117	-1.7686460018158	1002.69970703125	3.31783866882324	38.2986869812012	982.360717773438	0.685168504714966	13.8549575805664	961.024169921875	13.0711221694946	10.4486055374146	951.175048828125	31.7140941619873	3.18131613731384	961.88330078125	42.8789329528809	-7.66040563583374	985.890380859375	32.2085800170898	-19.316047668457	988.991577148438	10.5868158340454	0.0204959791153669	981.06396484375	26.5283145904541	-38.6781196594238	985.729064941406	11.5597515106201	-37.8106460571289	998.178466796875	3.09060215950012	-44.028392791748	1001.79833984375	3.48185396194458	-18.7699432373047	992.801391601562	-12.2927255630493	52.205249786377	1006.06988525391	-17.4499626159668	49.176082611084	1006.41265869141	-20.1482810974121	43.1129837036133	1007.5205078125	-21.108211517334	31.7314929962158	1009.32647705078	-19.4341640472412	6.07259607315063	1008.74450683594	-13.4973526000977	-1.40355324745178	1002.89477539062	-7.16756105422974	38.3368721008301	981.910583496094	-5.33699226379395	14.8052845001221	960.905700683594	-17.7381172180176	12.1838054656982	951.760375976562	-35.4452209472656	4.22486162185669	960.455688476562	-47.3109321594238	-5.50177764892578	986.944580078125	-38.5715103149414	-18.4982147216797	989.693786621094	-16.64524269104	0.966426968574524	981.661499023438	-35.6289367675781	-37.7478408813477	986.895080566406	-19.9981327056885	-36.5548858642578	998.739318847656	-11.9349317550659	-43.7014007568359	1002.40838623047	-9.96890449523926	-19.0230121612549	992.747436523438
PRI-2588	-1.66608965396881	51.3148002624512	1012.11505126953	-1.47542583942413	45.3200759887695	1003.84008789062	-2.02473068237305	34.1256713867188	985.160827636719	-2.38430213928223	14.7643594741821	960.600402832031	-2.59452247619629	12.26926612854	956.181030273438	-5.23995733261108	-72.3497924804688	978.514343261719	-3.36004853248596	-56.3301582336426	998.461120605469	-3.27834701538086	-40.5224990844727	1002.71759033203	-2.44163537025452	-14.4227838516235	989.471008300781	-2.26754570007324	-1.63016331195831	1003.64245605469	-1.73484873771667	36.9456596374512	1007.99401855469	7.36875629425049	47.3422050476074	1013.25067138672	12.5218677520752	41.8939170837402	1014.58929443359	14.7305488586426	36.5144958496094	1015.11535644531	17.6165618896484	24.2949295043945	1015.92517089844	15.6768951416016	-0.0686189234256744	1014.33117675781	9.56895160675049	-7.80136823654175	1008.41314697266	3.37686538696289	32.0528869628906	987.474060058594	0.587177515029907	13.2187833786011	969.055358886719	11.9711494445801	9.83305263519287	957.117004394531	29.8503665924072	1.91762065887451	964.963500976562	NA	NA	NA	33.3216094970703	-24.7726383209229	994.09130859375	11.3503427505493	-6.0570273399353	985.817993164062	27.5099296569824	-44.0707244873047	986.701843261719	12.7418165206909	-42.8516998291016	999.138916015625	3.84817314147949	-49.7789726257324	1001.96844482422	3.26131343841553	-25.2462272644043	995.772338867188	-10.7372331619263	47.7707214355469	1011.22094726562	-15.7573413848877	43.0680084228516	1011.51989746094	-19.418083190918	37.2442665100098	1015.75207519531	-21.7558479309082	25.5362281799316	1017.25646972656	-20.2175388336182	1.37261879444122	1013.89501953125	-13.8956632614136	-6.33063888549805	1009.20178222656	-7.01565551757812	32.4560432434082	987.415466308594	-4.85871934890747	13.4258403778076	968.050720214844	-18.0527057647705	9.91445255279541	958.073486328125	-35.2249755859375	2.95729851722717	965.298706054688	-45.2417678833008	-10.5347089767456	993.505187988281	-39.1634101867676	-23.1897621154785	993.544311523438	-15.7003087997437	-5.16259002685547	986.436584472656	-34.0395126342773	-42.9220123291016	987.557250976562	-19.2053108215332	-42.4277610778809	1000.16033935547	-10.1032466888428	-50.2319374084473	1001.01776123047	-8.8277997970581	-25.0428295135498	995.801391601562
PRI-2592	1.83713150024414	57.035831451416	1013.01489257812	1.70420730113983	50.9467964172363	1005.02801513672	-0.233319386839867	38.6892433166504	984.717468261719	-1.97522747516632	16.1495342254639	957.666076660156	-2.35420203208923	11.9799060821533	952.697143554688	-8.60783004760742	-71.51953125	978.357727050781	-6.5932765007019	-54.1579742431641	999.8896484375	-5.53832387924194	-37.6494140625	1003.61846923828	-3.37427663803101	-11.7234077453613	992.466918945312	-1.91756892204285	1.84529328346252	1004.08325195312	1.20253467559814	41.0689964294434	1009.39239501953	11.283787727356	51.2687034606934	1013.15997314453	15.6532402038574	47.1327171325684	1014.31518554688	17.9977989196777	41.9090766906738	1015.80987548828	20.0224781036377	29.87451171875	1016.53155517578	16.0117721557617	4.80695915222168	1014.97021484375	9.06698703765869	-4.12198734283447	1009.07745361328	5.96502542495728	36.8182144165039	987.673217773438	1.56387686729431	15.1977424621582	967.783630371094	14.7597665786743	11.1112880706787	956.794799804688	31.0875072479248	-0.573245823383331	965.231323242188	NA	NA	NA	34.1506233215332	-25.0799751281738	993.46630859375	10.1757459640503	-1.94929790496826	986.4169921875	25.5455741882324	-44.4882202148438	989.628051757812	10.2820844650269	-41.143138885498	1000.99743652344	1.48965573310852	-48.1491012573242	1002.51123046875	3.16792368888855	-22.6502285003662	997.313354492188	-8.19712257385254	51.9274940490723	1012.13128662109	-13.9036331176758	48.2174453735351	1014.30389404297	-16.2526397705078	43.6178970336914	1016.11145019531	-19.6553821563721	31.3292064666748	1016.75958251953	-18.4254665374756	6.53352546691895	1015.31427001953	-13.4457473754883	-3.63102555274963	1009.21209716797	-5.01683282852173	38.0959014892578	987.821838378906	-4.7185788154602	15.6294889450073	967.336059570312	-17.5608024597168	13.7371339797974	956.689086914062	-36.3312683105469	5.55113887786865	965.117431640625	-49.8362464904785	-10.0815515518188	995.009521484375	-40.9856262207031	-19.8105182647705	994.705139160156	-16.3805923461914	0.487950772047043	987.589294433594	-38.6377410888672	-41.6763038635254	990.801635742188	-23.1312580108643	-39.1586532592773	1001.76129150391	-14.7444019317627	-47.677303314209	1002.90081787109	-11.6006526947021	-22.4102096557617	997.759704589844
PRI-2595	0.0848894640803337	52.0033416748047	1005.15020751953	-0.0708538740873337	47.4751739501953	997.919921875	0.11964076757431	41.2793617248535	980.249328613281	-1.00553071498871	22.9775943756104	956.972351074219	-1.10970509052277	20.4326400756836	952.673156738281	-4.79077863693237	-56.6929779052734	984.693603515625	-5.07641935348511	-39.5143890380859	999.153930664062	-4.5456395149231	-24.537525177002	1001.12054443359	-2.91427159309387	-1.79947936534882	985.700073242188	-2.40540957450867	9.59795761108398	995.996032714844	-0.648387491703033	39.2861709594727	1000.068359375	10.3214626312256	47.783031463623	1004.86871337891	10.7784652709961	46.5642738342285	1005.08728027344	13.6614513397217	41.6647109985352	1006.54937744141	16.2562274932861	30.639684677124	1006.67437744141	10.8701601028442	5.45095682144165	1003.28875732422	7.78895235061646	4.30428218841553	1000.93072509766	4.53729724884033	40.1515464782715	983.667236328125	1.54188668727875	21.5805568695068	964.142272949219	13.5457324981689	18.5390796661377	954.824340820312	26.9064540863037	9.67751884460449	964.422546386719	35.0730209350586	-1.68151986598969	986.974914550781	28.2712535858154	-12.3699493408203	989.711669921875	11.1617488861084	5.70076179504395	982.107116699219	22.7009143829346	-28.4309349060059	988.316528320312	10.56409740448	-28.8132553100586	998.551635742188	2.95688796043396	-32.8320922851562	1001.46954345703	2.87242770195007	-10.9476413726807	992.618041992188	-10.4465942382812	48.4121513366699	1004.71722412109	-11.8124856948853	47.5238494873047	1004.896484375	-14.6871643066406	42.9184913635254	1006.82873535156	-18.8146781921387	32.3401641845703	1006.95385742188	-15.6155729293823	6.58408546447754	1003.05181884766	-12.8075037002563	4.93461561203003	1001.15832519531	-5.04660940170288	40.1949615478516	983.62451171875	-3.68352746963501	22.0356674194336	963.788940429688	-14.810754776001	20.581033706665	954.446472167969	-30.7272644042969	13.3485517501831	965.221984863281	-40.5502891540527	1.39540255069733	987.096496582031	-35.3775596618652	-8.66390037536621	989.314147949219	-16.1182079315186	7.87123203277588	981.723083496094	-31.6094551086426	-26.2954998016357	987.747741699219	-19.7093372344971	-26.8310623168945	997.229736328125	-12.0228958129883	-33.7324371337891	1000.30279541016	-9.61038780212402	-9.25532627105713	991.446960449219
PRI-2596	-3.06384682655334	61.621997833252	983.599914550781	-2.82682371139526	56.8489990234375	976.869140625	-2.69892024993896	48.4686050415039	959.489196777344	-1.30029654502869	29.6976757049561	936.897827148438	-1.09067690372467	27.0860862731934	933.084289550781	-1.94469225406647	-50.1873397827148	961.9091796875	-2.54644870758057	-33.2138252258301	977.826904296875	-3.49823832511902	-18.2294750213623	980.900756835938	-2.85171818733215	4.48981332778931	968.140747070312	-3.31397557258606	16.5071239471436	977.800048828125	-3.54498529434204	49.1567840576172	979.7314453125	6.53096389770508	57.5560836791992	983.3671875	7.36952638626099	56.7638778686523	983.817016601562	10.7118368148804	52.0395698547363	985.413513183594	13.6584558486938	42.413330078125	987.430541992188	12.7384958267212	18.5036392211914	985.913024902344	7.36672258377075	13.1991453170776	982.553344726562	2.70716047286987	47.3549957275391	962.601135253906	0.921269237995148	29.0575332641602	944.953918457031	13.5767230987549	25.7476329803467	935.516845703125	28.4408168792725	19.3686275482178	946.213806152344	36.5280342102051	11.2761878967285	970.236694335938	30.0843715667725	-1.04199314117432	971.25341796875	10.160698890686	13.9380006790161	963.998168945312	25.8027763366699	-19.7700614929199	968.657592773438	13.1872873306274	-18.468620300293	979.156372070312	3.95335006713867	-26.9287223815918	979.755676269531	3.40306544303894	-2.23128414154053	973.042602539062	-13.2720184326172	58.6525230407715	982.710327148438	-14.552978515625	57.4540138244629	982.817749023438	-17.8226356506348	52.6775779724121	984.344360351562	-21.2840785980225	43.1022834777832	985.365112304688	-19.8472347259521	19.326099395752	984.746704101562	-14.551552772522	12.8087558746338	981.482055664062	-7.54984521865845	47.8302764892578	961.995849609375	-4.41397428512573	29.2253398895264	943.727661132812	-15.8562641143799	25.2506275177002	934.924194335938	-31.8011989593506	18.9603996276855	943.978698730469	NA	NA	NA	-34.6344032287598	-2.54423093795776	969.101318359375	-15.7764291763306	13.8707418441772	962.923217773438	-30.5442276000977	-21.1723480224609	967.167236328125	-19.3238735198975	-19.8509216308594	978.273620605469	-9.87684726715088	-27.5582008361816	979.542602539062	-8.8897762298584	-3.29880619049072	972.962219238281
PRI-2597	-1.52287697792053	47.3082008361816	999.541625976562	-1.72455644607544	43.2534255981445	993.048461914062	-1.60530757904053	35.7714157104492	975.44287109375	-0.594525158405304	15.6621732711792	949.969909667969	-0.383000552654266	13.1277542114258	945.458618164062	0.511039733886719	-63.7470779418945	972.426818847656	-1.06379008293152	-47.8202285766602	989.173156738281	-1.80496942996979	-33.8098640441895	992.401733398438	-2.46313381195068	-9.87680053710938	980.428344726562	-2.65726447105408	2.10236883163452	990.560241699219	-1.96228075027466	34.1152496337891	994.030029296875	8.73049259185791	41.7571983337402	998.073852539062	10.1315250396729	40.5626983642578	998.371765136719	12.9992513656616	36.4301986694336	998.401000976562	15.6982564926147	25.1642246246338	1000.85382080078	13.6414518356323	1.38495278358459	995.17626953125	8.69129657745361	-2.35859656333923	995.228393554688	3.52599835395813	33.4773445129395	978.22412109375	1.1611624956131	14.0021772384644	958.572692871094	15.166051864624	12.1240453720093	948.869506835938	29.7285499572754	4.89504814147949	959.96435546875	38.3297996520996	-7.66034841537476	981.482482910156	30.6776638031006	-17.2617263793945	983.231079101562	11.17165184021	-1.09903395175934	977.211547851562	26.2041797637939	-33.6729736328125	979.993591308594	13.2832403182983	-36.4253311157227	990.691772460938	5.58431339263916	-42.704776763916	992.156677246094	4.59303617477417	-18.6099853515625	985.806701660156	-12.4811182022095	42.8692016601562	998.130615234375	-13.7622928619385	40.4883613586426	998.683532714844	-16.9658699035645	35.5011520385742	999.301330566406	-19.9869747161865	24.9678192138672	1000.7841796875	-16.5095863342285	0.119602881371975	995.760864257812	-13.4235696792603	-3.22534918785095	995.1591796875	-7.49762725830078	33.7408828735352	978.16015625	-3.67335104942322	14.032717704773	958.024047851562	-14.8602733612061	11.5820016860962	947.686645507812	-31.2257270812988	3.91595458984375	957.743896484375	-39.9889945983887	-8.14144802093506	978.689270019531	-31.2563247680664	-19.0307540893555	980.864685058594	-16.5743408203125	-1.71288549900055	976.039306640625	-27.7967624664307	-35.6314010620117	979.210571289062	-16.796630859375	-37.7667999267578	990.035400390625	-8.45571231842041	-43.7709617614746	992.0703125	-8.70314407348633	-18.9577960968018	985.778747558594
PRI-2601	-1.14239633083344	-26.9715671539307	1041.7626953125	-1.1705037355423	-18.4046535491943	1035.33410644531	-0.570035696029663	-1.61821925640106	1025.712890625	-0.941475510597229	21.1533145904541	1004.92724609375	-1.00761139392853	24.3665332794189	1001.94885253906	-1.61369359493256	-13.0382318496704	930.241577148438	-1.86813604831696	-24.8411235809326	950.088317871094	-1.78675007820129	-25.4540996551514	965.659851074219	-1.40026235580444	-10.9889183044434	984.861877441406	-1.52241730690002	-18.838939666748	996.941589355469	-1.53593099117279	-21.1647510528564	1027.59155273438	7.27798652648926	-25.7883434295654	1038.44213867188	9.37829875946045	-25.9269390106201	1036.76623535156	12.2780065536499	-28.4984951019287	1033.16955566406	15.7586288452148	-29.4692764282227	1024.12927246094	15.664909362793	-29.2874565124512	1001.44720458984	8.85360145568848	-24.4092655181885	992.437805175781	3.78460764884949	-4.05847644805908	1024.43444824219	1.32412552833557	12.8605833053589	1005.92590332031	13.3894309997559	22.3707599639893	998.094848632812	27.8692798614502	9.31804466247559	995.5029296875	37.7956237792969	-13.7485952377319	987.79736328125	30.1964797973633	-15.6075382232666	977.857177734375	11.7612915039062	-7.31088256835938	993.25390625	26.4079170227051	-14.2812509536743	960.784301757812	12.5892000198364	-23.400297164917	963.719970703125	5.54920053482056	-25.9656066894531	957.537170410156	4.75877285003662	-16.8015956878662	978.070922851562	-9.96521091461182	-26.31618309021	1038.43127441406	-11.6370134353638	-26.5703887939453	1037.02600097656	-14.8295192718506	-28.9024143218994	1033.31823730469	-17.5365600585938	-30.5585060119629	1024.84838867188	-17.9632549285889	-29.7286434173584	1001.54156494141	-11.4587535858154	-24.5415458679199	993.065368652344	-4.81729888916016	-2.83758544921875	1023.482421875	-3.53510284423828	12.852201461792	1005.45532226562	-15.7037935256958	22.7889385223389	998.868041992188	-29.9973583221436	11.0551052093506	996.536499023438	-39.0662536621094	-13.7675981521606	985.218688964844	-32.1733856201172	-14.9258670806885	978.434448242188	-14.8788681030273	-6.6934642791748	992.335388183594	-29.5741958618164	-14.402400970459	960.712707519531	-15.6299428939819	-23.5979080200195	962.705017089844	-8.20361804962158	-25.7514610290527	956.893920898438	-7.33820629119873	-16.8795585632324	978.343566894531
PRI-3123	0.0404706075787544	51.6192359924316	1011.06024169922	-0.525037467479706	46.2185401916504	1002.30700683594	-1.76481139659882	33.988655090332	982.554992675781	-2.70705056190491	13.6109571456909	960.211730957031	-2.98753762245178	9.84472274780273	954.223083496094	-7.21723556518555	-72.4408340454102	980.09033203125	-5.84866523742676	-56.130184173584	998.579284667969	-5.20672655105591	-40.7953300476074	1004.43811035156	-4.48501968383789	-15.3702211380005	990.428955078125	-3.38150858879089	-0.549553990364075	1000.919921875	-1.03240144252777	36.9095191955566	1005.05651855469	10.2566967010498	47.2513961791992	1008.90478515625	13.115481376648	43.9760894775391	1008.90637207031	16.2657909393311	35.9947700500488	1011.55206298828	19.1878910064697	24.701732635498	1012.52252197266	13.3575210571289	-0.791447877883911	1012.25891113281	7.60330677032471	-5.70658493041992	1006.5263671875	3.96530938148499	33.4340362548828	985.511291503906	0.326540231704712	11.9941072463989	967.191833496094	12.2245998382568	8.07950115203857	957.548583984375	29.0736064910889	0.27755618095398	965.054748535156	42.2668075561523	-11.532320022583	990.646484375	31.2499923706055	-24.3868389129639	991.490844726562	10.1233291625977	-5.69893550872803	985.616943359375	23.9768943786621	-43.0499382019043	988.8896484375	12.2809772491455	-42.6215934753418	1000.47406005859	2.08213829994202	-49.5908470153809	1002.61883544922	2.54841947555542	-24.5778713226318	996.031677246094	-10.6218156814575	47.6542320251465	1009.17974853516	-14.4767980575562	44.8879089355469	1010.07269287109	-18.1692428588867	38.5069389343262	1011.53704833984	-22.2057285308838	27.3653984069824	1013.27886962891	-19.4893569946289	0.969480156898498	1012.75408935547	-14.1695327758789	-4.2938961982727	1006.38568115234	-6.85669898986816	33.2792778015137	985.51171875	-5.68532466888428	12.3243474960327	966.735046386719	-18.3468151092529	9.55282974243164	957.063171386719	-35.304615020752	4.95506238937378	965.235656738281	-49.0429039001465	-6.99239587783813	990.2958984375	-40.0542144775391	-21.4288139343262	992.605041503906	-18.0125179290771	-4.01622009277344	985.460205078125	-34.6476287841797	-41.5886268615723	989.680541992188	-21.8394565582275	-41.8505859375	1001.24951171875	-13.6722059249878	-49.0752067565918	1003.05999755859	-12.026985168457	-23.9806346893311	995.86767578125
PRI-3125	-2.20278644561768	63.3760108947754	1001.90063476562	-2.35114073753357	58.0058288574219	994.038024902344	-1.81770288944244	44.7070808410645	973.039184570312	-1.26948225498199	20.9135608673096	949.611389160156	-0.890025675296783	15.7962684631348	944.090148925781	0.6028613448143	-66.0169677734375	984.60791015625	-1.0234055519104	-46.3213844299316	996.349548339844	-1.40461874008179	-29.7049770355225	998.688537597656	-1.78729259967804	-3.42509484291077	982.133911132812	-2.07021188735962	7.93291902542114	994.066223144531	-2.53425431251526	48.7078018188477	997.027954101562	9.68166351318359	57.4527053833008	1000.23028564453	11.8728742599487	55.8263320922852	1000.96295166016	15.6647367477417	48.1858253479004	1003.13507080078	17.5019817352295	36.8435897827148	1005.80444335938	12.925726890564	9.0438232421875	1005.34094238281	8.51080322265625	3.88660383224487	1000.18774414062	3.80338883399963	46.2303695678711	977.190734863281	1.56031918525696	21.0879287719727	958.098449707031	14.1914939880371	15.4445199966431	948.468017578125	30.6180152893066	8.09666538238525	959.339965820312	41.8104858398438	-3.05214142799377	990.210510253906	32.6411781311035	-13.2611513137817	989.151672363281	11.2130613327026	5.50467920303345	980.521362304688	30.1209678649902	-33.3791007995605	986.715148925781	14.6182928085327	-33.1719818115234	997.098693847656	5.89261484146118	-37.2032127380371	998.182373046875	6.16620063781738	-16.4014339447021	989.334716796875	-14.0470561981201	57.9589767456055	1000.01330566406	-16.6441631317139	55.0258941650391	1001.15936279297	-19.9722862243652	48.050910949707	1002.93994140625	-22.2303199768066	36.053897857666	1004.00164794922	-18.9166622161865	9.82171440124512	1003.9091796875	-13.089750289917	2.98611283302307	1000.08514404297	-7.32574987411499	43.1843643188477	975.766357421875	-4.35850954055786	20.6826839447021	957.616088867188	-16.2502117156982	14.8952941894531	947.12744140625	-31.1915702819824	6.96420812606812	956.915222167969	-44.2746429443359	-5.60194301605225	987.791564941406	-34.5629615783691	-15.5913743972778	987.982055664062	-13.9890737533569	5.68715667724609	980.004943847656	-31.5433158874512	-35.9900741577148	985.699157714844	-17.4254932403564	-32.7436485290527	996.484741210938	-8.45572757720947	-38.5779571533203	998.087524414062	-9.20229244232178	-17.3517627716064	988.876525878906
PRI-3126	0.940758228302002	58.9647178649902	1004.30090332031	0.415299475193024	52.5553207397461	995.9423828125	-0.266205936670303	43.5542335510254	975.873474121094	-1.01857423782349	19.2596321105957	948.223327636719	-1.28852641582489	14.3143949508667	942.720703125	-4.50575828552246	-64.4304962158203	980.901733398438	-2.96314454078674	-45.3564033508301	995.255676269531	-2.47720241546631	-29.8775806427002	998.1064453125	-1.88453948497772	-6.97371292114258	980.687072753906	-1.3248279094696	7.10473155975342	992.609191894531	0.181179791688919	42.8270034790039	998.086486816406	11.1248989105225	54.1455383300781	1002.34338378906	14.3106441497803	50.6603469848633	1003.17596435547	16.1357345581055	43.6163215637207	1004.96630859375	18.7846126556396	32.2532157897949	1004.90368652344	14.4130811691284	8.28143119812012	1003.48370361328	9.10323333740234	1.52595281600952	998.279113769531	5.8043155670166	41.3292541503906	977.911499023438	1.91035163402557	18.6841716766357	956.289733886719	15.3296375274658	15.2332878112793	947.559631347656	30.7051105499268	2.8695113658905	954.421691894531	43.4340782165527	-6.25280523300171	983.188537597656	35.8800811767578	-18.1464614868164	985.213256835938	11.9313220977783	2.17711997032166	976.950378417969	27.4039363861084	-36.8477058410645	982.755432128906	13.824236869812	-34.106372833252	995.138122558594	4.5874400138855	-39.044490814209	998.030334472656	5.39559602737427	-15.3727188110352	988.605895996094	-9.51670265197754	54.2628860473633	1002.60784912109	-13.5838212966919	51.248462677002	1003.38500976562	-15.9514951705933	44.8189506530762	1005.49847412109	-19.5008888244629	33.0565872192383	1005.87530517578	-16.7631797790527	9.00789928436279	1004.18865966797	-11.7177324295044	1.91550576686859	998.869018554688	-6.43864917755127	42.1939239501953	978.223571777344	-4.32146501541138	18.8083190917969	956.525634765625	-16.6707382202148	17.7262649536133	947.152465820312	-35.431526184082	5.34986734390259	955.872253417969	-47.8545074462891	-4.45794677734375	985.526489257812	-39.4480285644531	-13.6044778823853	985.988159179688	-16.4627017974854	2.8156635761261	977.507141113281	-34.175350189209	-34.2668762207031	983.906433105469	-19.3680057525635	-30.5981502532959	994.678833007812	-10.4179925918579	-38.2568359375	997.943298339844	-8.85184574127197	-14.7473659515381	987.757202148438
PRI-3128	8.34521293640137	61.768253326416	946.656494140625	7.50042343139648	53.8220977783203	952.818725585938	6.25904655456543	38.4708633422852	967.611145019531	1.967116355896	11.5190687179565	987.407958984375	1.56411719322205	7.75902080535889	990.578796386719	-1.71175038814545	-63.2098731994629	940.415405273438	-1.19464039802551	-42.7265319824219	930.385986328125	-0.365818858146667	-25.3633041381836	931.102172851562	1.25443017482758	-6.23134803771973	951.572570800781	3.11595964431763	10.1694612503052	942.833374023438	6.54411888122559	44.5783233642578	946.779418945312	-2.6621458530426	57.2910919189453	945.58349609375	-5.82365846633911	54.5289688110352	944.520690917969	-8.82812786102295	50.3159217834473	940.351013183594	-12.8890590667725	40.233585357666	937.415100097656	-12.4255456924438	16.0589408874512	933.952209472656	-7.90885925292969	7.83809471130371	937.085327148438	1.27332103252411	38.7090721130371	965.217102050781	-0.302405923604965	14.2722578048706	977.632141113281	-13.1386003494263	8.14095783233643	987.83740234375	-28.9949378967285	5.50307130813599	977.082580566406	-40.6170845031738	-0.807292938232422	946.766174316406	-33.95654296875	-9.9607572555542	943.253295898438	-12.014820098877	3.41631603240967	956.941284179688	-28.5538501739502	-29.5093517303467	941.282897949219	-14.9834651947021	-29.0258464813232	931.85595703125	-8.42671394348145	-33.681640625	929.61572265625	-5.87773418426514	-13.0747423171997	942.323303222656	17.9377212524414	55.7681198120117	944.874877929688	20.7456722259521	51.9172821044922	943.4833984375	22.9653205871582	46.9465675354004	940.288024902344	24.1253280639648	36.7836418151855	936.238037109375	18.0913677215576	12.6178417205811	933.214538574219	12.3327646255493	5.34776163101196	937.69189453125	11.3020114898682	37.6489410400391	964.580627441406	5.44473695755005	12.9435768127441	978.428039550781	16.833812713623	6.15700149536133	987.859252929688	31.7878303527832	-1.13729178905487	978.243408203125	43.9986877441406	-8.44883155822754	948.06884765625	35.9587821960449	-16.1122951507568	944.097839355469	16.0881843566895	0.573483109474182	956.564331054688	28.1223754882812	-35.5182647705078	942.098999023438	14.1442890167236	-30.6250705718994	932.273315429688	7.01561975479126	-35.9778518676758	931.250671386719	7.98212671279907	-14.0855751037598	943.179870605469
PRI-3134	0.888082921504974	63.0551872253418	998.450439453125	0.772900342941284	59.085880279541	992.962463378906	-0.794272899627686	43.6422233581543	973.320251464844	-2.31653690338135	22.2202129364014	951.299621582031	-2.42926597595215	18.8153018951416	946.307495117188	-5.61462736129761	-63.1449012756348	981.060485839844	-3.4232668876648	-45.628776550293	995.095336914062	-3.65673780441284	-29.1325225830078	998.435791015625	-2.30280709266663	-4.30728960037231	983.351440429688	-1.1380443572998	11.0472288131714	994.549560546875	-0.049080990254879	49.2413177490234	995.590515136719	10.4011936187744	58.0837516784668	997.212158203125	13.010160446167	54.575382232666	997.965087890625	16.4762382507324	49.2897987365723	999.200256347656	19.6620101928711	38.0270347595215	1002.03021240234	15.2075815200806	13.124792098999	1003.74200439453	9.49180316925049	7.12528276443481	1000.36376953125	3.82999920845032	43.1072425842285	976.235290527344	0.877979695796967	20.8720455169678	959.400146484375	13.8505334854126	16.1471557617188	949.314819335938	29.0085735321045	9.25451469421387	957.241394042969	42.2896347045898	-5.72980356216431	983.010986328125	30.9267311096191	-17.8129386901855	985.361511230469	10.3942699432373	4.47594499588013	979.28662109375	24.5872135162354	-35.1498336791992	985.142150878906	11.2325086593628	-32.1118354797363	996.361450195312	4.30917310714722	-37.4617729187012	997.611633300781	4.43523693084717	-14.7306709289551	989.876159667969	-9.12669944763184	58.6100807189941	999.443359375	-11.962742805481	56.0053749084473	1000.85931396484	-14.8715715408325	50.7344207763672	1002.01513671875	-18.1271018981934	39.2755813598633	1004.47174072266	-15.3084917068481	14.2978534698486	1004.78991699219	-11.4025621414185	6.21141481399536	1000.00769042969	-5.98475456237793	43.7864303588867	977.263671875	-4.91462659835815	20.8165130615234	959.386840820312	-17.3374195098877	17.6046028137207	950.313232421875	-33.2925872802734	12.3849840164185	958.495910644531	-46.7568435668945	-2.93459248542786	987.232421875	-37.8073577880859	-15.1312065124512	987.919616699219	-14.7333717346191	5.8008828163147	979.729064941406	-32.9099197387695	-33.747371673584	985.6064453125	-18.3093910217285	-30.7334003448486	995.793029785156	-11.1921815872192	-36.5233726501465	998.124633789062	-9.77717590332031	-14.446084022522	989.626220703125
PRI-3135	-0.596999049186707	44.8578453063965	991.626159667969	-1.0419534444809	39.6293258666992	985.158508300781	-1.54166030883789	31.6275081634521	968.354187011719	-3.51457047462463	11.9466676712036	945.929870605469	-3.59714722633362	9.45745277404785	942.023986816406	-3.06725478172302	-66.7789001464844	976.492797851562	-2.127361536026	-49.7226409912109	988.692932128906	-1.91129577159882	-32.3343849182129	990.23828125	-2.48945927619934	-12.6853475570679	976.807556152344	-1.60079002380371	-0.0101320073008537	985.790893554688	-0.676149785518646	31.215877532959	987.997802734375	8.71550750732422	39.734676361084	991.238830566406	10.0752115249634	37.4224281311035	992.102966308594	12.9111223220825	33.4554100036621	993.405700683594	16.4279975891113	23.0466117858887	993.891723632812	13.2267761230469	-1.87500250339508	992.00927734375	8.97197151184082	-4.4761176109314	990.062194824219	2.17657876014709	27.6491222381592	968.663513183594	-0.532471239566803	10.9060983657837	954.374816894531	11.2305727005005	6.67581796646118	942.734985351562	26.1877384185791	0.937131643295288	953.241088867188	36.3208351135254	-12.3971881866455	973.917419433594	28.9518260955811	-19.2293033599854	975.490844726562	10.0609216690063	-4.69806146621704	970.477722167969	24.3472900390625	-37.2633857727051	976.146850585938	12.6172647476196	-36.3679618835449	987.742492675781	4.97864627838135	-40.9099578857422	990.2919921875	3.8629298210144	-20.1850090026855	982.821655273438	-10.2795562744141	39.9209976196289	991.508483886719	-12.2209672927856	37.9949531555176	992.594177246094	-14.695873260498	33.7478904724121	994.125061035156	-18.0829849243164	23.6122264862061	995.082885742188	-16.2089691162109	-1.65581846237183	994.087036132812	-11.5574502944946	-4.57468271255493	991.282348632812	-6.35593032836914	29.0778331756592	969.530944824219	-5.71650838851929	11.2702941894531	954.128540039062	-18.0952301025391	7.36670780181885	944.463256835938	-32.3771057128906	0.159375309944153	955.377746582031	-40.5730972290039	-10.2077922821045	978.806884765625	-32.6279907226562	-18.8039779663086	980.418334960938	-15.5859756469727	-4.8675742149353	971.953308105469	-30.55126953125	-37.3418807983398	980.1708984375	-16.6829414367676	-35.3457565307617	990.285461425781	-9.24322986602783	-40.9160461425781	991.535339355469	-8.53086090087891	-20.3448295593262	983.385498046875
PRI-3153	1.66418063640594	59.0544128417969	990.828063964844	1.58887541294098	51.5843162536621	984.295349121094	NA	NA	NA	-1.90826559066772	10.0622911453247	942.474731445312	-2.01842045783997	7.02093029022217	939.056457519531	-2.4707396030426	-73.1858215332031	977.1640625	-2.11331868171692	-52.495922088623	990.207885742188	-1.96084332466125	-34.9788246154785	993.117126464844	-0.686853110790253	-10.370569229126	977.435668945312	0.329302906990051	5.99565505981445	988.061279296875	0.801462113857269	43.3153381347656	987.658264160156	11.605978012085	53.5444831848145	989.383544921875	15.5299196243286	50.130542755127	992.191711425781	18.1598892211914	45.2150650024414	995.313537597656	20.4569702148438	34.3675994873047	996.332092285156	18.9419136047363	9.65973091125488	996.696838378906	12.8843784332275	0.297406286001205	992.524353027344	NA	NA	NA	1.39076578617096	10.5152549743652	950.469604492188	13.2798681259155	4.47824764251709	940.442993164062	30.7752304077148	-2.20640659332275	949.277770996094	46.3298454284668	-9.3867654800415	976.035461425781	39.306812286377	-21.8029308319092	978.504760742188	12.5171022415161	-3.12000679969788	971.144287109375	29.5088157653809	-42.8258781433105	977.545532226562	14.4897546768188	-38.4985656738281	989.429626464844	5.66028928756714	-45.3590049743652	992.271545410156	7.46051120758057	-21.419750213623	982.92041015625	-7.96697378158569	53.0998573303223	991.567993164062	-11.7821941375732	50.9213752746582	994.670043945312	-14.8841972351074	46.2925224304199	996.895874023438	-17.1025276184082	35.5543098449707	998.329833984375	-15.4955940246582	9.73997211456299	999.163757324219	-11.0222787857056	0.485835283994675	993.900756835938	NA	NA	NA	-4.58827686309814	9.83441066741943	950.224792480469	-17.1357040405273	5.64875221252441	940.890014648438	-34.779972076416	-0.2554891705513	951.853210449219	-47.3913307189941	-7.52742910385132	980.757690429688	-40.1665267944336	-19.432258605957	983.376159667969	-15.2141437530518	-1.7348268032074	972.477294921875	-33.5751152038574	-41.7238006591797	980.505676269531	-17.3902263641357	-38.6429023742676	990.932556152344	-8.77733039855957	-45.167594909668	992.715087890625	-7.68914413452148	-20.9315395355225	984.046081542969
PRI-3159	-1.46637582778931	-20.1833782196045	1056.54382324219	-1.63966381549835	-14.9186134338379	1051.93994140625	-1.68733751773834	1.38723373413086	1042.89965820312	-0.620144963264465	21.4261741638184	1021.19299316406	-0.401268482208252	25.0671825408936	1018.24060058594	-3.19964170455933	-12.2055444717407	947.467102050781	-2.95185708999634	-23.0073013305664	965.278991699219	-3.15254712104797	-24.0071792602539	982.133911132812	-2.13461256027222	-6.88496541976929	1001.17034912109	-2.4745934009552	-17.8241233825684	1014.01257324219	-1.69926476478577	-17.7826461791992	1045.517578125	8.01461982727051	-20.9556846618652	1050.74609375	8.98446369171143	-20.5205516815186	1049.82922363281	11.5762386322021	-22.5114345550537	1044.69934082031	14.4658803939819	-24.3298988342285	1035.28381347656	10.6081295013428	-22.8865737915039	1011.17565917969	7.61779689788818	-22.5451393127441	1010.12390136719	3.40620851516724	-1.65638947486877	1041.60803222656	1.53598248958588	14.0430564880371	1020.96661376953	12.3365316390991	23.4187316894531	1015.62164306641	26.0683460235596	11.2730865478516	1009.07611083984	33.942756652832	-12.0322828292847	1002.04632568359	27.8065643310547	-12.1621427536011	994.289916992188	10.9100160598755	-2.64789247512817	1007.91979980469	23.315616607666	-12.5383815765381	978.184020996094	12.2952451705933	-22.1737728118896	979.505310058594	4.67194175720215	-25.0153903961182	973.775573730469	4.1802716255188	-14.8217124938965	994.6318359375	-10.925534248352	-20.632080078125	1051.44152832031	-12.5859794616699	-20.8524551391602	1050.03283691406	-15.2626676559448	-22.3860645294189	1045.14880371094	-18.7417850494385	-23.9160804748535	1035.8447265625	-15.5069274902344	-21.7313499450684	1011.95184326172	-12.7501010894775	-21.300407409668	1010.20294189453	-6.51773166656494	-1.05282163619995	1041.55407714844	-3.4025387763977	15.2665662765503	1021.09973144531	-13.4429950714111	24.2903461456299	1016.61468505859	-28.7505912780762	13.0537023544312	1010.34765625	-39.0918655395508	-10.5349130630493	1003.02777099609	-32.9083023071289	-11.0847721099854	994.627563476562	-14.9880924224854	-1.81584906578064	1008.85662841797	-29.0867214202881	-12.2930316925049	977.246643066406	-17.5657711029053	-22.0594177246094	978.8349609375	-10.7367792129517	-24.8760089874268	973.818298339844	-9.2293872833252	-13.907769203186	994.498474121094
PRI-3161	0.477838724851608	45.3225173950195	996.012573242188	0.733080863952637	41.1201934814453	988.4306640625	1.17184627056122	33.9451332092285	970.878051757812	1.20994114875793	14.2548294067383	948.932250976562	1.18955218791962	11.1923208236694	944.874755859375	-5.1675534248352	-64.9310607910156	974.755126953125	-4.72937488555908	-48.1503715515137	987.825073242188	-4.61925554275513	-32.0535430908203	990.23193359375	-2.55987572669983	-9.50192737579346	976.393188476562	-2.34738922119141	0.477239608764648	986.217590332031	-0.236389011144638	33.8031692504883	990.158386230469	9.34198188781738	40.4218521118164	995.91064453125	10.4020299911499	37.6347961425781	996.42919921875	12.7932538986206	33.9910507202148	996.635375976562	15.6332921981812	23.3246078491211	998.407592773438	12.5120601654053	-0.965042352676392	996.185180664062	7.62207746505737	-5.02916097640991	991.3037109375	5.16390895843506	30.1042423248291	973.265686035156	3.35546231269836	13.4325704574585	957.805419921875	15.7771902084351	9.45590782165527	948.315551757812	28.5639019012451	1.49552810192108	956.978881835938	36.7304725646973	-11.2250928878784	980.040649414062	29.1661167144775	-20.8844680786133	979.95263671875	10.5176429748535	-2.22590851783752	974.881286621094	23.3808269500732	-37.043571472168	978.517456054688	10.4699268341064	-35.2783279418945	988.360229492188	3.08401727676392	-40.6239547729492	990.278259277344	3.43377256393433	-19.4570178985596	982.111694335938	-9.30491924285889	41.679573059082	994.906860351562	-11.4398736953735	39.2384414672852	995.006958007812	-14.1933441162109	35.6605529785156	995.351806640625	-19.1450424194336	25.9043941497803	996.260437011719	-17.9148139953613	1.08879399299622	994.120849609375	-13.4024276733398	-3.77990078926086	990.522888183594	-3.85413455963135	31.3240623474121	972.785461425781	-2.24143838882446	13.5455341339111	957.510070800781	NA	NA	NA	-29.1107044219971	5.00438833236694	954.396911621094	-41.7788238525391	-6.26323556900024	978.957702636719	-35.5862197875977	-17.4019508361816	978.798522949219	-14.5649814605713	-0.289111316204071	974.10791015625	-31.3990592956543	-34.9640235900879	976.942749023438	-18.1230602264404	-34.5538139343262	987.053466796875	-11.9196043014526	-40.9707565307617	988.915405273438	-9.98457336425781	-19.0115966796875	981.521362304688
PRI-3162	-2.82286739349365	56.9903182983398	1009.58154296875	-3.056227684021	51.3162231445312	1002.32531738281	-2.35894083976746	40.3929862976074	980.4404296875	-1.16592442989349	16.4409866333008	951.341552734375	-1.05229532718658	13.1881875991821	947.026916503906	-1.19038510322571	-68.9748306274414	980.506896972656	-1.88555157184601	-51.4330940246582	997.042785644531	-2.45164155960083	-35.4643173217773	1002.3271484375	-1.95143568515778	-9.20680713653564	986.611145019531	-2.40200781822205	4.35259628295898	998.192749023438	-3.13723111152649	41.5653877258301	1005.38793945312	5.81756448745728	52.7148780822754	1009.39343261719	9.19756603240967	48.6048355102539	1009.66650390625	12.995982170105	44.2400054931641	1013.06524658203	NA	NA	NA	13.9599990844727	8.71167659759521	1011.16296386719	8.75550079345703	-0.563397705554962	1004.35278320312	3.08283448219299	38.3312797546387	983.266174316406	1.82808363437653	15.4873352050781	961.101196289062	15.7590770721436	9.91146659851074	949.94384765625	32.5369720458984	4.50501871109009	963.137390136719	44.3240280151367	-10.0217266082764	991.338195800781	36.2672233581543	-20.0390739440918	993.369506835938	11.7491436004639	0.00130799668841064	981.7900390625	29.7282028198242	-40.2853660583496	989.550720214844	13.077166557312	-37.5277519226074	999.7275390625	5.14245176315308	-44.3751640319824	1001.25823974609	4.87724208831787	-19.7936725616455	992.767211914062	-12.1103572845459	51.649299621582	1007.53131103516	-14.9633255004883	48.251594543457	1009.14001464844	-20.1448936462402	43.3894844055176	1011.59313964844	-22.074857711792	31.4705772399902	1012.40692138672	-19.6250286102295	7.78208160400391	1008.90264892578	-14.6863574981689	-0.412284642457962	1003.47686767578	-7.60537719726562	38.0421371459961	982.234985351562	-4.49315547943115	15.2303886413574	961.171875	-16.6611557006836	9.14834213256836	948.783142089844	-34.6339225769043	1.30286419391632	959.6513671875	-48.9777526855469	-10.9513750076294	990.797668457031	-40.203125	-19.6807765960693	990.867248535156	-16.0012874603271	0.846864521503448	981.769775390625	-33.4507637023926	-40.4794425964355	986.2451171875	-17.7688541412354	-39.2800903320312	998.801513671875	-10.23277759552	-44.7881011962891	999.724792480469	-9.73395442962646	-20.4448204040527	992.783081054688
PRI-3438	-0.231034904718399	-22.6375675201416	1052.078125	-0.20732618868351	-16.5854244232178	1047.78833007812	-0.726385712623596	0.598217010498047	1039.64758300781	-1.59619569778442	25.0121479034424	1018.8779296875	-1.67166435718536	28.765308380127	1015.96887207031	1.19907164573669	-7.4839334487915	940.661071777344	1.34907519817352	-21.6126861572266	960.284851074219	0.672599673271179	-22.3191661834717	975.406372070312	-0.309161871671677	-8.17698287963867	996.471374511719	-0.0114975022152066	-17.6429977416992	1008.68957519531	-0.137317776679993	-19.070442199707	1040.37756347656	8.86472511291504	-21.5633277893066	1048.38317871094	11.1718664169312	-21.6443710327148	1047.24157714844	14.3982362747192	-23.6266422271729	1042.43225097656	17.7265930175781	-25.4489765167236	1033.58520507812	15.9631509780884	-25.5328998565674	1010.40161132812	11.5074548721313	-21.769323348999	1004.52746582031	4.11786413192749	-0.992770493030548	1037.28686523438	1.21212685108185	16.2379531860352	1018.49682617188	12.8459796905518	27.9383373260498	1012.81396484375	28.8529262542725	16.9198455810547	1008.078125	41.5615615844727	-9.84258937835693	998.548522949219	33.5302734375	-11.7688245773315	989.499206542969	12.0468139648438	-3.39874863624573	1005.74517822266	29.2963523864746	-10.2522964477539	971.05224609375	16.0722541809082	-20.2961120605469	971.929321289062	8.5386905670166	-22.8064613342285	967.173645019531	6.10742712020874	-13.0055246353149	989.256591796875	-9.07181739807129	-22.1894874572754	1047.59790039062	-11.1664276123047	-22.0651035308838	1046.56555175781	-13.5203895568848	-23.9680500030518	1042.05529785156	-16.2751235961914	-26.0494689941406	1032.69604492188	-15.3236961364746	-26.416898727417	1009.26306152344	-11.0665674209595	-22.8414115905762	1003.05023193359	-5.09358501434326	-1.19118511676788	1037.01770019531	-3.96081638336182	16.3957500457764	1018.11151123047	-15.6781101226807	27.8393096923828	1012.10705566406	-31.2759094238281	15.182053565979	1007.86291503906	-40.7557334899902	-12.3787126541138	996.3330078125	-32.3813362121582	-13.3474035263062	988.192687988281	-14.0291881561279	-3.11560392379761	1005.03472900391	-27.2285995483398	-12.1358556747437	969.388671875	-13.6726951599121	-20.8124370574951	971.177978515625	-6.09656572341919	-23.0774841308594	966.081237792969	-6.06643152236938	-13.4473285675049	988.487609863281
PRI-3444	-1.48573434352875	61.783088684082	1000.94891357422	-1.86303293704987	58.197380065918	996.2939453125	-3.3078715801239	44.9525489807129	974.780212402344	-3.63702249526978	22.9721279144287	950.218811035156	-3.83236289024353	19.6434307098389	945.148132324219	-5.29677724838257	-66.3921203613281	974.021789550781	-3.2280011177063	-50.6615715026855	994.745910644531	-3.57517123222351	-32.9965896606445	998.020263671875	-3.11384534835815	-6.3673267364502	984.421508789062	-2.60577368736267	8.95377922058105	994.560180664062	-1.96052539348602	47.248706817627	998.443969726562	7.51030492782593	55.6632537841797	1000.0029296875	9.84815311431885	53.0272064208984	1000.95495605469	14.1671752929688	46.9932556152344	1002.35394287109	17.7628440856934	35.1327514648438	1003.33666992188	14.1405429840088	10.2576150894165	1004.04205322266	8.11403274536133	3.01515817642212	999.633361816406	2.0566029548645	42.776927947998	977.628540039062	-0.791157245635986	21.856071472168	959.116149902344	11.7637634277344	17.5540752410889	948.820373535156	30.182243347168	10.0309600830078	958.912109375	NA	NA	NA	NA	NA	NA	11.4578142166138	4.38973331451416	978.089660644531	27.5170745849609	-36.0199851989746	981.945251464844	12.4087924957275	-37.325740814209	995.266052246094	4.26500129699707	-42.333553314209	996.977478027344	4.13984060287476	-15.3108110427856	989.036926269531	-11.3477010726929	55.3671875	1001.35656738281	-13.3605918884277	52.7487640380859	1000.38555908203	-19.4757061004639	48.5373077392578	1001.88128662109	-22.1579532623291	35.7558860778809	1004.71868896484	-18.68479347229	9.79250717163086	1004.81280517578	-13.1518964767456	3.52990102767944	1000.1806640625	-8.034499168396	43.7978019714355	978.427673339844	-6.23365831375122	22.2220344543457	959.851867675781	-18.6330223083496	18.296875	949.805297851562	-35.7401504516602	10.0963134765625	957.569274902344	-49.2403755187988	-5.10730743408203	986.933044433594	-40.6449241638184	-15.2001094818115	987.079956054688	-18.9603519439697	4.92868709564209	978.380737304688	-35.9163932800293	-36.3365211486816	982.857238769531	-19.6765117645264	-37.3842887878418	994.646240234375	-11.6172800064087	-43.6460342407227	996.896484375	-9.69234466552734	-15.717001914978	989.143737792969
PRI-3446	-2.47132349014282	55.2798156738281	988.424011230469	-2.19512414932251	49.2029724121094	981.172973632812	-1.97133409976959	38.6938400268555	962.792846679688	-1.35269558429718	21.6728954315186	942.688232421875	-1.26830959320068	19.3175067901611	939.064453125	0.524236857891083	-54.0162620544434	979.271850585938	0.0395305119454861	-35.965877532959	990.650146484375	-0.825765788555145	-21.0987873077393	992.391052246094	-1.46664190292358	-0.580861508846283	974.551147460938	-1.67824077606201	11.2023496627808	983.790954589844	-2.00142431259155	42.1350860595703	983.738708496094	7.38969373703003	50.8932914733887	988.355407714844	8.7599983215332	48.5791664123535	988.850158691406	10.9482002258301	45.0794334411621	989.949096679688	NA	NA	NA	11.9052133560181	11.9154281616211	990.838317871094	8.71335220336914	7.55328607559204	988.767822265625	3.56828355789185	40.1469535827637	966.962829589844	1.19856584072113	20.7984924316406	950.579650878906	12.915566444397	19.3346900939941	944.2021484375	27.2132606506348	11.1755304336548	953.13916015625	34.3832588195801	6.38194990158081	977.019165039062	29.4137439727783	-7.35370826721191	978.769226074219	11.6831207275391	6.93520498275757	969.915771484375	26.123836517334	-23.0949211120605	979.185546875	14.207576751709	-23.4755020141602	989.808776855469	7.34807872772217	-29.43190574646	992.541015625	4.56747198104858	-6.91782283782959	982.049560546875	-12.7582101821899	50.0218391418457	987.366821289062	-13.9343690872192	48.1382827758789	988.560485839844	-16.1636009216309	44.3093566894531	989.752136230469	-19.7754001617432	35.1866340637207	990.336608886719	-15.9623079299927	10.9387063980103	990.842224121094	-12.0800933837891	7.28172492980957	988.319580078125	-6.79587602615356	38.7861251831055	966.0087890625	-4.43071126937866	20.4357147216797	951.587219238281	-15.0070114135742	18.493896484375	944.149353027344	-28.9814567565918	8.64985752105713	953.497253417969	-37.7297096252441	1.6902437210083	976.237121582031	-31.3474712371826	-9.8368616104126	978.925476074219	-15.6510000228882	5.56991577148438	969.822143554688	-27.8031234741211	-26.3959732055664	980.260070800781	-15.4236335754395	-25.421838760376	990.757629394531	-7.3454098701477	-29.6800441741943	992.887023925781	-6.7759838104248	-7.61378574371338	981.4453125
PRI-3447	-0.687371909618378	42.5937957763672	995.344604492188	-0.690978586673737	38.335823059082	988.928894042969	-1.54225504398346	31.1300563812256	972.249206542969	-3.70093011856079	11.8326072692871	947.700073242188	-3.99337840080261	9.90135383605957	944.528991699219	-6.86705255508423	-66.4821090698242	977.395629882812	-4.02975463867188	-48.2246742248535	990.080749511719	-3.27566146850586	-32.9061470031738	991.517028808594	-3.19833111763	-10.8791036605835	977.005187988281	-2.29739189147949	0.314253866672516	988.313110351562	-0.753988325595856	31.2408847808838	990.671997070312	8.37630844116211	38.0718994140625	994.67578125	10.3996496200562	35.3392524719238	995.185546875	13.4685354232788	30.486291885376	995.567932128906	16.5258960723877	21.1539134979248	996.170654296875	12.9180812835693	-1.95426154136658	993.950012207031	8.45241641998291	-5.26441383361816	991.521179199219	3.14817643165588	29.3160800933838	973.656494140625	-1.18572056293488	11.5211772918701	956.178771972656	10.3717994689941	6.64494228363037	945.379089355469	24.9513454437256	-1.22580254077911	954.32666015625	34.7256813049316	-11.5277528762817	977.754943847656	28.0432929992676	-20.3183612823486	978.648193359375	9.69298648834228	-3.92614603042603	972.561950683594	22.8443050384521	-37.3760948181152	977.657775878906	10.9306888580322	-36.8558349609375	989.24169921875	3.30483412742615	-40.736888885498	992.095764160156	3.06110405921936	-19.6793594360352	983.461975097656	-9.76532936096191	38.6042060852051	994.819885253906	-11.4937133789062	36.8330192565918	995.192138671875	-14.6050271987915	31.8414897918701	997.604187011719	-18.0654945373535	22.460620880127	998.799682617188	-16.7723827362061	-0.550122618675232	996.253540039062	-13.0638246536255	-4.94541883468628	993.357177734375	-6.85892486572266	29.8714294433594	974.960205078125	-6.04220199584961	11.6993627548218	956.038879394531	-17.3432312011719	8.6053056716919	946.01318359375	-31.8568725585938	1.87992465496063	955.807495117188	-40.329418182373	-9.15104579925537	982.405883789062	-34.2287101745605	-17.3303680419922	982.458129882812	-17.3053779602051	-3.76474690437317	973.966491699219	-30.9316349029541	-35.5344200134277	981.239929199219	-17.4268989562988	-35.3167991638184	990.312255859375	-10.2109479904175	-40.7743835449219	992.340270996094	-8.88461303710938	-18.8609218597412	983.250732421875
PRI-3448	-1.50980865955353	-23.4502906799316	1048.15087890625	-1.48280239105225	-16.1748180389404	1041.01196289062	-1.61448752880096	-0.380548268556595	1033.26586914062	-1.75462234020233	24.5916557312012	1010.97381591797	-1.59495460987091	27.972526550293	1008.24664306641	-1.85457098484039	-11.8237800598145	934.338928222656	-1.49154210090637	-24.7072448730469	954.716857910156	-1.84109675884247	-25.4219913482666	969.985778808594	-1.26338696479797	-8.54008388519287	990.710327148438	-1.69905316829681	-17.7269992828369	1003.49212646484	-1.79201459884644	-19.0767822265625	1034.87866210938	7.44659042358398	-23.4563865661621	1045.00451660156	9.93119812011719	-24.3507537841797	1043.10498046875	11.8770895004272	-24.8029003143311	1039.52893066406	15.6764526367188	-26.7091426849365	1029.6826171875	13.8347301483154	-26.6180801391602	1005.14721679688	9.65871334075928	-22.7201271057129	999.733642578125	2.86823153495789	-1.67954301834106	1031.43078613281	0.609523773193359	16.5586681365967	1012.28234863281	12.2584772109985	26.0968799591064	1006.13244628906	27.3635864257812	16.0564250946045	998.005126953125	37.8721199035645	-10.1088514328003	993.391845703125	32.4116897583008	-13.7094926834106	982.658203125	12.3457975387573	-2.97804474830627	999.262756347656	26.0421905517578	-14.1107664108276	964.842956542969	12.8116788864136	-23.0075740814209	966.663269042969	5.16861152648926	-26.81911277771	961.554809570312	4.66168832778931	-15.9135971069336	982.51611328125	-10.6872625350952	-23.7302551269531	1045.30297851562	-12.736647605896	-24.5061874389648	1044.10961914062	-16.2383117675781	-24.8898162841797	1040.18664550781	-19.350248336792	-26.1706371307373	1030.47961425781	-17.7354640960693	-26.692777633667	1005.51373291016	-12.1778173446655	-23.169454574585	999.221923828125	-6.32012748718262	-1.63386213779449	1031.669921875	-3.98884344100952	16.5722942352295	1011.56414794922	-16.1361083984375	26.1101722717285	1006.79669189453	-30.7753658294678	15.9002046585083	998.593872070312	-40.9169578552246	-11.1971311569214	993.970581054688	-35.126895904541	-14.437912940979	982.708068847656	-15.6624364852905	-3.0750093460083	998.957580566406	-30.4435253143311	-14.8480815887451	964.055541992188	-17.1436500549316	-24.0013389587402	966.119567871094	-8.63547611236572	-26.0477962493896	960.526489257812	-7.90125036239624	-15.5782918930054	983.191101074219
PRI-3957	-4.29231834411621	49.5549583435059	995.425842285156	-3.69858598709106	46.0189666748047	989.897033691406	-2.94375562667847	37.257007598877	972.964111328125	-2.94222331047058	17.4864845275879	950.433410644531	-2.80965137481689	15.176323890686	946.848754882812	-0.336745887994766	-58.829345703125	979.812133789062	-1.24447596073151	-41.5874290466309	992.700012207031	-2.56324005126953	-25.5435695648193	994.8857421875	-2.68284559249878	-3.75482106208801	980.796447753906	-2.85473823547363	6.87143135070801	990.322387695312	-3.20747995376587	38.3764457702637	992.320983886719	5.62867212295532	46.9746932983398	996.06640625	7.28894472122192	45.518627166748	996.74951171875	10.3578357696533	42.0020294189453	998.18408203125	15.0520572662354	31.1564292907715	999.143005371094	12.8166551589966	7.87325191497803	996.313232421875	8.08116245269775	2.73375749588013	995.102416992188	1.66438162326813	36.0523071289062	975.97705078125	-0.121249042451382	16.8682994842529	958.622192382812	11.2677001953125	12.620831489563	948.294616699219	26.5069580078125	7.92956018447876	956.552612304688	36.8699188232422	-1.66911959648132	981.240356445312	31.4260520935059	-11.8652038574219	981.034912109375	10.530514717102	3.194491147995	975.877380371094	24.8968906402588	-28.3805236816406	980.624084472656	12.6769428253174	-27.1485118865967	991.992065429688	5.21758127212524	-33.6307754516602	994.885009765625	4.15067529678345	-11.4675283432007	986.752685546875	-11.6930570602417	47.1375617980957	995.469787597656	-13.2539777755737	45.2146949768066	996.327880859375	-15.9737453460693	41.5726165771484	998.006591796875	-19.9048042297363	31.1930599212646	999.185424804688	-18.2610664367676	7.31269216537476	996.715393066406	-14.1295280456543	2.41482377052307	995.510681152344	NA	NA	NA	-5.34519290924072	16.894962310791	958.588012695312	-17.1186294555664	12.5329074859619	948.791381835938	-31.653600692749	5.03176498413086	957.923706054688	-42.7593994140625	-5.75048828125	982.329711914062	-36.0470542907715	-15.122106552124	981.850219726562	-15.9325456619263	2.37787199020386	975.80908203125	-28.6773891448975	-32.7585868835449	981.669372558594	-16.7200908660889	-29.3201847076416	993.098999023438	-8.70055675506592	-35.2327690124512	995.111267089844	-9.41334342956543	-12.2802419662476	986.920349121094
PRI-3958	-0.823384463787079	45.9680099487305	993.7060546875	-0.741077184677124	42.9679107666016	988.671081542969	-1.44543027877808	35.3467864990234	971.859313964844	-2.82011127471924	16.3064441680908	948.082702636719	-3.03048491477966	14.0606079101562	944.182495117188	-3.96623396873474	-62.7716827392578	975.318908691406	-2.51421165466309	-46.2903861999512	988.167541503906	-1.91297650337219	-29.4717788696289	991.927978515625	-1.74385833740234	-6.66741132736206	978.956115722656	-1.2822517156601	4.81426811218262	987.7314453125	-0.435912489891052	35.1091423034668	990.762023925781	8.82811260223389	43.2285270690918	993.088806152344	10.509955406189	41.2090644836426	993.466064453125	13.6953659057617	36.7873382568359	995.107543945312	17.282829284668	26.1782169342041	995.271362304688	12.4724159240723	2.29577946662903	992.68994140625	9.47964286804199	-0.439746022224426	991.78515625	2.96292400360107	33.7536888122559	973.113220214844	-0.204153597354889	15.9140644073486	956.736633300781	10.199613571167	10.8310775756836	945.042236328125	25.7088088989258	4.16203880310059	954.168334960938	37.4786529541016	-6.16646575927734	976.355529785156	30.0536727905273	-16.8360347747803	978.675842285156	10.0049896240234	-0.23996302485466	972.4755859375	23.9551677703857	-34.3001708984375	976.766174316406	12.9764986038208	-33.0364074707031	988.831298828125	5.96840810775757	-38.7414398193359	991.764892578125	4.96996831893921	-16.3986778259277	983.475219726562	NA	NA	NA	-9.7222957611084	42.1915245056152	995.100830078125	-12.7182846069336	38.3740997314453	996.624816894531	-17.3159523010254	27.8597011566162	997.152465820312	-14.3755044937134	3.76877188682556	993.892028808594	-11.8062133789062	0.67916077375412	992.819030761719	-5.98279428482056	33.9673805236816	974.081420898438	-4.83416080474854	16.1649188995361	956.899719238281	-17.1764793395996	11.25306224823	946.414916992188	-31.6766357421875	6.18530559539795	957.993286132812	-40.7967300415039	-5.03948307037354	981.884216308594	-34.257999420166	-14.4488430023193	981.716247558594	-15.059778213501	1.70147216320038	974.125732421875	-29.5522861480713	-32.8320121765137	980.228881835938	-16.8678722381592	-31.7875938415527	990.091735839844	-9.95851135253906	-38.4810943603516	991.968505859375	-7.95429992675781	-15.8575429916382	984.537414550781
PRI-4076	-1.66146719455719	62.0859794616699	1178.29260253906	-2.05885171890259	54.4385643005371	1171.03576660156	-1.93365979194641	42.5386848449707	1151.23657226562	-1.13422739505768	18.7533893585205	1123.21704101562	-0.831840634346008	15.6094026565552	1117.61242675781	-1.01092827320099	-75.0248336791992	1148.99963378906	-0.31012287735939	-56.8559188842773	1170.32470703125	-1.00905501842499	-39.7862129211426	1175.48059082031	-1.32653343677521	-12.3697652816772	1160.86279296875	-1.89475166797638	4.89721870422363	1168.57348632812	-2.37330293655396	42.6976737976074	1173.11584472656	9.7847261428833	55.1938591003418	1177.29797363281	11.7762613296509	53.6805152893066	1177.9931640625	16.7981986999512	44.5606994628906	1180.701171875	17.6030941009521	35.5013046264648	1182.71655273438	16.5738410949707	8.59926891326904	1182.90747070312	12.0672225952148	-0.65389084815979	1178.048828125	3.44701385498047	40.3485412597656	1152.21984863281	2.10830044746399	18.2815341949463	1131.17517089844	17.4336376190186	13.9109468460083	1121.94592285156	35.3688545227051	4.31786489486694	1134.23718261719	47.701602935791	-11.0223693847656	1164.82214355469	39.7702407836914	-21.66650390625	1162.43310546875	13.6018047332764	0.872016787528992	1155.44482421875	31.5716972351074	-41.5998992919922	1158.96350097656	17.7649021148682	-41.9688034057617	1171.86926269531	7.7011137008667	-49.3228912353516	1174.51208496094	7.77639675140381	-19.99387550354	1165.62219238281	-13.8203248977661	56.8997764587402	1177.19799804688	-16.134916305542	54.0990371704102	1177.66247558594	-20.5752830505371	46.5124168395996	1179.90515136719	-22.8418941497803	35.266357421875	1181.52990722656	-19.5442199707031	7.36564493179321	1182.79284667969	-14.9206733703613	-0.664860010147095	1176.97863769531	-7.77963352203369	40.0820693969727	1152.26586914062	-4.86805105209351	17.6925506591797	1130.44470214844	-19.7793807983398	12.1641073226929	1121.3271484375	-36.7282600402832	2.09443783760071	1132.31127929688	-49.884578704834	-11.0251016616821	1163.19848632812	-41.6669311523438	-22.0703792572021	1161.23059082031	-15.9065351486206	0.185674324631691	1154.92138671875	-31.761157989502	-42.9398498535156	1157.26147460938	-20.1394100189209	-41.8188095092773	1170.43725585938	-9.55418491363525	-49.1836357116699	1174.78186035156	-9.8965015411377	-19.6814842224121	1164.41223144531
PRI-4113	-1.28599119186401	62.4091339111328	1165.60620117188	-0.806756556034088	56.3488845825195	1155.18933105469	-1.40767431259155	43.4952735900879	1133.01232910156	-0.690617918968201	21.8438587188721	1105.63305664062	-0.828502416610718	18.4814128875732	1099.97192382812	-2.35594201087952	-70.9763717651367	1131.51647949219	-2.39961123466492	-51.5604515075684	1148.59704589844	-2.41036534309387	-34.6190299987793	1154.57019042969	-1.60747647285461	-6.9695553779602	1138.45776367188	-1.86108553409576	7.02508878707886	1152.43981933594	-1.26046061515808	44.1515083312988	1157.99340820312	9.90537261962891	57.6474113464355	1161.49682617188	13.0238227844238	54.2978858947754	1160.87976074219	15.9223937988281	47.4095153808594	1165.03491210938	18.441068649292	36.2051048278809	1166.73254394531	15.9471502304077	9.33580303192139	1165.24304199219	10.1441097259521	2.93418145179749	1157.8154296875	4.59606599807739	41.7186431884766	1135.470703125	2.50090503692627	21.1667919158936	1116.41369628906	17.6992034912109	16.508752822876	1105.75341796875	34.9709854125977	8.30988597869873	1116.87634277344	44.4116096496582	-10.1227245330811	1148.39184570312	37.1821975708008	-18.9781150817871	1144.72790527344	13.6152629852295	6.91247224807739	1138.69140625	32.2568511962891	-41.0054550170898	1140.89050292969	15.4883193969727	-37.3440399169922	1152.31604003906	5.02380466461182	-44.689582824707	1152.90686035156	6.79915809631348	-14.7622556686401	1145.86889648438	-12.2273740768433	57.5685882568359	1161.42797851562	-14.9292144775391	55.5710563659668	1161.82385253906	-18.5717220306396	46.8535270690918	1165.10913085938	-20.8001937866211	36.6986389160156	1165.84851074219	-19.8533172607422	9.94253730773926	1164.27172851562	-13.2272100448608	2.5949432849884	1157.73095703125	-6.55092430114746	41.938060760498	1134.82727050781	-4.33896732330322	21.0381355285645	1115.44519042969	-19.4613819122314	18.0853691101074	1105.04028320312	-37.342903137207	8.38855934143066	1117.68762207031	-47.3265151977539	-10.4523372650146	1148.7744140625	-39.3753356933594	-16.0787982940674	1144.55432128906	-17.3642044067383	6.91125154495239	1138.69396972656	-37.1665687561035	-39.6087417602539	1141.73840332031	-20.5359268188477	-36.444149017334	1151.73388671875	-9.91001796722412	-44.076042175293	1153.48449707031	-10.6023426055908	-14.0549850463867	1145.60754394531
PRI-4335	-1.21823632717133	60.9853019714355	1163.82336425781	-1.26455676555634	55.054988861084	1153.39440917969	-1.65825498104095	41.9654998779297	1132.71789550781	-1.22231554985046	19.9956741333008	1108.44567871094	-1.08757519721985	16.517765045166	1104.02136230469	-0.695999145507812	-72.3801651000977	1131.95678710938	-1.17139625549316	-54.0103988647461	1155.89721679688	-1.56712031364441	-37.0276184082031	1160.00793457031	-1.19463360309601	-11.802960395813	1145.10791015625	-1.11581385135651	4.3051586151123	1152.01684570312	-1.13317012786865	43.2815132141113	1157.41845703125	10.696385383606	54.6617431640625	1161.98669433594	12.504656791687	51.7345733642578	1163.26452636719	16.3837051391602	43.9042205810547	1164.7236328125	18.5255603790283	32.871280670166	1166.66088867188	16.0319213867188	6.04136800765991	1166.30688476562	10.1846647262573	-0.402604341506958	1160.626953125	3.07820200920105	41.694637298584	1136.60083007812	2.44525361061096	19.2877540588379	1117.05053710938	16.6094532012939	15.626950263977	1109.82873535156	36.05908203125	6.39024496078491	1118.23645019531	49.7099990844727	-8.42103385925293	1146.90649414062	39.1177139282227	-20.8798351287842	1148.15808105469	12.2460737228394	2.04278635978699	1140.90637207031	34.5845565795898	-40.4179306030273	1144.21801757812	17.9914398193359	-41.206371307373	1156.02392578125	7.16297960281372	-48.9658737182617	1159.04809570312	6.99639797210693	-19.6176528930664	1149.79431152344	-12.8268938064575	54.8637809753418	1162.61315917969	-15.3958578109741	51.6981773376465	1163.27233886719	-18.4224414825439	44.0241966247559	1165.36120605469	-20.532262802124	32.7016868591309	1166.53796386719	-17.2776126861572	5.82686233520508	1165.908203125	-12.3041286468506	-0.802659153938293	1160.31311035156	-6.39107275009155	41.3644332885742	1135.85168457031	-4.83732318878174	18.969446182251	1116.84619140625	-18.6398601531982	15.3940172195435	1109.43029785156	-37.2816848754883	5.83765172958374	1117.52661132812	-51.4116821289062	-10.9052448272705	1146.96533203125	-41.1857795715332	-21.5941200256348	1147.55810546875	-15.1053447723389	1.96845471858978	1140.9716796875	-35.3303985595703	-40.859790802002	1143.44067382812	-19.8048114776611	-42.0867614746094	1155.77282714844	-9.47363948822021	-48.588264465332	1158.83337402344	-9.36786365509033	-20.0231304168701	1150.31066894531
PRI-4338	-2.01813650131226	62.3396759033203	1168.29736328125	-1.59600245952606	56.5719337463379	1159.86804199219	-1.22291362285614	45.510311126709	1135.65124511719	-0.93411511182785	20.6613636016846	1110.38854980469	-0.62548553943634	17.2199325561523	1103.62878417969	1.20151424407959	-72.7370300292969	1136.30883789062	0.862257182598114	-53.5323333740234	1154.36669921875	0.268573939800262	-36.5635986328125	1158.41821289062	0.177912086248398	-10.5245714187622	1145.16918945312	-0.449790745973587	4.9525351524353	1156.15075683594	-1.54519104957581	44.348072052002	1160.53979492188	9.71189498901367	55.9353218078613	1166.09143066406	10.891074180603	54.8085746765137	1166.48071289062	16.0747299194336	45.5715179443359	1168.01293945312	19.383020401001	34.8842735290527	1168.9326171875	16.407205581665	8.37553691864014	1166.77514648438	11.1070404052734	0.917672395706177	1161.14782714844	3.8170919418335	43.3962593078613	1138.38977050781	2.43247056007385	20.1373672485352	1119.56604003906	17.756799697876	15.7267093658447	1108.90673828125	35.1449279785156	8.18977165222168	1118.24438476562	45.2884635925293	-4.88267469406128	1148.77221679688	39.4953651428223	-18.977954864502	1147.74462890625	15.7037038803101	5.38855218887329	1141.18859863281	33.411262512207	-41.5795707702637	1143.61950683594	17.7553653717041	-39.9410133361816	1155.93212890625	8.65657329559326	-47.7062110900879	1157.38525390625	7.98867416381836	-17.8669414520264	1149.01770019531	-13.4943475723267	55.2938995361328	1165.93176269531	-16.2436256408691	52.8249397277832	1166.203125	-19.600284576416	45.0267372131348	1167.88354492188	-22.0035915374756	33.8067741394043	1168.93896484375	-17.8896617889404	7.91300106048584	1166.42004394531	-12.0130319595337	0.0159341003745794	1161.1875	-6.35301923751831	42.0047378540039	1136.24450683594	-4.44532918930054	18.873722076416	1118.94616699219	-18.6450538635254	14.9427442550659	1108.32446289062	-36.5124778747559	7.34765815734863	1119.33605957031	-46.0214233398438	-7.73198366165161	1147.05285644531	-38.4792594909668	-20.2854614257812	1146.66796875	-16.5090770721436	3.98215055465698	1141.17883300781	-32.1266059875488	-42.4348945617676	1143.00427246094	-17.1626491546631	-39.403076171875	1154.63830566406	-7.49455976486206	-48.1918296813965	1156.732421875	-7.81621551513672	-19.3942852020264	1150.55749511719
PRI-4341	-0.709009647369385	61.6395072937012	1162.72778320312	-1.26543915271759	55.5701904296875	1156.00439453125	-1.24781835079193	39.9879150390625	1132.61828613281	-0.614670217037201	14.2223100662231	1102.57666015625	-0.449510455131531	10.5925827026367	1097.7421875	-0.37036544084549	-77.210205078125	1134.53918457031	-0.850400924682617	-56.7911949157715	1152.36145019531	-0.669012904167175	-39.4963302612305	1154.55261230469	-0.838869690895081	-14.5175743103027	1139.40075683594	-0.815926253795624	3.20170974731445	1151.85974121094	-1.17045593261719	42.6548500061035	1157.59924316406	10.2045831680298	58.919750213623	1162.51000976562	13.0318641662598	55.6333427429199	1163.57727050781	18.1059379577637	48.2808074951172	1163.64770507812	NA	NA	NA	17.7153224945068	12.1142635345459	1165.77380371094	12.0249128341675	-2.05881881713867	1157.43017578125	5.33864259719849	39.8937377929688	1136.42395019531	2.55519127845764	13.8389368057251	1112.19982910156	16.4849185943604	8.1585807800293	1103.76220703125	35.2499351501465	2.31556057929993	1115.57104492188	48.7517471313477	-12.7106828689575	1145.69299316406	39.8096313476562	-22.6494560241699	1144.54760742188	13.4658489227295	-3.23397636413574	1135.59228515625	32.5375022888184	-44.8164024353027	1141.45104980469	16.940860748291	-42.3546333312988	1151.32177734375	7.06602621078491	-49.2501335144043	1154.89904785156	6.97283124923706	-21.2670116424561	1144.7451171875	-12.2926588058472	59.241382598877	1162.45056152344	-15.0384864807129	55.9712104797363	1163.86938476562	-19.7922229766846	48.8226623535156	1165.95458984375	NA	NA	NA	-19.1345710754395	11.9949150085449	1166.16833496094	-12.4942979812622	-2.65775632858276	1158.86657714844	-7.97228574752808	38.3529052734375	1136.04699707031	-3.447270154953	14.2763586044312	1113.10925292969	-18.0430927276611	7.88980960845947	1104.55065917969	-36.2365531921387	1.41921973228455	1115.75073242188	-50.8208236694336	-15.1552324295044	1146.17138671875	-40.7846298217773	-24.102087020874	1144.779296875	-15.1832714080811	-3.48590683937073	1135.9521484375	-34.0244789123535	-46.2778663635254	1141.80236816406	-18.6938552856445	-42.546947479248	1151.91967773438	-8.02608394622803	-49.7135429382324	1155.0263671875	-9.03945636749268	-21.0787181854248	1145.82897949219
PRI-4360	-1.32016491889954	59.4704055786133	1151.77624511719	-1.57039129734039	55.5597457885742	1145.720703125	-1.43106710910797	42.240306854248	1124.40673828125	-1.13889169692993	16.4970836639404	1101.58728027344	-1.14842855930328	12.8819169998169	1097.60571289062	-2.31221461296082	-64.2471542358398	1140.17932128906	-1.74245655536652	-43.1387214660645	1154.10266113281	-1.5931648015976	-27.0313663482666	1155.08447265625	-1.35979211330414	-6.38131761550903	1136.97204589844	-0.89393949508667	9.23136520385742	1146.60290527344	-1.26141381263733	46.2022094726562	1148.98986816406	9.25906753540039	56.9851684570312	1152.8271484375	9.63021564483643	55.7828674316406	1153.52917480469	13.3864755630493	51.4102516174316	1155.5283203125	17.9973011016846	41.3709373474121	1156.88403320312	18.0434188842773	16.2668704986572	1156.3603515625	11.9471311569214	6.22839260101318	1152.27685546875	4.25470018386841	41.0500373840332	1127.74645996094	2.50654053688049	17.4791145324707	1110.53625488281	15.1315755844116	9.59459590911865	1101.23120117188	31.5346393585205	5.51218748092651	1111.607421875	44.142505645752	-6.07204723358154	1137.35888671875	34.8802833557129	-14.2136192321777	1138.32458496094	11.6049089431763	4.32047462463379	1131.60827636719	30.9355316162109	-33.5144309997559	1141.46594238281	15.5572481155396	-31.0645275115967	1152.27416992188	5.96044874191284	-38.0242729187012	1155.36669921875	6.56076765060425	-11.1192865371704	1142.73229980469	-12.3194847106934	56.4354858398438	1153.56030273438	-13.3608388900757	55.7686920166016	1153.57177734375	-16.3603458404541	51.4866409301758	1155.20336914062	-20.8945751190186	41.0208129882812	1156.51904296875	-20.2356986999512	16.079460144043	1156.77856445312	-13.7167682647705	5.46152925491333	1151.97265625	-6.96062898635864	41.311206817627	1127.76525878906	-4.41134214401245	17.3025150299072	1110.3095703125	-16.4275550842285	10.3611497879028	1102.5712890625	-33.2136077880859	5.63579416275024	1111.20910644531	-46.4533462524414	-4.88514280319214	1137.33959960938	-38.0462799072266	-14.3436250686646	1138.90295410156	-16.4851226806641	5.32108736038208	1132.17260742188	-34.0377960205078	-33.9661827087402	1142.08215332031	-19.6303024291992	-32.0756568908691	1153.10021972656	-9.25429630279541	-36.6387138366699	1156.14685058594	-9.18813419342041	-12.5400285720825	1143.62316894531
PRI-4370	-1.80395579338074	49.2763252258301	1165.80554199219	-1.45634782314301	45.6265525817871	1157.140625	-1.39641392230988	37.7217216491699	1138.11169433594	-1.96143972873688	19.3014030456543	1113.97399902344	-2.13924980163574	16.5735569000244	1109.08349609375	-0.805756747722626	-64.7620239257812	1137.85107421875	-1.42235279083252	-49.1530532836914	1153.25036621094	-1.42978048324585	-31.4545726776123	1157.44494628906	-1.64881777763367	-6.26788854598999	1144.95080566406	-1.22787356376648	6.58182907104492	1154.17321777344	-1.46594655513763	36.8556213378906	1159.26171875	9.02467727661133	45.0973091125488	1164.12084960938	10.8028955459595	42.8998870849609	1164.13195800781	13.1060371398926	37.5133285522461	1165.47351074219	17.4281005859375	26.7887916564941	1166.39416503906	15.6748294830322	2.88304591178894	1163.68591308594	11.7114524841309	0.671736776828766	1160.67553710938	3.34097838401794	36.8380126953125	1139.85034179688	1.06107819080353	19.2913570404053	1122.99047851562	13.1661796569824	14.4726858139038	1112.47644042969	28.3607387542725	8.79776096343994	1121.09851074219	41.1043014526367	-7.43938875198364	1146.53271484375	34.7578163146973	-16.0257034301758	1144.60803222656	12.5167398452759	3.05680298805237	1141.90197753906	29.141752243042	-34.8558464050293	1144.42456054688	16.6764087677002	-35.7876586914062	1155.3984375	7.21986198425293	-41.5377464294434	1157.33630371094	5.29803466796875	-14.5907697677612	1151.91760253906	-11.9898099899292	44.2220458984375	1163.93542480469	-13.5645971298218	42.0713539123535	1164.44897460938	-15.9344062805176	36.421630859375	1165.84924316406	-19.2201480865479	25.8716278076172	1166.87487792969	-17.2906360626221	2.28290724754333	1163.37731933594	-14.1507816314697	-1.44644331932068	1161.16625976562	-6.3343334197998	36.6460304260254	1139.91418457031	-4.76076602935791	18.48899269104	1122.47680664062	-17.7406520843506	14.3505411148071	1113.27221679688	-32.3593864440918	7.57554388046265	1122.45300292969	-43.5437240600586	-10.3861427307129	1147.20251464844	-37.3983001708984	-17.4121704101562	1145.47216796875	-17.317907333374	2.10279083251953	1142.61901855469	-32.446720123291	-36.5706520080566	1144.9775390625	-19.4803218841553	-37.7971229553223	1155.97473144531	-9.5399808883667	-41.5404777526855	1157.96740722656	NA	NA	NA
PRI-4374	-0.617684602737427	54.9219055175781	1153.15893554688	-0.94579666852951	51.5285530090332	1145.26184082031	-1.36666893959045	40.531063079834	1126.64025878906	-2.00845336914062	18.6544017791748	1105.7783203125	-2.09939503669739	15.7636241912842	1102.11889648438	-2.78269743919373	-63.2582893371582	1146.43933105469	-2.45358157157898	-42.9092140197754	1157.2509765625	-1.89026415348053	-28.0368328094482	1159.06103515625	-1.69904541969299	-5.76798009872437	1143.45666503906	-1.20466935634613	8.36387348175049	1149.60461425781	-1.33804166316986	41.0016746520996	1147.67248535156	8.35660743713379	50.8928108215332	1151.56335449219	10.0992374420166	49.2425117492676	1151.56469726562	14.0322151184082	44.6923065185547	1153.45458984375	16.9518032073975	34.3471794128418	1155.32763671875	14.7661981582642	9.65402698516846	1157.72961425781	9.93144416809082	3.60268187522888	1155.8759765625	3.01272058486938	38.9926071166992	1129.54406738281	1.89902651309967	19.1383647918701	1115.8525390625	14.7512149810791	12.3748292922974	1104.92687988281	30.6067390441895	6.7020525932312	1116.62951660156	40.2465057373047	-0.724182724952698	1144.18713378906	32.931827545166	-12.0600347518921	1144.27368164062	12.3669385910034	4.61832094192505	1136.86975097656	29.1769771575928	-30.4363460540771	1143.63891601562	16.3905467987061	-30.5027198791504	1155.32934570312	6.32831954956055	-36.3909797668457	1159.14099121094	5.98124504089355	-11.8635244369507	1147.94055175781	-10.2015295028687	51.630126953125	1151.77319335938	-13.1072273254395	49.6581764221191	1152.33251953125	-17.092866897583	44.3812866210938	1153.93505859375	-19.876766204834	34.7585029602051	1155.72106933594	-18.0428237915039	9.92593479156494	1157.69702148438	-12.5632600784302	3.97752571105957	1156.09326171875	-6.25157403945923	39.2475891113281	1129.52746582031	-5.6208028793335	18.1781558990479	1114.40576171875	-19.1915760040283	12.4889078140259	1103.619140625	-35.1480026245117	8.18826961517334	1118.59826660156	-43.9367713928223	-1.4003027677536	1144.69409179688	-36.6711273193359	-11.7916011810303	1145.57971191406	-17.4055328369141	5.55171728134155	1138.58544921875	-33.3295631408691	-29.8290138244629	1144.9853515625	-20.4840717315674	-29.9015026092529	1156.47900390625	-10.0429439544678	-36.6762809753418	1159.49743652344	-9.88132095336914	-11.6423559188843	1148.26452636719
PRI-5184	-1.53966379165649	60.8499031066895	1167.67150878906	-0.85275536775589	56.2318840026855	1157.16003417969	-0.90386962890625	44.650951385498	1134.61877441406	0.206496313214302	22.4427146911621	1108.44860839844	0.240508615970612	19.2745056152344	1103.52319335938	-1.65516865253448	-68.3230972290039	1138.44604492188	-1.69391822814941	-48.8697319030762	1155.05310058594	-1.36166155338287	-31.9467678070068	1157.87585449219	-0.910697221755981	-7.96001768112183	1143.41735839844	-0.597688972949982	8.74817943572998	1153.57458496094	-0.861669719219208	45.2227401733398	1159.67016601562	8.97390556335449	57.6853981018066	1163.56176757812	11.874192237854	55.328857421875	1163.70166015625	15.4142780303955	47.8069000244141	1165.54638671875	17.5765419006348	36.1052055358887	1166.35534667969	14.0840682983398	11.6610374450684	1166.4365234375	10.5378293991089	3.35833144187927	1160.58471679688	3.92477822303772	43.2321395874023	1138.33801269531	2.80800127983093	21.6557960510254	1118.00622558594	17.0502090454102	17.1693134307861	1107.7587890625	33.9114303588867	12.0903434753418	1118.12756347656	46.5349769592285	-2.76027369499207	1146.76794433594	38.1214637756348	-16.8355560302734	1145.78271484375	13.5389451980591	5.2499418258667	1139.99255371094	32.0076942443848	-36.4776077270508	1143.45556640625	17.3647174835205	-35.4631576538086	1155.62390136719	6.42602300643921	-42.5981140136719	1158.09191894531	7.12887382507324	-15.2559442520142	1149.53149414062	-10.5207090377808	57.0663604736328	1163.73876953125	-14.0910968780518	55.2569351196289	1164.20556640625	-16.858419418335	48.1041603088379	1166.08154296875	-19.2060871124268	36.2768173217773	1166.40466308594	-17.1763229370117	11.7343826293945	1166.16101074219	-11.8185787200928	3.44610905647278	1160.2666015625	-5.79677867889404	43.2945671081543	1138.00500488281	-3.38991641998291	21.6326332092285	1117.890625	-17.360803604126	17.6777305603027	1107.32263183594	-34.3936195373535	12.581844329834	1117.72399902344	-48.2477645874023	-2.64685416221619	1145.291015625	-39.8481636047363	-16.4397678375244	1145.35815429688	-14.3485383987427	6.01642465591431	1139.85290527344	-35.4290046691895	-35.9854621887207	1142.06518554688	-19.3631782531738	-35.2661895751953	1155.18823242188	-9.31270503997803	-42.2261924743652	1158.01867675781	-8.75354862213135	-15.1842651367188	1148.73913574219
PRI-5194	-1.66481637954712	55.8161163330078	1155.88317871094	-1.40220499038696	51.4216842651367	1146.29968261719	-1.85219752788544	40.5262260437012	1126.29797363281	-1.21904075145721	18.0549221038818	1104.59326171875	-1.24972653388977	14.8285827636719	1100.23315429688	-0.589012265205383	-63.0616340637207	1145.11303710938	-0.617112338542938	-42.6599235534668	1156.29736328125	-0.814546704292297	-26.5909481048584	1156.6455078125	-1.50046050548553	-5.68188667297363	1139.70690917969	-1.27862083911896	8.2733964920044	1147.96484375	-1.65894889831543	42.4913215637207	1149.96752929688	9.14081859588623	52.2974395751953	1154.08911132812	10.0031871795654	51.0601272583008	1154.85864257812	12.8069448471069	46.5615310668945	1156.63830566406	17.5781764984131	36.4066352844238	1157.56005859375	15.2923583984375	9.91317081451416	1156.82470703125	8.97101402282715	4.08566093444824	1153.94946289062	NA	NA	NA	1.59564113616943	18.3003883361816	1110.43884277344	13.849250793457	10.4112014770508	1105.0419921875	29.7271003723145	6.6059684753418	1116.47412109375	39.9261779785156	-3.70522546768188	1143.47583007812	34.0688514709473	-13.6442651748657	1142.40625	11.7195129394531	4.36324644088745	1134.89440917969	29.3185634613037	-31.2590770721436	1143.10961914062	15.7438545227051	-30.5568428039551	1154.69189453125	6.92666006088257	-36.6330680847168	1157.74267578125	6.14011335372925	-11.664924621582	1146.43859863281	-11.7200298309326	52.6875114440918	1154.32360839844	-12.4640407562256	51.7356567382812	1154.60986328125	-15.6838321685791	47.016674041748	1157.05078125	-19.383129119873	37.2082443237305	1157.86987304688	-17.9139633178711	10.5296850204468	1156.82275390625	-11.4770698547363	4.06965970993042	1154.32116699219	-4.96334552764893	39.145622253418	1128.88500976562	-4.40677356719971	18.1244697570801	1112.05700683594	-16.4452514648438	10.470006942749	1105.17053222656	-32.6223754882812	6.23136806488037	1117.02893066406	-41.9462394714355	-4.4870982170105	1144.58020019531	-35.5658493041992	-14.8456869125366	1143.85827636719	-16.3324317932129	5.11489677429199	1135.18725585938	-31.5025844573975	-32.3148574829102	1144.24487304688	-17.2335262298584	-30.9887847900391	1155.7958984375	-8.00258731842041	-36.0927734375	1158.5966796875	-8.7815055847168	-11.972222328186	1146.8486328125
PRI-5425	-0.547273337841034	57.3466911315918	1009.38494873047	-0.529307305812836	52.7008171081543	1002.38800048828	-0.486815899610519	43.9248428344727	984.096862792969	-0.900935649871826	24.2855587005615	957.549865722656	-1.0949901342392	21.052038192749	952.010131835938	-5.83367395401001	-59.9223442077637	978.965576171875	-4.67633390426636	-44.2594833374023	998.629943847656	-3.98123526573181	-27.1731739044189	1003.25030517578	-2.77089810371399	-2.24352812767029	987.573120117188	-2.4186098575592	9.05065536499023	999.95556640625	-1.02622246742249	42.1087837219238	1004.85876464844	9.10558414459229	51.5429077148438	1009.00317382812	10.9607028961182	49.4238662719727	1009.82348632812	15.9659852981567	42.2009620666504	1010.16491699219	17.0492343902588	31.4188232421875	1011.34063720703	12.0999240875244	5.80578184127808	1007.10888671875	8.34480953216553	2.99724221229553	1004.85382080078	5.18090438842773	42.3092956542969	986.820068359375	1.73691761493683	22.9578323364258	965.2919921875	12.1308898925781	19.3820266723633	955.57275390625	28.587646484375	9.20704460144043	962.921813964844	NA	NA	NA	32.7456283569336	-12.5479669570923	991.599304199219	11.431902885437	5.04901313781738	983.512878417969	26.3084354400635	-31.8763046264648	988.142944335938	11.091724395752	-31.1351528167725	999.773010253906	3.31646251678467	-36.8567657470703	1001.56475830078	3.1583194732666	-11.3529615402222	993.303405761719	-11.4964246749878	52.4276733398438	1008.25921630859	-14.1152868270874	50.3059997558594	1008.76605224609	-17.7094268798828	44.4385566711426	1010.53881835938	-20.2422885894775	32.3243560791016	1011.75433349609	-17.3363876342773	6.93517065048218	1007.30975341797	-13.1672267913818	3.45814943313599	1004.71533203125	-6.86976194381714	42.4495658874512	986.137634277344	-4.35781002044678	22.4977378845215	965.447448730469	-16.7898025512695	21.7017879486084	956.566467285156	-32.6274337768555	13.1999597549438	963.662475585938	-44.7807197570801	0.00215943809598684	992.0048828125	-38.3772163391113	-9.2218770980835	992.767028808594	-16.6924133300781	6.08358764648438	983.516845703125	-35.1787605285645	-29.6405258178711	988.193908691406	-19.5247097015381	-29.7893905639648	999.816101074219	-11.8273124694824	-35.797435760498	1001.32788085938	-10.6638927459717	-11.8162298202515	993.7451171875
PRI-5731	-2.69092178344727	56.0456237792969	1165.82788085938	-2.26865172386169	51.7733039855957	1157.31677246094	-1.73469078540802	41.2503318786621	1138.611328125	-0.513709366321564	18.8416423797607	1114.03332519531	-0.303933888673782	15.7445774078369	1109.90991210938	-1.55868268013	-64.1492919921875	1146.16186523438	-1.41905200481415	-45.9523506164551	1159.10131835938	-1.3692764043808	-30.3115367889404	1162.98876953125	-1.0274350643158	-6.39033126831055	1147.77502441406	-1.4090621471405	8.56795883178711	1157.44445800781	-2.08052277565002	41.7012519836426	1159.56811523438	8.8191499710083	50.3384208679199	1162.64562988281	9.79999446868896	49.0898170471191	1162.7431640625	12.9127645492554	43.9712524414062	1163.84313964844	16.4772205352783	32.6359214782715	1164.78295898438	12.4745759963989	5.07787990570068	1162.91809082031	9.320725440979	3.53681397438049	1161.85925292969	3.28970003128052	39.9873428344727	1140.54113769531	2.09856653213501	19.6266288757324	1122.07458496094	17.0292015075684	14.6922883987427	1114.45361328125	30.8986778259277	7.25437784194946	1125.19543457031	40.6523666381836	-5.6438364982605	1150.35656738281	32.7428741455078	-14.5455713272095	1149.60009765625	12.7166929244995	3.83706665039062	1143.837890625	27.9890556335449	-33.1073455810547	1149.35925292969	15.6506366729736	-33.5498504638672	1160.47131347656	5.38277578353882	-39.2031402587891	1163.01147460938	6.40558910369873	-14.3091192245483	1155.37768554688	-13.6164789199829	50.013614654541	1162.48193359375	-14.6817817687988	48.8879508972168	1161.68054199219	-17.6713829040527	42.7402267456055	1163.53991699219	-20.7803649902344	31.6965351104736	1163.84436035156	-16.8653392791748	5.25257587432861	1162.3740234375	-12.7521953582764	2.9735004901886	1161.13635253906	-6.76716661453247	40.3863906860352	1140.89672851562	-3.01045918464661	19.3888282775879	1121.74536132812	-16.1005210876465	15.0913219451904	1113.80310058594	-31.4802436828613	6.68498802185059	1124.43725585938	-43.0554466247559	-7.57501792907715	1150.18664550781	-35.2567863464355	-16.2639789581299	1148.3701171875	-13.9932708740234	4.68462371826172	1143.65209960938	-30.1725311279297	-34.5754127502441	1148.3515625	-18.2946586608887	-34.2202072143555	1159.7841796875	-7.95370578765869	-40.143684387207	1161.873046875	-8.9487714767456	-14.4373683929443	1154.61108398438
PRI-5736	-1.25626254081726	50.6696434020996	1175.03796386719	-1.41062247753143	47.2701301574707	1166.58056640625	-1.19487488269806	37.1316680908203	1147.67492675781	-1.11745882034302	22.1544284820557	1125.67578125	-1.11894404888153	19.8269233703613	1121.27990722656	-1.45664429664612	-63.7702598571777	1145.02258300781	-1.39291286468506	-45.895336151123	1159.39208984375	-1.31108462810516	-29.0042934417725	1164.36462402344	-1.27798616886139	-6.36229181289673	1155.02514648438	-1.64730286598206	6.34461641311646	1163.99243164062	-1.1262766122818	37.239875793457	1168.7890625	9.12764930725098	47.3458595275879	1173.48620605469	10.2999382019043	46.0302543640137	1173.9765625	13.72802734375	41.0666809082031	1174.9736328125	16.8395233154297	30.5563449859619	1176.21044921875	14.874755859375	5.96155595779419	1173.49047851562	9.62530994415283	2.28868961334229	1169.24536132812	3.51329874992371	36.2863883972168	1149.65246582031	2.05905890464783	20.9139709472656	1131.81726074219	15.3396501541138	17.1617259979248	1123.69201660156	30.3284130096436	9.6957311630249	1131.82543945312	40.4948616027832	-5.4458270072937	1158.14562988281	33.4645881652832	-12.3114461898804	1155.96020507812	12.2564487457275	3.60792469978333	1150.60375976562	29.5889701843262	-30.2189483642578	1149.72534179688	16.004301071167	-32.7999458312988	1161.64111328125	6.43114709854126	-38.2062454223633	1164.05041503906	6.27741575241089	-13.1999807357788	1158.86767578125	-11.590256690979	46.8641242980957	1173.72729492188	-13.1259078979492	45.1910209655762	1173.30493164062	-16.1919860839844	40.1448135375977	1174.97790527344	-18.9736385345459	30.1415977478027	1176.48217773438	-18.1103591918945	6.09312152862549	1174.65869140625	-12.5065126419067	1.42598700523376	1169.55712890625	-5.98360395431519	35.8947257995605	1149.68469238281	-4.25295639038086	20.8996601104736	1132.04248046875	-17.3910083770752	17.7759628295898	1123.48071289062	-32.9333190917969	10.8840255737305	1132.53942871094	-44.1369895935059	-4.85341691970825	1158.15124511719	-37.0318412780762	-12.433235168457	1156.26525878906	-14.8122110366821	3.75640892982483	1150.787109375	-32.9355506896973	-30.5274829864502	1150.96276855469	-18.2668151855469	-32.9067268371582	1162.81079101562	-9.37449645996094	-38.8291320800781	1163.6416015625	-8.28090572357178	-13.0849132537842	1157.37536621094
PRI-5737	-1.66709470748901	61.44482421875	1158.1630859375	-2.04117202758789	55.5515899658203	1148.88452148438	-2.20434474945068	40.6076164245605	1127.34484863281	-0.0201128385961056	12.9830513000488	1102.32421875	-0.186947211623192	9.77214050292969	1098.26989746094	-7.01112413406372	-71.8808822631836	1135.92150878906	-5.66478061676025	-52.5079498291016	1153.88732910156	-5.30571460723877	-36.433219909668	1156.53503417969	-3.53738903999329	-12.124701499939	1140.92858886719	-3.14000558853149	5.99629783630371	1149.57006835938	-2.52333045005798	45.7579383850098	1152.880859375	10.0866355895996	54.9951400756836	1156.75280761719	12.2375421524048	52.0678672790527	1156.80517578125	13.4691791534424	45.046703338623	1158.705078125	NA	NA	NA	12.6988258361816	8.27087211608887	1160.89184570312	6.78610849380493	0.195625633001328	1155.85461425781	3.52179765701294	40.6027603149414	1130.91235351562	1.68731307983398	13.9020757675171	1111.69152832031	16.1760158538818	7.71712303161621	1103.07873535156	32.2665328979492	2.78153491020203	1113.12878417969	43.050724029541	-14.0290355682373	1146.47290039062	34.4532737731934	-20.7816963195801	1145.22973632812	11.9320678710938	-2.00978970527649	1135.07250976562	28.522274017334	-41.3869018554688	1144.39599609375	11.6514482498169	-40.2176132202149	1154.90270996094	1.94266927242279	-46.3529167175293	1156.14318847656	4.18549823760986	-18.9763031005859	1146.82702636719	-13.7813243865967	57.159839630127	1155.93310546875	-18.2780475616455	52.6105728149414	1157.0888671875	-19.612247467041	46.8002166748047	1158.591796875	-21.9008922576904	35.1614227294922	1160.16552734375	-20.6161880493164	9.80006408691406	1160.05200195312	-14.9267911911011	0.220475643873215	1155.505859375	-7.1376519203186	40.6419258117676	1130.62390136719	-4.27304315567017	14.2071628570557	1111.14294433594	NA	NA	NA	NA	NA	NA	-50.297435760498	-8.24780559539795	1144.08227539062	-43.1527938842773	-18.3596382141113	1144.83911132812	-17.5935306549072	0.293486535549164	1135.90808105469	-39.0390777587891	-38.5310668945312	1143.44360351562	-23.4282760620117	-38.837833404541	1153.74499511719	-13.6501312255859	-45.2107582092285	1156.265625	-12.4853096008301	-18.7274513244629	1147.16479492188
PRI-5859	-1.42483747005463	50.1319694519043	1063.9453125	-0.977736830711365	45.7731857299805	1057.82580566406	-1.8450026512146	34.736499786377	1038.43005371094	-1.81853067874908	15.6238803863525	1018.54321289062	-1.88281881809235	12.8172159194946	1014.65618896484	-0.664322018623352	-64.2946548461914	1049.64587402344	-0.883374929428101	-46.2976570129395	1064.27282714844	-0.686123192310333	-29.7131538391113	1066.13610839844	-1.41158854961395	-6.59846639633179	1050.68774414062	-1.44433164596558	6.90066385269165	1059.46447753906	-0.998381674289703	37.6984024047852	1061.01708984375	9.0377721786499	46.9300422668457	1063.66284179688	9.91405582427979	45.4008598327637	1064.10107421875	12.6162214279175	40.5499572753906	1066.15307617188	15.9162883758545	30.7201290130615	1067.51721191406	12.7582006454468	6.74777889251709	1067.63818359375	9.47119617462158	3.47978687286377	1064.7666015625	3.9185733795166	35.2385330200195	1042.44519042969	1.03259599208832	16.0237064361572	1026.35986328125	13.7908401489258	11.6963291168213	1017.87976074219	28.0306053161621	6.37953329086304	1027.16149902344	38.7445220947266	-4.07973337173462	1053.86999511719	33.0869979858398	-14.7039670944214	1054.60119628906	13.043851852417	3.83430409431458	1046.76013183594	28.439432144165	-32.261043548584	1052.9443359375	16.6083717346191	-33.4585723876953	1063.51916503906	6.73077774047852	-38.7420120239258	1067.07739257812	5.27658319473267	-12.6406583786011	1057.34704589844	-10.9736413955688	45.9712333679199	1063.39001464844	-11.9885082244873	44.566162109375	1063.88806152344	-14.8135023117065	39.9997406005859	1065.8291015625	-17.8117046356201	29.57790184021	1068.056640625	-14.2058429718018	6.17602252960205	1067.53393554688	-11.0454959869385	2.76272964477539	1064.66125488281	-6.88138961791992	35.3183479309082	1042.40576171875	-4.20391321182251	15.6399765014648	1025.85302734375	-15.9851980209351	11.8202486038208	1018.033203125	-31.1678600311279	5.57669830322266	1027.85900878906	-40.7481117248535	-6.54762125015259	1054.67419433594	-34.6001205444336	-15.6120042800903	1054.326171875	-15.1215410232544	3.02720880508423	1046.80322265625	-31.2320365905762	-33.3685722351074	1053.375	-16.0834369659424	-33.1580848693848	1063.97326660156	-7.64269304275513	-39.3750267028809	1066.90209960938	-7.85652685165405	-12.8405704498291	1057.04174804688
PRI-5866	0.19712170958519	63.5364570617676	1072.03918457031	-0.454088866710663	57.9319725036621	1062.61596679688	-1.66117310523987	46.942325592041	1040.98791503906	-1.87747657299042	18.704496383667	1010.39263916016	-2.05899405479431	15.8252658843994	1005.86859130859	-3.85279631614685	-68.5117874145508	1045.65551757812	-1.07659995555878	-47.281192779541	1061.85925292969	-1.82763397693634	-29.6311111450195	1065.552734375	-1.82642257213593	-5.03303384780884	1047.54333496094	-1.02024722099304	10.7610301971436	1060.75720214844	-1.00065994262695	47.1120643615723	1066.22509765625	11.1798801422119	59.1236038208008	1070.17639160156	13.5431852340698	55.7617835998535	1070.83911132812	16.5608882904053	47.6677398681641	1072.14086914062	19.2770824432373	36.6709213256836	1073.16271972656	16.367847442627	12.2308206558228	1072.47009277344	10.8047685623169	4.19238615036011	1065.17785644531	4.81755113601685	46.4167022705078	1043.72607421875	1.24792265892029	19.485668182373	1019.92657470703	16.4025592803955	13.4349403381348	1010.06549072266	34.1422462463379	7.10363912582397	1023.04614257812	46.2169456481934	-3.87729835510254	1051.9228515625	38.9773750305176	-16.2869262695312	1051.93933105469	14.3311767578125	5.10627222061157	1044.10266113281	33.6535949707031	-36.0165710449219	1049.68896484375	15.9270839691162	-33.057933807373	1061.58142089844	6.2981424331665	-42.1769485473633	1065.26379394531	6.95867109298706	-12.4544134140015	1055.33850097656	-11.7102336883545	58.7780456542969	1070.73046875	-14.1877288818359	55.5238456726074	1072.66442871094	-17.4518089294434	47.6058502197266	1073.37487792969	-19.948335647583	37.088191986084	1073.97326660156	-17.6464309692383	12.3545818328857	1073.43029785156	-12.9310073852539	4.38553667068481	1065.88903808594	-7.37136697769165	46.074462890625	1043.72155761719	-5.00233030319214	19.4735355377197	1019.93267822266	-20.899040222168	13.3980560302734	1009.68823242188	-37.7726936340332	6.26942014694214	1023.49255371094	-48.1907997131348	-3.96715950965881	1053.37377929688	-42.3454132080078	-16.4979457855225	1053.01025390625	-16.8008403778076	4.51988220214844	1044.80676269531	-36.1547927856445	-36.8335456848145	1051.28747558594	-19.7759780883789	-34.3118782043457	1063.19641113281	-8.80896663665771	-41.6206207275391	1065.56726074219	-10.1755466461182	-12.8014802932739	1055.89453125
PRI-5867	-0.495133012533188	57.1683387756348	1367.51977539062	-0.949185609817505	51.2662010192871	1359.88122558594	-1.91296362876892	38.5340270996094	1340.5751953125	-2.15080213546753	21.8668556213379	1316.46728515625	-2.11542987823486	19.3880596160889	1312.85266113281	-3.91860485076904	-63.964412689209	1343.74487304688	-3.39771509170532	-46.7865409851074	1357.80993652344	-2.81875586509705	-29.0389556884766	1362.63488769531	-2.43915581703186	-6.39674425125122	1348.68615722656	-1.59072291851044	7.99284029006958	1359.07141113281	-1.10443687438965	43.3951148986816	1363.58117675781	9.64191818237305	54.0659103393555	1366.20556640625	10.7054586410522	52.0475082397461	1366.99206542969	14.2434234619141	47.3839836120605	1368.22631835938	17.230920791626	36.6457366943359	1369.89270019531	14.384033203125	8.93400192260742	1368.63708496094	10.1537704467773	3.798344373703	1364.52380371094	3.63384938240051	39.8936004638672	1343.99670410156	1.21810555458069	20.341796875	1324.79968261719	15.0818853378296	16.6911678314209	1315.7177734375	30.8382186889648	9.50946140289307	1325.35925292969	41.53662109375	-3.01840829849243	1350.00952148438	33.1998825073242	-14.2118091583252	1351.11901855469	11.7843971252441	5.27402257919312	1344.71350097656	29.74853515625	-31.8979873657227	1348.15881347656	13.6774959564209	-31.6277484893799	1358.87158203125	5.71448564529419	-39.5358619689941	1362.71936035156	4.77332592010498	-12.8575687408447	1354.5498046875	-11.0421857833862	53.9622917175293	1366.81604003906	-12.7428398132324	52.6216812133789	1367.10668945312	-16.1648044586182	47.5151748657227	1368.70068359375	-20.1504936218262	36.943790435791	1370.50927734375	-16.4914360046387	8.4075984954834	1369.13220214844	-12.61829662323	4.18012189865112	1364.630859375	-6.67814922332764	39.129280090332	1344.36340332031	-5.04814100265503	20.6358680725098	1324.60461425781	-18.4398708343506	17.6758060455322	1315.79455566406	-34.3088874816895	11.2194509506226	1325.99279785156	-44.9777565002441	-2.22670245170593	1350.8974609375	-36.6349449157715	-12.7538299560547	1352.06799316406	-16.040641784668	6.21998739242554	1344.29577636719	-35.1231307983398	-31.1544322967529	1349.36535644531	-18.8138771057129	-30.9228935241699	1359.65795898438	-10.9750881195068	-39.1370391845703	1363.08215332031	-9.42005062103271	-12.6001129150391	1354.90393066406
PRI-5868	-0.367276400327682	59.7406196594238	1394.83923339844	-0.102232404053211	54.9588088989258	1386.45642089844	-0.717110991477966	41.5423889160156	1363.73364257812	-1.33154356479645	18.7794532775879	1339.16015625	-1.42121183872223	15.6135358810425	1334.43969726562	-6.54040861129761	-75.5706558227539	1358.15087890625	-4.8222279548645	-58.2896194458008	1383.083984375	-4.0746865272522	-42.3228988647461	1386.45166015625	-3.03281331062317	-15.6026992797852	1372.98864746094	-1.79974591732025	2.99470925331116	1382.01550292969	-0.672516107559204	43.3622970581055	1388.93481445312	12.0325956344604	54.3462524414062	1393.73449707031	14.353684425354	50.5266952514648	1394.8251953125	18.2160186767578	42.6668930053711	1395.55541992188	18.9345016479492	30.8105449676514	1395.81286621094	14.5722484588623	5.03704166412354	1394.17602539062	8.91024971008301	-3.59148025512695	1388.71813964844	4.69163465499878	39.3240852355957	1367.68811035156	1.70517027378082	17.5805912017822	1347.15405273438	16.6461410522461	12.5937843322754	1338.39050292969	34.0110511779785	4.83093404769897	1346.32849121094	43.8283653259277	-11.4556980133057	1377.02941894531	33.4216537475586	-26.7166366577148	1375.43603515625	12.2831516265869	-2.64199066162109	1368.92736816406	30.4714336395264	-46.612678527832	1372.59069824219	13.6512994766235	-45.6711845397949	1383.90417480469	2.90230941772461	-53.0357627868652	1385.87670898438	3.59792613983154	-23.5459022521973	1375.36474609375	-11.8636531829834	55.0091323852539	1392.92126464844	-16.5158824920654	51.546501159668	1393.38256835938	-18.8593578338623	44.0191459655762	1395.46533203125	-21.1679553985596	31.8474559783936	1395.34716796875	-18.2694492340088	6.25434827804565	1393.39294433594	-13.3425140380859	-1.91356873512268	1388.53979492188	-6.75151300430298	40.419734954834	1367.35229492188	-4.93609142303467	17.4637928009033	1346.97229003906	-18.971736907959	14.0988483428955	1339.01098632812	-37.9068260192871	7.47903776168823	1346.56530761719	-50.3315048217773	-6.31177043914795	1374.59790039062	-40.8035430908203	-22.6523551940918	1374.17553710938	-17.5003414154053	-0.71806275844574	1368.71179199219	-39.6983413696289	-42.6818656921387	1371.98791503906	-22.6137542724609	-43.5386161804199	1383.31164550781	-12.1320209503174	-52.8767471313477	1384.91101074219	-10.9812316894531	-22.3704032897949	1377.29565429688
PRI-6142	-0.702309608459473	55.7390213012695	1035.70300292969	-0.322149187326431	52.5307464599609	1030.25695800781	-0.738109827041626	41.5290412902832	1010.73181152344	-0.343934059143066	17.2943477630615	986.962585449219	-0.259125828742981	15.0070638656616	983.075012207031	-0.704182088375092	-61.4245414733887	1023.048828125	-0.420601218938828	-42.2589149475098	1035.74108886719	-0.0201265383511782	-28.050573348999	1037.57434082031	-0.0598697550594807	-5.28977060317993	1022.04632568359	-0.567951142787933	9.13615989685059	1029.40942382812	-0.287625074386597	42.4059906005859	1030.89929199219	9.73477268218994	51.4531898498535	1034.271484375	10.9265975952148	49.7804641723633	1034.43127441406	13.9017467498779	44.7745361328125	1035.68493652344	16.7938461303711	34.7991104125977	1037.04052734375	14.8752679824829	10.1688451766968	1037.69812011719	10.9314947128296	5.39274978637695	1035.29479980469	4.3720498085022	40.4262161254883	1012.80859375	2.0832793712616	17.3492527008057	995.070434570312	15.1013422012329	12.0700950622559	986.462280273438	30.5671157836914	6.43219137191772	995.383972167969	40.8081092834473	-5.98083972930908	1024.10766601562	33.5598373413086	-12.9503383636475	1023.16217041016	14.4243764877319	4.24161291122437	1016.43713378906	29.7464160919189	-31.4043350219727	1023.37512207031	14.3146104812622	-29.6215858459473	1034.46520996094	7.11317348480225	-36.5930099487305	1037.71411132812	7.00641250610352	-11.8471717834473	1028.56750488281	-10.3584632873535	51.4046516418457	1034.83239746094	-11.4689331054688	49.7786178588867	1035.73461914062	-14.198881149292	44.4422187805176	1036.23449707031	-17.1550235748291	34.0076179504395	1037.70703125	-15.0126247406006	9.39900207519531	1038.02905273438	-11.4709148406982	4.34077978134155	1036.01025390625	-5.53967761993408	41.1045608520508	1013.80633544922	-2.73949694633484	17.5154190063477	995.094665527344	-14.6793851852417	12.9474954605103	985.718688964844	-30.6952114105225	6.6814284324646	994.849548339844	-40.1967582702637	-5.58619213104248	1025.41296386719	-32.4612770080566	-13.3053340911865	1023.32788085938	-15.2492837905884	4.38131761550903	1016.55773925781	-29.1684303283691	-31.698917388916	1023.95056152344	-14.956202507019	-29.7716464996338	1035.02709960938	-7.39831733703613	-36.7286605834961	1037.70178222656	-7.14556503295898	-12.4968166351318	1029.087890625
PRI-6162	-2.67762017250061	66.7421340942383	1365.03930664062	-1.83352136611938	60.1209106445312	1356.51928710938	-1.76025211811066	43.7084045410156	1333.54431152344	-0.773737013339996	17.6617393493652	1303.42565917969	-0.622312605381012	14.1074533462524	1298.19274902344	-3.90334963798523	-75.8601226806641	1330.734375	-3.8634819984436	-56.4760818481445	1355.71398925781	-4.72474002838135	-39.3975601196289	1360.89074707031	-4.03432512283325	-12.8729619979858	1344.71765136719	-3.46141386032104	5.18901586532593	1355.71752929688	-2.35119342803955	47.4916305541992	1360.29040527344	10.1634483337402	61.7676963806152	1364.51281738281	14.9254207611084	57.4991836547852	1366.57849121094	14.6642160415649	48.7888832092285	1369.69934082031	17.4642219543457	38.1998672485352	1369.50952148438	14.7863893508911	10.5914287567139	1370.28125	8.42130756378174	1.29984498023987	1362.28503417969	4.61546087265015	42.5008850097656	1336.5927734375	2.53403806686401	17.5710849761963	1314.09484863281	16.898853302002	11.4478178024292	1304.48828125	35.1607131958008	3.71613359451294	1315.34326171875	46.6893424987793	-6.40423202514648	1348.08154296875	36.5897560119629	-20.4327335357666	1347.46154785156	12.713005065918	0.126542404294014	1339.64001464844	32.2492866516113	-41.743034362793	1343.69787597656	14.4532108306885	-40.7190704345703	1356.98120117188	4.78303241729736	-47.6848335266113	1360.54711914062	4.12036085128784	-18.7852077484131	1350.27026367188	-14.7843074798584	60.1967124938965	1363.05639648438	-19.3024959564209	56.5374641418457	1363.97790527344	-19.9518146514893	47.9529991149902	1368.50732421875	-22.7337036132812	37.1804008483887	1369.333984375	-21.06130027771	10.2498292922974	1369.95825195312	-14.5121374130249	1.75100493431091	1362.42944335938	-7.75329208374023	42.8517761230469	1336.72216796875	-4.63358926773071	17.1135787963867	1313.99829101562	-19.432165145874	10.9960021972656	1304.49560546875	-37.870304107666	4.99660873413086	1312.64025878906	-53.1412467956543	-5.29360389709473	1346.00146484375	-42.8849945068359	-20.3794345855713	1346.23352050781	-19.3327388763428	1.56197369098663	1339.21166992188	-39.7648963928223	-42.5726280212402	1342.08032226562	-22.934196472168	-42.1414985656738	1356.74060058594	-12.5924558639526	-49.1877136230469	1358.86267089844	-12.1922025680542	-20.1101036071777	1350.8955078125
PRI-6168	-0.507747232913971	54.4407157897949	1459.42919921875	-0.842146337032318	47.9095001220703	1450.77075195312	-1.43575918674469	36.5125846862793	1429.88452148438	-1.5237147808075	16.5384273529053	1406.62854003906	-1.58318746089935	13.5973701477051	1401.72448730469	-0.843148648738861	-68.389030456543	1436.4951171875	-0.530454754829407	-50.2324066162109	1452.84997558594	-1.26026082038879	-32.7664642333984	1453.93151855469	-1.58768606185913	-11.9050197601318	1440.33325195312	-1.0763578414917	4.01681804656982	1449.98852539062	-0.325327754020691	36.8622932434082	1453.99194335938	9.47198581695557	47.5558738708496	1459.15087890625	11.625186920166	45.3309783935547	1459.2314453125	13.519907951355	40.6292724609375	1461.33081054688	16.9216575622559	30.8396148681641	1462.30395507812	16.1205444335938	4.1940450668335	1461.56213378906	11.0944089889526	-2.59468674659729	1455.83251953125	3.14848756790161	36.1711730957031	1433.55578613281	1.30773770809174	14.9858083724976	1413.19091796875	15.7263088226318	10.6312370300293	1406.11828613281	29.3468894958496	5.30646514892578	1414.58581542969	41.4233016967773	-8.43975448608398	1441.08874511719	33.4797554016113	-18.8406105041504	1441.19677734375	14.1741647720337	-0.949984133243561	1434.60070800781	30.1025562286377	-38.082462310791	1441.23913574219	15.8195466995239	-36.2620468139648	1451.81433105469	7.8895788192749	-43.0443267822266	1455.21008300781	6.0369815826416	-17.2856273651123	1445.50146484375	-10.1058359146118	48.2626304626465	1459.92822265625	-11.6812858581543	46.3576622009277	1460.46276855469	-13.7473697662354	41.7464866638184	1462.35717773438	-17.5992965698242	32.0241966247559	1463.32348632812	-18.022439956665	5.67201232910156	1461.82348632812	-12.6146535873413	-1.86246562004089	1455.79235839844	-6.24938011169434	36.3805885314941	1433.93786621094	-4.31119585037231	15.3047866821289	1413.15759277344	-18.2035140991211	10.1004295349121	1405.72998046875	-32.3129959106445	4.42355632781982	1416.10241699219	-42.8161354064941	-9.20735168457031	1442.50378417969	-36.1795272827148	-20.0548992156982	1442.14880371094	-17.0836219787598	-0.767609059810638	1434.97668457031	-32.1470222473145	-39.6544456481934	1441.80712890625	-17.5441951751709	-38.0839958190918	1452.34875488281	-9.5398006439209	-42.9561157226562	1455.18627929688	-8.4261302947998	-17.9627418518066	1446.18786621094
PRI-6242	-1.81211280822754	49.9661903381348	1456.51428222656	-1.85886657238007	45.2597923278809	1450.63110351562	-1.95437228679657	33.0489692687988	1429.40173339844	-2.39413499832153	18.7291069030762	1411.35192871094	-2.35658144950867	16.7928981781006	1406.6689453125	-2.4779257774353	-63.4619979858398	1439.45166015625	-2.6118905544281	-46.2481842041016	1454.37854003906	-2.65230011940002	-29.8395309448242	1457.79016113281	-2.50069904327393	-8.63618850708008	1442.55004882812	-1.94630312919617	6.57717370986938	1450.77038574219	-1.76231968402863	34.2280616760254	1452.58288574219	7.70772504806519	44.2925567626953	1455.47314453125	8.67433452606201	43.4965629577637	1456.11669921875	11.7324361801147	39.2543106079102	1457.19128417969	15.7534666061401	29.1135597229004	1459.30871582031	15.3294734954834	3.64014887809753	1459.51538085938	10.3798017501831	0.0494762547314167	1457.24389648438	2.48492312431335	34.3033027648926	1434.53637695312	0.890921175479889	16.7641658782959	1417.7841796875	13.2488775253296	13.8199062347412	1410.19104003906	28.8493576049805	7.3386926651001	1422.55261230469	37.164421081543	-9.10880661010742	1446.20483398438	30.4548301696777	-15.9873218536377	1444.57641601562	11.8234176635742	2.12598633766174	1439.18347167969	26.2937450408936	-34.4858932495117	1443.08959960938	12.0837030410767	-33.2105598449707	1454.51525878906	4.42720746994019	-39.5165138244629	1456.30187988281	5.58119869232178	-14.0245952606201	1448.04077148438	-11.5201978683472	44.6898345947266	1455.37097167969	-12.8933362960815	43.2541275024414	1456.18627929688	-15.4543523788452	38.831413269043	1457.33972167969	-19.0691833496094	29.1955699920654	1458.98168945312	-18.3218326568604	3.90274119377136	1458.66821289062	-14.2225494384766	0.153452336788177	1457.27355957031	-6.37431573867798	34.3306884765625	1434.53588867188	-4.98129320144653	16.8616485595703	1417.4892578125	-17.359188079834	12.6830310821533	1410.70202636719	-32.9413375854492	6.60026931762695	1422.66345214844	-41.3411483764648	-8.91476726531982	1447.85876464844	-35.4317626953125	-15.9870042800903	1446.32470703125	-16.5815887451172	0.95927506685257	1438.22802734375	-31.2633724212646	-34.120906829834	1444.16638183594	-18.1585998535156	-32.6929817199707	1455.16491699219	-9.30429744720459	-39.3776893615723	1457.38549804688	-8.47821617126465	-14.1056814193726	1448.140625
PRI-6470	-1.60942578315735	63.0908584594727	1463.6865234375	-2.04712080955505	58.2316436767578	1455.50122070312	-2.9588885307312	46.491626739502	1432.99353027344	-3.1135241985321	21.6488018035889	1410.27392578125	-2.95793962478638	18.3992137908936	1404.39367675781	-1.2308623790741	-71.0869216918945	1435.84716796875	-1.62558019161224	-53.2405891418457	1455.07666015625	-2.73968124389648	-35.9271507263184	1457.28112792969	-1.91435360908508	-8.37253761291504	1442.37097167969	-1.9649453163147	7.06196451187134	1452.77734375	-1.81523704528809	47.3174247741699	1457.60278320312	9.18700313568115	58.7127418518066	1461.47912597656	13.1420450210571	53.5888900756836	1462.4765625	15.9102563858032	45.9377593994141	1464.72387695312	18.7004547119141	35.804370880127	1465.36633300781	15.6710987091064	10.9883279800415	1467.07092285156	11.395299911499	1.58533191680908	1460.34020996094	2.6906304359436	45.1867332458496	1436.28991699219	0.768681406974792	21.0010929107666	1417.19091796875	15.2986660003662	17.6881427764893	1408.21264648438	33.357666015625	9.5180835723877	1417.86572265625	46.306282043457	-4.90948820114136	1446.771484375	36.9640464782715	-16.7380485534668	1445.72595214844	12.5033702850342	3.07968878746033	1439.4736328125	30.8119106292725	-37.1819267272949	1443.48181152344	15.9330501556396	-39.4265098571777	1454.80053710938	5.91217803955078	-46.9765892028809	1457.38171386719	6.61748361587524	-19.7672996520996	1451.16003417969	-12.681227684021	58.3334541320801	1462.20935058594	-16.4553089141846	54.4338760375977	1463.13818359375	-18.0963001251221	46.7347450256348	1466.81616210938	-21.0226612091064	36.3332748413086	1467.78430175781	-20.2683925628662	11.2732410430908	1466.65124511719	-14.6900978088379	0.627367615699768	1460.56372070312	-8.27731704711914	44.3038864135742	1435.94152832031	-6.86599111557007	20.449893951416	1417.48962402344	-21.6653079986572	16.6593017578125	1409.22827148438	-38.7533111572266	9.37615394592285	1418.5009765625	-50.6905708312988	-6.51389837265015	1448.08850097656	-40.7415008544922	-18.2624626159668	1446.67883300781	-16.1417331695557	2.60029101371765	1440.76977539062	-36.1919288635254	-40.0404510498047	1443.76257324219	-21.8169422149658	-41.124267578125	1454.65686035156	-10.4408550262451	-47.1754150390625	1457.42895507812	-11.1041069030762	-19.2609462738037	1449.22485351562
PRI-6474	-0.96209853887558	59.2772331237793	1429.81420898438	-2.1218786239624	54.3988037109375	1421.92199707031	-2.46282505989075	42.8889503479004	1400.13110351562	-2.23013687133789	15.4577217102051	1375.16467285156	-2.30582976341248	12.9102201461792	1371.77807617188	-3.75433135032654	-70.6516647338867	1396.9755859375	-2.96319937705994	-54.6575202941895	1419.27905273438	-3.03201866149902	-38.2701034545898	1424.00207519531	-2.77495765686035	-11.927508354187	1410.56359863281	-2.32607960700989	5.31128120422363	1418.99609375	-1.45145988464355	41.9068412780762	1423.91394042969	11.4375514984131	53.495677947998	1427.458984375	13.8821487426758	50.0315246582031	1428.07312011719	16.6687679290771	41.4090766906738	1429.66845703125	19.8269844055176	30.8949146270752	1431.24328613281	15.9451065063477	5.19346332550049	1430.76806640625	9.4561653137207	-1.16414165496826	1425.43078613281	3.48298835754395	38.7761726379395	1402.03540039062	1.02408742904663	15.1179914474487	1382.55346679688	14.931360244751	9.78089427947998	1374.29187011719	32.0517921447754	2.42618870735169	1381.94262695312	46.3690376281738	-12.1642560958862	1409.08239746094	36.3239822387695	-23.0867691040039	1410.97998046875	11.2817850112915	-2.6094651222229	1405.12573242188	31.4010906219482	-41.1118469238281	1405.43994140625	14.8849534988403	-40.0722846984863	1420.42932128906	5.06630945205688	-47.5878486633301	1421.4287109375	4.95537614822388	-20.0128841400146	1415.78527832031	-13.8730144500732	51.8473739624023	1427.77111816406	-16.2690162658691	49.998176574707	1428.5380859375	-19.0749092102051	42.4408760070801	1431.42602539062	-22.0226173400879	32.0674934387207	1432.52160644531	-20.1813831329346	6.03725433349609	1431.6826171875	-13.8834428787231	-1.65691351890564	1425.73107910156	-7.7256965637207	39.1892204284668	1402.37158203125	-5.12610626220703	15.4583549499512	1382.19421386719	-19.4646816253662	10.9144229888916	1374.89819335938	-36.2092018127441	5.32839870452881	1381.95776367188	-50.7837219238281	-9.79440212249756	1411.0556640625	-41.8488693237305	-21.3084602355957	1412.091796875	-18.1445350646973	-2.34478998184204	1405.26110839844	-37.2343940734863	-40.0065155029297	1408.10107421875	-21.2488689422607	-40.0656776428223	1421.44274902344	-10.9042139053345	-47.2860107421875	1421.59729003906	-9.77998542785644	-18.9745388031006	1415.88513183594
PRI-6480	-0.919320046901703	52.0534019470215	1054.19970703125	-1.1443156003952	46.7975234985352	1047.646484375	-0.810854256153107	34.8817405700684	1027.87194824219	-1.54694807529449	18.1825695037842	1008.29656982422	-1.66069650650024	15.1429061889648	1003.07684326172	0.242583632469177	-69.2994689941406	1043.06994628906	-0.56294721364975	-50.8182067871094	1053.13171386719	-1.63877058029175	-34.2467727661133	1055.02563476562	-1.0699200630188	-7.88591527938843	1039.11999511719	-0.737801969051361	5.2598557472229	1047.57641601562	-1.25202465057373	38.037281036377	1050.64172363281	8.35280418395996	48.2937660217285	1053.6240234375	10.0811824798584	46.0369529724121	1054.85668945312	13.3719987869263	41.5749053955078	1057.6689453125	16.5416793823242	32.223762512207	1058.23205566406	15.7849740982056	10.2026777267456	1060.56884765625	11.0362310409546	0.961278736591339	1055.74536132812	4.68012189865112	31.6792316436768	1030.69030761719	2.5357449054718	16.7762126922607	1015.6650390625	16.0919361114502	11.0716352462769	1006.07873535156	31.7279472351074	5.29822683334351	1016.9560546875	43.2465591430664	-6.80579996109009	1045.31359863281	35.1399765014648	-17.9273414611816	1044.64990234375	12.6145143508911	0.229639545083046	1037.97644042969	30.9982509613037	-35.5866584777832	1043.98547363281	15.403829574585	-36.5769424438477	1053.80847167969	7.43092346191406	-42.9218635559082	1055.6171875	6.39009094238281	-17.4277534484863	1046.77062988281	-11.0822992324829	48.5582122802734	1053.73107910156	-13.0853567123413	45.9192962646484	1054.54309082031	-16.5348129272461	41.5279579162598	1056.07043457031	-19.4078960418701	32.116325378418	1058.27062988281	-19.1912212371826	9.62529563903809	1060.05908203125	-12.5251655578613	0.50104033946991	1055.78491210938	-5.69174718856812	34.2171516418457	1030.70727539062	-5.02156543731689	17.1271800994873	1015.39392089844	-17.959587097168	11.6061115264893	1006.51556396484	-34.546760559082	4.26184558868408	1017.74084472656	-43.3057250976562	-9.36263751983643	1044.22351074219	-36.1161842346191	-19.3788356781006	1044.34619140625	-15.9099445343018	0.8620166182518	1038.26440429688	-32.6974220275879	-36.1565208435059	1044.24682617188	-17.0291976928711	-38.1774711608887	1053.41271972656	-8.47673416137695	-43.687801361084	1055.30297851562	-8.14871597290039	-18.0647563934326	1047.31298828125
PRI-6494	-0.681266367435455	51.2305374145508	1062.24353027344	-0.613029360771179	47.0323333740234	1057.53979492188	-1.36693131923676	34.5517463684082	1043.73657226562	-0.807232618331909	19.0179042816162	1024.34301757812	-0.739219188690186	16.7112426757812	1020.25341796875	-1.72342360019684	-65.0436325073242	1053.44616699219	-1.08683443069458	-44.8204803466797	1067.23217773438	-1.54738867282867	-28.6139430999756	1069.20642089844	-0.996459484100342	-7.62706851959229	1056.86083984375	-0.815270900726318	4.65619707107544	1063.19702148438	-0.780914664268494	36.0822601318359	1060.44055175781	9.70030498504639	47.6519584655762	1064.87878417969	12.2643537521362	44.6529922485351	1065.09973144531	14.2513017654419	40.1946601867676	1068.43957519531	17.7606506347656	30.5290641784668	1070.56384277344	15.3403587341309	6.22714805603027	1071.65002441406	9.99516677856445	0.65210884809494	1069.02844238281	4.18301582336426	33.0893592834473	1044.8349609375	2.14165425300598	17.5567989349365	1032.1474609375	15.2582473754883	14.09716796875	1022.75384521484	31.5627059936523	6.2991247177124	1035.14819335938	39.6422424316406	-2.64344549179077	1060.44604492188	31.8748188018799	-14.0334749221802	1058.29846191406	10.4454460144043	1.952388048172	1053.32702636719	28.760627746582	-30.6772956848145	1055.68591308594	14.4115009307861	-29.7242126464844	1065.58264160156	6.77740144729614	-36.7391624450684	1069.22875976562	5.09790277481079	-12.7848463058472	1060.27014160156	-11.1273603439331	46.7511863708496	1063.87854003906	-12.8927774429321	44.8608245849609	1066.77233886719	-15.9869518280029	40.1796035766602	1068.64379882812	-18.7609901428223	30.3439769744873	1070.86145019531	-16.2252292633057	6.4882402420044	1072.21215820312	-10.7406339645386	0.696786105632782	1069.63818359375	-6.82720899581909	33.2068634033203	1045.31567382812	-4.25197267532349	18.1720771789551	1031.29699707031	-17.6027297973633	14.3959341049194	1023.73022460938	-34.1369972229004	7.25223445892334	1036.48120117188	-41.1166076660156	-3.04880142211914	1061.90454101562	-34.0749435424805	-13.3183317184448	1059.8134765625	-13.1619939804077	2.81615948677063	1053.95532226562	-31.2584323883057	-30.4784870147705	1056.75329589844	-16.1320877075195	-30.226900100708	1066.59375	-8.79960441589355	-36.6668472290039	1069.29968261719	-7.37730407714844	-13.4804430007935	1061.46667480469
PRI-6497	-0.747481465339661	51.1801567077637	1402.58276367188	-1.11482465267181	44.4280204772949	1395.8154296875	-2.31599259376526	34.7070770263672	1376.77099609375	-2.50119376182556	18.2516803741455	1354.62316894531	-2.61549282073975	15.8995962142944	1349.84460449219	-3.15487909317017	-61.6965675354004	1382.96313476562	-2.70682072639465	-44.1425094604492	1395.37084960938	-2.50555276870728	-30.6940612792969	1397.86145019531	-1.78822946548462	-7.0304594039917	1384.66003417969	-2.25077176094055	5.89754486083984	1394.67346191406	-1.7018951177597	35.5594444274902	1398.07873535156	8.99194812774658	45.734489440918	1403.13562011719	9.97174739837646	44.2651519775391	1403.46643066406	12.1609029769897	40.5318946838379	1404.59704589844	15.5712184906006	29.9450511932373	1404.92504882812	14.3045654296875	4.75372982025146	1403.11059570312	9.662109375	0.177224546670914	1399.1943359375	2.82712864875793	35.0920791625977	1380.64123535156	0.786299884319305	17.0995941162109	1362.02087402344	14.0799112319946	13.719183921814	1353.96716308594	29.4170703887939	6.71835565567017	1363.2822265625	38.3504524230957	-5.97011995315552	1388.06457519531	31.1360931396484	-15.8343887329102	1387.92602539062	13.0823745727539	1.00229966640472	1380.10485839844	26.2996368408203	-33.8146820068359	1385.26721191406	13.9211330413818	-34.0446166992188	1395.88977050781	5.0170726776123	-39.161506652832	1397.837890625	5.29409408569336	-14.5848627090454	1389.98425292969	-11.2679166793823	47.2617301940918	1401.875	-12.5827169418335	45.8132743835449	1402.25158691406	-15.3847570419312	41.7714576721191	1403.91613769531	-18.6819286346436	31.3193168640137	1404.97119140625	-17.6346569061279	5.40484189987183	1402.82360839844	-13.1854410171509	1.06065165996552	1399.58728027344	-6.98675775527954	35.0082778930664	1380.46765136719	-5.24507331848145	17.2902603149414	1361.54223632812	-18.284595489502	14.3295059204102	1353.765625	-33.504020690918	7.3637490272522	1364.03845214844	-41.8047637939453	-5.92794847488403	1389.37158203125	-35.2452239990234	-14.7850208282471	1387.8095703125	-15.5999069213867	2.57730102539062	1380.86511230469	-30.2604122161865	-32.7238655090332	1385.4609375	-17.7610206604004	-32.8308067321777	1395.66796875	-9.68360328674316	-38.9528923034668	1397.98571777344	-9.09827041625977	-14.3275928497314	1390.10034179688
PRI-6498	-0.0805668532848358	57.8847503662109	1441.97277832031	-0.623062491416931	52.6208267211914	1433.19958496094	-2.2147970199585	40.4474563598633	1413.96203613281	-2.67052674293518	22.0579700469971	1391.00122070312	-2.94775700569153	19.5252685546875	1386.05603027344	-4.47216272354126	-64.5504379272461	1421.14733886719	-2.46580791473389	-46.5521278381348	1434.10180664062	-2.42952394485474	-30.9336471557617	1437.896484375	-2.26465129852295	-8.40559959411621	1425.17309570312	-1.89900135993958	8.80294895172119	1432.85119628906	-0.822131872177124	42.2240524291992	1436.80590820312	10.0999212265015	52.4125709533691	1440.19616699219	11.3507223129272	49.5675888061523	1440.65600585938	15.4448432922363	42.3485794067383	1441.40612792969	16.5196743011475	32.0269966125488	1443.46704101562	14.5688724517822	7.22379159927368	1442.87841796875	10.6101131439209	3.17240023612976	1438.91943359375	2.92686247825623	40.0341567993164	1417.16796875	0.825206756591797	20.3565120697021	1398.34155273438	14.4060134887695	15.8796224594116	1389.56726074219	29.3701438903809	8.0880012512207	1397.46069335938	40.3666763305664	-3.61008596420288	1425.17126464844	34.7401580810547	-14.1634702682495	1425.71606445312	11.364236831665	3.26040601730347	1420.33544921875	27.2046127319336	-33.8239212036133	1423.86535644531	14.1263723373413	-32.093921661377	1434.79028320312	4.66072750091553	-39.4588661193848	1436.93127441406	5.62925958633423	-13.0819826126099	1429.60119628906	-10.6919412612915	52.9394874572754	1440.20068359375	-12.1511144638062	50.0112266540527	1440.82275390625	-16.3205966949463	42.2899589538574	1442.17736816406	-18.5983409881592	32.8857078552246	1443.87524414062	-17.3804168701172	7.67931938171387	1443.96008300781	-13.78444480896	3.44248986244202	1439.79260253906	-6.35400438308716	40.249683380127	1417.87683105469	-6.10301446914673	20.0068492889404	1397.578125	-19.9825973510742	17.6573028564453	1390.25964355469	-35.9489669799805	9.7148323059082	1401.78015136719	-45.2068557739258	-2.9664478302002	1427.39965820312	-39.0283279418945	-12.6615686416626	1428.1513671875	-16.5067539215088	3.97794508934021	1420.63146972656	-33.6892051696777	-33.0778541564941	1426.30725097656	-18.9819984436035	-31.8777885437012	1436.50378417969	-9.33543968200684	-39.3700256347656	1437.78015136719	-9.86770629882812	-12.5586700439453	1430.32409667969
PRI-6503	-0.710083723068237	55.6939392089844	1470.32043457031	-1.06729173660278	49.4164352416992	1462.54431152344	-2.2035276889801	36.6128273010254	1441.208984375	-4.1410961151123	16.7349758148193	1415.67736816406	-4.3423924446106	14.5177440643311	1411.38024902344	-3.05679845809937	-69.1713943481445	1449.31225585938	-1.47182762622833	-51.8238906860351	1461.91296386719	-1.25694370269775	-36.1271553039551	1465.60827636719	-2.24588322639465	-11.3335609436035	1448.96166992188	-1.23054230213165	3.34992933273315	1459.92309570312	-0.937899768352508	37.0429763793945	1465.49169921875	10.1751194000244	49.7894973754883	1469.69055175781	12.3878383636475	48.6989822387695	1470.14404296875	15.8112783432007	41.2780113220215	1470.45422363281	18.8273334503174	29.8189811706543	1472.10729980469	16.9543609619141	4.02303504943848	1470.3994140625	11.1668796539307	-1.83835256099701	1465.37915039062	3.19976902008057	36.3632392883301	1445.044921875	0.108151562511921	15.2747402191162	1423.7392578125	14.3658266067505	11.1189079284668	1414.6943359375	31.3830680847168	3.59390139579773	1424.01049804688	44.0030479431152	-12.7956399917603	1451.00085449219	35.9326095581055	-20.8613166809082	1451.14404296875	12.4467334747314	-1.76419162750244	1444.56237792969	28.0883331298828	-40.6314163208008	1449.78637695312	15.9870481491089	-39.0358505249023	1460.42504882812	5.36104154586792	-45.1233444213867	1464.63903808594	6.89855623245239	-20.0279712677002	1454.70544433594	-11.7140636444092	50.8925437927246	1470.30847167969	-14.8402919769287	49.0469245910645	1470.90991210938	-17.3984031677246	42.3645629882812	1472.43811035156	-20.1934700012207	30.5571250915527	1474.97888183594	-18.2168045043945	4.25125598907471	1473.3369140625	-13.5873527526855	-2.03162980079651	1467.58435058594	-6.82087898254395	36.7243118286133	1445.84558105469	-6.96895360946655	15.852541923523	1424.53930664062	-21.5211448669434	11.3702955245972	1417.36499023438	-38.0382881164551	4.7795262336731	1428.47570800781	-47.1702079772949	-12.3413066864014	1457.60302734375	-39.1273498535156	-19.5127277374268	1456.25231933594	-19.8180561065674	0.675079584121704	1449.02526855469	-33.9049034118652	-39.1682777404785	1454.26794433594	-18.2365818023682	-38.013427734375	1463.53491210938	-8.54961681365967	-45.8683395385742	1465.19885253906	-8.66436386108398	-19.3129291534424	1456.13854980469
PRI-6504	-1.74948441982269	52.4304542541504	1414.42761230469	-1.55774414539337	46.8732528686523	1407.03723144531	-1.92792236804962	35.1247978210449	1386.67883300781	-2.9376699924469	12.0083160400391	1362.17895507812	-2.78700709342957	9.62863636016846	1358.41271972656	-0.683765292167664	-67.4865341186523	1397.87487792969	-1.2239578962326	-49.8103523254395	1410.79870605469	-2.0074257850647	-34.6217765808105	1411.78161621094	-1.88002645969391	-11.9367189407349	1393.36828613281	-1.66803634166718	3.66229343414307	1404.84582519531	-1.31627762317657	35.1244888305664	1409.33251953125	9.11498737335205	48.1517639160156	1412.80053710938	10.4116497039795	46.8096237182617	1413.23791503906	13.560375213623	40.4271469116211	1415.11975097656	15.7803916931152	30.3330211639404	1415.30358886719	14.8917112350464	4.31919527053833	1414.41040039062	10.5062437057495	-0.928172707557678	1410.45617675781	3.49538469314575	34.7752876281738	1391.62109375	0.694749593734741	11.0095252990723	1369.3017578125	13.9300928115845	7.34590864181519	1361.38330078125	30.3072738647461	3.25870180130005	1372.86120605469	41.6049156188965	-10.8637847900391	1400.44689941406	35.6987609863281	-18.1294803619385	1398.82495117188	13.3345861434937	-1.83953368663788	1390.88745117188	29.8509635925293	-38.9589004516602	1397.208984375	16.4900493621826	-37.4862403869629	1408.24133300781	6.60032558441162	-44.1247940063477	1412.69287109375	6.23587894439697	-17.8667297363281	1401.48889160156	-12.2973957061768	47.9420280456543	1412.99035644531	-13.4853973388672	46.6048240661621	1414.07824707031	-17.5752964019775	39.9352073669434	1415.26330566406	-19.7636775970459	29.74241065979	1414.54931640625	-17.6166477203369	3.7147810459137	1413.16564941406	-13.802845954895	-1.28152346611023	1410.21240234375	-6.58655977249146	34.7179794311523	1390.51989746094	-5.82333755493164	11.397141456604	1368.84533691406	-19.4574089050293	7.24442005157471	1361.61010742188	-34.3324089050293	1.83603918552399	1372.96423339844	-44.6252059936523	-13.5445690155029	1402.18103027344	-38.3257179260254	-19.2996406555176	1400.083984375	-15.5449056625366	-2.29493403434753	1390.39721679688	-32.2788505554199	-39.1713218688965	1398.36022949219	-18.4610614776611	-38.533317565918	1409.68566894531	-9.24193477630615	-44.3573760986328	1412.30871582031	-9.69558715820312	-17.9799728393555	1401.52734375
PRI-6627	121.784561157227	54.450325012207	886.415100097656	121.882522583008	51.0368499755859	892.007080078125	123.156402587891	39.9408378601074	910.917785644531	124.114028930664	19.2027111053467	934.671020507812	124.036529541016	15.7860078811646	939.113891601562	125.655372619629	-62.6280212402344	907.324279785156	124.84740447998	-44.597541809082	889.179138183594	124.282760620117	-28.4863796234131	886.537841796875	124.179145812988	-5.80943298339844	902.747009277344	122.837272644043	7.62737274169922	892.42919921875	122.268531799316	40.4001808166504	889.746276855469	111.325752258301	49.5001907348633	886.935668945312	110.166038513184	47.8295936584473	886.178405761719	106.350723266602	41.4742698669434	884.357666015625	104.452163696289	30.7342262268066	882.659851074219	108.585586547852	6.42943286895752	884.452575683594	112.221351623535	2.52023887634277	887.113464355469	117.299606323242	39.0993461608887	906.875793457031	120.96068572998	19.2257385253906	926.048645019531	109.850341796875	15.5243835449219	935.034362792969	94.1374740600586	6.57163572311401	927.675476074219	83.4694061279297	-6.22472429275513	900.11865234375	88.1991348266602	-14.8386211395264	900.459350585938	110.627235412598	2.66629981994629	908.013732910156	95.842529296875	-33.1880874633789	901.899719238281	108.248611450195	-32.1066017150879	890.953125	116.396041870117	-37.7687187194824	886.600524902344	117.636337280273	-13.5713081359863	896.748840332031	132.185501098633	49.5270462036133	885.501342773438	133.762771606445	48.5083885192871	885.52490234375	137.348770141602	43.1443138122559	883.187866210938	139.788543701172	31.9578304290771	880.648742675781	136.064498901367	6.69342088699341	883.971130371094	133.541244506836	2.60387396812439	886.525695800781	129.055877685547	39.4118118286133	906.699951171875	126.254081726074	18.9618759155273	926.616271972656	138.204467773438	16.6502170562744	933.770080566406	154.047439575195	8.05988216400146	926.369689941406	165.367782592773	-4.27426099777222	898.9013671875	159.625091552734	-13.4416055679321	897.905090332031	137.124008178711	5.07239961624146	906.082580566406	154.076553344727	-32.4654808044434	899.850280761719	139.355606079102	-31.9755764007568	888.501403808594	132.221160888672	-37.5570526123047	886.465637207031	130.394821166992	-13.282865524292	895.92041015625
PRI-6628	-0.870787620544434	57.3522338867188	1021.72766113281	-0.587364435195923	50.9578170776367	1010.96142578125	-0.290773779153824	42.3747062683105	991.231994628906	-0.260996639728546	20.9303665161133	965.127624511719	-0.000368600973160937	16.2111396789551	958.979675292969	-4.69976806640625	-65.5142669677734	985.695190429688	-4.50877141952515	-47.9444007873535	1004.43762207031	-4.40047979354858	-30.9868049621582	1009.10192871094	-2.86502909660339	-7.38098192214966	994.81103515625	-1.7241758108139	5.88801908493042	1008.41577148438	-1.22710263729095	41.2090873718262	1014.75170898438	9.61047172546387	51.5658302307129	1020.53680419922	12.5856466293335	48.9739761352539	1021.49298095703	15.9943447113037	42.7343826293945	1022.869140625	17.6331748962402	31.7814960479736	1022.34143066406	11.928071975708	4.48091983795166	1020.07275390625	8.9868335723877	0.263973385095596	1013.61773681641	5.46788454055786	39.4553146362305	993.55224609375	2.77452921867371	18.6312618255615	972.282592773438	14.4786033630371	15.877950668335	963.52685546875	30.0106296539307	7.09051132202148	971.016967773438	41.1163749694824	-6.45244884490967	999.136901855469	33.832576751709	-16.5937900543213	999.970397949219	13.3013105392456	2.20210909843445	992.165893554688	27.3186740875244	-35.3841171264648	996.567749023438	11.9276847839355	-34.8023643493652	1006.20391845703	4.02998495101929	-40.2867202758789	1009.19067382812	3.76017284393311	-15.6362419128418	999.908325195312	-11.7579793930054	52.3560104370117	1019.94207763672	-14.217399597168	50.331184387207	1020.68170166016	-18.517749786377	44.1303062438965	1021.48107910156	-21.1361637115479	32.6015434265137	1019.98901367188	-16.2170867919922	5.06607866287231	1019.42321777344	-13.0740280151367	0.628141641616821	1013.35791015625	-5.44789361953735	39.6238212585449	993.076477050781	-3.04708671569824	19.099967956543	972.243774414062	-14.3218994140625	17.325159072876	962.746459960938	-31.4378623962402	8.17296600341797	969.22705078125	NA	NA	NA	-36.5909652709961	-15.3844366073608	998.442565917969	-16.7855834960938	3.73515772819519	991.030212402344	-34.2413597106934	-34.2997589111328	994.963195800781	-19.8643283843994	-34.8946113586426	1006.09509277344	-11.945764541626	-41.3834800720215	1007.74261474609	-9.87531280517578	-16.0640697479248	999.950500488281
PRI-6631	-2.73239254951477	44.5626983642578	978.425415039062	-2.6344153881073	40.1379814147949	971.958068847656	-2.62065005302429	33.3798713684082	953.567810058594	-2.83597254753113	16.1782112121582	927.8447265625	-2.80431795120239	14.0296773910522	924.299438476562	-4.04414224624634	-67.5509948730469	947.845886230469	-3.78801560401917	-51.8886108398438	963.863464355469	-3.43915438652039	-36.0680809020996	967.828552246094	-2.5738570690155	-11.8067512512207	957.075256347656	-2.44391679763794	1.28202569484711	967.529602050781	-2.54879593849182	32.6763381958008	972.732360839844	6.78511571884155	40.4413871765137	977.758239746094	8.58178520202637	38.9486618041992	978.015380859375	12.2402067184448	36.1629638671875	978.846496582031	16.0618324279785	25.4147167205811	978.273498535156	13.1973152160645	1.57431197166443	973.064453125	8.90216732025146	-4.60593748092651	971.991516113281	3.27131724357605	31.251501083374	957.184631347656	0.391280353069305	14.5286245346069	936.959167480469	11.3650026321411	11.6775093078613	925.952392578125	26.3051567077637	1.77905035018921	933.473693847656	NA	NA	NA	29.0284366607666	-20.8226413726807	956.284545898438	9.80074596405029	-2.8707640171051	952.782409667969	24.5619277954102	-38.3690719604492	954.934814453125	11.3696546554565	-39.5046463012695	966.55078125	3.69721508026123	-46.1355400085449	966.725158691406	2.62349438667297	-20.9512996673584	961.618408203125	-12.8584327697754	40.3641548156738	977.511413574219	-15.1450328826904	38.1921272277832	978.451843261719	-18.2580051422119	34.6149597167969	979.679260253906	-20.8849792480469	24.2798614501953	979.269958496094	-17.6655979156494	0.527615606784821	972.9375	-13.9860696792603	-4.82558822631836	971.851318359375	-8.09751319885254	30.8461532592773	956.259887695312	-5.50763559341431	15.0959167480469	937.386474609375	-16.5029106140137	12.4634714126587	926.717468261719	-32.1471252441406	4.24377870559692	935.27734375	-43.0665397644043	-11.4327449798584	959.111022949219	-35.8214263916016	-20.9334964752197	958.4453125	-15.4892253875732	-2.14667701721191	953.648132324219	-31.4578056335449	-37.8718299865723	955.955017089844	-17.2303466796875	-39.5818405151367	966.416625976562	-10.4109973907471	-45.6235389709473	967.551696777344	-8.66924571990967	-20.9596633911133	961.147094726562
PRI-6638	-2.2617015838623	51.8848838806152	1144.05847167969	-1.91098976135254	46.5963973999023	1137.57885742188	-1.37572848796844	38.0767669677734	1120.58386230469	-1.42505490779877	18.3836307525635	1096.75329589844	-1.37801969051361	15.7964191436768	1092.64526367188	-2.06402349472046	-58.8204574584961	1119.42175292969	-1.67312335968018	-41.8257446289062	1135.04382324219	-1.69627606868744	-26.130838394165	1137.25280761719	-1.27202463150024	-3.60308861732483	1126.0810546875	-1.94103574752808	8.03923988342285	1136.00476074219	-2.64327216148376	37.7952041625977	1139.4873046875	6.33531951904297	47.9110679626465	1144.927734375	7.3660569190979	46.8416137695312	1144.3408203125	11.7130737304688	41.9004364013672	1145.7578125	14.5912771224976	32.275562286377	1145.49401855469	12.8394317626953	8.97317218780518	1142.06799316406	7.68173027038574	2.52496314048767	1139.99084472656	3.57101631164551	36.07470703125	1122.41528320312	0.530966222286224	17.9002723693848	1104.57995605469	12.862663269043	14.1460018157959	1095.38720703125	26.8192558288574	7.53935050964355	1102.30712890625	34.9684143066406	-3.30202388763428	1131.345703125	30.3103160858154	-12.2354612350464	1128.50903320312	11.9871444702148	4.46572923660278	1120.86254882812	25.7396430969238	-29.2678928375244	1124.31811523438	13.4036293029785	-30.0204429626465	1134.57922363281	5.54919528961182	-35.2714576721191	1137.41357421875	4.5844898223877	-12.0963773727417	1130.41723632812	-11.1237993240356	48.2731590270996	1144.53503417969	-12.0353784561157	47.4222221374512	1144.248046875	-16.6244564056396	42.814266204834	1144.58996582031	-18.7616386413574	32.5211410522461	1144.59655761719	-17.9202556610107	9.03237628936768	1142.15173339844	-12.3881597518921	2.43110823631287	1139.51977539062	-6.54259967803955	36.1652145385742	1121.98889160156	-4.18575239181519	17.5837478637695	1104.46435546875	-15.5686597824097	13.4379644393921	1094.958984375	-29.9703559875488	6.4356107711792	1101.14770507812	-41.1922492980957	-4.88755941390991	1126.88403320312	-34.0057182312012	-13.4875497817993	1127.42456054688	-15.2793159484863	4.16130447387695	1120.51721191406	-29.1165409088135	-31.3781147003174	1123.58874511719	-16.1500282287598	-31.1007347106934	1135.13659667969	-8.42381954193115	-36.5037841796875	1136.64770507812	-8.08385276794434	-12.3243703842163	1130.71948242188
PRI-6639	118.294898986816	60.7837142944336	877.607666015625	118.747550964355	56.6841583251953	886.54736328125	120.286331176758	46.518482208252	907.012084960938	122.257446289062	26.4650039672852	931.718017578125	122.3125	23.3631420135498	936.171508789062	127.240623474121	-56.4403839111328	907.892700195312	126.183670043945	-40.340259552002	892.725769042969	124.891082763672	-25.203145980835	887.711975097656	123.288246154785	-1.10935270786285	902.31640625	122.610633850098	10.2174253463745	887.6806640625	119.367164611816	47.0780868530273	883.524230957031	108.116989135742	54.133731842041	879.89501953125	107.334762573242	52.3552055358887	879.105590820312	103.498580932617	43.7114372253418	877.525634765625	102.236312866211	31.8770484924316	878.073486328125	NA	NA	NA	111.506500244141	4.32904243469238	884.484497070312	114.382919311523	44.6881370544434	904.333068847656	119.101501464844	25.4129657745361	923.635314941406	106.009094238281	22.1924457550049	931.93505859375	92.1571044921875	10.3185329437256	925.049377441406	NA	NA	NA	NA	NA	NA	109.520957946777	6.88886117935181	906.322692871094	95.0519027709961	-28.7972984313965	902.244445800781	108.844375610352	-28.1264705657959	892.261901855469	117.959266662598	-33.4832458496094	889.12451171875	116.950996398926	-10.3649911880493	897.131591796875	128.752899169922	55.717170715332	879.475952148438	130.155731201172	54.2870407104492	879.272521972656	135.745849609375	46.3820381164551	877.026306152344	139.13151550293	34.6684989929199	877.487854003906	136.277145385742	10.1516723632812	881.338989257812	133.398696899414	6.48768758773804	884.346374511719	126.100044250488	45.3748397827149	903.286804199219	125.177551269531	25.3200702667236	923.60400390625	137.927688598633	24.5580863952637	931.771179199219	153.571731567383	15.8557910919189	925.259399414062	165.473083496094	1.67839014530182	897.739868164062	157.293869018555	-7.1671347618103	896.98193359375	137.188003540039	9.03053855895996	905.949401855469	155.587127685547	-25.0115280151367	900.542175292969	140.944885253906	-26.5396881103516	890.955932617188	133.356246948242	-32.7588500976562	889.390197753906	131.567672729492	-9.60820579528809	897.281005859375
PRI-6640	113.111938476562	53.4704360961914	891.006408691406	112.960624694824	48.8060493469238	898.119934082031	112.958763122559	40.7486152648926	914.143127441406	112.296867370605	22.5722923278809	936.519592285156	112.134857177734	18.6728401184082	941.300964355469	NA	NA	NA	112.421600341797	-36.6089668273926	892.054321289062	112.834457397461	-22.8649463653564	890.284484863281	112.627265930176	-0.10783240199089	907.655944824219	113.193748474121	11.9313545227051	897.470458984375	113.188995361328	40.837776184082	895.835327148438	103.878807067871	48.9946670532227	891.429382324219	103.586097717285	48.6341209411621	891.064758300781	100.171035766602	44.8139305114746	890.221374511719	96.4956130981445	34.6737976074219	888.036437988281	98.5645294189453	11.9533414840698	889.908386230469	102.591102600098	6.59608030319214	891.710815429688	108.071060180664	40.0202255249023	912.739440917969	110.116302490234	22.3798007965088	928.93212890625	97.7843170166016	17.2915840148926	938.287292480469	83.9154357910156	10.7365999221802	928.288391113281	74.4896774291992	0.504207611083984	903.131591796875	82.3509216308594	-8.54176998138428	903.499206542969	98.8286056518555	7.40864992141724	909.329772949219	84.6400146484375	-25.6194877624512	903.414428710938	96.9916763305664	-26.2996501922607	893.14306640625	105.986862182617	-31.9210662841797	890.077453613281	107.330184936523	-9.42310237884522	901.174133300781	122.555282592773	48.9762802124023	891.688354492188	123.210037231445	48.3737640380859	891.807495117188	126.695411682129	44.3632431030273	890.592224121094	130.326065063477	34.8500289916992	888.782775878906	126.894317626953	11.0608739852905	890.433959960938	123.503257751465	7.01418161392212	891.483703613281	118.474143981934	40.0584411621094	912.091186523438	115.036643981934	22.6374073028564	928.704833984375	126.439155578613	17.0551776885986	939.179077148438	141.027313232422	9.76667785644531	928.950561523438	150.672927856445	0.294742554426193	903.83349609375	142.454238891602	-9.40070724487305	903.906860351562	126.717651367188	8.66397666931152	909.466369628906	140.590042114258	-26.4583282470703	904.1669921875	126.994529724121	-25.9798374176025	892.608764648438	119.008773803711	-31.9519863128662	890.184143066406	119.099006652832	-8.38341617584229	901.685302734375
PRI-6641	NA	NA	NA	117.133850097656	42.6977882385254	895.991394042969	118.380187988281	33.3500289916992	912.399658203125	119.651390075684	11.6850147247314	933.153991699219	119.907440185547	9.32747459411621	936.794372558594	121.845413208008	-63.8983383178711	900.186828613281	121.428779602051	-45.1826171875	888.836303710938	120.77579498291	-29.9712333679199	887.734313964844	119.776557922363	-9.03622341156006	902.493774414062	119.24308013916	3.46112108230591	892.808227539062	117.64737701416	34.9043388366699	893.371704101562	107.692108154297	42.5959548950195	889.902648925781	106.497856140137	41.0455284118652	888.695739746094	104.036285400391	36.7941780090332	886.814636230469	100.802398681641	27.3417549133301	885.389709472656	104.265419006348	3.97384643554688	884.996765136719	109.060852050781	-1.49959564208984	888.437683105469	112.953788757324	32.2587127685547	909.867492675781	116.72868347168	12.431697845459	925.755126953125	106.146858215332	6.17712688446045	935.436828613281	91.3666000366211	0.608720481395721	925.719848632812	81.6076507568359	-6.45828247070312	902.042114257812	88.7479934692383	-18.2435321807861	899.789367675781	106.726638793945	-2.27509117126465	907.115661621094	94.2205276489258	-35.3098449707031	899.172302246094	105.894378662109	-33.983268737793	889.277038574219	114.230117797852	-37.8361511230469	886.640014648438	114.054069519043	-16.9723625183105	896.140563964844	125.640365600586	43.6530113220215	889.2998046875	128.277893066406	42.1459541320801	888.926818847656	130.94010925293	38.2106742858887	887.052856445312	135.370452880859	29.1769008636475	885.94287109375	133.597793579102	5.06852054595947	884.97705078125	129.210983276367	-0.0366502292454243	888.174499511719	122.891891479492	32.9095916748047	909.74951171875	121.688888549805	12.7205276489258	924.920288085938	134.228942871094	6.72905349731445	934.99267578125	148.248001098633	2.50397253036499	924.491455078125	158.21696472168	-3.26776266098022	900.121765136719	152.101776123047	-15.7069463729858	897.9755859375	133.739654541016	-0.247251510620117	905.896911621094	149.227111816406	-34.0180397033691	898.443969726562	135.087875366211	-32.9340362548828	888.783020019531	127.872512817383	-38.620044708252	886.966674804688	125.508239746094	-16.1016616821289	895.908020019531
PRI-6809	-1.37170362472534	51.9074363708496	1485.73034667969	-1.16947972774506	47.0035362243652	1476.42626953125	-1.99533188343048	34.8220901489258	1455.21838378906	-2.90138077735901	14.2485208511353	1433.20678710938	-3.04781627655029	11.3196887969971	1429.21057128906	-2.87827348709106	-68.1062164306641	1464.56884765625	-2.32425236701965	-50.1854438781738	1478.37231445312	-1.9869236946106	-34.5740165710449	1479.95141601562	-2.70231151580811	-12.0833187103271	1466.62316894531	-1.89177656173706	3.42112302780151	1476.1552734375	-0.976599872112274	37.0402946472168	1479.17614746094	9.3308687210083	46.825080871582	1483.39733886719	10.2294788360596	45.2357597351074	1484.24145507812	12.693943977356	40.744987487793	1485.31555175781	16.4542083740234	30.9544258117676	1486.49682617188	15.9454460144043	4.98838806152344	1487.02185058594	10.0365343093872	-2.21410489082336	1481.93371582031	3.05884480476379	33.6196556091309	1458.80029296875	0.337873518466949	13.8941640853882	1441.89099121094	13.601390838623	9.6627721786499	1432.47155761719	30.8507251739502	1.06802368164062	1442.77587890625	40.7281875610351	-12.8168172836304	1465.20690917969	34.0911407470703	-19.4862899780273	1466.78674316406	10.6595296859741	-2.71510624885559	1462.17980957031	29.1777992248535	-38.3176002502441	1465.51501464844	15.257737159729	-37.4311676025391	1476.97497558594	5.56850528717041	-44.7859992980957	1480.24877929688	5.68352365493774	-18.6243743896484	1471.78552246094	-11.4004783630371	46.4856147766113	1484.21435546875	-12.221658706665	45.2500076293945	1484.72021484375	-15.3427286148071	39.7779388427734	1486.63830566406	-18.2608547210693	30.1008548736572	1487.86657714844	-18.5184078216553	4.08000469207764	1488.5556640625	-13.5031366348267	-2.69933581352234	1482.61730957031	-6.8086085319519	32.864818572998	1459.23083496094	-6.01706886291504	12.6581611633301	1442.12365722656	-19.4782867431641	9.97862911224365	1433.20361328125	-35.9567108154297	1.95259213447571	1445.34521484375	-45.6631698608398	-12.6939783096313	1467.94409179688	-38.3659324645996	-18.6787128448486	1468.85388183594	-17.386646270752	-1.98782575130463	1462.28723144531	-33.4368324279785	-38.2902793884277	1467.44604492188	-19.8619365692139	-37.7804756164551	1477.94592285156	-10.1808977127075	-43.9798583984375	1481.65063476562	-10.1777582168579	-19.4209976196289	1473.35388183594
PRI-6833	-1.75528478622437	58.953742980957	1436.04675292969	-1.39566946029663	54.3900032043457	1429.57836914062	-0.314306676387787	41.3349609375	1406.673828125	-1.16522824764252	18.0085887908936	1380.21008300781	-0.952998042106628	13.5832948684692	1373.89624023438	-1.41655874252319	-70.9247360229492	1407.80114746094	-2.76532077789307	-54.9741096496582	1425.55505371094	-3.39549660682678	-38.486759185791	1428.79479980469	-2.81287908554077	-10.8305215835571	1414.48803710938	-2.0158679485321	2.4775824546814	1426.74401855469	-1.36269950866699	41.7103385925293	1432.54943847656	10.0997743606567	54.8564643859863	1435.52490234375	12.8591537475586	50.9853668212891	1437.37316894531	16.8821926116943	44.051441192627	1439.59143066406	19.4692096710205	32.9157485961914	1441.916015625	16.079381942749	6.88961791992188	1440.38122558594	9.60779094696045	-3.06058883666992	1433.76843261719	4.66125059127808	39.2255554199219	1410.29016113281	2.13366508483887	16.7111740112305	1390.0234375	16.9112701416016	12.3865537643433	1381.0419921875	34.3383712768555	0.874025106430054	1389.40625	45.8490219116211	-15.7481441497803	1417.712890625	36.8388061523438	-24.6665534973145	1417.92883300781	12.9176769256592	-1.71931910514832	1412.08605957031	29.6064472198486	-43.5426979064941	1415.40002441406	13.1063804626465	-41.8180770874023	1426.47631835938	4.66054487228394	-48.4490280151367	1428.71447753906	4.97150325775146	-22.033805847168	1421.71899414062	-12.5824813842773	54.4864311218262	1435.94592285156	-15.9424591064453	51.8224143981934	1436.66638183594	-19.5516624450684	43.7428703308105	1438.76379394531	-22.2148284912109	32.9343109130859	1441.08837890625	-20.3076076507568	7.02426910400391	1439.84509277344	-13.593918800354	-3.02853727340698	1432.94006347656	-6.03334999084473	38.2078475952148	1408.85302734375	-4.53097105026245	17.0559215545654	1389.24133300781	-19.1409015655518	12.7322187423706	1380.13171386719	-37.3249206542969	1.6824494600296	1388.806640625	-49.4151916503906	-12.5728063583374	1418.39758300781	-41.7396278381348	-24.0506439208984	1417.27465820312	-17.9220294952393	-2.26970624923706	1410.92846679688	-34.2654113769531	-42.987133026123	1414.62219238281	-18.4034404754639	-41.590030670166	1425.47473144531	-10.6103057861328	-48.8099899291992	1427.70178222656	-10.0464029312134	-22.1173095703125	1421.53881835938
PRI-6955	119.046508789062	58.296817779541	886.340393066406	120.120651245117	51.5268325805664	892.842590332031	122.228134155273	39.6826286315918	910.732666015625	124.05638885498	20.7782306671143	933.977172851562	124.196479797363	17.9505481719971	937.350952148438	123.202255249023	-56.473331451416	904.696655273438	122.954460144043	-38.85791015625	888.761291503906	122.813102722168	-23.9540634155273	887.242614746094	122.754295349121	-1.07449388504028	901.784362792969	121.967437744141	11.4221544265747	890.215026855469	120.364242553711	44.6371383666992	889.490234375	110.553176879883	53.8960342407227	886.165466308594	107.529312133789	51.0789680480957	885.095031738281	104.824645996094	47.4012184143066	882.636291503906	101.844291687012	36.8215293884277	882.174194335938	103.696067810059	13.331395149231	879.975158691406	110.099990844727	5.78935670852661	885.221374511719	116.138191223145	40.9411315917969	906.416076660156	121.394233703613	21.1623516082764	925.648498535156	109.798637390137	16.8986930847168	935.729125976562	93.9473419189453	11.5271406173706	927.491394042969	82.2463684082031	-1.76820516586304	902.965881347656	88.5149459838867	-10.325400352478	899.256591796875	108.947914123535	7.82034730911255	906.3134765625	95.1127853393555	-26.8639430999756	900.229614257812	108.785469055176	-27.4177341461182	889.45849609375	115.442726135254	-32.9250221252441	887.501403808594	116.091796875	-9.66049480438232	895.671264648438	128.077270507812	54.9974632263184	885.229064941406	130.832611083984	52.3233528137207	883.374084472656	133.823532104492	48.1844749450684	881.164428710938	137.596389770508	38.3773002624512	880.160461425781	138.040969848633	14.4762735366821	877.606689453125	133.007751464844	6.66548013687134	884.153564453125	127.038307189941	41.781494140625	905.8828125	126.185775756836	21.1779613494873	924.793029785156	NA	NA	NA	NA	NA	NA	NA	NA	NA	154.256088256836	-7.54846286773682	896.276184082031	136.828674316406	7.75911045074463	903.834228515625	151.168395996094	-25.5202026367188	897.789733886719	136.767318725586	-26.2702693939209	887.821044921875	129.740539550781	-32.0993118286133	886.693115234375	128.714050292969	-9.25743103027344	894.339721679688
PRI-7109	114.034934997559	47.5251617431641	893.143798828125	114.182479858398	42.5066375732422	899.561279296875	115.223854064941	32.7491836547852	916.16455078125	116.730346679688	10.596339225769	937.750915527344	116.877975463867	7.60970544815063	941.111633300781	118.126754760742	-65.248291015625	902.905578613281	117.032623291016	-48.6068840026855	893.296936035156	116.345314025879	-31.3802013397217	891.672119140625	116.172355651855	-8.805908203125	907.300537109375	115.57234954834	4.17781162261963	898.267578125	114.690246582031	35.3460884094238	897.380615234375	104.800109863281	42.4980239868164	893.097473144531	103.600746154785	41.5123481750488	892.703674316406	100.526550292969	37.9422454833984	893.500915527344	96.9606475830078	28.0276832580566	891.04638671875	101.203788757324	3.40436363220215	892.558410644531	105.199104309082	0.116470657289028	892.883850097656	109.977737426758	31.8418712615967	912.992736816406	113.885604858398	11.7092208862305	929.462280273438	102.086585998535	5.1526460647583	940.173156738281	88.8684997558594	-0.165899381041527	930.552429199219	77.9903945922852	-8.44885540008545	905.667175292969	84.1820526123047	-17.6464538574219	904.995666503906	103.277687072754	-0.902878105640411	911.076904296875	89.3401718139648	-34.6874847412109	904.346496582031	101.521194458008	-32.1983108520508	894.443359375	109.157081604004	-37.7752075195312	891.274597167969	109.873748779297	-16.8373794555664	901.654113769531	123.75927734375	43.2110824584961	893.201293945312	124.830284118652	41.5549354553223	892.555236816406	128.264877319336	37.9271621704102	891.874694824219	132.532241821289	28.8812694549561	890.222717285156	130.054992675781	4.46680068969727	891.541320800781	126.134872436523	0.222253873944283	892.529052734375	120.188583374023	31.7995223999023	913.10009765625	118.892852783203	12.6169147491455	929.783630371094	129.530151367188	6.67097520828247	939.201171875	144.477005004883	2.6897029876709	929.360534667969	154.388671875	-8.51695919036865	903.283081054688	148.429077148438	-15.6412487030029	902.230163574219	129.753890991211	-0.165707260370255	910.325378417969	145.019424438477	-33.0773429870605	902.982971191406	130.915985107422	-32.3184585571289	893.17919921875	123.235374450684	-38.5480842590332	891.705200195312	122.245971679688	-16.3435554504395	900.731689453125
PRI-7209	114.323684692383	42.5033760070801	882.619567871094	114.700149536133	37.6283874511719	890.692016601562	115.636047363281	28.4281196594238	909.743591308594	116.214096069336	9.23459720611572	932.907470703125	116.375305175781	6.99597263336182	936.381408691406	118.161087036133	-67.4256744384766	902.448608398438	117.890785217285	-50.4420394897461	889.577026367188	117.270614624023	-36.1502494812012	886.104675292969	116.690780639648	-12.5875015258789	901.664245605469	115.963226318359	-0.826325416564941	892.400756835938	114.980804443359	29.8964385986328	888.882934570312	106.252487182617	39.0417785644531	883.777038574219	104.609313964844	36.9127655029297	883.617370605469	102.069236755371	33.2885513305664	882.405944824219	98.2033843994141	23.3638477325439	881.965637207031	100.376518249512	0.0381700657308102	881.685180664062	105.651641845703	-5.59690856933594	887.245361328125	110.901145935059	27.4677047729492	906.629089355469	113.76887512207	8.9811840057373	924.280334472656	101.694999694824	4.41708183288574	935.484191894531	87.5037536621094	-3.13703274726868	924.501220703125	76.2573776245117	-14.4830904006958	900.264770507812	82.621826171875	-22.9126358032227	899.706115722656	102.118881225586	-5.87252378463745	906.745178222656	89.7069625854492	-40.4414901733398	900.527954101562	102.349624633789	-38.8259887695312	889.269287109375	111.038642883301	-44.065055847168	887.131408691406	110.657035827637	-20.5306701660156	896.024658203125	122.811630249023	37.9176483154297	882.882385253906	125.112907409668	37.1380195617676	882.682739257812	128.1494140625	33.1843376159668	880.738098144531	131.72151184082	23.679292678833	880.288208007812	131.030288696289	0.233056247234344	880.710998535156	126.49991607666	-5.40716075897217	887.0205078125	119.705833435059	28.034481048584	906.682556152344	118.864555358887	9.39115142822266	924.375793457031	130.725372314453	5.23184061050415	934.878967285156	145.120315551758	-0.427591383457184	924.388427734375	156.849868774414	-12.5050554275513	898.465393066406	151.15559387207	-20.6284999847412	897.875061035156	131.957916259766	-4.07082223892212	906.900390625	146.136474609375	-38.9486389160156	900.470458984375	132.481597900391	-37.5991477966309	889.6181640625	124.30037689209	-44.1657066345215	887.439819335938	124.043319702148	-20.8777770996094	895.796813964844
PRI-7314	-1.4080216884613	77.9038543701172	1195.29174804688	-1.9460608959198	68.6854553222656	1185.16760253906	NA	NA	NA	-3.99458789825439	20.9232196807861	1137.14514160156	-4.38502740859985	17.3785305023193	1133.12182617188	-9.3781623840332	-67.2110595703125	1167.73046875	-8.54452133178711	-47.2240943908691	1189.94616699219	-7.71275615692139	-30.776611328125	1192.34887695312	-6.98541116714478	-7.18835163116455	1178.85949707031	-5.73239040374756	13.6070566177368	1187.92248535156	-2.57228231430054	58.9241333007812	1191.42724609375	10.1516571044922	71.3342666625977	1193.68542480469	12.806245803833	67.3827819824219	1195.85559082031	15.6331586837769	60.7142639160156	1197.22082519531	17.7266139984131	48.1959953308105	1198.80114746094	13.812463760376	19.2803955078125	1200.10546875	6.37014150619507	9.09941005706787	1194.21716308594	NA	NA	NA	-0.77219957113266	21.4405708312988	1146.16906738281	13.9459934234619	13.8783655166626	1138.8359375	30.9475727081299	5.81246280670166	1149.69519042969	42.0661582946777	-5.42543125152588	1178.408203125	30.7653713226318	-14.6328163146973	1180.89318847656	8.49890422821045	5.04607486724854	1172.41845703125	27.0349502563477	-36.0029182434082	1176.24499511719	10.4074535369873	-32.7848815917969	1190.76831054688	-0.502286612987518	-42.0189056396484	1191.90612792969	1.40557527542114	-14.5068197250366	1183.90832519531	-12.1450052261353	73.43701171875	1193.92211914062	-17.0279121398926	69.259407043457	1195.384765625	-21.0504245758057	63.8189163208008	1197.60534667969	-24.2968616485596	51.2531967163086	1199.48071289062	-23.764799118042	22.6687812805176	1200.55139160156	-17.6322803497314	11.0080585479736	1193.89489746094	NA	NA	NA	-7.80299520492554	21.5473022460938	1146.009765625	-22.6920433044434	17.3511238098145	1138.38647460938	-42.0485801696777	11.7148513793945	1149.30285644531	-55.0672187805176	-1.27354717254639	1179.03088378906	-44.9623908996582	-10.3318519592285	1181.22412109375	-22.1317958831787	6.74736738204956	1172.88928222656	-43.6106452941895	-33.9073867797852	1176.33264160156	-25.8629055023193	-32.9105491638184	1190.30163574219	-16.5428199768066	-41.3440704345703	1192.2314453125	-15.9161720275879	-12.1649932861328	1183.25476074219
PRI-7315	-1.47000813484192	54.989917755127	1233.47790527344	-2.402672290802	49.523193359375	1227.47705078125	-3.23330187797546	40.4991264343262	1207.65991210938	-2.86503529548645	20.8336086273193	1185.43762207031	-2.93541264533997	18.1351490020752	1181.19189453125	-3.21062850952148	-64.9799270629883	1211.71264648438	-3.24777603149414	-44.7671279907227	1229.80969238281	-3.38062119483948	-28.9567031860352	1232.15295410156	-3.58983159065247	-6.6418662071228	1218.92236328125	-3.0122241973877	8.06497097015381	1227.87817382812	-2.6786847114563	41.7882347106934	1230.39221191406	7.36862421035767	49.8451843261719	1233.119140625	9.11709403991699	47.3465270996094	1233.5947265625	12.0001554489136	43.1319198608398	1234.27526855469	NA	NA	NA	13.507251739502	10.4100427627563	1237.17639160156	8.09094905853271	3.70553302764893	1233.43432617188	1.97921812534332	39.5044212341309	1211.89501953125	0.194101646542549	19.7542343139648	1193.65661621094	14.7612857818604	14.6444854736328	1183.87072753906	29.9778213500977	7.41463661193848	1193.91271972656	37.9247550964355	-5.61618852615356	1222.16455078125	31.4296340942383	-15.038387298584	1221.1171875	11.5604448318481	2.01247715950012	1214.005859375	26.8905944824219	-32.3820724487305	1219.76745605469	12.453914642334	-30.9597072601318	1230.03723144531	3.288738489151	-38.5474548339844	1231.95080566406	3.07251191139221	-11.7301378250122	1222.85473632812	-10.7825574874878	50.6365432739258	1234.23107910156	-12.5047101974487	48.6417808532715	1234.59326171875	-15.679181098938	44.7932090759277	1234.62194824219	-20.8546943664551	34.0760040283203	1235.49353027344	-18.8070030212402	10.697226524353	1238.35278320312	-13.3788137435913	3.59026432037354	1234.51489257812	-8.63804149627686	39.4908752441406	1211.35119628906	-6.06136226654053	20.3979263305664	1192.95690917969	-20.3415012359619	16.2559967041016	1182.85363769531	-37.2019538879395	9.38457107543945	1194.42895507812	-45.8085441589355	-5.13292598724365	1221.84643554688	-37.247802734375	-14.8987426757812	1221.28784179688	-18.1897220611572	2.48167634010315	1214.51745605469	-34.3861389160156	-31.787166595459	1219.10913085938	-19.7328586578369	-31.5568790435791	1229.86267089844	-10.2946195602417	-38.5931015014649	1232.111328125	-10.2528018951416	-12.0600109100342	1223.63415527344
PRI-7316	-0.663536190986633	73.1180648803711	1217.01599121094	-0.739849746227264	66.1951522827148	1210.26745605469	-1.29036235809326	53.1365623474121	1186.90673828125	-3.06329035758972	28.1328716278076	1160.67932128906	-3.2742383480072	24.5230274200439	1155.55017089844	-8.64733695983887	-60.1715888977051	1189.24780273438	-7.15239143371582	-39.3305702209473	1206.18957519531	-6.18476486206055	-25.1557102203369	1209.25329589844	-4.32265043258667	-0.777148544788361	1195.9501953125	-3.2736508846283	16.2833442687988	1208.35852050781	-1.12002146244049	55.9514236450195	1212.32751464844	10.0419435501099	68.2196273803711	1216.74084472656	12.0759687423706	64.8412246704102	1217.41369628906	15.2767839431763	57.4480285644531	1219.34155273438	18.1896839141846	45.6012802124023	1219.66040039062	14.0849885940552	17.0854015350342	1219.42236328125	7.1355094909668	9.15124893188477	1213.87915039062	4.21881437301636	50.4007453918457	1190.21484375	0.738006234169006	27.2179336547852	1168.44653320312	15.8970336914062	21.3216705322266	1160.71142578125	31.7106952667236	14.5824670791626	1170.60925292969	42.2357139587402	0.802851557731628	1198.50048828125	33.8043060302734	-10.3933954238892	1198.45336914062	9.19582366943359	10.8019647598267	1192.55859375	25.4815826416016	-29.8165035247803	1195.7490234375	10.374002456665	-27.6834602355957	1207.966796875	-0.0281228385865688	-34.4870681762695	1208.6953125	2.22226166725159	-7.97546148300171	1200.87890625	-11.8114719390869	68.5721130371094	1216.81884765625	-14.5016002655029	66.3571166992188	1217.38366699219	-17.457576751709	58.4060440063477	1218.97180175781	-21.8278198242188	46.7150840759277	1219.34729003906	-20.4640026092529	17.8145275115967	1218.31506347656	-14.9314470291138	10.0748920440674	1213.67041015625	-7.35132884979248	52.3524322509766	1190.59460449219	-6.53589773178101	27.9170475006104	1168.35717773438	-20.7063827514648	24.7130527496338	1159.876953125	-38.8040161132812	19.2458324432373	1169.68981933594	-50.5438194274902	5.81135892868042	1197.88000488281	-43.8759880065918	-5.06374502182007	1197.9208984375	-17.0606346130371	11.1967611312866	1192.60021972656	-38.8306541442871	-26.1082077026367	1194.01184082031	-24.0696868896484	-24.5398082733154	1205.63952636719	-14.2033452987671	-33.5799102783203	1208.78881835938	-12.4413537979126	-7.1353178024292	1200.45373535156
PRI-7317	-0.0570192523300648	79.8414764404297	1041.37487792969	-1.01087462902069	72.0347518920898	1028.57690429688	NA	NA	NA	-0.620684146881104	27.6370029449463	984.782653808594	-0.492596089839935	22.9359970092773	979.969299316406	0.269623965024948	-60.9927749633789	1012.75018310547	-1.84158575534821	-41.5957260131836	1033.73352050781	-1.67415738105774	-24.6446647644043	1036.71508789062	-1.78024959564209	1.88532292842865	1020.52319335938	-1.08787274360657	20.9793071746826	1030.92993164062	-1.18009090423584	62.9884452819824	1032.52722167969	11.3292989730835	73.6143951416016	1037.54113769531	12.4208211898804	71.9063110351562	1038.56530761719	15.3741827011108	65.0121688842773	1039.6484375	19.0411586761475	52.7198753356934	1041.83679199219	16.2063941955566	25.9076728820801	1043.18811035156	9.64826202392578	15.3813371658325	1037.01391601562	4.17381620407104	55.3468017578125	1009.36273193359	2.91437888145447	27.1794605255127	991.265441894531	17.710470199585	22.2295951843262	984.268981933594	34.4669494628906	16.486478805542	994.563293457031	45.6922760009766	5.45470571517944	1024.19140625	36.1981887817383	-8.85797214508057	1024.65502929688	13.1320400238037	13.770191192627	1017.21002197266	32.6242294311523	-28.9576454162598	1023.22857666016	15.2778053283691	-29.0372524261475	1034.68334960938	5.16125869750977	-35.0797119140625	1036.18664550781	5.55663394927979	-6.23405742645264	1025.96630859375	-12.9716272354126	73.6895446777344	1038.48876953125	-14.7167282104492	72.329231262207	1038.69750976562	-17.1510181427002	65.1167373657227	1039.79321289062	-19.8095016479492	52.6057739257812	1041.64221191406	-17.4086112976074	25.318998336792	1042.73901367188	-13.1916427612305	15.6656055450439	1038.05261230469	-6.78039789199829	55.5551338195801	1009.755859375	-4.22844886779785	27.5770416259766	992.0009765625	-19.5768432617188	22.2079200744629	984.276123046875	-36.0792961120605	18.1393203735352	994.259826660156	-47.5981407165527	6.87623262405396	1024.18469238281	-39.3934516906738	-8.6250114440918	1024.79064941406	-16.2051372528076	12.8260622024536	1016.58923339844	-35.6197280883789	-29.2350177764893	1022.98510742188	-18.6846504211426	-28.4295806884766	1034.93237304688	-8.87103748321533	-34.1448860168457	1037.50500488281	-8.48983097076416	-6.81519079208374	1025.95837402344
PRI-7318	-2.92356467247009	64.8459167480469	1268.91198730469	-2.84940838813782	61.181468963623	1263.400390625	NA	NA	NA	-4.39014673233032	18.2014408111572	1219.64282226562	-4.68401956558228	15.9991331100464	1216.04614257812	-6.36434602737427	-61.8773345947266	1247.37951660156	-5.23982048034668	-41.6331367492676	1267.37622070312	-3.90469264984131	-27.1326484680176	1268.53247070312	-4.19147348403931	-6.34874963760376	1255.46008300781	-3.74196481704712	10.1275329589844	1263.65710449219	-2.55761432647705	49.4702339172363	1265.39978027344	7.90191793441772	58.999568939209	1268.06262207031	9.81469440460205	57.040958404541	1268.99169921875	12.9711427688599	48.3243522644043	1269.60522460938	15.8794851303101	37.6617202758789	1271.71264648438	12.7849473953247	11.3457908630371	1272.07873535156	8.31060981750488	5.23436069488525	1269.19921875	0.786233007907867	44.2491569519043	1245.34582519531	-1.56828117370605	18.1632423400879	1227.638671875	12.6046657562256	12.0515279769897	1217.83703613281	27.2306861877441	5.97346687316895	1226.05322265625	39.4511642456055	-7.49216079711914	1257.22521972656	31.2278499603271	-14.8527231216431	1255.80126953125	9.53547382354736	2.83004093170166	1249.98034667969	25.1243057250977	-31.6989994049072	1255.98327636719	11.2012300491333	-28.7961521148682	1266.59118652344	2.16169786453247	-36.0633087158203	1269.4755859375	3.40446209907532	-11.534496307373	1258.80334472656	-13.2091951370239	59.3999176025391	1268.4833984375	-15.4285612106323	57.0895919799805	1269.15612792969	-18.226863861084	48.8597869873047	1269.95715332031	-21.5341377258301	38.810417175293	1272.22985839844	-19.421760559082	12.2249021530151	1273.43884277344	-15.4938764572144	5.40109825134277	1269.42492675781	-8.82807636260986	44.3887138366699	1245.49853515625	-7.26903867721558	19.0399894714355	1228.06970214844	-21.2642879486084	13.7434673309326	1218.23095703125	-35.9392356872559	7.88415670394897	1227.18103027344	-48.0726623535156	-4.08339500427246	1259.30944824219	-39.526294708252	-13.1589870452881	1257.38854980469	-17.8161277770996	3.6921079158783	1250.17053222656	-35.7245178222656	-30.6529655456543	1257.12707519531	-21.2572593688965	-28.3383464813232	1267.32019042969	-11.5094890594482	-35.3520927429199	1269.63903808594	-11.9833383560181	-11.8044490814209	1259.01574707031
PRI-7319	-1.30633449554443	54.9922332763672	1283.12683105469	-1.73693060874939	51.7755470275879	1275.45568847656	-2.7159218788147	44.0820541381836	1254.09118652344	-4.25022840499878	25.8781242370605	1231.80822753906	-4.3586688041687	24.2833347320557	1227.41955566406	-6.68719244003296	-63.5806274414062	1251.91357421875	-6.04706525802612	-46.423770904541	1269.68444824219	-5.54932117462158	-29.6593532562256	1272.83129882812	-4.58896446228027	-6.42913007736206	1262.017578125	-3.86314988136292	7.6838321685791	1272.16540527344	-2.1563675403595	42.7433776855469	1275.92138671875	8.60066795349121	50.6489486694336	1282.11096191406	9.18562030792236	49.422061920166	1282.36560058594	11.9916076660156	44.6722221374512	1282.75622558594	16.3254070281982	33.3653602600098	1283.08190917969	12.2912607192993	7.34475469589233	1280.6533203125	7.0491452217102	1.4368371963501	1277.08544921875	2.1350622177124	42.1154632568359	1256.95397949219	-0.467883348464966	23.5521183013916	1238.99584960938	12.6857461929321	19.0748271942139	1229.67016601562	28.7383804321289	10.5014553070068	1239.32861328125	38.4357490539551	-7.75132751464844	1261.66760253906	29.0566368103027	-16.5815486907959	1261.54736328125	10.2255125045776	3.92509055137634	1257.95776367188	23.7247200012207	-35.1315040588379	1258.28173828125	11.0125570297241	-33.2906608581543	1270.9677734375	1.87929618358612	-39.5674743652344	1273.22241210938	2.23955464363098	-12.6885662078857	1265.28967285156	-11.5940952301025	50.8875350952148	1282.26550292969	-12.4414358139038	50.0111274719238	1282.36975097656	-16.1190338134766	45.2007369995117	1283.26293945312	-20.2063407897949	34.8869209289551	1283.02722167969	-19.4423713684082	9.08984088897705	1281.59619140625	-14.9906377792358	2.41606545448303	1278.00341796875	-7.68178510665894	41.9081878662109	1257.86291503906	-7.59773397445679	24.6015529632568	1239.08728027344	-21.0644264221191	20.5046825408936	1230.67687988281	-37.480411529541	12.9282932281494	1241.595703125	-47.4208106994629	-5.5234375	1264.4892578125	-40.1138610839844	-14.5414390563965	1263.05493164062	-18.5038871765137	4.93581819534302	1259.22875976562	-35.9444122314453	-33.503303527832	1259.564453125	-22.5478076934814	-32.6158218383789	1271.42333984375	-13.22975730896	-39.318790435791	1272.64501953125	-12.3881778717041	-12.9442491531372	1265.67358398438
PRI-7320	-0.246388390660286	53.0222358703613	1219.19506835938	-0.699570119380951	49.4740600585938	1212.65661621094	-1.69371736049652	39.8357429504395	1194.12158203125	-2.16063213348389	20.2031860351562	1172.70324707031	-2.29074192047119	17.8835506439209	1169.19140625	-2.30948376655579	-60.0380592346191	1201.64599609375	-2.42179608345032	-42.0046310424805	1217.53466796875	-2.41501116752625	-25.6088638305664	1219.06433105469	-1.82999384403229	-4.85854721069336	1204.5693359375	-1.46544408798218	8.89181804656982	1213.70471191406	-0.994636833667755	42.2279586791992	1215.87084960938	9.49618530273438	47.7238655090332	1218.03796386719	10.8639659881592	47.1140251159668	1218.73559570312	12.6649446487427	42.8752250671387	1220.08911132812	17.5829677581787	32.0260047912598	1221.78002929688	13.1316452026367	6.96634292602539	1220.86413574219	9.33496189117432	3.17147421836853	1218.75085449219	2.92936682701111	38.7562866210938	1196.81469726562	0.686067044734955	18.8517627716064	1179.85473632812	14.2856702804565	14.4041585922241	1171.53051757812	28.3834419250488	8.48239994049072	1180.20349121094	38.2882270812988	-3.91423773765564	1205.51501464844	31.5299663543701	-13.7056846618652	1206.32983398438	11.5714092254639	3.63277888298035	1200.36022949219	25.6844730377197	-30.3281440734863	1204.82934570312	13.783543586731	-28.0817050933838	1216.50598144531	5.119215965271	-35.5290145874023	1219.73767089844	4.92980861663818	-11.52330493927	1209.25354003906	-9.84720706939697	48.6666641235352	1219.44482421875	-11.0186328887939	48.3235206604004	1219.77868652344	-13.4607744216919	43.6824111938477	1221.38928222656	-18.4640350341797	32.8539619445801	1222.623046875	-15.3794069290161	7.81438064575195	1220.95861816406	-12.3962087631226	4.01549005508423	1218.99475097656	-5.92734336853027	39.7450408935547	1197.4404296875	-4.61256980895996	19.3438358306885	1179.94299316406	-17.4761524200439	15.6465282440186	1171.8232421875	-32.7280082702637	8.72385501861572	1181.62963867188	-41.5204162597656	-1.26494979858398	1207.1005859375	-35.2542953491211	-13.2918720245361	1207.66833496094	-15.6927280426025	4.26299142837524	1201.53344726562	-29.9837894439697	-29.3358516693115	1205.94836425781	-17.7774429321289	-28.5587825775146	1217.31042480469	-9.41349506378174	-34.7590141296387	1220.50048828125	-8.855544090271	-11.2708320617676	1209.59692382812
PRI-7323	-0.0547553487122059	77.4644165039062	1152.63366699219	-0.512148141860962	71.9747848510742	1142.26062011719	-1.09323477745056	57.2987289428711	1121.00756835938	-2.21410489082336	33.1529579162598	1098.18676757812	-2.43251180648804	30.5515289306641	1093.84436035156	-7.45049428939819	-54.0785217285156	1119.83068847656	-5.66351747512817	-36.580867767334	1139.28845214844	-5.09365558624268	-20.7600574493408	1143.06433105469	-3.19281005859375	4.35730123519897	1130.11120605469	-2.29228949546814	22.6449165344238	1141.9794921875	-1.26833057403564	62.9036598205566	1145.47778320312	10.6276235580444	71.9784927368164	1149.11669921875	12.0557956695557	69.0837936401367	1149.05419921875	14.808479309082	61.1664772033691	1149.26599121094	NA	NA	NA	16.2028827667236	23.0875301361084	1151.91125488281	9.34591388702393	15.563663482666	1146.90087890625	3.2392201423645	56.9150772094727	1124.56359863281	1.0180379152298	32.9430122375488	1106.07446289062	14.7297077178955	25.5675601959229	1096.17504882812	29.9414196014404	17.9468040466309	1105.34765625	39.3794975280762	6.13392448425293	1130.60070800781	31.1016368865967	-7.76189136505127	1130.26452636719	9.90048694610596	12.9675483703613	1127.12463378906	26.3575000762939	-25.857982635498	1129.51940917969	12.8169727325439	-23.9696369171143	1140.91528320312	1.79644429683685	-30.9024562835693	1142.40380859375	3.65255689620972	-4.52995300292969	1135.43408203125	-11.3305349349976	72.4641571044922	1150.10705566406	-13.0260572433472	70.0579299926758	1150.27990722656	-16.0992488861084	62.7717666625977	1151.13952636719	NA	NA	NA	-19.9643650054932	25.0126705169678	1153.00561523438	-13.270227432251	16.7864971160889	1147.45227050781	-5.85577201843262	56.9430084228516	1124.64733886719	-5.15458345413208	33.0856094360352	1105.62927246094	-19.70361328125	28.2449417114258	1096.30969238281	-35.676570892334	23.1000289916992	1106.17175292969	-47.0886039733887	10.4715528488159	1131.3896484375	-39.1352348327637	-3.23425889015198	1130.42626953125	-16.2426261901855	15.5416250228882	1129.01879882812	-37.5933532714844	-21.759786605835	1129.38037109375	-22.2066650390625	-21.9207782745361	1140.83349609375	-13.7033529281616	-29.4669570922852	1143.02514648438	-11.8959016799927	-3.89828634262085	1135.306640625
PRI-7324	-1.73504257202148	65.5383224487305	1149.12084960938	-1.9311705827713	60.2965049743652	1138.41748046875	-1.6019458770752	49.3746757507324	1119.29467773438	-2.29011058807373	27.7268600463867	1096.67980957031	-2.37522864341736	25.167797088623	1092.89916992188	-4.52647399902344	-56.4652481079102	1125.99182128906	-4.24219942092896	-36.8229370117188	1140.57287597656	-3.91409134864807	-18.9644718170166	1143.07189941406	-3.46893429756165	1.40802359580994	1130.87756347656	-2.77305173873901	17.6346454620361	1141.11364746094	-2.25990200042725	51.6496925354004	1140.77954101562	8.36634826660156	60.5412673950195	1146.95153808594	9.24308490753174	58.8660125732422	1146.21496582031	11.9971055984497	53.315803527832	1148.97607421875	NA	NA	NA	13.3590784072876	16.8715686798096	1149.40698242188	8.03024196624756	11.3078851699829	1145.58703613281	2.84570455551147	48.4692993164062	1122.111328125	0.417944371700287	27.7665634155273	1103.677734375	11.8307294845581	21.502534866333	1093.38537597656	28.754150390625	16.2450008392334	1105.47290039062	39.9007797241211	7.167564868927	1131.42456054688	32.2389450073242	-8.09494113922119	1132.42590332031	10.7222948074341	11.5853624343872	1126.51599121094	26.3832054138184	-24.4891529083252	1130.36340332031	12.8679885864258	-23.449520111084	1140.87365722656	3.02729082107544	-27.9349060058594	1143.10290527344	3.91374444961548	-4.45020627975464	1134.90124511719	-11.992244720459	60.021411895752	1147.033203125	-13.5245590209961	59.5093193054199	1147.19482421875	-15.8274602890015	53.7277641296387	1148.47241210938	NA	NA	NA	-18.8948249816895	17.4349613189697	1150.13513183594	-13.7970581054688	12.1472854614258	1146.23876953125	-6.88909912109375	47.9328804016113	1121.69555664062	-4.94717741012573	27.2388343811035	1103.20373535156	-17.2309703826904	22.3662948608398	1093.64978027344	-34.3377571105957	17.7413139343262	1106.34875488281	-44.933219909668	8.91077423095703	1132.75061035156	-38.7826042175293	-5.55258846282959	1133.06176757812	-17.5504055023193	12.5361442565918	1126.74267578125	-34.6668357849121	-23.9474449157715	1131.33605957031	-19.5009479522705	-22.7601203918457	1142.49072265625	-11.1213903427124	-28.1042137145996	1143.25366210938	-11.1022806167603	-4.48224496841431	1135.64794921875
PRI-7325	0.40970304608345	53.2791481018066	1149.11157226562	0.212344884872437	49.2454109191895	1141.27502441406	-0.448539465665817	42.4327926635742	1120.21118164062	-1.28996968269348	21.2984142303467	1096.80871582031	-1.4101437330246	18.3917465209961	1091.61608886719	-4.46778345108032	-59.3942031860351	1120.37915039062	-4.85475015640259	-43.1208839416504	1139.56433105469	-4.10443830490112	-26.7522163391113	1142.19702148438	-2.2759530544281	-6.1025857925415	1126.87707519531	-1.59438979625702	7.68044424057007	1138.58447265625	-0.281879186630249	41.1568298339844	1142.80871582031	9.65716171264648	47.2175102233887	1146.96850585938	11.0244159698486	45.5984649658203	1146.71960449219	13.5505895614624	41.1393928527832	1147.80725097656	17.033899307251	29.6729621887207	1149.53942871094	13.8373670578003	5.34669208526611	1147.49389648438	9.19493579864502	1.04237866401672	1143.30773925781	5.10111808776855	40.4211959838867	1124.38305664062	1.2991418838501	20.5389671325684	1105.41088867188	14.2229318618774	14.4185552597046	1094.74768066406	28.6900978088379	7.24216079711914	1105.17138671875	36.528678894043	-6.267493724823	1130.80334472656	30.4628772735596	-14.9731330871582	1130.92883300781	10.4004240036011	2.20401048660278	1124.86645507812	25.996509552002	-31.1720542907715	1128.43688964844	13.1169605255127	-30.8741397857666	1139.87829589844	2.8582181930542	-37.5092697143555	1142.37280273438	3.2234935760498	-12.3201217651367	1132.68896484375	-9.47850036621094	48.4990310668945	1147.3154296875	-10.7474899291992	47.7144927978516	1147.41931152344	-13.4919300079346	42.7349128723145	1148.54260253906	-17.4329719543457	32.0804901123047	1147.95385742188	-18.1578407287598	7.75967264175415	1146.98461914062	-13.551344871521	2.46937155723572	1143.58386230469	-5.49825286865234	40.8199501037598	1124.00305175781	-3.75986552238464	20.4926452636719	1105.49072265625	-16.6344566345215	17.1664924621582	1094.78588867188	-32.0529327392578	9.96230411529541	1105.20739746094	-42.5896301269531	-1.99502146244049	1130.11340332031	-35.762565612793	-11.9115877151489	1130.66687011719	-16.2343368530273	2.91984224319458	1124.56457519531	-34.0426330566406	-28.5556392669678	1128.11987304688	-21.2439594268799	-29.6886577606201	1139.64282226562	-11.8820638656616	-37.2784042358398	1141.73522949219	-9.60142803192139	-11.5019569396973	1132.69323730469
PRI-7326	-1.94293975830078	65.0282974243164	1205.88647460938	-2.22833776473999	59.3468475341797	1196.96911621094	-2.06989979743958	48.9097061157227	1174.31408691406	-3.35602283477783	24.8930339813232	1149.91345214844	-3.33833646774292	22.5128383636475	1145.60302734375	-5.14650011062622	-61.8530197143555	1170.21606445312	-4.60765743255615	-45.2244338989258	1189.96276855469	-5.06355047225952	-28.4777793884277	1194.31176757812	-4.4382529258728	-5.09496879577637	1181.79077148438	-3.58005833625793	10.2790603637695	1194.11511230469	-2.48644113540649	48.8904800415039	1198.2548828125	8.36691284179688	59.8691673278809	1204.47766113281	11.4016752243042	55.5336952209473	1205.06359863281	13.862696647644	48.6008987426758	1205.50415039062	NA	NA	NA	14.5419340133667	10.8101291656494	1206.05212402344	7.86677646636963	3.59368896484375	1199.43603515625	2.26705455780029	47.391918182373	1178.50073242188	-0.211353123188019	24.6720180511475	1157.79260253906	13.4152355194092	19.5726337432861	1149.96032714844	30.0103397369385	12.889181137085	1160.64733886719	43.118034362793	-2.02345013618469	1184.08715820312	33.6259841918945	-15.3994512557983	1185.197265625	9.39169883728027	6.15588617324829	1179.52258300781	27.1736869812012	-31.1277599334717	1180.10327148438	12.460958480835	-31.0597438812256	1191.13720703125	2.53432846069336	-39.1707344055176	1192.81494140625	2.29260349273682	-11.5521440505981	1185.21813964844	-12.7582197189331	59.0646057128906	1204.98449707031	-15.1984243392944	56.2551460266113	1206.08862304688	-17.9134521484375	49.1170883178711	1206.53942871094	NA	NA	NA	-21.5546932220459	11.7461214065552	1205.85864257812	-15.2077913284302	3.84427547454834	1199.74194335938	-6.94771099090576	47.5282249450684	1178.11791992188	-6.2196855545044	24.6905536651611	1158.69836425781	-20.5190773010254	19.8563137054443	1149.65832519531	-37.0897827148438	12.9189910888672	1160.51586914062	-49.1174507141113	-1.38489174842834	1183.1689453125	-42.1441421508789	-14.6020984649658	1185.35827636719	-19.2177066802979	7.61823129653931	1180.65930175781	-36.6195030212402	-31.8597068786621	1180.69750976562	-21.6961040496826	-31.4407768249512	1191.71752929688	-12.0406799316406	-39.1920280456543	1193.54467773438	-12.1070165634155	-12.0128126144409	1185.44177246094
PRI-7328	-0.524951219558716	61.4162292480469	1043.64660644531	-0.130188584327698	56.9811820983887	1036.7890625	-0.340085715055466	47.5893592834473	1019.51544189453	-0.504747927188873	29.3276767730713	999.1318359375	-0.510865092277527	27.1592102050781	995.661804199219	-2.956374168396	-52.9912528991699	1023.74865722656	-2.57120108604431	-33.7772064208984	1040.357421875	-2.12492895126343	-18.1641025543213	1043.22692871094	-1.22989189624786	3.13711357116699	1029.73596191406	-1.07336950302124	16.5156097412109	1039.4375	-0.519978761672974	47.5854339599609	1037.783203125	9.27525997161865	56.4854278564453	1042.4296875	9.63814163208008	55.1552696228027	1043.00939941406	12.7338819503784	51.1012992858887	1044.67736816406	18.7404136657715	40.9613418579102	1046.16052246094	14.7111530303955	17.006950378418	1046.10205078125	10.2972784042358	11.7896480560303	1043.95520019531	4.03417253494263	45.0077018737793	1021.109375	2.52837681770325	27.721773147583	1007.27056884766	16.1387233734131	23.4328689575195	997.738708496094	30.3058776855469	18.5226383209229	1006.93933105469	40.1109161376953	3.30606174468994	1033.38708496094	32.8495254516602	-7.03272438049316	1031.49865722656	11.3479566574097	11.2212390899658	1025.58923339844	26.7710456848145	-23.4555130004883	1030.58862304688	14.5898761749268	-21.9591217041016	1040.99169921875	5.02816009521484	-28.2568187713623	1042.70288085938	5.50772142410278	-3.50440192222595	1034.85974121094	-10.213978767395	57.3329124450684	1041.91479492188	-11.0502443313599	56.1655960083008	1042.10766601562	-14.1682939529419	51.569580078125	1043.86572265625	-18.9974212646484	42.1046714782715	1045.49987792969	-16.7238140106201	17.6412029266357	1046.15185546875	-11.9915351867676	12.2745904922485	1044.00891113281	-4.25991487503052	45.7902641296387	1020.85144042969	-3.08258438110352	28.8012351989746	1006.962890625	-15.8684921264648	26.1611976623535	997.337158203125	-30.182975769043	20.4316329956055	1005.18872070312	-42.4623985290527	6.07200002670288	1031.90844726562	-34.8943328857422	-4.78157806396484	1031.17797851562	-15.1386623382568	12.4394340515137	1025.76696777344	-31.6563606262207	-22.1380443572998	1029.630859375	-18.524242401123	-20.88063621521	1041.12268066406	-10.1041040420532	-27.0363788604736	1042.64379882812	-7.81403589248657	-3.74816584587097	1034.83715820312
PRI-7330	-0.854247033596039	55.2445373535156	1193.32897949219	-1.44517815113068	50.6604537963867	1187.27563476562	-2.5977463722229	40.3247261047363	1168.62548828125	-3.70279097557068	21.9877891540527	1148.39880371094	-3.70720362663269	19.7897605895996	1144.57922363281	-5.91842412948608	-58.83251953125	1176.77062988281	-4.94826889038086	-39.3130722045898	1190.77221679688	-4.71360301971436	-22.9656887054443	1192.74389648438	-3.60134792327881	-4.35187864303589	1179.77307128906	-3.39023518562317	10.0668992996216	1188.6748046875	-2.28493285179138	42.6867980957031	1189.88012695312	7.89983224868774	49.6645355224609	1193.29235839844	8.84111213684082	47.8049545288086	1193.80017089844	11.1743927001953	44.4249458312988	1193.76916503906	NA	NA	NA	13.2393112182617	11.707893371582	1195.87927246094	8.55153369903564	6.46994066238403	1192.82434082031	1.7464382648468	39.6733551025391	1171.39831542969	-0.861424446105957	20.9615325927734	1155.18176269531	12.9691095352173	16.2232570648193	1146.03796386719	27.4868984222412	10.7623739242554	1157.19714355469	36.9811248779297	-1.30671060085297	1181.06213378906	29.1965236663818	-11.1973400115967	1180.17565917969	9.6370964050293	6.16312885284424	1176.02783203125	24.6720352172852	-27.8906917572021	1181.52783203125	11.7329874038696	-25.6570720672607	1192.02502441406	2.156489610672	-31.4716339111328	1193.13989257812	2.41949558258057	-9.29888153076172	1183.96752929688	-11.3186359405518	49.9407081604004	1193.78442382812	-12.5755910873413	48.7597351074219	1194.03784179688	-14.7186422348022	45.5035285949707	1195.18054199219	-19.5583057403564	34.8992767333984	1196.39135742188	-18.3835258483887	11.667121887207	1196.80419921875	-14.6450824737549	6.54854106903076	1193.61267089844	-7.37753343582153	39.5119171142578	1171.71508789062	-6.38974189758301	20.9619979858398	1155.35009765625	-18.3252906799316	17.3335552215576	1146.568359375	-33.327823638916	12.9578876495361	1157.810546875	-44.6445007324219	0.619476199150085	1182.05383300781	-36.3399925231934	-9.3385534286499	1181.09753417969	-18.1313743591309	6.80042934417725	1176.98400878906	-33.4480171203613	-26.5801544189453	1181.724609375	-19.8546161651611	-24.7959289550781	1191.54956054688	-11.6322088241577	-30.8860549926758	1192.49536132812	-11.1653470993042	-9.13940620422363	1184.17858886719
PRI-7371	-1.71959161758423	47.9734764099121	1199.74182128906	-1.87076485157013	44.8204803466797	1194.25305175781	-1.94147956371307	37.0185432434082	1173.52355957031	-3.07494974136353	16.3642768859863	1148.61694335938	-3.1631875038147	13.4781742095947	1144.50378417969	-1.67966187000275	-68.9922485351562	1172.69104003906	-1.33407187461853	-51.109676361084	1189.06018066406	-2.01190066337585	-35.3895301818848	1191.99987792969	-2.58619546890259	-13.2933235168457	1179.17858886719	-2.08109092712402	1.37106931209564	1191.18103027344	-1.67215263843536	36.0205421447754	1195.45166015625	8.25982475280762	42.9846229553223	1199.30041503906	9.09658241271973	41.6828689575195	1199.59460449219	12.0557956695557	37.6219100952148	1198.8837890625	NA	NA	NA	14.1262035369873	1.76365530490875	1198.46557617188	9.2864465713501	-3.06188201904297	1195.80419921875	2.74739074707031	33.7116470336914	1175.33581542969	-0.0890029594302177	15.5514001846313	1155.82922363281	13.5139617919922	10.0709180831909	1146.24194335938	30.5765266418457	3.10618257522583	1156.63500976562	39.503833770752	-11.4188976287842	1180.46594238281	31.8045501708984	-20.127124786377	1180.53393554688	10.8916139602661	-1.89763903617859	1176.64819335938	27.1661739349365	-36.5414657592773	1178.13684082031	15.2685775756836	-36.4184646606445	1189.30541992188	5.91606664657593	-44.201732635498	1192.26501464844	5.50094413757324	-18.1389694213867	1183.07836914062	-11.4055509567261	42.2189865112305	1199.17297363281	-12.4608192443848	40.7449531555176	1199.34057617188	-14.8460931777954	36.8071060180664	1199.77770996094	-20.2545413970947	25.2905197143555	1199.85205078125	-19.0294532775879	0.931003272533417	1200.26953125	-12.8641748428345	-4.35142230987549	1195.72155761719	-6.79540157318115	33.782600402832	1174.6416015625	-5.68124532699585	15.6127777099609	1155.63146972656	-19.2108554840088	10.4497890472412	1147.11767578125	-35.7349624633789	2.36780214309692	1157.39514160156	-43.6681671142578	-11.501428604126	1183.27600097656	-37.1354827880859	-20.4629249572754	1182.21362304688	-16.240234375	-2.90927195549011	1177.455078125	-32.4192695617676	-38.3719253540039	1178.82043457031	-18.7342433929443	-38.3032073974609	1190.43310546875	-8.8461799621582	-44.7723388671875	1192.03857421875	-9.44941711425781	-18.5560398101807	1183.76452636719
PRI-7372	-4.51155090332031	60.0680389404297	1200.31774902344	-4.55136775970459	54.3924331665039	1192.63793945312	-4.70276498794556	42.2835578918457	1168.8076171875	-2.59674191474915	17.1181907653809	1146.61120605469	-2.53958487510681	14.3299236297607	1142.19616699219	-1.46743059158325	-67.2087326049805	1165.16174316406	-2.13104510307312	-51.099193572998	1188.44299316406	-3.17567205429077	-37.3806114196777	1191.88916015625	-2.77672815322876	-12.8937950134277	1180.40319824219	-3.90461206436157	4.82132816314697	1189.60949707031	-4.72903680801392	44.0151023864746	1194.67895507812	6.4967851638794	55.1941108703613	1199.68493652344	9.47974300384521	50.088191986084	1200.92419433594	12.2164325714111	43.8968658447266	1200.95178222656	15.330717086792	32.5132713317871	1201.78247070312	15.5040102005005	5.79889106750488	1201.224609375	9.1410961151123	-0.925280094146729	1196.25109863281	0.537697374820709	38.9393997192383	1172.08251953125	1.40742039680481	15.7235326766968	1153.90100097656	16.8819637298584	12.8645915985107	1146.39282226562	33.2488174438477	4.34923410415649	1156.54321289062	42.9348258972168	-9.7257776260376	1183.80505371094	34.4365653991699	-19.6366329193115	1183.54602050781	11.279595375061	-1.58526539802551	1176.10498046875	29.779239654541	-37.8608207702637	1180.36633300781	12.9305791854858	-38.3533363342285	1191.25500488281	3.97692322731018	-45.3295059204102	1192.36743164062	4.89882564544678	-18.769552230835	1184.29443359375	-15.4509916305542	54.2812728881836	1199.89453125	-18.2576198577881	50.4037818908691	1200.43688964844	-20.2083625793457	42.4490356445312	1201.29150390625	-23.5397167205811	31.2207336425781	1202.41296386719	-22.5251560211182	4.90202808380127	1200.27917480469	-15.7895364761353	-2.71842551231384	1195.07104492188	-9.11298656463623	39.963493347168	1172.62646484375	-7.03199768066406	15.4257717132568	1153.79541015625	-21.9997596740723	11.4534492492676	1144.7958984375	-36.9111099243164	2.36306428909302	1153.14514160156	-47.2787132263184	-11.8135709762573	1181.13391113281	-39.3334693908691	-21.4145698547363	1180.79162597656	-18.4548530578613	-1.86152255535126	1175.03308105469	-34.3070678710938	-41.1919403076172	1177.16638183594	-18.0136184692383	-39.3115844726562	1189.6806640625	-9.06235599517822	-46.332347869873	1191.35241699219	-10.7602577209473	-19.9700927734375	1183.25988769531
PRI-7373	-1.88719820976257	64.3862915039062	1092.81884765625	-1.38787019252777	60.5670471191406	1086.36547851562	-1.19198751449585	51.3567771911621	1068.4775390625	-0.61032247543335	31.5911808013916	1048.15490722656	-0.434987038373947	28.5991153717041	1044.69848632812	-4.96974182128906	-51.5151100158691	1075.15270996094	-5.06636190414429	-33.5490913391113	1088.93188476562	-4.53033208847046	-14.9377689361572	1091.12573242188	-2.98350095748901	7.72196674346924	1077.55932617188	-2.67041254043579	20.6945362091064	1087.72509765625	-2.08442401885986	53.2872314453125	1088.21179199219	8.08603000640869	58.6196441650391	1092.29638671875	8.86999320983887	57.3558311462402	1092.56567382812	11.0545883178711	52.3913764953613	1094.16162109375	15.0004720687866	41.8275718688965	1094.81555175781	12.5383033752441	17.2477836608887	1096.74523925781	7.61393022537231	13.4301424026489	1092.99304199219	2.83658194541931	49.956413269043	1070.3701171875	1.76718616485596	31.387752532959	1056.24157714844	14.4159421920776	25.8103370666504	1048.04272460938	27.7035865783691	20.9226245880127	1057.69970703125	37.2152976989746	6.61312532424927	1081.64953613281	31.3113079071045	-5.20537281036377	1081.8837890625	9.40213489532471	15.3397493362427	1076.45056152344	26.1279354095459	-20.9505786895752	1079.61450195312	12.4694061279297	-19.3487968444824	1089.52258300781	2.9828622341156	-25.6583404541016	1092.42736816406	3.82782340049744	-1.5103816986084	1082.68005371094	-12.0605735778809	59.1773948669434	1090.97155761719	-13.5897645950317	57.9841461181641	1091.36987304688	-16.6292133331299	53.0254211425781	1092.23779296875	-20.8131980895996	43.1585159301758	1092.98608398438	-18.9448432922363	18.5216903686523	1095.00549316406	-14.0179138183594	14.9324150085449	1092.1240234375	-5.65381145477295	49.9929504394531	1070.00280761719	-3.6161675453186	31.7215938568115	1055.52465820312	-16.4943809509277	27.0811729431152	1047.00341796875	-30.7724838256836	23.4486351013184	1054.13635253906	-43.9045791625977	8.71966075897217	1080.21643066406	-38.1035652160645	-3.61009979248047	1080.0830078125	-14.6234521865845	17.4385890960693	1076.0478515625	-34.2816352844238	-19.7524890899658	1078.04736328125	-20.5642051696777	-18.7881946563721	1088.34948730469	-13.3439025878906	-23.7847290039062	1092.24719238281	-10.9744739532471	-0.927939295768738	1081.97705078125
PRI-7374	0.858159780502319	61.6280708312988	1043.43237304688	0.559602200984955	57.4683036804199	1034.98791503906	-0.646163702011108	47.8360710144043	1014.24713134766	-1.32387125492096	27.0921230316162	992.444702148438	-1.46244466304779	25.2743473052979	988.729370117188	-2.2526752948761	-56.7553977966309	1020.89019775391	-2.40460610389709	-36.8592948913574	1037.71765136719	-1.88310790061951	-20.3059329986572	1038.75061035156	-1.5740784406662	2.85665202140808	1025.22961425781	-0.76267021894455	16.702241897583	1035.45532226562	0.122455418109894	50.1774940490723	1038.01000976562	9.40884685516357	56.6753959655762	1042.84155273438	10.2971487045288	55.082275390625	1042.79528808594	NA	NA	NA	NA	NA	NA	15.2807426452637	17.4722805023193	1043.58850097656	9.80522346496582	11.3096904754639	1040.38623046875	4.42415428161621	46.4563255310059	1018.31091308594	2.03745365142822	26.4107036590576	1000.05279541016	15.0378141403198	20.5618286132812	991.041625976562	30.8988647460938	16.4871788024902	1002.03540039062	40.8716201782227	0.317151367664337	1025.51208496094	34.5265808105469	-8.65026092529297	1026.16162109375	11.8545436859131	10.1267786026001	1021.09204101562	28.9117431640625	-24.3303623199463	1024.89978027344	15.7306985855103	-22.3558902740479	1036.50048828125	5.79719877243042	-29.5580978393555	1039.5234375	5.89944314956665	-4.53793430328369	1030.46716308594	-8.62942504882812	57.3288612365723	1043.04467773438	-10.1763677597046	55.994499206543	1043.47668457031	-12.744870185852	51.9007034301758	1043.9111328125	NA	NA	NA	-16.3214893341064	19.0380840301514	1044.67016601562	-11.7487812042236	12.2550678253174	1041.43981933594	-4.80783367156982	45.1958160400391	1016.43054199219	-4.16515922546387	27.5162792205811	1000.435546875	-17.357292175293	21.8134517669678	991.471496582031	-33.4922294616699	17.215482711792	1002.96960449219	-43.6376953125	2.21742248535156	1027.10485839844	-36.8605270385742	-7.83036994934082	1028.17541503906	-16.3632869720459	11.975902557373	1021.71008300781	-31.8547401428223	-25.0200233459473	1026.82946777344	-18.8192558288574	-22.0567665100098	1037.84411621094	-9.11439514160156	-29.9960517883301	1039.31726074219	-8.78435134887695	-4.29917097091675	1030.64770507812
PRI-7375	-1.12147688865662	56.3141059875488	1148.47338867188	-0.939567744731903	51.8446922302246	1141.44152832031	-1.16426038742065	43.2845611572266	1123.54895019531	-1.21123695373535	22.8759307861328	1101.98645019531	-1.22441017627716	21.1257514953613	1097.39904785156	-4.6057858467102	-55.1049118041992	1126.80834960938	-4.91698026657104	-38.888256072998	1145.31115722656	-3.30542469024658	-22.4221744537354	1147.49523925781	-1.90812337398529	-0.921660840511322	1132.47241210938	-2.05892634391785	12.0263929367065	1141.583984375	-1.76636552810669	43.1905822753906	1143.73193359375	8.38649749755859	50.9359931945801	1148.06018066406	9.91719341278076	48.4685859680176	1148.32202148438	12.2235345840454	44.1045303344727	1148.548828125	17.5497455596924	33.0580787658691	1148.57092285156	12.0010499954224	8.96315574645996	1148.52600097656	8.98818874359131	5.82923221588135	1146.57763671875	3.07953906059265	40.8822174072266	1126.28601074219	2.16177201271057	22.0371532440186	1110.83325195312	14.3650121688843	18.2404727935791	1100.93615722656	28.8044052124023	13.1432962417603	1110.00793457031	37.1301460266113	0.120888866484165	1134.64208984375	30.4364070892334	-10.6805477142334	1135.01940917969	10.5825424194336	6.98103380203247	1129.93774414062	24.7771701812744	-26.582145690918	1134.05908203125	13.2029047012329	-26.7611675262451	1145.10473632812	3.15418076515198	-32.4006271362305	1148.32299804688	3.75842428207397	-8.04302310943604	1138.39599609375	-11.1210069656372	52.0556869506836	1148.09387207031	-12.8386831283569	49.9455032348633	1148.45825195312	-15.5943813323975	45.446605682373	1149.82604980469	NA	NA	NA	-15.9854040145874	9.37711429595947	1148.15002441406	-12.7419118881226	7.46243524551392	1146.19738769531	-6.09491348266602	41.317813873291	1125.41442871094	-4.34853363037109	21.8253917694092	1109.31787109375	-16.6717872619629	20.7634811401367	1101.05590820312	-32.401424407959	14.7732267379761	1111.17321777344	-41.7549514770508	2.35593938827515	1133.60864257812	-35.142765045166	-7.36291790008545	1134.60327148438	-14.677056312561	9.55070877075195	1129.94213867188	-32.5052604675293	-24.2274379730225	1133.70166015625	-20.8256301879883	-24.0500411987305	1144.66906738281	-11.0674705505371	-31.8324413299561	1148.13049316406	-9.17340755462646	-7.33826351165771	1138.10791015625
PRI-7376	-1.5127660036087	81.8991546630859	1086.05383300781	-1.66964018344879	79.8184356689453	1079.58703613281	-2.34148931503296	70.192741394043	1058.56359863281	-1.92152905464172	41.3734817504883	1031.47521972656	-2.23699975013733	38.4661407470703	1026.03955078125	-2.59243893623352	-48.1764068603516	1056.24743652344	-3.3071711063385	-29.0410785675049	1075.79052734375	-4.13581466674805	-10.0964431762695	1077.46545410156	-3.13390612602234	13.7270259857178	1063.80725097656	-2.56508779525757	28.2286186218262	1074.31079101562	-1.6890321969986	67.2073822021484	1080.38134765625	8.06061267852783	75.0804824829102	1083.74572753906	9.87136650085449	72.3287582397461	1083.9990234375	12.365255355835	66.9300231933594	1083.99755859375	NA	NA	NA	13.1151323318481	30.9249935150146	1083.07299804688	8.53033828735352	23.7048740386963	1078.8134765625	3.1531355381012	67.2774200439453	1060.71215820312	1.32312941551208	41.1083717346191	1039.80908203125	15.4543743133545	35.6203498840332	1029.70068359375	30.2128753662109	31.8798313140869	1038.86767578125	42.1706161499023	15.1393184661865	1065.44519042969	34.752872467041	3.93182969093323	1066.60510253906	9.85584831237793	24.6538562774658	1061.21496582031	28.0147266387939	-13.3818397521973	1064.58898925781	13.2337207794189	-13.2189435958862	1075.67199707031	4.46514463424683	-20.6489772796631	1078.31091308594	3.56517553329468	6.35626888275146	1068.7109375	-12.3049192428589	75.0223083496094	1084.15808105469	-13.4941511154175	73.2665176391602	1084.85986328125	-16.4028549194336	66.778694152832	1084.67895507812	NA	NA	NA	-18.4047431945801	31.3723278045654	1083.09619140625	-14.2684326171875	24.13454246521	1079.69409179688	-8.11219215393066	67.6152801513672	1060.55969238281	-5.25873708724976	41.8054580688477	1039.60815429688	-18.7315292358398	36.1409454345703	1029.22668457031	-34.9213943481445	31.8813514709473	1039.29614257812	-48.1293563842773	14.5998086929321	1065.126953125	-41.0981903076172	4.30539083480835	1066.23754882812	-14.9109563827515	23.1433639526367	1059.66979980469	-34.4629936218262	-14.6366910934448	1064.4423828125	-20.4375648498535	-14.0019063949585	1076.41540527344	-11.4877891540527	-20.5944004058838	1077.88647460938	-10.9496517181396	6.66959381103516	1069.19958496094
PRI-7377	-0.775711894035339	60.9559211730957	1046.58386230469	-0.903890132904053	55.833366394043	1039.32202148438	-1.85433983802795	46.4683609008789	1020.72265625	-1.2564879655838	27.6332397460938	997.106506347656	-1.18952798843384	25.4318370819092	992.98681640625	-0.768768310546875	-56.1199913024902	1025.84814453125	-1.47511053085327	-35.2685356140137	1039.61950683594	-1.72677147388458	-19.2566204071045	1041.85754394531	-1.75556004047394	0.157949402928352	1027.67407226562	-1.84993970394135	14.7003974914551	1039.38488769531	-1.1743677854538	46.3356781005859	1041.09692382812	9.34606742858887	55.6745681762695	1045.84692382812	10.6241264343262	54.2272491455078	1046.52404785156	13.5135478973389	49.3051567077637	1047.67456054688	17.5139389038086	39.4342384338379	1048.26159667969	13.9744901657104	14.281099319458	1048.06005859375	10.4375839233398	9.28729915618896	1043.10229492188	4.42801141738892	44.6661224365234	1023.05718994141	1.24237442016602	26.927116394043	1004.89703369141	15.8008327484131	22.1453819274902	995.123474121094	29.7153511047363	17.9842090606689	1004.83380126953	39.8664093017578	6.07285737991333	1030.38854980469	32.9138870239258	-4.97637033462524	1029.02917480469	11.662055015564	9.76418018341064	1023.01953125	29.405122756958	-23.8217906951904	1027.38415527344	14.6112728118896	-21.9831237792969	1038.52746582031	5.63315486907959	-28.2225303649902	1041.56079101562	5.49825572967529	-4.34273624420166	1032.16687011719	-10.5191373825073	56.224048614502	1045.79296875	-12.0176687240601	54.2162742614746	1046.31750488281	-14.8448944091797	49.1287536621094	1046.9404296875	-20.3988838195801	39.271484375	1046.73046875	-16.7945728302002	14.0081882476807	1048.0322265625	-12.561806678772	9.04048919677734	1043.00732421875	-6.54625082015991	45.0197601318359	1022.53485107422	-3.51360869407654	26.6916313171387	1004.10150146484	-17.4929523468018	21.4538154602051	994.314880371094	-31.3360652923584	15.9107828140259	1004.43823242188	-41.7680473327637	4.16390657424927	1029.21899414062	-33.9998359680176	-6.1793942451477	1029.30249023438	-14.7153329849243	10.375828742981	1023.56121826172	-32.1973724365234	-25.2104358673096	1028.0595703125	-18.1432437896729	-23.2371940612793	1039.44482421875	-8.19552040100098	-28.6748695373535	1041.38415527344	-8.42233085632324	-4.61988115310669	1032.01586914062
PRI-7378	-2.4822793006897	60.7531509399414	1150.068359375	-2.23614263534546	56.9670562744141	1143.42956542969	-2.49961423873901	47.0539245605469	1125.63269042969	-2.72885465621948	28.9593410491943	1106.42834472656	-2.87841534614563	26.9005374908447	1102.48950195312	-5.04861545562744	-53.7013282775879	1129.49475097656	-3.83449935913086	-34.5286636352539	1146.10021972656	-3.65558886528015	-18.9973449707031	1149.15063476562	-2.9460620880127	2.2504186630249	1136.28344726562	-2.7650785446167	15.85804271698	1145.57482910156	-2.69388389587402	46.7264976501465	1144.0537109375	7.20082092285156	56.0781555175781	1149.14416503906	7.73221397399902	54.840705871582	1149.23217773438	11.0571889877319	50.4696655273438	1150.61022949219	16.6151676177979	40.6263694763184	1152.06494140625	12.7601318359375	16.4873428344727	1152.2060546875	8.45959281921387	11.1278839111328	1149.89770507812	1.83868706226349	44.6996765136719	1127.65771484375	0.0991531237959862	27.4609794616699	1112.947265625	13.3599319458008	23.2675800323486	1103.58032226562	26.6671085357666	18.2652950286865	1110.53515625	38.4426765441895	2.62267756462097	1138.38269042969	30.7349643707275	-7.4919695854187	1136.89428710938	10.5017194747925	10.4840717315674	1131.7763671875	25.5330333709717	-24.1283931732178	1135.97827148438	12.8717784881592	-22.6910552978516	1147.01025390625	3.82465577125549	-28.770959854126	1148.58703613281	4.25663185119629	-4.30198192596436	1141.02404785156	-12.2664604187012	56.514705657959	1149.01977539062	-13.2761268615723	55.430492401123	1149.1796875	-15.6287403106689	50.4752578735352	1150.68859863281	-21.0643444061279	41.3924217224121	1151.77014160156	-18.6944046020508	16.7150039672852	1152.283203125	-13.9230012893677	10.9853658676147	1150.20092773438	-6.59424781799316	45.1761169433594	1127.236328125	-5.43397569656372	28.2934398651123	1113.08349609375	-18.6186828613281	25.1854133605957	1104.23010253906	-32.3020935058594	19.6789779663086	1111.38415527344	-44.2975616455078	4.2525634765625	1138.31408691406	-37.1968994140625	-5.52145195007324	1137.43127441406	-16.782341003418	11.1201000213623	1132.05578613281	-33.057731628418	-23.3596935272217	1136.15075683594	-20.2695941925049	-21.5998210906982	1147.12133789062	-11.5009288787842	-28.0404243469238	1148.48559570312	-9.6661434173584	-3.88963890075684	1139.86328125
PRI-7379	-0.0700657591223717	56.6363410949707	1213.14221191406	-0.318806797266006	54.1369018554688	1206.23852539062	-1.17576563358307	42.5602188110352	1185.48229980469	-1.82359087467194	24.4311771392822	1164.71630859375	-1.70188021659851	22.1128787994385	1160.63659667969	-4.7370548248291	-61.4261703491211	1186.62622070312	-3.66239643096924	-42.6695823669434	1202.99011230469	-3.83181428909302	-25.4098949432373	1206.51013183594	-2.54422235488892	-1.655930519104	1193.75756835938	-1.68361127376556	12.7026796340942	1205.10070800781	-0.941229343414307	44.3767166137695	1207.24279785156	8.11153411865234	53.0324401855469	1211.97485351562	9.58791351318359	50.3485870361328	1211.93017578125	11.9546737670898	45.0439186096191	1213.30651855469	16.2404117584229	35.6696929931641	1212.74926757812	12.7579660415649	11.1984844207764	1211.36352539062	9.8598690032959	6.65545415878296	1209.09375	4.06511783599854	42.7989768981934	1189.990234375	1.37972068786621	23.5025844573975	1170.69934082031	13.6950607299805	18.7681617736816	1161.77075195312	29.1645317077637	12.9497337341309	1172.95861816406	38.9809799194336	-3.37503576278687	1195.10803222656	32.2830505371094	-13.8617067337036	1195.38427734375	11.988450050354	8.57532119750977	1191.75842285156	26.1249198913574	-29.2037086486816	1192.77661132812	12.7981243133545	-28.4486865997314	1203.92028808594	4.1849193572998	-35.4485168457031	1206.40209960938	4.72776412963867	-8.97587013244629	1198.29284667969	-9.32339859008789	52.4018669128418	1212.7783203125	-11.5451202392578	50.4909133911133	1214.88317871094	-13.6785526275635	45.653003692627	1213.85693359375	NA	NA	NA	-17.1379737854004	11.6664123535156	1212.98315429688	-12.9168739318848	6.91369485855103	1210.51989746094	-5.98813819885254	42.755687713623	1189.33850097656	-4.39177751541138	23.8628463745117	1172.0625	-17.9436187744141	20.0761203765869	1163.55139160156	-33.4270858764648	14.9539747238159	1174.53833007812	-43.1740798950195	1.12642192840576	1196.30786132812	-37.8418083190918	-10.3764371871948	1196.93994140625	-15.703595161438	8.64739513397217	1192.96484375	-32.9855537414551	-27.162525177002	1194.05639648438	-19.5700454711914	-27.1954669952393	1205.06311035156	-11.2989864349365	-34.6980743408203	1206.45654296875	-9.89935493469238	-8.66462516784668	1199.31604003906
PRI-7381	NA	NA	NA	-1.14278185367584	55.3078918457031	1021.85772705078	-1.20588088035583	43.9325141906738	1000.53295898438	-0.505485355854034	17.1744842529297	974.420349121094	-0.422906547784805	13.7175741195679	969.391906738281	-0.319784104824066	-69.8762893676758	1004.32342529297	-1.11502516269684	-51.6275024414062	1019.70318603516	-2.02140069007874	-33.1777381896973	1022.48999023438	-1.28538513183594	-9.45395469665527	1006.08520507812	-1.14364373683929	5.16176843643188	1018.79211425781	-1.22876608371735	43.0262260437012	1023.77954101562	9.77609443664551	56.2834548950195	1029.47204589844	13.4297761917114	52.4139785766602	1029.15270996094	15.2306060791016	45.2681274414062	1031.1767578125	19.1614398956299	33.7808074951172	1030.76391601562	16.2208423614502	4.80436038970947	1030.42761230469	8.68852710723877	-0.7710040807724	1023.40924072266	4.81823110580444	41.8331451416016	1003.37274169922	2.52398753166199	17.5255374908447	981.788269042969	16.9795780181885	12.7788105010986	974.076293945312	31.8189678192139	8.27076435089111	984.570495605469	43.7839775085449	-4.70960712432861	1013.19055175781	34.3517951965332	-17.5942134857178	1013.37139892578	11.2769374847412	1.26016068458557	1004.47906494141	30.7084350585938	-35.9943084716797	1011.17596435547	15.4531526565552	-36.4573059082031	1019.76208496094	6.66867923736572	-42.6776351928711	1023.40075683594	5.53506898880005	-17.574348449707	1011.74676513672	-12.0188980102539	55.5733184814453	1029.73596191406	-14.830472946167	51.5911521911621	1030.76257324219	-16.3131427764893	44.821704864502	1031.84423828125	-21.2273597717285	32.7147216796875	1031.52563476562	-18.937931060791	4.52770709991455	1030.76171875	-12.1614551544189	-0.384271770715714	1023.27087402344	-6.44028091430664	41.7453269958496	1003.18780517578	-3.90548062324524	17.1588096618652	982.115844726562	-18.5863304138184	12.1165294647217	974.128356933594	-33.7007026672363	7.90495443344116	983.785766601562	NA	NA	NA	-37.0055770874023	-17.7315673828125	1013.16925048828	-15.730616569519	1.22279798984528	1005.57983398438	-32.9300117492676	-37.4880638122559	1010.48431396484	-18.2688045501709	-37.3928833007812	1020.35784912109	-8.60382080078125	-43.9664001464844	1022.61535644531	-8.72982406616211	-18.2244300842285	1011.96368408203
PRI-7382	-0.662034511566162	58.435001373291	1042.58996582031	-0.693185329437256	54.9071846008301	1035.57653808594	-0.806339383125305	44.7535934448242	1014.18005371094	0.217508181929588	18.0461864471436	989.547546386719	0.226130679249763	15.786431312561	984.649291992188	7.77914428710938	-70.8396911621094	1014.11785888672	5.76786851882935	-51.4871940612793	1033.5673828125	4.40053939819336	-34.7765159606934	1036.07983398438	2.78980135917664	-12.0564603805542	1024.26928710938	1.76144635677338	5.26010274887085	1033.50463867188	-0.52441018819809	43.9951705932617	1035.98767089844	9.49884414672852	53.8864059448242	1039.70495605469	11.3858489990234	50.3101997375488	1040.984375	15.6914806365967	44.0980262756348	1040.31701660156	NA	NA	NA	18.5741176605225	8.56816673278809	1043.79956054688	13.9008903503418	-0.233315244317055	1039.30590820312	4.71680641174316	41.9611396789551	1017.6044921875	3.45003271102905	17.5456256866455	998.55126953125	17.88649559021	14.405478477478	988.925598144531	35.0060234069824	10.621693611145	996.713195800781	49.2994689941406	-5.68297052383423	1022.27331542969	41.0841751098633	-16.1956615447998	1023.83135986328	17.6868534088135	1.98360764980316	1019.27575683594	37.4837646484375	-35.1319770812988	1020.95941162109	22.4030876159668	-35.6916542053223	1033.33837890625	13.1970777511597	-43.7925186157227	1035.36535644531	10.2897710800171	-17.3059349060059	1026.14501953125	-11.0534982681274	52.0523300170898	1039.81103515625	-13.6938219070435	48.0302963256836	1039.27014160156	-16.008228302002	41.4859809875488	1041.58898925781	NA	NA	NA	-14.5988416671753	5.64093685150146	1044.52026367188	-8.31074142456055	-1.48011481761932	1039.22973632812	-5.53085470199585	41.907299041748	1018.40270996094	-2.7288818359375	17.851900100708	999.608032226562	-15.7436580657959	12.7275266647339	988.946594238281	-32.4126396179199	5.37629652023315	997.798461914062	-42.7083969116211	-13.1953887939453	1023.240234375	-33.1558380126953	-21.4248828887939	1025.24475097656	-13.4340686798096	-0.635255396366119	1018.51904296875	-27.7517375946045	-40.2126998901367	1021.84753417969	-11.7711658477783	-38.4854278564453	1033.55236816406	-2.02454996109009	-45.282112121582	1035.47229003906	-3.25693964958191	-18.466968536377	1026.28039550781
PRI-7383	-0.924945175647736	59.2501907348633	1208.83068847656	-1.33665978908539	54.4925804138184	1199.77368164062	NA	NA	NA	-3.36505222320557	26.2947254180908	1157.33532714844	-3.50609445571899	23.6260757446289	1152.67370605469	-6.58024168014526	-60.2413597106934	1187.626953125	-5.04539203643799	-40.8614807128906	1202.47192382812	-4.52544784545898	-22.8790340423584	1205.11279296875	-4.14847612380981	-2.16655588150024	1191.38195800781	-3.29339146614075	11.0079517364502	1201.23571777344	-1.73421096801758	46.2241706848145	1202.5859375	9.3093147277832	52.9666290283203	1207.7939453125	9.95927143096924	51.6778106689453	1207.79675292969	13.0227928161621	47.2216911315918	1207.84338378906	17.2148208618164	37.1419410705566	1208.43774414062	13.1343488693237	11.0014553070068	1209.24560546875	7.63020133972168	5.43327903747559	1205.30786132812	1.9380077123642	42.7805328369141	1183.14208984375	-0.531974971294403	24.8039951324463	1165.205078125	12.6909523010254	20.0074443817139	1156.07580566406	28.3071193695068	13.758770942688	1164.54895019531	39.7330055236816	-2.73468637466431	1191.06994628906	31.7326850891113	-13.0781717300415	1190.4111328125	10.7408504486084	5.84081602096558	1185.75170898438	24.9286499023438	-29.365198135376	1189.55456542969	13.0426254272461	-26.3626575469971	1202.31164550781	3.24832224845886	-32.7032699584961	1205.37780761719	3.8353111743927	-9.18441772460938	1195.47875976562	-12.1326026916504	53.6250534057617	1207.39001464844	-13.3043985366821	51.9680099487305	1207.59399414062	-16.3952369689941	47.735595703125	1208.60693359375	-20.5763168334961	37.2665405273438	1209.75170898438	-18.4034881591797	11.9609422683716	1209.81469726562	-14.6323595046997	6.0771689414978	1206.27893066406	-7.26485013961792	43.3753547668457	1183.91833496094	-5.94329833984375	25.5917434692383	1165.88647460938	-18.7468414306641	22.3171272277832	1156.29626464844	-35.7851028442383	15.4633979797363	1166.72631835938	-48.6749649047851	-1.73626232147217	1195.10290527344	-39.7344245910645	-10.6070022583008	1193.42602539062	-18.1441478729248	7.30933237075806	1187.0673828125	-35.7937431335449	-27.4141998291016	1192.00329589844	-22.020544052124	-25.6129779815674	1203.81640625	-12.756875038147	-32.5171089172363	1205.53076171875	-11.866774559021	-9.78715229034424	1197.2138671875
PRI-7384	NA	NA	NA	4.45620822906494	62.0027160644531	1184.63586425781	3.05988788604736	47.175537109375	1164.68737792969	3.14759087562561	22.1744575500488	1142.93237304688	2.64243721961975	18.1122703552246	1138.65405273438	-4.68616437911987	-60.029224395752	1178.96948242188	-3.70139908790588	-37.5040893554688	1195.58129882812	-3.07705736160278	-22.2794322967529	1196.37622070312	-0.073945976793766	-2.91006851196289	1178.82397460938	0.0289655346423388	14.669750213623	1190.53735351562	3.09018659591675	53.5722122192383	1188.20166015625	NA	NA	NA	14.471155166626	63.2506904602051	1192.00476074219	17.4886245727539	56.6416130065918	1195.20263671875	21.3011207580566	44.9613723754883	1197.95642089844	18.5748424530029	19.5918369293213	1202.58642578125	12.1823034286499	9.68932437896729	1196.16320800781	7.61361837387085	45.6619873046875	1168.13598632812	6.17654371261597	22.4558181762695	1152.02966308594	19.128604888916	15.0476484298706	1142.77062988281	34.4934310913086	9.22598457336426	1153.78588867188	44.4507064819336	-2.43441009521484	1183.38671875	37.3255462646484	-9.57830333709717	1184.46960449219	13.3787212371826	8.40626335144043	1175.35412597656	28.6619567871094	-29.617073059082	1185.2939453125	14.7416296005249	-25.96728515625	1196.26110839844	2.67260408401489	-32.3797950744629	1197.61962890625	6.70287561416626	-8.33773612976074	1184.103515625	-7.4864912033081	63.9032440185547	1190.38781738281	-11.3541240692139	62.2926979064941	1191.44921875	-14.3921947479248	55.3325042724609	1193.26501464844	NA	NA	NA	-16.8339900970459	19.035982131958	1200.36633300781	-11.5135898590088	8.52815628051758	1196.08081054688	-2.26968669891357	46.345100402832	1168.13208007812	-0.753820300102234	21.9689121246338	1151.16198730469	-14.033688545227	17.8411502838135	1142.6533203125	-31.1180839538574	13.928108215332	1152.9765625	-43.0162506103516	4.34942054748535	1178.62109375	-37.727897644043	-4.39832735061646	1179.48706054688	-12.5946531295776	9.52960777282715	1176.75549316406	-33.7943344116211	-26.3887557983398	1180.37426757812	-18.9641189575195	-23.3801307678223	1191.44396972656	-10.5426397323608	-31.3099403381348	1196.41284179688	-9.66949081420898	-10.1974353790283	1184.99682617188
PRI-7385	-1.0952262878418	63.5852470397949	1042.26403808594	-0.766741871833801	58.1543388366699	1034.76953125	-0.931663274765015	47.4762001037598	1014.78698730469	-0.494058281183243	19.5099277496338	992.344543457031	-0.255100786685944	16.2554759979248	987.0556640625	1.03957784175873	-64.1258010864258	1019.01507568359	1.94594728946686	-45.3474578857422	1037.88000488281	0.770276606082916	-30.6501998901367	1039.58483886719	0.616029858589172	-8.3175745010376	1025.48669433594	1.02022075653076	9.39617538452148	1036.91760253906	-0.379011482000351	50.5357818603516	1038.3017578125	9.4250078201294	58.8616981506348	1040.66394042969	11.466311454773	57.274715423584	1038.82019042969	16.2324733734131	48.7398109436035	1040.93786621094	21.3200435638428	38.4219360351562	1044.52294921875	19.8177680969238	11.7034854888916	1045.50756835938	12.9229221343994	3.68972229957581	1041.09545898438	3.91124629974365	44.1493034362793	1016.37420654297	2.69652533531189	19.987232208252	1000.48657226562	18.4160385131836	12.7518310546875	989.421997070312	34.072151184082	6.81449317932129	1001.74322509766	43.2902183532715	-3.86087012290955	1026.08483886719	35.7920036315918	-13.9520998001099	1024.85424804688	14.8439254760742	3.13871765136719	1021.26983642578	32.6640167236328	-32.6878967285156	1023.67901611328	17.8830299377441	-32.3515548706055	1036.81860351562	9.30839443206787	-40.9408493041992	1039.740234375	8.82198619842529	-12.0505332946777	1029.20080566406	-10.3418750762939	57.8019676208496	1041.54321289062	-10.7726402282715	56.8842468261719	1041.51245117188	-14.9642038345337	47.2651519775391	1043.19470214844	-18.2479400634766	35.9118194580078	1046.59326171875	-17.1409873962402	10.303858757019	1047.57690429688	-10.6736278533936	3.25721478462219	1042.0361328125	-6.33263397216797	44.3847427368164	1017.60192871094	-3.22634291648865	19.3754844665527	1000.33551025391	-17.5472946166992	13.3047590255737	990.303833007812	-33.1552124023438	5.27688646316528	1004.01098632812	-40.3057098388672	-6.71128559112549	1030.49645996094	-33.0068435668945	-15.9889068603516	1027.66577148438	-13.5415105819702	2.1121928691864	1021.82415771484	-30.1833839416504	-33.9927940368652	1026.18811035156	-15.7156610488892	-34.373836517334	1038.81823730469	-5.91714239120483	-41.2730331420898	1040.474609375	-6.86294889450073	-12.9160108566284	1029.88842773438
PRI-7386	-1.95735585689545	63.2228507995605	1229.37756347656	-2.15376853942871	59.6436157226562	1224.9814453125	-2.58505702018738	47.1171722412109	1205.328125	-2.61124062538147	23.8461399078369	1183.06457519531	-2.36426734924316	20.532901763916	1178.22717285156	-7.16564083099365	-64.167106628418	1201.92639160156	-6.55723476409912	-47.3201713562012	1224.77233886719	-6.22450733184814	-32.2024192810059	1227.89636230469	-4.61292791366577	-6.46522760391235	1214.65771484375	-3.81121921539307	9.59591674804688	1227.33288574219	-2.77649807929993	47.6713447570801	1227.43493652344	9.80391311645508	58.3373107910156	1230.71472167969	12.1456775665283	55.9278755187988	1231.74816894531	15.2267589569092	49.3162994384766	1232.71875	NA	NA	NA	14.1935691833496	10.4942321777344	1235.43383789062	7.978111743927	4.00813913345337	1232.17150878906	4.24800491333008	46.0490570068359	1208.86950683594	0.629508912563324	23.3137130737305	1189.67736816406	16.4991321563721	17.7940464019775	1181.63269042969	33.1012344360352	9.78744792938232	1192.81640625	40.3781585693359	-5.49743366241455	1219.6982421875	30.8355903625488	-15.5819482803345	1217.05639648438	10.6958122253418	3.13824701309204	1211.47729492188	23.9011363983154	-34.0964050292969	1213.50695800781	12.4520769119263	-34.569751739502	1225.3466796875	1.62408125400543	-41.7281799316406	1228.796875	2.67893290519714	-13.5865983963013	1219.40515136719	-12.7845554351807	59.063777923584	1231.35388183594	-15.507152557373	56.996997833252	1232.75659179688	-18.8237018585205	50.2642707824707	1233.58337402344	-22.6497592926025	39.8503952026367	1235.82287597656	-20.7729377746582	12.0833778381348	1236.564453125	-15.1469287872314	5.72957038879395	1231.64245605469	-8.72402000427246	46.1494255065918	1208.55383300781	-5.9898509979248	23.4757785797119	1190.21862792969	-20.8554172515869	19.7633228302002	1180.85168457031	-38.982982635498	12.6667909622192	1191.80676269531	-48.7695121765137	-4.37400484085083	1218.41296386719	-39.9403991699219	-12.4113140106201	1215.37084960938	-19.6003074645996	4.39912557601929	1211.17907714844	-35.6403198242188	-32.0060501098633	1212.62512207031	-24.1802425384521	-32.9718437194824	1224.94116210938	-13.2511529922485	-41.4875030517578	1227.806640625	-12.7458505630493	-13.5827522277832	1219.25378417969
PRI-7387	-0.782073438167572	62.3152503967285	1240.12951660156	-0.53662371635437	57.820068359375	1231.33825683594	-0.81780332326889	47.8816375732422	1209.59777832031	-1.56584346294403	26.9144058227539	1186.15466308594	-1.53288578987122	24.6587581634521	1182.07543945312	-6.6522798538208	-61.4944229125977	1200.03491210938	-5.85881853103638	-46.6745491027832	1219.880859375	-5.3223819732666	-30.243371963501	1226.70275878906	-4.12598896026611	-4.80046319961548	1213.197265625	-3.77830195426941	9.31815433502197	1229.18444824219	-1.5634446144104	46.2484550476074	1232.14099121094	9.01715660095215	58.5288009643555	1238.44653320312	11.8162574768066	53.899299621582	1238.36181640625	14.6918640136719	46.0146408081055	1237.11950683594	NA	NA	NA	13.3704328536987	8.56680488586426	1238.50634765625	7.16664791107178	3.05051493644714	1232.1845703125	4.43979787826538	45.0265502929688	1213.20495605469	1.46372759342194	25.6084957122803	1193.65710449219	15.9529056549072	20.8666343688965	1184.82592773438	29.9508457183838	13.1085796356201	1194.26330566406	38.4416885375977	-3.7295413017273	1218.89172363281	32.0815849304199	-13.4956045150757	1217.48754882812	10.9315814971924	3.860431432724	1213.00280761719	23.6021614074707	-34.0290870666504	1212.22998046875	11.0250873565674	-34.1236991882324	1224.04406738281	2.21091294288635	-39.9505195617676	1225.83813476562	2.4806056022644	-15.8352251052856	1219.85070800781	-10.5712366104126	59.1379318237305	1237.98474121094	-14.645339012146	55.3899230957031	1238.09216308594	-16.7933464050293	48.4467277526855	1238.25634765625	NA	NA	NA	-20.2509860992432	10.61985206604	1237.59924316406	-15.5427951812744	3.5294759273529	1231.27258300781	-6.72077035903931	46.1428642272949	1213.07836914062	-4.54653882980347	26.2643718719482	1193.33056640625	-20.0312385559082	23.1521053314209	1185.80603027344	-34.7511863708496	15.3677415847778	1193.47314453125	-47.0210418701172	-0.0304938536137342	1216.95043945312	-40.0739440917969	-11.206768989563	1216.62622070312	-19.0048789978027	5.46257162094116	1212.697265625	-34.9218215942383	-30.9572830200195	1211.44921875	-22.8353595733643	-32.7894630432129	1224.02673339844	-13.539701461792	-39.451473236084	1224.99609375	-11.9495468139648	-13.7243700027466	1218.50305175781
PRI-7388	0.418708741664886	52.2594146728516	1290.50451660156	0.205418437719345	47.150333404541	1283.56640625	NA	NA	NA	-1.39709985256195	18.7857475280762	1243.02966308594	-1.57657837867737	16.1477222442627	1238.68518066406	-6.62961292266846	-60.9231452941895	1273.7236328125	-5.928786277771	-43.6871109008789	1286.63024902344	-5.08703374862671	-27.2714862823486	1288.453125	-3.33017778396606	-6.86652898788452	1275.99206542969	-2.36535382270813	6.5149621963501	1283.8173828125	-0.41669225692749	38.9952812194824	1285.25537109375	9.73896503448486	48.3803977966309	1290.79382324219	10.7215919494629	46.5008277893066	1290.89990234375	13.3474969863892	42.3364753723145	1290.96997070312	16.3286533355713	32.7126541137695	1292.63610839844	13.3951091766357	8.23321533203125	1292.5478515625	8.38672161102295	0.604761898517609	1290.11730957031	4.78516292572021	34.9105072021484	1267.17980957031	1.70341968536377	17.3226108551025	1250.35083007812	14.8648204803467	11.3641986846924	1243.01916503906	29.5959911346436	2.58734226226807	1253.22631835938	37.6487350463867	-10.7244415283203	1278.48291015625	30.1833972930908	-17.3338470458984	1275.95544433594	10.6021499633789	2.05622601509094	1274.02905273438	23.8547096252441	-33.555908203125	1276.06164550781	11.6228113174438	-29.7108211517334	1287.3720703125	1.08086490631104	-34.5434494018555	1290.14221191406	3.00877618789673	-14.021050453186	1280.46984863281	-9.28330993652344	48.3731269836426	1290.70031738281	-10.0978088378906	47.6127624511719	1290.89196777344	-13.2916269302368	43.4970703125	1291.37438964844	-17.5303211212158	34.1305961608887	1292.43103027344	-18.7031326293945	9.62826538085938	1292.1728515625	-13.812252998352	1.41663026809692	1289.64074707031	-5.81872224807739	36.8649406433105	1267.71997070312	-4.88603687286377	17.4028930664062	1250.50720214844	-17.5902004241943	14.4729118347168	1242.87475585938	-33.9092674255371	7.34175443649292	1249.92272949219	-43.9328269958496	-5.30995941162109	1278.60632324219	-36.8325004577637	-11.720947265625	1276.48327636719	-17.0336837768555	3.3216712474823	1273.50219726562	-33.8932876586914	-29.0014400482178	1275.91979980469	-19.6740779876709	-28.4808940887451	1287.16772460938	-11.7178382873535	-34.873664855957	1289.30651855469	-10.4063415527344	-13.1451654434204	1279.69299316406
PRI-7389	-0.522136986255646	64.4647598266602	1283.90979003906	-1.28014063835144	60.2812156677246	1274.74719238281	-3.29953551292419	47.6610336303711	1253.28723144531	-6.14031076431274	21.8960380554199	1229.78747558594	-6.71808242797852	18.5535469055176	1225.24853515625	-8.79727363586426	-68.1796493530273	1253.73840332031	-5.88804244995117	-50.2121925354004	1275.07299804688	-5.269690990448	-33.0671920776367	1279.02526855469	-4.89117240905762	-7.66231536865234	1263.58715820312	-3.52425599098206	8.21553325653076	1274.17492675781	-1.25899577140808	49.8334884643555	1277.46398925781	11.1881647109985	59.2002487182617	1281.25610351562	13.4765691757202	56.7835159301758	1281.51110839844	16.5997219085693	49.1890602111816	1283.61254882812	17.5395603179932	37.0884552001953	1284.35559082031	13.5815553665161	10.5722732543945	1283.20288085938	8.36977958679199	4.15280961990356	1279.23852539062	2.56288647651672	45.8814086914062	1255.67199707031	-2.19868230819702	20.5093460083008	1236.69213867188	13.0404644012451	15.3349962234497	1226.35021972656	31.4626541137695	6.85504817962646	1235.02893066406	43.1853103637695	-8.91778373718262	1262.62963867188	32.8973197937012	-18.8221073150635	1263.68420410156	10.656174659729	3.29368853569031	1259.39929199219	26.6304893493652	-38.9646186828613	1259.97094726562	13.1633424758911	-37.6272773742676	1273.79443359375	2.98319554328918	-44.5184211730957	1278.173828125	3.67106866836548	-17.3625259399414	1269.29736328125	-12.7342691421509	59.7508850097656	1282.75317382812	-15.8429040908813	57.9975357055664	1283.12231445312	-18.4756908416748	49.5603675842285	1285.2958984375	-20.2008457183838	37.8998184204102	1287.42846679688	-17.8805236816406	10.7320117950439	1286.18725585938	-14.000599861145	4.46705436706543	1281.60498046875	-9.52284526824951	46.5746383666992	1257.48791503906	-9.05225467681885	21.4885368347168	1236.81787109375	-25.6326599121094	17.7752494812012	1228.91784667969	-43.7800559997559	10.8147830963135	1242.06616210938	-51.4013595581055	-3.78119444847107	1269.5263671875	-42.1170921325684	-15.7782011032104	1269.28454589844	-18.9362411499023	4.40772819519043	1261.08178710938	-39.9698448181152	-36.8942070007324	1263.75537109375	-25.0000743865967	-36.3267593383789	1276.04089355469	-13.2388229370117	-44.0879936218262	1279.03991699219	-13.1849355697632	-16.5683517456055	1270.86987304688
PRI-7390	0.534055650234222	57.3144264221191	1040.66125488281	0.361136347055435	54.1694717407227	1035.14001464844	-0.57251638174057	43.8110275268555	1017.10357666016	-0.844687223434448	27.5169639587402	998.136352539062	-1.11078929901123	24.9211330413818	994.294860839844	-2.38044142723083	-54.1812896728516	1021.67785644531	-2.3847804069519	-36.9831504821777	1037.81518554688	-2.4853310585022	-21.5859851837158	1040.78771972656	-1.24243915081024	0.0473322495818138	1028.6806640625	-0.607788264751434	13.5699939727783	1036.44665527344	-0.120795451104641	45.9129104614258	1037.21667480469	9.3747501373291	52.3961639404297	1038.73327636719	9.96763324737549	51.1032981872559	1038.80908203125	12.7505111694336	47.0857086181641	1040.25524902344	17.2419090270996	36.4721260070801	1042.34729003906	14.1027793884277	11.8549499511719	1043.82360839844	10.6488065719604	8.01949787139893	1041.55676269531	3.2512321472168	41.9881019592285	1019.02697753906	1.88132262229919	25.8801975250244	1005.05780029297	14.0500621795654	22.2265739440918	995.198791503906	28.5561256408691	16.5299453735352	1003.54626464844	38.7680702209473	0.531933546066284	1027.81225585938	31.9928607940674	-8.80463695526123	1028.65808105469	12.5489282608032	10.8763370513916	1024.59155273438	27.898796081543	-24.7554931640625	1026.25219726562	14.6923055648804	-24.3094463348389	1037.99450683594	5.02502155303955	-30.2058734893799	1040.78369140625	5.96206140518188	-4.79502296447754	1032.40307617188	-8.84987831115723	52.8069229125977	1039.76489257812	-9.76194667816162	52.2091217041016	1039.88513183594	-12.5456790924072	47.7124710083008	1040.80212402344	-17.1711139678955	37.5955963134766	1043.48974609375	-14.5100994110107	12.5170383453369	1043.83935546875	-11.3860540390015	8.24380588531494	1042.49047851562	-4.53603982925415	42.6553573608398	1019.8095703125	-3.36193776130676	26.5801887512207	1005.20611572266	-15.8595848083496	22.6826648712158	996.435119628906	-31.7429866790771	18.7325553894043	1007.380859375	-41.7201042175293	3.07543420791626	1029.35241699219	-35.6415519714355	-7.23387765884399	1029.21411132812	-13.7680292129517	11.0609273910522	1025.24169921875	-32.094913482666	-22.6823902130127	1026.5205078125	-18.8569316864014	-24.362476348877	1038.248046875	-9.61942863464356	-30.2392177581787	1039.53515625	-9.21788024902344	-5.83951663970947	1033.35461425781
PRI-7391	-0.67813515663147	66.1046905517578	1271.19506835938	-1.34361279010773	60.4806938171387	1261.92932128906	-3.9970817565918	45.1720428466797	1239.99169921875	-6.81487035751343	18.801456451416	1218.50280761719	-7.23887348175049	14.6546077728271	1212.78527832031	-11.3702840805054	-68.6218490600586	1244.65515136719	-8.31138610839844	-48.4932670593262	1261.94812011719	-6.83971738815308	-31.7494716644287	1263.95959472656	-5.54540109634399	-7.4073748588562	1250.32543945312	-3.69079899787903	9.3691873550415	1262.32897949219	-1.82526469230652	49.4229354858398	1264.78479003906	10.1487741470337	60.4959144592285	1268.46374511719	11.6729793548584	56.9966773986816	1269.12316894531	14.8777627944946	48.5098152160645	1270.45178222656	17.3447208404541	36.8714141845703	1271.95422363281	13.8831977844238	11.7402009963989	1271.37902832031	7.55533409118652	2.49908494949341	1266.62841796875	0.904664158821106	44.0455551147461	1243.07446289062	-2.55308437347412	17.3654594421387	1224.96142578125	13.4777307510376	9.31967163085938	1215.44348144531	29.4064292907715	3.45131826400757	1224.69982910156	38.713005065918	-7.25289869308472	1251.33410644531	29.2820777893066	-18.5477848052979	1251.35327148438	7.89146041870117	3.17743968963623	1247.6220703125	23.3329753875732	-37.2891807556152	1249.63330078125	10.0334014892578	-36.0029678344727	1262.09265136719	-0.269742131233215	-41.4492607116699	1264.51318359375	1.33633518218994	-15.2242622375488	1255.44506835938	-12.1628828048706	60.5028762817383	1270.45727539062	-14.0990562438965	58.7401580810547	1270.41857910156	-17.4243125915527	49.8613929748535	1273.068359375	-21.0870933532715	38.329273223877	1274.54272460938	-19.789098739624	13.2213907241821	1273.61682128906	-14.386715888977	3.88012218475342	1268.22338867188	-8.86810207366943	44.9470176696777	1243.96081542969	-10.5099821090698	17.4482288360596	1224.58654785156	-26.0094032287598	12.7435655593872	1217.35327148438	-42.9941711425781	8.13078594207764	1229.89709472656	-49.6100082397461	-0.926354765892029	1258.23364257812	-41.9736442565918	-13.2786197662354	1256.44506835938	-18.8433303833008	5.06844806671143	1249.982421875	-40.0405807495117	-33.0468902587891	1254.13586425781	-22.3986492156982	-33.906192779541	1264.33569335938	-14.6814613342285	-41.2034187316895	1265.31066894531	-12.9790697097778	-14.2606792449951	1256.42712402344
PRI-7392	-2.83784627914429	56.6191139221191	1273.18151855469	-2.73645424842834	53.8806838989258	1264.9853515625	-3.52509307861328	43.7087669372559	1244.58203125	-3.29776120185852	24.029390335083	1225.02258300781	-3.40488028526306	21.4758033752441	1220.31079101562	-9.96648597717285	-57.8018074035645	1244.20886230469	-9.19539070129395	-41.3866233825684	1261.00305175781	-8.49024295806885	-25.9249515533447	1264.50732421875	-6.15175580978394	-1.99788212776184	1252.72143554688	-5.44041585922241	9.47332763671875	1262.59851074219	-3.79195261001587	45.0232696533203	1265.74609375	NA	NA	NA	7.7072229385376	49.343692779541	1269.39465332031	9.60638427734375	45.0200042724609	1272.06958007812	12.7431335449219	34.9578514099121	1272.89074707031	10.037802696228	10.2764530181885	1271.15002441406	4.6386251449585	3.70877289772034	1267.20068359375	1.48756146430969	41.8528327941895	1247.21081542969	-0.835533142089844	23.5174884796143	1232.2333984375	13.6395559310913	17.1385555267334	1223.60009765625	26.9787292480469	10.2702054977417	1232.49133300781	32.9287605285645	-2.78894281387329	1255.4013671875	25.3372898101807	-13.2652854919434	1252.55871582031	6.12348890304565	5.46885251998901	1250.82922363281	20.4575080871582	-29.4879341125488	1250.86694335938	7.41927719116211	-30.5380153656006	1261.42749023438	-2.28236055374146	-36.5134353637695	1263.14770507812	-0.0809459611773491	-10.9241142272949	1257.30725097656	-13.0938377380371	51.8817024230957	1271.21704101562	-14.4540529251099	50.8425636291504	1271.35461425781	-17.419994354248	46.1962814331055	1272.14855957031	-21.5978355407715	36.1254615783691	1271.62414550781	-21.1539936065674	12.1407155990601	1270.18701171875	-16.4519901275635	5.39001274108887	1266.37585449219	-8.50713634490967	43.456470489502	1247.81127929688	-6.97727060317993	22.906343460083	1232.21166992188	-20.6105804443359	20.8215999603271	1221.99890136719	-36.2248573303223	14.48011302948	1232.60217285156	-44.8684692382812	1.27349102497101	1253.91381835938	-39.2073135375977	-9.13292694091797	1252.00598144531	-18.6372108459473	8.07244110107422	1250.93347167969	-36.6493606567383	-24.7572212219238	1250.18420410156	-24.2691402435303	-28.1398105621338	1261.68969726562	-16.1918869018555	-35.4302520751953	1262.79077148438	-14.1092290878296	-10.6580629348755	1257.15234375
PRI-7393	-2.39647722244263	53.1558074951172	1280.66906738281	-2.96119737625122	51.9981536865234	1271.67895507812	NA	NA	NA	-7.10815143585205	24.0170383453369	1226.51220703125	-7.55592203140259	22.0773372650146	1221.33984375	-11.4773035049438	-61.854133605957	1237.2978515625	-9.04198360443115	-47.5092506408691	1259.88293457031	-8.03135967254639	-31.3639392852783	1265.52319335938	-6.68474578857422	-6.14229536056519	1254.96618652344	-5.76324272155762	7.01178741455078	1265.53161621094	-3.8101749420166	42.9193382263184	1271.36315917969	6.99939393997192	48.5703506469727	1277.02709960938	7.82928276062012	47.3194923400879	1276.84765625	10.2535400390625	42.7558441162109	1275.63928222656	NA	NA	NA	10.930627822876	5.40839672088623	1273.48388671875	4.46336460113525	0.522559285163879	1269.28637695312	0.437324374914169	43.0759963989258	1253.57861328125	-3.67358493804932	21.5853843688965	1232.763671875	7.89028549194336	18.3133583068848	1223.03698730469	24.3347187042236	10.2228355407715	1231.22314453125	34.4371223449707	-8.08106994628906	1253.58410644531	27.402530670166	-19.3142414093018	1253.64953613281	8.72383117675781	3.20087385177612	1250.32971191406	20.9852180480957	-35.2773933410645	1249.48291015625	8.75642776489258	-35.6313667297363	1263.11950683594	-1.33539295196533	-42.7688674926758	1263.83215332031	0.103568606078625	-14.9239273071289	1258.86315917969	-12.708909034729	48.0530738830566	1277.93115234375	-13.7462882995605	47.076717376709	1278.30920410156	-16.2875099182129	41.9674263000488	1277.76977539062	-21.0172481536865	31.1351661682129	1278.01647949219	-20.3215103149414	6.2749433517456	1275.33056640625	-15.617190361023	0.681261420249939	1270.87951660156	-9.94302082061768	42.946159362793	1253.94213867188	-9.86784076690674	22.2714824676514	1232.91003417969	-22.8152408599854	20.0011672973633	1224.73205566406	-38.6615371704102	14.241307258606	1235.95581054688	-47.9322891235352	-3.20101284980774	1258.23852539062	-41.5209655761719	-14.7527961730957	1257.65625	-21.379732131958	4.55292129516602	1251.97802734375	-39.1387367248535	-32.5053367614746	1252.62023925781	-24.5196971893311	-32.7159080505371	1263.64221191406	-16.03297996521	-41.253231048584	1264.6416015625	-13.2910490036011	-14.5699920654297	1259.45678710938
PRI-7670	-1.17767107486725	-23.5086002349854	1044.74829101562	-1.01440322399139	-16.8518886566162	1040.17419433594	-1.27904713153839	0.668206810951233	1029.95349121094	-2.26430082321167	21.6294479370117	1011.05065917969	-2.35685777664185	25.5356388092041	1008.46960449219	-0.645637810230255	-8.99009227752686	932.635009765625	0.061137780547142	-21.657133102417	950.763122558594	-0.574702084064484	-24.3675975799561	966.319274902344	-1.14299976825714	-9.50753879547119	988.355834960938	-1.3088606595993	-18.5962390899658	1000.98779296875	-1.24131071567535	-19.0516414642334	1031.79187011719	8.09757995605469	-23.0799541473389	1039.44201660156	9.84694004058838	-23.2996578216553	1038.12182617188	12.6736974716187	-25.1420631408691	1033.89135742188	16.249755859375	-26.5240840911865	1024.13073730469	13.5975189208984	-25.7144241333008	999.529113769531	8.99922180175781	-22.5559310913086	996.640258789062	4.0566873550415	-3.73397064208984	1029.37951660156	0.91678375005722	13.7761917114258	1010.52655029297	13.0913667678833	24.5277576446533	1006.67456054688	26.6323204040527	16.598970413208	1001.12213134766	39.9911880493164	-8.67394638061523	993.426513671875	34.1203842163086	-10.987961769104	979.843322753906	12.8043727874756	-4.70442581176758	997.1064453125	28.4642333984375	-9.91278743743896	961.775756835938	14.2672128677368	-21.4673919677734	962.979248046875	7.08589506149292	-23.832088470459	957.619323730469	5.67939758300781	-15.6148071289062	981.468811035156	-10.230996131897	-22.9146480560303	1039.22534179688	-11.8835964202881	-23.72487449646	1037.28942871094	-14.4751224517822	-24.86354637146	1033.46166992188	-18.0694465637207	-26.8737468719482	1023.18927001953	-14.856032371521	-27.3412342071533	998.260009765625	-11.4225244522095	-22.6963138580322	994.833251953125	-6.09562826156616	-3.18750524520874	1029.30102539062	-4.61352062225342	12.8470211029053	1010.67864990234	-16.824182510376	24.0001354217529	1006.47430419922	-30.3217639923096	14.1574726104736	999.094421386719	-41.6638298034668	-11.7870216369629	991.804992675781	-35.3841972351074	-13.9936752319336	978.34375	-15.6408233642578	-5.30866241455078	996.87744140625	-30.3708896636963	-11.2113256454468	960.07861328125	-15.663836479187	-22.5202560424805	962.768005371094	-7.32583999633789	-24.0730838775635	957.409118652344	-7.19796180725098	-16.1067218780518	980.749328613281
PRI-7671	120.509834289551	46.9498481750488	894.841613769531	120.709060668945	41.7539978027344	900.898193359375	NA	NA	NA	120.43677520752	7.41605377197266	939.236938476562	120.471351623535	3.84411549568176	942.965393066406	124.566276550293	-67.6019058227539	900.565368652344	124.132392883301	-47.9091835021973	889.31787109375	123.331802368164	-31.7914543151855	889.357604980469	121.908424377441	-9.98732376098633	905.677062988281	121.969314575195	3.32117390632629	896.747314453125	121.026191711426	34.4580345153809	897.84130859375	112.655044555664	43.862190246582	894.420654296875	109.799140930176	41.5612106323242	893.937683105469	106.89249420166	38.0811042785645	892.677795410156	103.007461547852	28.3327159881592	891.229431152344	105.849761962891	3.34107398986816	888.8974609375	110.345397949219	-2.1394829750061	891.298645019531	NA	NA	NA	118.384757995605	8.19173049926758	932.557495117188	107.030906677246	1.72794830799103	940.729248046875	92.6101303100586	-2.33687472343445	929.886840820312	82.3256454467773	-11.1653871536255	905.59716796875	88.629150390625	-20.8265113830566	901.491821289062	108.971199035645	-3.30540323257446	911.649108886719	95.5194778442383	-37.4829711914062	900.128356933594	108.900260925293	-34.9585380554199	890.588195800781	116.187568664551	-39.8381385803223	887.997009277344	115.449806213379	-18.25710105896	899.603271484375	129.664047241211	43.1594314575195	895.017456054688	131.737503051758	41.7455291748047	894.527221679688	NA	NA	NA	139.185333251953	27.8838348388672	890.899658203125	138.104125976562	3.53853130340576	889.090576171875	133.668106079102	-2.63271975517273	891.687866210938	NA	NA	NA	122.957489013672	8.59847164154053	931.9580078125	134.021118164062	1.71825683116913	941.304748535156	149.417449951172	0.0127778025344014	930.184204101562	160.138320922852	-10.6915807723999	906.7431640625	157.294128417969	-18.7767753601074	903.056274414062	134.428375244141	-3.02625870704651	911.67822265625	150.870361328125	-36.635425567627	902.187316894531	137.853790283203	-34.0981483459473	891.609802246094	131.358947753906	-39.3860778808594	888.841918945312	129.196975708008	-18.3905944824219	900.245727539062
PRI-7672	125.883918762207	57.723949432373	882.7958984375	125.791984558105	52.0867538452148	888.387451171875	125.826263427734	40.7406196594238	907.477600097656	125.549682617188	15.3145608901978	931.793701171875	125.485572814941	11.069935798645	936.398010253906	131.329025268555	-66.5643997192383	901.837707519531	129.350448608398	-48.8232078552246	884.130004882812	129.310256958008	-32.2156372070312	881.763366699219	128.073608398438	-8.04048347473145	897.797729492188	127.663749694824	4.81295204162598	887.250366210938	126.56468963623	41.8601684570312	884.992492675781	115.278221130371	52.4231452941895	882.939086914062	111.861328125	49.506404876709	881.404724121094	108.209381103516	43.360652923584	878.694274902344	106.31201171875	31.9874362945557	876.953308105469	110.142860412598	6.53907680511475	876.704772949219	116.571113586426	0.215546861290932	881.272216796875	119.742240905762	39.5924453735352	904.557678222656	122.393562316895	14.8127088546753	923.373657226562	109.799240112305	9.1872615814209	932.91259765625	95.5283432006836	1.65109813213348	924.039123535156	84.263542175293	-10.5591650009155	895.472106933594	90.6626205444336	-19.5254364013672	894.123229980469	112.731567382812	0.168093666434288	902.559265136719	98.9979629516602	-37.9833946228027	896.272766113281	112.809432983398	-35.8820152282715	884.457580566406	122.49080657959	-41.2930107116699	882.032958984375	121.761756896973	-16.6953563690186	891.817321777344	136.698532104492	52.0914993286133	883.453979492188	140.482681274414	48.737476348877	881.385803222656	144.112426757812	43.3682136535645	879.749267578125	147.023559570312	32.3798637390137	877.846923828125	145.418380737305	7.00025415420532	876.821166992188	138.738296508789	0.242287129163742	881.244018554688	130.690902709961	38.8949203491211	904.749694824219	128.795623779297	15.3202590942383	923.361572265625	141.091125488281	12.0630111694336	932.915710449219	157.795700073242	3.74835300445557	925.381042480469	173.596878051758	-5.94751262664795	897.749755859375	165.275024414062	-17.0623435974121	894.727355957031	143.805557250977	0.723715424537659	903.995788574219	159.205902099609	-36.7811012268066	896.796936035156	144.581878662109	-34.8516006469727	884.985534667969	137.0390625	-40.9965286254883	881.697631835938	135.518280029297	-17.0775814056396	892.272644042969
PRI-7997	132.032211303711	63.9450645446777	854.471313476562	131.971801757812	54.8341255187988	862.635620117188	132.046966552734	40.0434494018555	879.235778808594	132.994735717773	15.2382755279541	898.698364257812	133.013641357422	9.71579074859619	904.185485839844	134.927993774414	-62.4212684631348	859.31591796875	133.700073242188	-43.6357536315918	847.6298828125	133.676773071289	-26.3295078277588	847.773254394531	133.549819946289	-5.91145086288452	865.629760742188	133.342483520508	10.0827493667603	856.505004882812	132.18083190918	45.9103660583496	858.022766113281	122.01197052002	59.4305534362793	853.930603027344	119.451393127441	56.3899116516113	852.131530761719	116.541915893555	49.8128280639648	849.309997558594	114.637222290039	38.0784339904785	847.448791503906	118.787643432617	12.8733367919922	846.599548339844	122.789337158203	6.71338176727295	849.642456054688	126.442512512207	39.0459480285645	876.088439941406	130.0849609375	14.7822666168213	892.068542480469	118.102531433105	9.81479644775391	900.854858398438	NA	NA	NA	NA	NA	NA	NA	NA	NA	119.551406860352	2.29743790626526	870.678833007812	104.7529296875	-32.5789566040039	858.985290527344	119.055282592773	-29.4105663299561	849.318420410156	125.930892944336	-34.6881103515625	846.621276855469	127.088729858398	-13.0529956817627	858.792907714844	142.432861328125	59.4844932556152	854.50244140625	145.8349609375	57.1404571533203	853.347961425781	148.667724609375	51.5466766357422	849.783142089844	NA	NA	NA	148.116882324219	13.3877534866333	846.39501953125	143.775405883789	5.67794847488403	849.738098144531	138.252685546875	39.7793045043945	876.128723144531	135.991546630859	13.9400787353516	891.694030761719	146.778091430664	9.29406261444092	903.123962402344	163.866790771484	3.49399304389954	890.491088867188	172.74528503418	-2.84696769714355	858.049072265625	165.704360961914	-12.3964138031006	859.306884765625	147.576797485352	2.11531066894531	870.823059082031	163.287368774414	-32.4183692932129	857.932250976562	149.401565551758	-28.6614055633545	848.372436523438	141.6181640625	-34.362247467041	845.996276855469	140.505752563477	-13.0899686813354	858.542114257812
PRI-7999	126.91675567627	59.5874137878418	887.475524902344	126.650115966797	53.9166526794434	895.153869628906	126.594055175781	42.9075546264648	912.079345703125	126.292037963867	18.3653583526611	936.094543457031	126.419631958008	14.333309173584	940.650512695312	132.261596679688	-61.9061470031738	902.504333496094	129.864242553711	-43.3695068359375	886.76171875	128.963775634766	-25.6999855041504	886.270935058594	126.830635070801	-4.57358694076538	903.995056152344	127.062469482422	7.24579000473022	893.136352539062	126.731201171875	44.8243026733398	891.375122070312	116.839981079102	53.0408477783203	887.583374023438	115.034034729004	51.3559646606445	886.224304199219	112.128623962402	43.5781288146973	884.527282714844	110.210296630859	32.8954696655273	882.549865722656	113.425422668457	7.34940958023071	882.525695800781	116.683868408203	3.12106895446777	887.256774902344	121.56746673584	40.9046669006348	910.457824707031	123.621231079102	19.0109748840332	927.422058105469	111.659652709961	14.5034961700439	936.128662109375	96.6262588500977	6.00104093551636	926.47802734375	86.3649444580078	-7.3189377784729	899.186950683594	93.5301132202148	-14.6883783340454	897.079162597656	113.561187744141	2.52441334724426	908.742858886719	101.229881286621	-32.7455711364746	898.649841308594	113.481864929199	-31.8658714294434	887.843872070312	121.384765625	-35.6217918395996	885.153259277344	120.461006164551	-14.7028522491455	897.364868164062	136.828674316406	53.1414031982422	887.920837402344	138.656982421875	51.5672721862793	887.019104003906	141.884475708008	43.5425643920898	884.869750976562	144.371246337891	33.8089904785156	883.507507324219	141.015777587891	8.07400417327881	883.274353027344	137.160415649414	3.88808608055115	887.32080078125	131.877914428711	40.8344078063965	910.632080078125	129.104049682617	18.6856098175049	927.581237792969	140.567977905273	15.6613426208496	936.774536132812	156.258926391602	7.8271107673645	928.659545898438	168.62239074707	-4.74128675460815	898.943359375	162.835479736328	-11.0633335113525	897.984375	139.374710083008	3.90598487854004	908.913940429688	158.793670654297	-28.9048461914062	899.805114746094	144.18408203125	-29.551851272583	889.226440429688	136.903274536133	-34.5299797058105	885.533020019531	135.065719604492	-13.438479423523	897.646728515625
PRI-8000	113.711013793945	59.0273323059082	858.877136230469	113.837326049805	53.509391784668	865.60205078125	114.717292785645	44.772575378418	882.221557617188	115.070350646973	23.5565700531006	905.129638671875	115.091651916504	21.1320877075195	908.79248046875	115.559280395508	-51.9647903442383	875.12646484375	114.893928527832	-33.8451614379883	860.478759765625	114.614776611328	-19.6264228820801	857.163513183594	113.815414428711	1.56867027282715	871.945495605469	113.850868225098	14.4064598083496	863.240844726562	114.077865600586	47.0358505249023	861.624206542969	104.48462677002	54.3744697570801	859.558166503906	103.226264953613	53.2699661254883	859.330383300781	100.501014709473	48.9868087768555	857.034118652344	96.6660766601562	39.6233711242676	855.93115234375	97.3459091186523	16.8648204803467	854.651916503906	102.952713012695	9.03771018981934	857.300720214844	109.248878479004	44.5541725158691	878.799499511719	112.235397338867	23.7155532836914	895.781127929688	100.552322387695	18.8342609405518	905.959045410156	85.2126007080078	13.8569955825806	896.424621582031	75.6856079101562	4.86083364486694	870.990173339844	82.0567855834961	-6.97153997421265	870.460266113281	101.360481262207	9.56816673278809	877.926452636719	87.3426208496094	-23.1118564605713	870.927429199219	100.221252441406	-22.5207424163818	859.477783203125	107.68864440918	-27.9928398132324	858.074523925781	107.523963928223	-5.9998517036438	866.038024902344	123.644424438477	54.795597076416	859.260070800781	125.349807739258	53.7435989379883	858.898254394531	127.470932006836	49.2468147277832	857.464782714844	130.835540771484	40.6774787902832	856.373352050781	131.282638549805	17.5965938568115	855.074768066406	124.947395324707	9.88115310668945	857.824035644531	119.712585449219	44.3195838928223	878.962646484375	117.758926391602	24.3554077148438	895.912719726562	129.217681884766	20.1363105773926	905.605163574219	144.286178588867	15.1854095458984	895.579406738281	152.69970703125	6.47411775588989	869.245544433594	146.869598388672	-5.5865216255188	869.821472167969	127.680213928223	9.55208587646484	878.259582519531	142.346588134766	-22.7758026123047	871.250061035156	128.205276489258	-20.6965770721436	860.36181640625	121.558288574219	-27.7118968963623	858.742126464844	120.547882080078	-5.14237785339355	866.262390136719
PRI-8079	127.573455810547	65.186897277832	881.644653320312	127.950653076172	60.5624046325684	887.3046875	129.434448242188	51.1700592041016	906.163391113281	130.432464599609	25.4792785644531	933.099182128906	130.759918212891	20.3263320922852	939.085815429688	133.325775146484	-61.0210990905762	908.750671386719	131.572189331055	-43.4585189819336	890.66357421875	130.923873901367	-26.3855094909668	886.889343261719	130.195816040039	-1.54588878154755	902.884887695312	129.500442504883	12.3775682449341	889.583435058594	128.655487060547	49.9481468200684	885.83349609375	116.072082519531	59.1316528320312	883.84814453125	114.928779602051	57.7124290466309	883.842651367188	111.449546813965	49.8162956237793	881.458862304688	109.10147857666	37.9030914306641	879.356506347656	114.88028717041	11.4011974334717	881.730285644531	118.46216583252	6.81794118881226	884.401062011719	124.202682495117	49.2012825012207	904.698913574219	127.491050720215	25.318868637085	923.854919433594	114.488502502441	19.7079372406006	936.395202636719	99.9317855834961	12.1679983139038	926.273498535156	NA	NA	NA	95.5513076782227	-10.1652908325195	898.650817871094	116.059265136719	6.97630453109741	906.228454589844	101.76692199707	-31.2459392547607	901.551635742188	114.906547546387	-31.5011234283447	890.200378417969	123.481803894043	-36.7059097290039	886.694152832031	124.19075012207	-11.0785312652588	897.284973144531	139.909286499023	59.2148590087891	882.241638183594	141.209136962891	57.6927375793457	882.145874023438	144.168792724609	50.6024131774902	879.733642578125	147.594314575195	38.9126434326172	879.146911621094	143.822357177734	12.4455709457397	882.001403808594	140.314605712891	8.14320468902588	884.953063964844	135.012725830078	49.3655853271484	903.979431152344	133.353271484375	25.3206825256348	924.369995117188	146.058715820312	21.2322940826416	936.024597167969	161.267852783203	14.9955654144287	924.466430664062	171.16911315918	1.58895230293274	897.054016113281	165.184188842773	-7.89703035354614	896.109741210938	144.653823852539	8.794358253479	906.411376953125	161.606872558594	-29.4924507141113	899.253173828125	147.015441894531	-29.9252510070801	889.669250488281	138.878067016602	-36.6902618408203	886.374755859375	138.037246704102	-10.895471572876	896.751037597656
PRI-8083	125.63362121582	53.9879035949707	885.600830078125	125.991279602051	47.5326614379883	892.575927734375	126.756950378418	34.5632171630859	911.257690429688	127.500282287598	11.6407842636108	934.557495117188	127.630386352539	7.02141714096069	939.509643554688	131.320526123047	-69.3754959106445	905.162841796875	129.510055541992	-51.3104858398438	885.427124023438	128.405914306641	-36.2530975341797	882.269714355469	128.032653808594	-11.0032482147217	901.2001953125	128.000564575195	1.13300096988678	889.257446289062	126.311515808105	37.3818092346191	888.547546386719	114.489112854004	48.1035537719727	885.943359375	112.830940246582	46.0418815612793	885.335510253906	109.187934875488	39.5253257751465	883.354614257812	107.032363891602	27.4591617584229	880.826538085938	111.654846191406	0.619323432445526	880.968505859375	115.862091064453	-3.77245664596558	884.0341796875	120.73225402832	33.155876159668	907.946533203125	124.396057128906	11.3110027313232	926.402099609375	110.53475189209	7.10711622238159	934.730407714844	95.570426940918	-4.21493101119995	926.867492675781	83.7614822387695	-12.8929815292358	898.830078125	93.0899429321289	-22.0570869445801	897.594299316406	113.386848449707	-4.92731285095215	906.176513671875	99.1682205200195	-42.7245483398438	898.529418945312	113.510452270508	-39.4513320922852	887.051147460938	121.290626525879	-45.0637702941895	882.676635742188	121.152740478516	-22.7715740203857	895.244018554688	137.479553222656	47.8071670532227	885.652526855469	139.517700195312	46.4303588867188	884.52294921875	142.416244506836	40.0673561096191	881.567077636719	145.075836181641	28.8531742095947	879.63916015625	142.045455932617	1.46327769756317	879.768371582031	138.767379760742	-3.67991757392883	883.032958984375	132.490692138672	32.8639450073242	908.4697265625	130.614074707031	10.6170587539673	926.123657226562	144.046310424805	7.91078472137451	935.475402832031	160.777267456055	-1.08509266376495	926.109375	171.935638427734	-9.13764190673828	898.119812011719	163.433059692383	-19.9407386779785	896.335266113281	142.291610717773	-4.10579872131348	905.43798828125	158.907272338867	-40.7239074707031	897.205383300781	145.086074829102	-39.0497970581055	885.726379394531	136.980163574219	-45.3802452087402	883.063720703125	136.794525146484	-22.5835723876953	894.140625
PRI-8084	129.272598266602	53.9477615356445	877.513122558594	129.460678100586	47.5896377563477	883.730773925781	NA	NA	NA	128.620025634766	11.114725112915	931.112182617188	128.761077880859	7.31365489959717	935.4228515625	131.509918212891	-70.5318298339844	899.416076660156	131.273162841797	-52.3241233825684	882.476318359375	130.615951538086	-35.7341842651367	879.277221679688	128.910430908203	-11.5278444290161	898.694458007812	129.903182983398	2.24045848846436	887.632263183594	129.339080810547	36.724437713623	882.945861816406	NA	NA	NA	NA	NA	NA	NA	NA	NA	110.194732666016	31.1788387298584	873.170532226562	113.148231506348	4.26935863494873	874.323425292969	118.981048583984	-2.53492069244385	880.821350097656	NA	NA	NA	125.584037780762	11.6316690444946	921.644165039062	114.138542175293	5.13467693328857	932.758239746094	98.3122177124023	1.03589653968811	923.259887695312	NA	NA	NA	94.5019912719727	-22.4042854309082	890.152648925781	115.382774353027	-3.5805299282074	901.756591796875	99.379753112793	-42.2406311035156	893.089538574219	115.717895507812	-39.44287109375	882.989013671875	123.45858001709	-44.6201400756836	880.221496582031	123.281112670898	-21.0598011016846	890.400573730469	139.787139892578	49.8142166137695	878.140197753906	142.845367431641	47.5245666503906	877.22314453125	148.34326171875	40.0670547485352	875.69873046875	NA	NA	NA	147.040176391602	4.73029661178589	874.613647460938	141.498794555664	-2.61819672584534	881.198486328125	NA	NA	NA	131.811401367188	12.0452184677124	921.268127441406	143.938842773438	6.71888303756714	932.803100585938	159.077667236328	3.76410508155823	924.021057128906	175.078521728516	-7.55643844604492	893.74951171875	166.978988647461	-17.5573749542236	892.283752441406	143.378509521484	-2.57149052619934	901.553405761719	161.737854003906	-38.9493446350098	894.012023925781	146.057373046875	-38.3957252502441	882.657653808594	138.699203491211	-43.0795555114746	880.088195800781	136.673522949219	-20.2867202758789	890.578063964844
PRI-8085	128.294021606445	56.4681396484375	849.885498046875	128.165512084961	51.1510009765625	856.221374511719	128.148864746094	39.1456451416016	873.150268554688	128.578811645508	13.5790500640869	897.037414550781	128.552749633789	10.215090751648	901.554748535156	NA	NA	NA	125.37223815918	-53.3297500610352	851.898559570312	126.190277099609	-38.0325813293457	848.263793945312	127.387229919434	-12.2054710388184	862.685180664062	127.82527923584	2.73424792289734	853.111206054688	127.848457336426	41.8432769775391	853.130310058594	118.082054138184	51.2660636901855	851.356811523438	114.727996826172	47.4340515136719	850.425537109375	110.184707641602	42.5301055908203	848.917053222656	107.71997833252	30.1681442260742	847.01318359375	112.290649414062	2.47425031661987	844.282043457031	116.609161376953	-3.15538167953491	848.391540527344	121.875801086426	37.7641143798828	870.800964355469	125.326301574707	12.7490634918213	889.270385742188	112.837203979492	8.90342807769775	899.915405273438	96.7212524414062	2.76710820198059	891.933166503906	83.8010406494141	-7.04399967193604	865.672790527344	91.1774597167969	-19.6558265686035	863.61767578125	113.736755371094	-2.44044017791748	868.685241699219	95.3437194824219	-39.5392837524414	865.899963378906	111.414093017578	-40.1718215942383	852.027160644531	118.101455688477	-47.4366264343262	850.369873046875	119.516731262207	-21.9161148071289	858.270751953125	137.964767456055	51.4553756713867	850.278991699219	141.694320678711	47.3559837341309	848.383117675781	144.755401611328	42.193431854248	846.782531738281	147.701126098633	29.4878406524658	845.505554199219	143.668762207031	2.52931690216064	842.714538574219	139.138229370117	-2.95646858215332	847.748596191406	134.248519897461	37.2309684753418	870.215393066406	130.413848876953	13.5331029891968	889.100708007812	NA	NA	NA	NA	NA	NA	170.018890380859	-10.0738801956177	862.590087890625	162.520904541016	-21.5006542205811	861.314086914062	141.607620239258	-3.67525911331177	868.361572265625	157.954956054688	-42.0811729431152	864.093688964844	142.061248779297	-40.8956146240234	850.080871582031	133.622024536133	-47.7625923156738	849.316772460938	134.843688964844	-21.3536739349365	858.247741699219
PRI-8086	125.544395446777	59.0149459838867	847.13720703125	125.707565307617	53.5537338256836	851.944274902344	126.850952148438	39.8650512695312	871.843688964844	128.998916625977	17.4782428741455	894.201721191406	129.252151489258	13.9386358261108	898.702575683594	128.435668945312	-65.6834564208984	859.506958007812	127.016471862793	-46.5475616455078	843.05615234375	127.111740112305	-30.7314624786377	842.074951171875	127.981452941895	-6.43049669265747	859.495544433594	127.536293029785	8.35642051696777	849.431396484375	126.205879211426	43.8086051940918	849.360473632812	115.562194824219	52.9792022705078	846.930236816406	114.401290893555	51.0585136413574	846.665954589844	110.360290527344	44.815185546875	844.681579589844	106.891662597656	34.9819374084473	842.195251464844	110.977447509766	10.0114984512329	841.125549316406	115.682106018066	4.47853374481201	845.110229492188	120.663284301758	39.7182540893555	868.873962402344	125.754211425781	17.3219146728516	887.517150878906	113.340148925781	12.7203016281128	896.678833007812	98.0566253662109	5.63461399078369	887.376342773438	83.8341369628906	-4.09083318710327	860.122863769531	90.4947128295898	-16.2541198730469	856.759765625	113.737480163574	3.85213351249695	865.549133300781	96.8149108886719	-35.6840286254883	857.256652832031	111.224494934082	-34.2353630065918	844.649047851562	118.63117980957	-38.7309837341309	841.709289550781	120.909378051758	-14.7843780517578	852.901489257812	135.625473022461	53.1360206604004	846.814270019531	136.651611328125	51.5688819885254	845.966857910156	140.967910766602	45.9986381530762	843.080871582031	143.027709960938	35.3733825683594	839.976013183594	141.898712158203	10.1425485610962	838.511352539062	137.42936706543	4.48458337783813	842.937255859375	132.353897094727	39.7633171081543	867.604919433594	131.49934387207	16.973611831665	885.871520996094	144.603668212891	13.2605247497559	895.637268066406	159.863815307617	6.28977489471436	883.991271972656	168.055923461914	-3.25687551498413	855.968811035156	162.939819335938	-15.8657379150391	851.901306152344	143.164535522461	4.67184925079346	863.937805175781	158.465072631836	-35.8511543273926	853.373840332031	142.764556884766	-33.6658973693848	842.31689453125	135.404296875	-39.1662216186523	840.697326660156	134.813369750977	-15.2549409866333	852.619079589844
PRI-8087	111.947151184082	42.2380523681641	893.913146972656	111.921043395996	36.888111114502	900.583312988281	112.964202880859	25.384485244751	917.455261230469	114.149803161621	7.03548765182495	936.110778808594	114.08570098877	3.90011739730835	940.013732910156	117.670913696289	-67.9352188110352	905.499206542969	117.164665222168	-50.6619834899902	892.304260253906	116.045875549316	-34.6369781494141	891.229064941406	114.49250793457	-14.1755523681641	905.529968261719	113.963165283203	-0.196938171982765	896.627319335938	112.191703796387	29.9900283813477	897.751403808594	103.180801391602	37.4420928955078	895.499694824219	101.580436706543	35.1856079101562	894.067565917969	99.4504089355469	32.0882034301758	892.379943847656	96.0639190673828	23.1525535583496	890.515319824219	99.4608993530273	0.159965708851814	887.621704101562	103.781784057617	-4.94024467468262	891.813354492188	108.311820983887	26.0527820587158	913.943359375	111.711326599121	7.23119401931763	929.129821777344	101.633544921875	0.543348073959351	938.634704589844	87.5312728881836	-5.27060651779175	928.927185058594	76.6154327392578	-11.3586120605469	903.428649902344	84.0897674560547	-24.0372638702393	901.006896972656	101.49104309082	-5.77856016159058	909.599792480469	89.0583724975586	-39.1107597351074	902.600830078125	101.81436920166	-38.6350402832031	892.28125	109.059692382812	-43.5085639953613	889.772399902344	109.110527038574	-21.8618869781494	899.097778320312	120.920989990234	37.4494857788086	895.157653808594	121.579902648926	36.3643455505371	894.180541992188	124.554092407227	33.6102485656738	892.629028320312	129.021774291992	24.9718208312988	890.546203613281	128.686889648438	1.48892462253571	887.509521484375	123.818664550781	-3.87037062644958	891.781005859375	117.538040161133	26.5325202941895	913.887573242188	116.167144775391	7.50496053695679	928.591918945312	127.441940307617	2.52030777931213	938.308654785156	141.588394165039	-0.564544677734375	929.390075683594	153.654876708984	-8.00165176391602	903.636352539062	146.634918212891	-20.1479072570801	901.230346679688	127.394073486328	-3.44369029998779	909.422180175781	142.842803955078	-36.6797332763672	902.537719726562	130.373611450195	-37.0662651062012	892.299011230469	123.979110717773	-42.7292709350586	890.615539550781	120.793380737305	-21.087085723877	899.274108886719
PRI-8091	136.906814575195	66.2356414794922	883.965393066406	137.165191650391	60.1636581420898	890.9794921875	137.950973510742	46.7954292297363	908.790893554688	139.163009643555	17.2300033569336	932.704711914062	139.104522705078	12.7665157318115	937.34033203125	147.126052856445	-67.5984268188477	901.219604492188	145.110229492188	-44.3013496398926	883.205627441406	144.082733154297	-28.4162216186523	880.787902832031	140.708389282227	-4.33866167068481	897.29296875	140.54817199707	11.8504152297974	887.097351074219	138.119674682617	49.4489784240723	887.127624511719	126.880508422852	60.138843536377	883.367370605469	123.935478210449	55.2155342102051	881.287902832031	121.569320678711	48.3513450622559	879.758850097656	119.145263671875	36.9677505493164	877.246459960938	123.757888793945	11.7971477508545	873.731018066406	130.055480957031	6.02325677871704	880.174926757812	132.473892211914	42.1080513000488	906.279235839844	136.343597412109	16.7852935791016	924.437744140625	123.087791442871	10.0715522766113	934.591674804688	107.976928710938	3.92929577827454	924.601196289062	94.0230255126953	-11.1808042526245	896.101745605469	102.764450073242	-18.9730815887451	892.400939941406	125.256301879883	2.24220037460327	901.713684082031	113.231979370117	-37.3548240661621	893.878784179688	129.032257080078	-33.527759552002	882.407592773438	138.056549072266	-38.6165313720703	880.453186035156	135.036254882812	-14.8408193588257	890.715087890625	148.102127075195	61.3870010375977	884.205017089844	152.133285522461	57.7070808410645	882.404357910156	154.765518188477	51.7924880981445	881.525085449219	158.730438232422	40.5707092285156	878.44970703125	157.444030761719	14.6225090026855	875.588317871094	152.227264404297	8.24066543579102	881.327331542969	143.726379394531	42.1698226928711	907.523193359375	142.040008544922	17.5632572174072	924.752197265625	155.06721496582	12.4844465255737	936.337585449219	172.209426879883	11.1116180419922	924.957946777344	188.278198242188	-2.34640598297119	897.714172363281	181.625137329102	-12.0002536773682	895.057373046875	155.958709716797	5.73584365844727	903.453125	174.982666015625	-32.6514320373535	896.830932617188	158.558624267578	-30.4127578735352	884.060913085938	152.263626098633	-37.6142997741699	881.263061523438	148.41242980957	-13.0756797790527	891.991027832031
PRI-8097	112.505149841309	47.3143463134766	850.958435058594	112.341621398926	43.781135559082	855.585571289062	112.492835998535	34.5275535583496	872.372436523438	112.084182739258	13.7537879943848	894.261779785156	111.985916137695	10.7454442977905	898.276916503906	114.634910583496	-64.2238540649414	865.037170410156	114.093147277832	-47.7752342224121	849.689758300781	114.166427612305	-32.3399314880371	846.494079589844	112.887512207031	-9.22131061553955	863.208862304688	113.202033996582	3.09785890579224	852.897094726562	112.463027954102	35.0526657104492	853.132629394531	102.676559448242	41.926399230957	850.406311035156	101.736434936523	40.9288024902344	849.729309082031	98.4682846069336	36.4048881530762	848.743896484375	95.0475387573242	26.4892921447754	846.349853515625	99.0133438110352	3.11875200271606	849.202697753906	102.560913085938	-0.378532022237778	849.646667480469	107.663139343262	33.1171417236328	869.439025878906	109.484901428223	13.6769542694092	885.950256347656	98.0224456787109	7.87917852401733	894.86279296875	84.5768127441406	0.807230353355408	886.335693359375	75.18359375	-8.24553394317627	863.199890136719	81.7644500732422	-18.6237335205078	859.848449707031	99.9335632324219	-0.928068101406097	867.551574707031	86.1518783569336	-35.9847526550293	861.201110839844	99.1237030029297	-35.5090599060059	850.008605957031	106.739265441895	-41.1941452026367	847.3466796875	NA	NA	NA	122.691703796387	41.948314666748	851.044189453125	123.627090454102	41.084774017334	850.749633789062	NA	NA	NA	130.990020751953	26.2642383575439	846.909790039062	126.557273864746	2.54082560539246	849.819702148438	123.051803588867	-1.23360574245453	848.999450683594	117.358444213867	32.5574607849121	869.767700195312	114.547019958496	14.0838556289673	885.987121582031	125.972290039062	9.18176174163818	896.254943847656	140.366165161133	2.51776099205017	885.962219238281	150.803421020508	-7.2882251739502	862.401733398438	144.619888305664	-16.9748668670654	859.465881347656	126.420387268066	0.0731605663895607	868.003356933594	140.84455871582	-34.673454284668	861.450256347656	128.139282226562	-34.4439315795898	849.700866699219	121.687217712402	-40.8517379760742	847.187744140625	119.156394958496	-17.3290176391602	856.693237304688
PRI-8099	134.292449951172	68.3857345581055	841.59375	134.057479858398	60.5317344665527	849.683837890625	133.401519775391	45.6683197021484	868.786560058594	133.138565063477	18.2944831848145	893.21142578125	133.070831298828	12.6158399581909	898.709228515625	137.975662231445	-65.6029205322266	854.549743652344	138.225646972656	-45.0005874633789	837.89892578125	137.842468261719	-26.739086151123	836.235168457031	135.777938842773	-3.15772604942322	855.7978515625	135.945251464844	12.3478221893311	843.376525878906	134.958374023438	50.5348320007324	844.713195800781	123.18864440918	62.0440254211426	840.963195800781	121.077705383301	60.1116104125977	838.980224609375	117.990142822266	53.4782409667969	835.201843261719	116.066467285156	41.8185386657715	832.765808105469	119.053657531738	14.747652053833	830.77685546875	124.526916503906	8.28049182891846	836.158508300781	127.988357543945	44.0348091125488	865.30224609375	130.13737487793	18.5596237182617	884.289916992188	114.795188903809	13.0246114730835	892.576416015625	100.897338867188	2.71372127532959	883.463500976562	87.7284851074219	-5.51655387878418	849.726928710938	96.0741424560547	-13.8533496856689	848.683776855469	121.342514038086	3.91128301620483	860.059631347656	105.898422241211	-34.1777610778809	849.470397949219	120.778450012207	-31.4692230224609	837.78759765625	130.112609863281	-35.3096961975098	835.309204101562	128.609573364258	-11.8508977890015	847.654968261719	145.966979980469	61.8231391906738	843.005004882812	148.537399291992	60.3199577331543	841.22802734375	152.391799926758	53.7314910888672	837.374206542969	155.546081542969	42.5425071716309	836.081787109375	154.950714111328	15.6573610305786	832.854064941406	148.460403442383	7.84822034835815	837.557067871094	139.710235595703	44.6573181152344	865.213012695312	136.698654174805	18.5553188323975	884.933410644531	151.864898681641	13.7914218902588	896.054138183594	168.06623840332	4.07130813598633	885.790466308594	183.491241455078	-4.23760747909546	854.974060058594	175.995193481445	-12.2057695388794	852.770751953125	150.297927856445	4.64020586013794	862.024475097656	168.860046386719	-35.5184745788574	852.345031738281	153.953155517578	-30.2958793640137	839.803344726562	145.571960449219	-35.3117904663086	836.613647460938	143.751449584961	-11.9258098602295	848.629699707031
PRI-8100	131.252090454102	62.0489234924316	849.008972167969	130.766525268555	56.8782424926758	856.298095703125	132.147857666016	43.1586875915527	873.841796875	132.352935791016	15.6000385284424	895.048095703125	132.510223388672	10.8628969192505	899.683898925781	135.032409667969	-66.6491470336914	861.407104492188	134.220886230469	-46.0411911010742	845.277770996094	134.568328857422	-30.6794948577881	844.531066894531	133.145233154297	-5.6295657157898	861.384216308594	132.933380126953	8.4249382019043	850.779418945312	131.390869140625	46.6102447509766	852.377868652344	121.286270141602	56.4839057922363	848.674255371094	117.737098693848	53.8644332885742	847.412109375	115.275054931641	47.5391540527344	845.441101074219	113.079902648926	37.1080207824707	843.700317382812	118.114616394043	11.8846664428711	839.784240722656	122.736839294434	4.63441324234009	845.193969726562	126.034164428711	42.9813499450684	870.029235839844	129.041625976562	15.9971323013306	887.692626953125	115.346618652344	9.29763031005859	897.554138183594	100.043266296387	4.17434930801392	886.924682617188	88.3072052001953	-5.44433307647705	859.649597167969	97.5616836547852	-15.653000831604	856.396118164062	118.527435302734	2.74870944023132	866.710693359375	103.814956665039	-33.8977813720703	857.160827636719	117.840446472168	-32.5549964904785	847.170166015625	126.92903137207	-39.0776062011719	844.535522460938	126.628387451172	-14.7019491195679	854.790649414062	141.749923706055	57.2150497436523	849.476318359375	144.168395996094	54.1428909301758	847.528747558594	147.920501708984	48.6847152709961	845.658447265625	150.365447998047	38.573902130127	842.905212402344	148.156814575195	12.324613571167	839.690063476562	143.046737670898	5.06221771240234	844.912231445312	137.006866455078	43.151123046875	869.626953125	135.179794311523	16.8549842834473	888.099548339844	148.163467407227	9.04189109802246	898.222717285156	164.259521484375	4.43696403503418	887.680419921875	177.682540893555	-4.5355920791626	859.287963867188	169.218551635742	-14.8436346054077	856.223266601562	148.02360534668	3.86213660240173	866.536193847656	164.862319946289	-35.9966239929199	857.736450195312	150.100708007812	-32.4298667907715	846.259948730469	142.065399169922	-38.8254928588867	843.994323730469	141.125900268555	-14.7208242416382	854.592651367188
PRI-8101	NA	NA	NA	131.752487182617	49.6209373474121	894.22705078125	132.617568969727	34.6771926879883	913.582580566406	134.459579467773	10.3972291946411	935.877746582031	134.665191650391	6.98433685302734	940.989685058594	140.198013305664	-69.930534362793	904.293823242188	137.480361938477	-50.5493774414062	887.814636230469	136.885314941406	-33.8643226623535	885.955322265625	136.041793823242	-12.7792024612427	903.5830078125	133.98454284668	2.95883679389954	892.635375976562	132.630065917969	38.5297164916992	891.185852050781	NA	NA	NA	NA	NA	NA	116.056289672852	39.7516670227051	884.505554199219	113.522384643555	26.9859409332275	884.042114257812	119.31827545166	0.727044463157654	886.602294921875	123.603904724121	-3.29286217689514	887.420654296875	126.050979614258	33.9327964782715	910.029907226562	131.298782348633	10.5388488769531	927.494201660156	119.07600402832	7.31799125671387	936.752258300781	103.281036376953	-2.61469149589539	929.78955078125	91.6785888671875	-12.9127140045166	904.360290527344	100.257125854492	-23.2647037506104	902.048095703125	121.552505493164	-4.55382776260376	909.409606933594	107.454216003418	-40.6366233825684	901.041748046875	120.541000366211	-38.4912109375	890.476318359375	129.293319702148	-44.134708404541	885.553649902344	129.172454833984	-21.7075824737549	897.313842773438	NA	NA	NA	NA	NA	NA	149.242218017578	41.7559013366699	885.30859375	151.644683837891	29.4534873962402	883.9638671875	148.289337158203	1.93786036968231	885.826049804688	145.519775390625	-2.03436899185181	887.328308105469	138.873413085938	34.6588325500488	910.128601074219	137.315902709961	10.4977741241455	927.3056640625	149.267669677734	9.30811023712158	936.660522460938	166.055847167969	1.13235175609589	929.835510253906	179.101013183594	-9.6271858215332	901.672790527344	171.352798461914	-19.3236064910889	900.237182617188	149.709075927734	-4.30088806152344	909.002380371094	167.765197753906	-38.9000396728516	899.258728027344	153.818862915039	-36.8234634399414	888.652465820312	145.397079467773	-43.486442565918	885.256652832031	143.429306030273	-20.7529773712158	896.753845214844
PRI-8644	-1.2315388917923	59.7001152038574	1041.97827148438	-1.27608823776245	55.5548400878906	1034.46984863281	-1.12412810325623	42.8373908996582	1012.19732666016	-0.203506529331207	17.1881523132324	986.736083984375	-0.226367473602295	12.6211357116699	981.15673828125	4.92080783843994	-72.3416061401367	1014.16851806641	3.30426263809204	-54.1518783569336	1034.80212402344	2.3098828792572	-36.1296081542969	1038.08117675781	1.0233519077301	-8.29472637176514	1021.88842773438	0.118877865374088	6.2403302192688	1033.33056640625	-0.747430503368378	42.243350982666	1036.22509765625	11.5746259689331	54.7049713134766	1039.25732421875	13.1568155288696	52.7526054382324	1039.52526855469	17.2072277069092	43.6042098999023	1042.0888671875	20.0868625640869	32.1255531311035	1043.87744140625	17.5625095367432	4.8790488243103	1042.95263671875	12.971212387085	0.50717556476593	1039.66052246094	4.10744190216064	40.4196548461914	1014.00024414062	3.1635537147522	16.7636795043945	994.868896484375	18.5961818695068	12.9098682403564	985.729919433594	35.8177108764648	7.10940551757812	995.488098144531	49.0050888061523	-6.50381135940552	1025.15954589844	39.8263168334961	-16.8547191619873	1025.43395996094	14.313624382019	2.6226851940155	1019.25677490234	35.9598159790039	-37.5578079223633	1022.80072021484	21.6458950042725	-39.0650520324707	1033.97900390625	10.7478008270264	-45.2127723693848	1038.18688964844	10.4005289077759	-18.6208190917969	1029.66955566406	-13.5965662002563	53.308521270752	1040.67004394531	-14.515362739563	51.745002746582	1041.1962890625	-17.8099613189697	42.4056777954102	1043.40112304688	-20.568338394165	31.2816257476807	1044.9189453125	-16.5327854156494	3.5807318687439	1043.28625488281	-11.4015483856201	0.130681544542313	1040.06225585938	-6.64585399627686	40.2210731506348	1014.50366210938	-3.9325602054596	15.5965175628662	995.970153808594	-17.6647605895996	11.8031435012817	986.031494140625	-34.6600456237793	4.76361751556396	995.356079101562	-45.8557815551758	-12.6375722885132	1026.32287597656	-37.1156730651855	-19.8746852874756	1025.60437011719	-14.6908006668091	1.38418996334076	1018.7568359375	-30.6075687408447	-42.3832702636719	1022.60540771484	-16.4469165802002	-41.3889656066895	1033.63110351562	-5.63343811035156	-46.9619064331055	1037.84008789062	-6.70984315872192	-19.2910480499268	1029.37817382812
PRI-8658	-2.03650498390198	61.2263717651367	1054.27673339844	-2.07326436042786	54.8925628662109	1045.45300292969	-1.75907671451569	42.6641464233398	1023.20538330078	-0.893915832042694	17.8656520843506	992.989929199219	-0.785877525806427	14.5987386703491	987.1123046875	-2.13927316665649	-76.568489074707	1014.19372558594	-1.50049591064453	-60.2341156005859	1038.103515625	-2.77341866493225	-43.2143516540527	1042.88061523438	-2.10404539108276	-11.0376443862915	1028.609375	-2.40747451782227	3.39151906967163	1040.77575683594	-2.58857321739197	43.7391662597656	1048.26574707031	9.62237548828125	55.8129234313965	1052.13061523438	12.1051359176636	53.5368728637695	1053.38513183594	15.7480239868164	45.3230857849121	1054.96447753906	17.093282699585	33.4093780517578	1055.35815429688	14.4297494888306	5.69565153121948	1054.73376464844	10.1840076446533	-1.88079166412354	1048.251953125	4.25690317153931	41.8621635437012	1026.33862304688	2.55736255645752	16.9089126586914	1001.59790039062	17.881196975708	12.6925268173218	991.501220703125	33.9709587097168	6.08884572982788	1002.22235107422	46.6441612243652	-10.9679250717163	1031.49011230469	38.3517799377441	-25.5905838012695	1032.0302734375	12.5613040924072	0.0652933120727539	1026.87939453125	32.863899230957	-45.3445167541504	1028.04138183594	16.813268661499	-46.0324974060059	1038.25183105469	6.04746294021606	-53.8916969299316	1041.42395019531	6.18608570098877	-21.2893238067627	1034.65893554688	-14.4332475662231	55.5586471557617	1052.97009277344	-16.9170799255371	53.7590789794922	1053.44836425781	-20.2409839630127	45.3808479309082	1054.0478515625	-21.6948585510254	33.3876876831055	1054.55114746094	-19.8945560455322	6.05198669433594	1053.7890625	-14.675799369812	-2.15358877182007	1046.90148925781	-7.76337623596191	42.7758636474609	1025.64587402344	-4.21041202545166	17.0548629760742	1001.18933105469	-18.6222171783447	13.6085166931152	990.778442382812	-36.2389945983887	6.87791347503662	1001.51196289062	-49.0273780822754	-12.4705410003662	1028.89221191406	-41.0945930480957	-26.2367115020752	1030.11755371094	-16.8127021789551	0.467860370874405	1026.28039550781	-36.6647911071777	-47.4277610778809	1025.80151367188	-19.6876754760742	-47.2334861755371	1038.22570800781	-10.3222846984863	-53.6783027648926	1040.24340820312	-9.97042274475098	-22.0732002258301	1033.80834960938
PRI-8660	-0.94050270318985	52.981559753418	1058.83215332031	-0.830056846141815	48.4383773803711	1050.77368164062	-0.783753275871277	40.7160797119141	1028.64245605469	0.962261199951172	17.5308170318604	1001.27655029297	1.17811751365662	12.6117753982544	995.834838867188	-1.43644392490387	-70.7781448364258	1027.84680175781	-2.04054927825928	-52.8644065856934	1046.69482421875	-2.29279685020447	-36.3373527526855	1048.86206054688	-1.59368228912354	-7.9739408493042	1035.10375976562	-1.46424579620361	7.00183439254761	1044.76989746094	-1.36399567127228	39.6152305603027	1052.88854980469	9.06696319580078	47.5695495605469	1057.42578125	9.75568962097168	46.5553741455078	1057.77478027344	13.4568796157837	41.3524436950684	1058.50659179688	16.4595584869385	30.3345813751221	1059.45837402344	14.6998434066772	4.70552206039429	1056.91369628906	9.57075119018555	-0.142015710473061	1052.57800292969	5.09204912185669	40.2558097839355	1032.7685546875	3.57763648033142	18.4379844665527	1011.78576660156	18.0075206756592	12.2339363098145	1001.42279052734	33.0068092346191	5.16559505462646	1013.78729248047	41.0674476623535	-6.13602066040039	1040.54516601562	35.6931190490723	-15.3517084121704	1040.11047363281	13.3198747634888	1.2985212802887	1033.08288574219	29.617208480835	-36.4493446350098	1036.72448730469	17.3545074462891	-38.2689628601074	1046.72741699219	6.70096778869629	-46.3666763305664	1050.27648925781	6.27957820892334	-15.3194179534912	1040.93249511719	-11.4555959701538	48.475269317627	1056.95227050781	-12.6168556213379	47.600700378418	1056.76965332031	-15.5433282852173	42.8125762939453	1058.07397460938	-18.9111881256104	31.81569480896	1058.73034667969	-18.6843509674072	6.12813758850098	1056.23156738281	-13.3615665435791	0.737967610359192	1051.64892578125	-6.10499429702759	40.4379425048828	1031.93078613281	-2.72064661979675	18.3509063720703	1010.71759033203	-15.0238647460938	13.0106382369995	1000.23132324219	-32.452766418457	5.73967027664185	1012.03765869141	-43.4260025024414	-5.34673261642456	1037.58459472656	-38.2366790771484	-14.7367944717407	1037.38952636719	-15.5246019363403	2.60657548904419	1031.88073730469	-32.2626152038574	-35.8352470397949	1035.12805175781	-21.7500038146973	-36.8204498291016	1045.22521972656	-10.6217937469482	-46.7664451599121	1049.14978027344	-9.22445106506348	-15.8794994354248	1041.48962402344
PRI-8666	-2.05444860458374	48.4380798339844	1192.70544433594	-1.87209844589233	43.5693817138672	1185.45568847656	-1.76280391216278	34.6060638427734	1166.54797363281	-1.3753809928894	18.1324062347412	1142.2470703125	-0.903106689453125	15.192403793335	1136.44775390625	-3.21801280975342	-66.1669235229492	1168.08740234375	-4.27645969390869	-45.2269706726074	1185.16918945312	-4.03279590606689	-29.1797924041748	1186.78039550781	-3.15191149711609	-9.18684482574463	1174.24536132812	-3.01287722587585	3.50661873817444	1181.48767089844	-2.39929175376892	34.43701171875	1186.81396484375	7.96843767166138	43.1452560424805	1192.24499511719	9.44548034667969	41.7828369140625	1192.56481933594	10.9649801254272	37.2549514770508	1194.27880859375	14.3169755935669	27.5069160461426	1195.02380371094	11.6330718994141	2.91188907623291	1191.02893066406	7.10836362838745	-0.771441876888275	1187.70239257812	2.73933148384094	32.6322898864746	1167.64306640625	1.83886587619781	17.1947498321533	1150.93701171875	15.1715126037598	13.3134355545044	1142.08374023438	28.5339908599854	6.76339340209961	1152.80310058594	36.5075836181641	-10.3101758956909	1178.28125	31.3617858886719	-17.386474609375	1177.83605957031	11.688136100769	0.0935875773429871	1170.19689941406	26.1745567321777	-35.0513534545898	1176.36694335938	12.225338935852	-33.2027359008789	1186.10607910156	2.5987024307251	-38.1962814331055	1186.9755859375	3.83049154281616	-15.0177030563354	1179.77380371094	-11.9913396835327	43.1368255615234	1191.65100097656	-13.4720935821533	42.1678504943848	1191.76330566406	-15.4052457809448	38.1787452697754	1193.40563964844	-18.8263111114502	28.2988376617432	1193.85461425781	-17.992847442627	3.25330829620361	1189.27124023438	-13.6329040527344	-0.929002821445465	1186.7705078125	-6.28750467300415	33.1029777526855	1167.37451171875	-4.37667655944824	17.7052993774414	1150.08911132812	-17.0866584777832	13.9763269424438	1139.99987792969	-31.2099552154541	7.80042743682861	1150.09802246094	-41.5612564086914	-7.10518741607666	1175.1240234375	-36.2351226806641	-15.8793210983276	1175.96057128906	-17.2047691345215	1.23984205722809	1168.78015136719	-33.1293907165527	-34.5694198608398	1174.18176269531	-20.5097236633301	-32.6935501098633	1185.32531738281	-11.4556903839111	-38.2018127441406	1186.93994140625	-10.3511953353882	-14.8041162490845	1179.24060058594
PRI-8873	-0.186683401465416	58.1633682250977	1030.54699707031	-0.592150449752808	52.8450317382812	1024.912109375	-1.28630173206329	40.2095222473145	997.047729492188	-1.57752871513367	15.4583806991577	971.602233886719	-1.57843792438507	11.7521085739136	966.425964355469	-3.65229773521423	-72.8525695800781	1000.24224853516	-0.426751911640167	-60.8265838623047	1021.66186523438	-0.254062175750732	-41.2671012878418	1025.06982421875	-1.28247559070587	-14.2488441467285	1011.28314208984	-0.622060894966125	4.70382165908813	1021.13708496094	-0.738906800746918	39.1738739013672	1026.791015625	11.1912889480591	51.5051460266113	1029.67419433594	12.0787286758423	50.0813751220703	1029.9609375	15.8709411621094	43.3538589477539	1032.39599609375	19.434154510498	31.5419578552246	1032.6796875	17.7638378143311	6.48387432098389	1032.98388671875	12.961784362793	-2.5973002910614	1027.11340332031	4.50878667831421	38.5016441345215	1001.27136230469	1.77225041389465	13.954348564148	980.560546875	15.8505592346191	9.58054542541504	971.23876953125	30.5356254577637	5.98621797561646	980.241088867188	NA	NA	NA	37.9861602783203	-23.0027465820312	1009.44854736328	15.0176000595093	-2.26575970649719	1004.05798339844	32.4676132202148	-44.2403182983398	1008.63873291016	17.9248847961426	-46.5643730163574	1023.02984619141	7.79159116744995	-51.4288597106934	1025.48425292969	7.07196378707886	-21.8203430175781	1015.56103515625	-11.5591011047363	51.9413108825684	1031.80639648438	-14.1435432434082	50.1952095031738	1032.29772949219	-17.0286121368408	42.8997688293457	1034.50610351562	-20.1684074401855	32.119197845459	1035.20520019531	-19.1339473724365	7.81178760528564	1033.90478515625	-13.8932838439941	-2.07373070716858	1028.60461425781	-6.90192556381226	37.5378761291504	1001.65710449219	-4.5259518623352	14.7967119216919	981.321594238281	-18.2518272399902	10.211178779602	972.130676269531	-32.658332824707	6.54541826248169	982.544860839844	-51.2038459777832	-8.63615798950195	1010.74884033203	-40.693775177002	-23.2258701324463	1011.80938720703	-16.9900875091553	-2.57317709922791	1004.01287841797	-33.8068962097168	-44.6924171447754	1011.13549804688	-18.2758045196533	-45.2920112609863	1024.34887695312	-9.70341205596924	-50.6013526916504	1025.5048828125	-8.61583518981934	-22.2107582092285	1016.75665283203
PRI-8885	-0.720191121101379	61.6433906555176	1025.87866210938	-1.02354073524475	56.0794067382812	1017.48559570312	-1.63892364501953	43.2760543823242	996.132019042969	-2.51604866981506	15.8952026367188	970.976379394531	-2.49178266525269	11.5474920272827	966.62158203125	-0.502423405647278	-73.9077377319336	1011.17059326172	-0.160708978772163	-53.9945983886719	1024.85021972656	-0.592327535152435	-33.9496917724609	1025.40307617188	-0.128461167216301	-10.9577627182007	1008.02465820312	-0.55309396982193	6.24275827407837	1018.15283203125	-0.583461165428162	43.2551612854004	1019.9521484375	11.1787643432617	56.7420997619629	1025.25	13.025200843811	54.0139579772949	1026.625	17.3223705291748	47.4123344421387	1028.64575195312	19.9712467193604	36.1130218505859	1030.17639160156	17.8111934661865	8.72761058807373	1031.21655273438	12.7027645111084	0.41789510846138	1025.48815917969	4.05118560791016	41.0906410217285	998.805725097656	1.02644157409668	16.800952911377	979.430114746094	17.2916584014893	9.9704008102417	969.728759765625	36.0434341430664	3.31036972999573	983.4365234375	48.4828186035156	-6.76237869262695	1013.40087890625	39.3564033508301	-19.2893104553223	1013.291015625	14.707839012146	0.395835936069489	1002.87170410156	32.3009071350098	-38.1298408508301	1012.69464111328	19.4053440093994	-38.2685470581055	1022.16381835938	8.55953407287598	-43.5346069335938	1026.54357910156	8.40281581878662	-18.3664798736572	1014.6611328125	-11.621898651123	56.4134864807129	1025.93139648438	-13.6398696899414	52.3016815185547	1027.83666992188	-17.9168090820312	47.2884712219238	1029.05993652344	-19.9201583862305	35.6005706787109	1030.32788085938	-17.7085571289062	7.7560544013977	1031.93640136719	-13.2999410629272	0.295733869075775	1026.02185058594	-6.53532600402832	41.1855506896973	999.120483398438	-5.67631435394287	15.7959613800049	979.868591308594	-21.1668167114258	9.26001453399658	970.704345703125	-38.5570526123047	1.3478866815567	983.13916015625	-49.7559776306152	-9.17266464233398	1016.13073730469	-40.2655296325684	-20.1601276397705	1015.04217529297	-17.7828388214111	-0.291422218084335	1003.68951416016	-33.3345260620117	-39.3250274658203	1014.15740966797	-17.839864730835	-38.4399147033691	1023.74322509766	-9.18406009674072	-44.3339996337891	1026.62622070312	-9.56909275054932	-18.2651252746582	1014.42193603516
PRI-8886	-1.59782469272614	65.6296539306641	1126.79418945312	-0.82927942276001	60.1231384277344	1119.73474121094	0.244787395000458	45.2533264160156	1099.74230957031	1.01510488986969	20.9596309661865	1078.765625	1.20229244232178	17.0812892913818	1072.98999023438	-3.34318518638611	-66.2254943847656	1110.568359375	-6.08889865875244	-44.4002723693848	1128.29528808594	-5.1450138092041	-26.6813735961914	1129.21118164062	-2.93938827514648	-4.71713590621948	1114.44458007812	-3.40504217147827	11.6852397918701	1122.55932617188	-1.58868992328644	50.2048492431641	1123.55944824219	9.47310161590576	59.7030715942383	1126.32568359375	12.2715167999268	57.5940551757812	1127.10974121094	14.6715240478516	50.902759552002	1130.23229980469	16.5905590057373	40.437068939209	1132.99206542969	14.4058876037598	14.5295248031616	1135.53051757812	9.19696426391602	5.91664838790894	1130.55078125	5.30466413497925	44.0341720581055	1104.00476074219	3.6357991695404	20.2930889129639	1086.07580566406	19.5326461791992	14.2260541915894	1079.86474609375	34.5040702819824	5.85410022735596	1088.64270019531	45.8846282958984	-5.51126384735107	1119.22814941406	35.4640846252441	-16.5619430541992	1119.66418457031	13.5388517379761	3.83222389221191	1110.22766113281	28.2850933074951	-35.1826057434082	1119.68884277344	12.6939334869385	-31.3924102783203	1128.81286621094	2.21451830863953	-36.8183097839355	1130.87719726562	4.54129838943481	-11.1432504653931	1121.23767089844	-12.3829927444458	60.9776840209961	1123.43212890625	-15.9052085876465	58.3935012817383	1124.55017089844	-18.817138671875	52.0980529785156	1125.97802734375	-22.1803665161133	41.2513122558594	1130.04235839844	-21.4527816772461	15.383584022522	1133.64245605469	-15.8639802932739	6.09247541427612	1128.96936035156	-5.32795763015747	44.3719825744629	1103.00842285156	-2.98604655265808	20.2578868865967	1085.74731445312	-16.1534633636475	15.5854272842407	1076.62133789062	-34.1307678222656	7.92821788787842	1082.21435546875	-52.4325408935547	-2.45970392227173	1108.70458984375	-42.7352485656738	-14.0163869857788	1113.11840820312	-18.0130138397217	6.05574178695679	1107.38110351562	-37.3204574584961	-34.4380302429199	1114.22509765625	-22.7748069763184	-30.546573638916	1126.62268066406	-13.3539295196533	-37.0180587768555	1129.46752929688	-12.4254388809204	-10.0780725479126	1119.58544921875
PRI-8889	-1.25719058513641	64.1204299926758	1084.67761230469	-0.567167699337006	58.4660530090332	1077.90307617188	-1.26254379749298	40.7729988098145	1058.6787109375	-1.56876611709595	13.3283252716064	1038.8505859375	-1.52304136753082	8.61785507202148	1034.30041503906	-5.14433860778809	-71.6529922485352	1080.37866210938	-3.85801100730896	-49.9791641235352	1094.79016113281	-2.80068230628967	-31.5307884216309	1096.03930664062	-1.62055361270905	-8.7020206451416	1076.55651855469	-1.38548934459686	7.68224000930786	1085.25085449219	-0.73796010017395	46.4022178649902	1082.56884765625	8.95885753631592	59.0616722106934	1084.10278320312	11.7023439407349	55.1464729309082	1086.29064941406	14.5337228775024	48.6472053527832	1087.57434082031	17.8964748382568	38.9433288574219	1092.06140136719	17.1578636169434	13.3414669036865	1097.19714355469	11.4201259613037	2.5925920009613	1093.20178222656	5.19793558120728	39.9909477233887	1062.66674804688	1.85180938243866	13.5514011383057	1047.10864257812	17.0880146026611	6.29728126525879	1040.15673828125	32.9474868774414	-0.902782201766968	1049.50329589844	47.0129547119141	-8.01641178131104	1078.86462402344	37.5056686401367	-21.0599708557129	1080.62548828125	15.2109994888306	0.629049479961395	1070.31018066406	27.9118499755859	-41.1946105957031	1082.68811035156	14.9342956542969	-35.0804672241211	1094.90991210938	4.55179738998413	-41.0021438598633	1097.40441894531	5.64621877670288	-15.311770439148	1083.99291992188	-11.2665700912476	59.5603675842285	1083.57641601562	-14.8347425460815	55.7811126708984	1084.55297851562	-17.4052925109863	49.3097801208496	1087.51281738281	-20.4933300018311	39.2758293151855	1091.79406738281	-20.1918506622314	13.9439992904663	1096.90661621094	-14.791335105896	3.3916482925415	1093.07641601562	-7.08686304092407	40.5770301818848	1062.314453125	-4.90470027923584	14.3263645172119	1046.87475585938	-18.842700958252	8.21641445159912	1038.82849121094	-37.5653038024902	2.60178136825562	1048.42858886719	-52.9376335144043	-8.65605545043945	1077.171875	-43.4571266174316	-18.5634727478027	1080.76342773438	-19.1593685150146	1.04038143157959	1070.97521972656	-36.8505592346191	-39.1423797607422	1082.21826171875	-21.0711612701416	-33.4519844055176	1092.42248535156	-10.9772729873657	-42.2121963500977	1096.31079101562	-9.78878021240234	-14.8442373275757	1083.82482910156
PRI-8892	-1.4612330198288	66.0661163330078	1084.06115722656	-1.7278825044632	60.0354537963867	1074.81372070312	-1.92219305038452	43.6240310668945	1055.25427246094	-2.60954308509827	19.2244834899902	1033.15844726562	-2.19448733329773	16.2662773132324	1028.45422363281	-4.66688871383667	-64.01220703125	1062.92102050781	-4.26640796661377	-44.0461845397949	1080.36999511719	-4.14819955825806	-27.1252841949463	1083.39477539062	-3.1023952960968	-3.49313235282898	1068.80346679688	-2.92151737213135	11.8625888824463	1077.46765136719	-2.29577040672302	51.3510513305664	1079.81811523438	8.87786293029785	60.7948951721191	1081.4853515625	11.3146667480469	57.5602493286133	1082.38061523438	14.2691669464111	49.9425468444824	1084.68188476562	15.9344253540039	39.286922454834	1087.4384765625	14.3822288513184	13.2279891967773	1089.58581542969	9.68373107910156	6.07104539871216	1085.50122070312	3.85433077812195	43.193904876709	1059.14001464844	0.340353608131409	18.4366893768311	1041.36791992188	15.3981008529663	13.2417497634888	1033.08312988281	31.0231056213379	8.34979248046875	1040.96337890625	44.672004699707	-4.47009754180908	1069.97692871094	34.8353042602539	-16.3048210144043	1071.05017089844	14.1699419021606	4.34365653991699	1062.94763183594	27.9947452545166	-34.5907287597656	1071.24584960938	13.5891580581665	-28.4516525268555	1081.00427246094	2.7026789188385	-34.8433570861816	1084.54248046875	4.85264921188354	-9.59715366363525	1074.96557617188	-12.7334794998169	61.5264282226562	1081.30249023438	-15.0451917648315	58.8398971557617	1080.92102050781	-19.0620174407959	51.6104927062988	1083.44409179688	-21.9593372344971	40.8495140075684	1086.30822753906	-21.145112991333	13.9271869659424	1088.41198730469	-16.27370262146	7.0746021270752	1084.82604980469	-7.46864557266235	44.0102729797363	1058.53747558594	-5.41832828521729	18.987865447998	1041.08154296875	-19.032398223877	14.7038154602051	1031.8203125	-35.9319000244141	9.94258117675781	1039.16711425781	-50.8393287658691	-2.92229223251343	1068.48071289062	-42.182014465332	-13.7062749862671	1069.73937988281	-20.8964538574219	5.5935697555542	1062.14721679688	-36.2851905822754	-33.5391845703125	1070.18420410156	-20.6597061157227	-28.9247035980225	1081.08020019531	-11.9037437438965	-35.5952415466309	1083.29016113281	-12.0351009368896	-9.2430362701416	1074.36511230469
PRI-8893	-1.14887702465057	63.2569046020508	1077.31787109375	-0.953690409660339	59.1299362182617	1070.19750976562	-1.62881672382355	43.5801887512207	1047.90734863281	-2.18849062919617	21.1086959838867	1026.98498535156	-1.8674350976944	18.1711940765381	1022.88214111328	1.49044954776764	-64.7831039428711	1052.73950195312	1.26560509204865	-47.6420135498047	1074.01940917969	0.754065036773682	-30.52174949646	1076.81372070312	-0.322051107883453	-4.62874126434326	1062.27465820312	-0.857526540756226	10.0113687515259	1071.77551269531	-1.13849663734436	46.3988838195801	1073.310546875	9.34862899780273	58.5613594055176	1075.42419433594	12.1575603485107	54.8658027648926	1076.89978027344	15.2587633132935	49.1543655395508	1078.51403808594	18.0892143249512	38.0339164733887	1079.7509765625	17.9671421051025	13.042721748352	1082.87658691406	12.4923734664917	4.46025896072388	1078.02307128906	3.59868407249451	42.5340957641602	1052.36462402344	1.21924233436584	20.8977108001709	1034.8525390625	17.6211757659912	16.0889797210693	1026.87536621094	33.2991065979004	8.40414524078369	1034.45776367188	47.1828880310059	-0.91495668888092	1059.65441894531	38.5772247314453	-14.4536733627319	1061.11169433594	15.5179300308228	4.67556381225586	1057.50354003906	32.673526763916	-34.129222869873	1060.28405761719	18.2515907287598	-32.6438980102539	1074.09252929688	9.01018619537354	-40.5771102905273	1077.31201171875	8.12389755249023	-12.009822845459	1068.45495605469	-11.4303741455078	57.3216285705566	1076.49255371094	-13.1490631103516	54.2366027832031	1076.60388183594	-16.5994033813477	47.0002937316895	1079.45336914062	-18.1898345947266	36.0190963745117	1083.42163085938	-16.9963150024414	10.3409538269043	1084.63464355469	-11.6157941818237	3.04735517501831	1078.86450195312	-6.18863344192505	42.3940277099609	1052.71215820312	-4.97524833679199	20.2403774261475	1035.05871582031	-18.6044044494629	15.0442600250244	1026.9873046875	-36.6476783752441	5.05151510238647	1036.54296875	-46.9597702026367	-5.12056636810303	1063.07165527344	-37.9037857055664	-17.3223876953125	1063.23767089844	-17.6848831176758	3.95370316505432	1058.20178222656	-30.5033512115479	-37.3873901367188	1062.13232421875	-16.4109001159668	-34.6370315551758	1075.44567871094	-6.82457256317139	-41.3854942321777	1077.10913085938	-7.56057977676392	-13.692741394043	1068.74157714844
PRI-8895	-2.83937573432922	55.6271476745605	1095.74865722656	-3.2518904209137	48.6477165222168	1089.50500488281	-2.77661466598511	38.133617401123	1071.83374023438	-3.2243025302887	21.5559024810791	1051.16003417969	-3.02672386169434	19.050708770752	1046.5615234375	-1.17888379096985	-58.9723777770996	1078.91271972656	-1.69609606266022	-40.6387519836426	1092.68188476562	-2.93419551849365	-23.3672637939453	1096.03967285156	-2.61673521995544	-2.96025109291077	1081.93286132812	-2.75565552711487	10.0718822479248	1090.52136230469	-3.34069323539734	41.4174385070801	1091.89135742188	6.75636863708496	51.490779876709	1094.14831542969	7.63055562973022	50.050853729248	1094.443359375	NA	NA	NA	15.2147130966187	37.1892700195312	1099.0146484375	14.4488735198975	13.5046186447144	1100.42431640625	8.64406681060791	6.3703236579895	1096.40771484375	2.14667892456055	38.1735801696777	1075.18615722656	0.326913833618164	20.5722274780273	1058.80737304688	13.7369537353516	16.0350131988525	1048.69128417969	27.87282371521	11.0841579437256	1058.02734375	38.8505210876465	-0.640410661697388	1083.32629394531	32.828182220459	-11.6359720230103	1083.6142578125	12.8715391159058	6.29892587661743	1077.28686523438	26.972412109375	-28.7209091186523	1083.16882324219	13.6469879150391	-25.2485675811768	1093.13488769531	5.88088989257812	-31.7841739654541	1095.19458007812	3.98512649536133	-8.10846424102783	1087.34375	-12.4246120452881	51.7762718200684	1094.25708007812	-12.8596181869507	50.8155250549316	1093.83557128906	NA	NA	NA	-21.1196060180664	36.5926208496094	1099.09521484375	-19.3713760375977	13.499963760376	1101.64294433594	-13.7474527359009	5.8258867263794	1097.13488769531	-7.67936277389526	37.7297134399414	1075.033203125	-5.49079036712646	20.4318313598633	1058.26245117188	-19.0373096466064	16.1295986175537	1049.04565429688	-32.9025192260742	10.8032464981079	1058.46435546875	-43.433219909668	-2.60192251205444	1083.85961914062	-37.1887321472168	-12.64821434021	1084.25646972656	-17.6278972625732	7.33732986450195	1077.97180175781	-31.4487552642822	-31.0032863616943	1084.2265625	-17.0600109100342	-25.6326999664307	1094.19592285156	-9.18861675262451	-32.4615821838379	1094.60522460938	-9.26919174194336	-9.00751686096191	1088.06994628906
PRI-8896	-1.43360424041748	54.3151054382324	1083.4638671875	-1.357705950737	48.7077865600586	1076.95190429688	-1.67453444004059	35.3082695007324	1059.91064453125	-2.7202742099762	15.9072675704956	1040.32116699219	-2.67202997207642	12.8193216323853	1036.67980957031	-4.37342071533203	-63.1096076965332	1070.0400390625	-4.50193071365356	-45.5534896850586	1085.12036132812	-4.1737904548645	-28.806526184082	1088.58325195312	-3.80907225608826	-6.19600820541382	1072.47216796875	-3.16583228111267	7.47100114822388	1081.0771484375	-2.03743124008179	39.0123710632324	1080.55480957031	8.14096355438232	48.7151298522949	1082.27465820312	8.81738567352295	47.4597396850586	1082.72924804688	12.5041875839233	43.0346488952637	1084.32556152344	16.2135925292969	33.7384223937988	1087.25451660156	13.1229028701782	8.32052803039551	1091.35913085938	8.44364261627197	3.14375925064087	1087.66003417969	2.56498384475708	34.7161827087402	1062.63293457031	0.475657224655151	15.272255897522	1048.107421875	13.1283073425293	10.9859714508057	1039.78747558594	28.7564067840576	6.00390243530273	1048.69604492188	39.0137786865234	-6.12412977218628	1073.24853515625	31.81471824646	-16.5853691101074	1073.37707519531	10.774341583252	1.7147353887558	1068.42504882812	24.6366901397705	-33.2621116638184	1074.6064453125	12.1180324554443	-31.5358943939209	1085.52026367188	2.98536229133606	-37.893497467041	1088.22521972656	2.79416179656982	-12.0932769775391	1078.87927246094	-11.4029941558838	49.1310577392578	1082.63049316406	-12.5936412811279	48.0181884765625	1082.56372070312	-16.6084384918213	43.6203842163086	1084.41552734375	-20.8334865570068	34.3662643432617	1087.26599121094	-19.8661651611328	9.0258960723877	1090.79467773438	-14.9636535644531	4.23703145980835	1087.4169921875	-6.21014547348022	35.4840278625488	1062.89611816406	-5.611008644104	15.5674314498901	1047.95812988281	-18.3774280548096	11.2753810882568	1039.6845703125	-34.2505340576172	7.45749235153198	1048.32275390625	-46.2344932556152	-4.51958608627319	1072.59655761719	-38.6992416381836	-14.9519996643066	1073.5859375	-18.008451461792	2.76518130302429	1068.83984375	-33.4221420288086	-33.302619934082	1075.20275878906	-20.0534076690674	-30.7162017822266	1085.9150390625	-11.7699317932129	-37.240406036377	1088.04211425781	-10.7402563095093	-11.0785598754883	1078.82580566406
PRI-8902	-1.67097091674805	39.1310577392578	1168.52978515625	-1.95209455490112	35.9117050170898	1160.6455078125	-2.28007483482361	26.8073463439941	1140.56530761719	-0.928589463233948	12.4240875244141	1117.23193359375	-0.721626400947571	10.9657936096191	1113.12536621094	0.509839296340942	-71.0134735107422	1141.47583007812	0.110240362584591	-53.7018013000488	1155.78881835938	-0.853582739830017	-36.7239799499512	1159.63513183594	-0.967366814613342	-13.7810335159302	1148.38391113281	-0.618198692798615	-1.7337920665741	1158.9296875	-1.79175782203674	27.4632987976074	1163.35998535156	5.9560022354126	36.2914505004883	1166.509765625	6.06199264526367	36.106273651123	1166.29455566406	10.5592384338379	31.7662963867188	1168.46740722656	NA	NA	NA	16.4903202056885	0.0549249649047852	1168.24304199219	11.9266967773438	-7.41520547866821	1163.74951171875	3.21235728263855	26.8217315673828	1144.57275390625	2.41261887550354	10.9975671768188	1124.26489257812	14.8303785324097	7.89216709136963	1114.52282714844	30.5668601989746	1.76895773410797	1125.43359375	40.1089477539062	-12.621678352356	1147.10473632812	35.4951972961426	-24.0389785766602	1147.09069824219	15.0016174316406	-4.74476337432861	1142.80224609375	30.7541828155518	-39.6084938049316	1145.36181640625	16.056941986084	-39.4417495727539	1157.45568847656	7.26915264129639	-46.9117431640625	1158.873046875	6.44762325286865	-19.9576435089111	1153.33386230469	-10.1282835006714	35.9383277893066	1167.67749023438	-10.512357711792	35.2881011962891	1167.48168945312	-14.1164855957031	31.2492942810059	1168.04907226562	NA	NA	NA	-18.4128189086914	-0.81231689453125	1169.03283691406	-12.8536062240601	-7.0388617515564	1164.82678222656	-6.34108877182007	27.3575553894043	1144.17907714844	-3.94643831253052	11.4141979217529	1124.30786132812	-14.9636173248291	7.4000506401062	1113.08740234375	-31.7065620422363	0.237542808055878	1124.84289550781	-43.4344673156738	-15.2692928314209	1148.10803222656	-36.5863151550293	-25.7498168945312	1148.40576171875	-16.7849903106689	-4.68127536773682	1143.95922851562	-30.1522674560547	-43.9244041442871	1146.11596679688	-16.9304885864258	-41.3705215454102	1157.7705078125	-6.85127925872803	-47.1074028015137	1158.86462402344	-7.76002502441406	-20.9159545898438	1153.47204589844
PRI-8903	0.0126732671633363	57.3495559692383	1154.57312011719	-0.250135958194733	53.6205673217773	1147.04248046875	-0.514290273189545	42.4395713806152	1128.06982421875	-1.15755653381348	25.5859432220459	1106.83276367188	-1.36826455593109	22.9748058319092	1102.09155273438	-4.39043807983398	-58.861759185791	1133.02307128906	-2.89359092712402	-40.2161636352539	1146.87719726562	-2.29658341407776	-23.9790267944336	1150.37341308594	-1.14945828914642	-1.43064701557159	1137.40454101562	-0.868230283260345	12.910099029541	1146.68237304688	-0.221476539969444	43.9728240966797	1149.63049316406	8.63044357299805	53.3405151367188	1153.74047851562	10.045431137085	51.2601661682129	1153.74572753906	12.3568820953369	47.5018501281738	1155.21997070312	17.1765689849854	37.0005874633789	1155.45837402344	16.8574333190918	13.7769479751587	1156.33740234375	10.0903434753418	6.16675090789795	1151.99658203125	4.5517635345459	41.9851493835449	1131.2060546875	2.06413435935974	24.2988109588623	1114.3662109375	16.4331588745117	19.8978729248047	1106.03942871094	30.2924709320068	12.1703414916992	1114.87036132812	41.0124664306641	-1.04112637042999	1138.81640625	33.5726547241211	-13.1710395812988	1137.53576660156	13.2735042572021	7.78940439224243	1133.75	27.27366065979	-28.5468826293945	1136.23828125	14.4459533691406	-27.6103591918945	1148.47192382812	4.77704620361328	-32.9868507385254	1150.15319824219	5.78919553756714	-6.65756750106812	1142.65087890625	-8.71610736846924	53.3843727111816	1154.26416015625	-10.4786787033081	51.2534484863281	1153.83520507812	-12.830883026123	47.7202949523926	1155.23962402344	-18.1108722686768	37.6079444885254	1156.23571777344	-18.555850982666	14.624321937561	1156.82739257812	-12.3761138916016	6.71631002426147	1152.72521972656	-5.11227512359619	42.047004699707	1131.2705078125	-3.78254842758179	24.79421043396	1113.54467773438	-16.823974609375	21.3259391784668	1106.67150878906	-32.7019195556641	14.2184286117554	1115.69458007812	-44.5524559020996	0.315753787755966	1140.51928710938	-38.5059089660645	-9.87986946105957	1138.98193359375	-15.6680498123169	9.13030910491943	1134.98864746094	-32.6584320068359	-27.4859008789062	1137.1650390625	-18.5869903564453	-25.8449592590332	1148.12353515625	-10.0265522003174	-32.5527687072754	1150.01843261719	-8.42629051208496	-6.86464500427246	1143.109375
PRI-8914	-0.969696521759033	59.561149597168	1167.40197753906	-1.61631512641907	52.8057632446289	1158.04431152344	NA	NA	NA	-1.13169550895691	17.0720996856689	1113.01208496094	-0.967507660388947	14.2716951370239	1108.72485351562	-0.781204879283905	-71.3423538208008	1145.07824707031	-1.28218030929565	-51.3037528991699	1160.40075683594	-1.25568282604218	-33.3823928833008	1163.83776855469	-1.50823819637299	-10.1777048110962	1149.21826171875	-2.19903111457825	6.16917991638184	1159.31115722656	-1.93657433986664	43.2877998352051	1163.01452636719	8.69914817810059	55.5818748474121	1166.33312988281	11.32994556427	53.8224754333496	1166.63854980469	13.4988689422607	46.3722610473633	1169.09252929688	NA	NA	NA	16.0661659240723	12.7369155883789	1170.80700683594	10.1762218475342	1.66726267337799	1165.42224121094	3.88140368461609	38.0050964355469	1141.41735839844	1.54100608825684	16.096212387085	1120.30859375	17.5076637268066	10.3476438522339	1111.67004394531	34.3797492980957	3.5798511505127	1120.63098144531	49.766918182373	-9.91736888885498	1149.78186035156	38.601978302002	-22.4061031341553	1151.12561035156	16.3852615356445	0.806214094161987	1143.55102539062	30.9429473876953	-41.3481559753418	1150.12170410156	15.2590246200562	-36.2528610229492	1161.61376953125	6.72656774520874	-43.6929931640625	1163.70043945312	5.91304874420166	-15.9924688339233	1153.08032226562	-11.3916988372803	55.131233215332	1166.29931640625	-13.8535747528076	53.8657493591309	1166.56469726562	-17.31081199646	46.5409049987793	1169.49792480469	-21.4685745239258	36.1078567504883	1170.60009765625	-20.1406726837158	12.324875831604	1170.50646972656	-13.1082725524902	1.3438903093338	1165.38195800781	-7.13894748687744	38.1120567321777	1141.6328125	-4.02002000808716	16.5313873291016	1120.51110839844	-18.8494396209717	10.3453416824341	1110.8544921875	-36.4406890869141	2.43165373802185	1119.87341308594	-52.2292175292969	-13.1355085372925	1147.23864746094	-41.0868339538574	-22.7810344696045	1150.404296875	-19.6581439971924	0.85073983669281	1142.78295898438	-34.0127716064453	-41.400562286377	1150.19030761719	-18.2416362762451	-36.0783615112305	1161.8662109375	-8.76623249053955	-44.0576362609863	1163.11389160156	-8.83639240264893	-17.0352687835693	1154.619140625
PRI-8974	-1.50815558433533	52.212474822998	1164.76904296875	-1.20449101924896	48.6482276916504	1156.57568359375	-1.65032505989075	35.8293647766113	1134.38171386719	-1.21064555644989	14.9215469360352	1111.447265625	-1.07160377502441	11.2241058349609	1105.98059082031	-2.18791174888611	-76.3552627563477	1138.47399902344	-1.80229067802429	-58.2218208312988	1155.26916503906	-1.96339881420135	-40.0744323730469	1158.630859375	-0.971407473087311	-14.7735147476196	1144.25341796875	-1.64517080783844	0.564020693302155	1156.51281738281	-1.57576239109039	37.6576118469238	1159.33361816406	8.06301689147949	48.1466979980469	1161.80078125	8.63476181030273	46.7761764526367	1161.75	13.8996162414551	38.6432876586914	1163.67199707031	17.8068370819092	29.1416511535645	1166.85400390625	15.8778495788574	3.7114725112915	1168.46704101562	10.4664630889893	-4.92051124572754	1161.91516113281	3.81346440315247	34.8190879821777	1137.390625	1.97024464607239	14.2142724990845	1118.3740234375	17.465841293335	8.69773387908936	1109.39025878906	32.2629737854004	1.67010569572449	1117.27075195312	44.0735321044922	-14.3401784896851	1145.02819824219	36.9798469543457	-28.1277370452881	1144.74267578125	14.0075197219849	-4.79453897476196	1139.75842285156	29.1664409637451	-46.2166290283203	1143.76831054688	16.8278141021729	-44.4071464538574	1156.65991210938	5.74918031692505	-49.8989715576172	1158.44116210938	6.19460105895996	-22.5436573028564	1151.20007324219	-11.4853029251099	47.4770088195801	1162.07922363281	-11.9962997436523	46.3320465087891	1161.85913085938	-17.335973739624	38.3720474243164	1164.47729492188	-20.72678565979	27.8850555419922	1167.4375	-19.4964294433594	2.70734453201294	1168.44543457031	-12.5427322387695	-5.53708553314209	1161.41931152344	-6.5710620880127	34.6355285644531	1137.49914550781	-4.32627773284912	14.0086345672607	1118.43493652344	-19.4903774261475	9.63309478759766	1110.22827148438	-34.6443710327148	2.72677850723267	1117.56042480469	NA	NA	NA	-39.484073638916	-26.5953464508057	1145.01123046875	-18.563777923584	-2.99374771118164	1140.56701660156	-32.9753074645996	-46.9566841125488	1143.2431640625	-19.1326637268066	-43.3516807556152	1156.09521484375	-9.513916015625	-49.9382629394531	1158.5927734375	-8.54508399963379	-22.619068145752	1150.70251464844
PRI-8981	-1.43111717700958	56.1064109802246	1082.1328125	-0.912076592445374	51.2585258483887	1073.67932128906	-0.86394190788269	40.051872253418	1053.22204589844	-0.0151836387813091	22.5899925231934	1033.00024414062	0.263951987028122	19.3529834747314	1028.21716308594	6.24543190002441	-61.3576126098633	1062.09216308594	5.26207160949707	-41.7903289794922	1077.02001953125	4.73542499542236	-26.4987087249756	1080.93237304688	2.77977871894836	-5.40528440475464	1067.55383300781	1.54819369316101	10.2382040023804	1073.8671875	-0.350069373846054	42.6915092468262	1076.48425292969	8.01887130737305	52.0932579040527	1081.46142578125	9.57554149627686	50.1260223388672	1080.9462890625	NA	NA	NA	18.6637535095215	36.4753684997559	1083.06384277344	18.9763069152832	12.6868238449097	1085.14672851562	14.9774112701416	5.54376792907715	1080.44116210938	3.88316226005554	40.5205955505371	1057.09265136719	3.24056887626648	22.2376041412354	1039.85766601562	16.7470951080322	17.8903827667236	1030.76623535156	33.3752899169922	11.5198068618774	1040.09948730469	45.5794258117676	2.99889969825745	1066.13232421875	38.546989440918	-9.8002986907959	1066.30517578125	17.5058479309082	6.26219940185547	1059.35473632812	35.1298217773438	-28.0175075531006	1065.70739746094	20.9589233398438	-27.3614826202393	1078.51416015625	12.3991003036499	-35.2565841674805	1080.43969726562	10.8573369979858	-9.56578731536865	1071.30639648438	-10.2055397033691	50.8883094787598	1081.10144042969	-11.1951704025269	48.2916030883789	1081.64465332031	NA	NA	NA	-17.8878841400146	33.5687561035156	1083.85144042969	-15.4235363006592	10.0571346282959	1085.69384765625	-10.06467628479	3.56858205795288	1080.68249511719	-5.82727766036987	39.6617317199707	1058.03247070312	-3.60583305358887	21.3045806884766	1039.92260742188	-16.5569324493408	15.39235496521	1031.65283203125	-32.5245094299316	7.53674268722534	1043.16613769531	-40.9161033630371	-4.60405731201172	1069.015625	-31.4850921630859	-14.8498954772949	1068.39208984375	-14.6107378005981	5.13260841369629	1061.03723144531	-25.6001205444336	-34.379825592041	1068.01684570312	-11.2007303237915	-30.1533832550049	1079.31750488281	-1.38995110988617	-37.4605979919434	1079.416015625	-4.35967016220093	-11.1399688720703	1072.01257324219
PRI-8988	-0.278162091970444	60.9116020202637	1072.71752929688	-1.20799684524536	55.9739189147949	1065.89685058594	-1.61392569541931	45.6561126708984	1045.55932617188	-1.03211522102356	26.0339069366455	1024.5458984375	-0.809708893299103	22.8970394134521	1019.23724365234	-3.82165813446045	-60.1318817138672	1047.8427734375	-4.18864583969116	-42.519359588623	1064.89196777344	-4.14495658874512	-26.4216690063477	1069.82739257812	-3.31404542922974	-1.23467695713043	1056.36926269531	-2.82204413414001	12.9676780700684	1065.20043945312	-1.87478971481323	44.0528335571289	1067.94189453125	8.77707386016846	55.5658683776855	1071.70153808594	10.1416873931885	53.3639144897461	1072.20227050781	12.9398126602173	47.8128700256348	1074.0888671875	16.1215190887451	38.710563659668	1075.88732910156	14.4875898361206	14.2149934768677	1077.62463378906	9.68143653869629	6.55042552947998	1072.216796875	3.33723378181458	43.413932800293	1048.04504394531	2.51700663566589	25.0990695953369	1031.84020996094	16.8196392059326	19.3088703155518	1023.55120849609	31.7156143188477	12.9105958938599	1034.47863769531	41.8392562866211	-0.453148245811462	1057.72509765625	33.817985534668	-11.4991283416748	1057.4599609375	13.3283319473267	7.71418333053589	1052.84619140625	27.5456619262695	-30.4332904815674	1056.27416992188	12.6570739746094	-29.5972080230713	1068.43017578125	3.10796403884888	-36.6730690002441	1068.68835449219	3.70897173881531	-8.65256977081299	1062.91857910156	-10.5730123519897	56.0572776794434	1070.92980957031	-12.6876926422119	53.3786087036133	1071.08947753906	-16.7969264984131	48.0484886169434	1072.68188476562	-20.4692211151123	38.84716796875	1073.57104492188	-19.501070022583	14.083324432373	1076.43127441406	-14.7010917663574	7.39763116836548	1071.71020507812	-5.66427373886108	43.3925437927246	1047.63098144531	-5.06106376647949	24.5767021179199	1031.96118164062	-17.9127578735352	19.8974533081055	1022.35998535156	-34.6022567749023	13.3711786270142	1032.82006835938	NA	NA	NA	NA	NA	NA	-18.8058261871338	8.78365898132324	1051.91662597656	-34.0283470153809	-30.8435535430908	1055.94982910156	-20.6502132415771	-28.3540019989014	1068.00390625	-10.7792148590088	-35.9075393676758	1068.27819824219	-10.3941354751587	-8.79930591583252	1062.71545410156
PRI-9013	117.656684875488	57.6314582824707	856.278198242188	117.442558288574	50.8626899719238	863.298400878906	116.540229797363	39.3870048522949	879.438842773438	116.355674743652	17.7312812805176	899.367004394531	116.157691955566	15.0356864929199	902.282470703125	116.988212585449	-53.9641151428223	862.219543457031	117.092124938965	-34.9941368103027	851.991577148438	117.914016723633	-18.8476085662842	850.547424316406	117.291854858398	1.06778204441071	865.332946777344	117.663177490234	13.6267185211182	857.699035644531	118.041542053223	46.5013542175293	859.472412109375	108.51570892334	53.7200012207031	856.00390625	106.937149047852	53.0442657470703	855.596862792969	104.23957824707	49.4489517211914	854.082458496094	100.369705200195	39.3124160766602	851.8720703125	102.191146850586	14.5291891098022	850.000610351562	107.236557006836	9.89479446411133	852.805969238281	112.505577087402	39.5899620056152	876.943359375	114.045364379883	18.928617477417	891.363891601562	102.686241149902	12.886079788208	900.857788085938	89.0012588500977	8.18385887145996	889.712890625	79.7293930053711	2.73475241661072	864.145874023438	83.563117980957	-8.15732669830322	862.974548339844	103.818389892578	7.12098360061646	871.507019042969	90.8337020874023	-23.9587268829346	861.385620117188	103.411209106445	-21.3316459655762	852.172546386719	109.849723815918	-26.8739166259766	849.628356933594	111.357307434082	-5.61989116668701	860.191101074219	127.101974487305	53.2337493896484	856.393310546875	129.094192504883	52.2321891784668	855.405456542969	131.368621826172	48.4542007446289	854.054748535156	135.159301757812	38.2150840759277	851.890075683594	133.597900390625	13.2508850097656	850.153991699219	127.95418548584	9.86052227020264	853.187133789062	121.792457580566	40.825309753418	875.859069824219	118.686973571777	19.191068649292	890.827087402344	129.798141479492	12.9797143936157	901.290344238281	143.777282714844	8.4500560760498	889.949645996094	155.113861083984	1.79832983016968	865.192626953125	149.527420043945	-8.5150203704834	863.289245605469	130.187515258789	7.92108488082886	871.342529296875	143.798446655273	-24.8595676422119	862.005065917969	131.379730224609	-22.0264568328857	852.266357421875	124.636840820312	-27.6404075622559	850.751037597656	123.08748626709	-6.17483377456665	860.472473144531
PRI-9328	0.520194590091705	71.5933456420898	1046.48303222656	-0.377561330795288	62.8215599060059	1038.26904296875	-1.82414162158966	43.7027397155762	1017.18743896484	-0.0379754193127155	17.1529216766357	989.659301757812	-0.0864379703998566	13.8298778533936	984.941284179688	-4.2914605140686	-77.5624008178711	1021.50592041016	-3.80016660690308	-56.8240509033203	1040.44006347656	-3.38816285133362	-39.4306640625	1042.39672851562	-2.30624032020569	-13.1585206985474	1027.69201660156	-2.56346297264099	7.1522045135498	1040.72204589844	-0.789779007434845	50.5861625671387	1043.09582519531	13.015251159668	64.1807098388672	1045.001953125	15.0741090774536	59.9381294250488	1045.35888671875	17.7630786895752	51.2469367980957	1047.68933105469	19.9942016601562	39.548755645752	1052.51403808594	16.4523067474365	12.485652923584	1055.27770996094	9.44368839263916	2.76613330841064	1048.20434570312	3.64678454399109	44.5184936523438	1020.02520751953	1.75088763237	18.1023769378662	998.266723632812	18.2232131958008	11.5199241638184	989.170593261719	36.6382141113281	3.81127619743347	1000.98406982422	47.6664733886719	-11.085563659668	1035.521484375	35.2041664123535	-22.0718479156494	1035.10278320312	13.5190477371216	0.16629521548748	1024.66662597656	33.2153282165527	-42.7543296813965	1030.09094238281	14.9512662887573	-43.317569732666	1041.3310546875	4.46445894241333	-50.015869140625	1043.53039550781	6.73644399642944	-21.819860458374	1034.33837890625	-12.4707183837891	64.7257614135742	1045.37561035156	-14.8053588867188	62.3009147644043	1045.93090820312	-19.11012840271	53.9886665344238	1047.26342773438	NA	NA	NA	-21.3215770721436	13.5014724731445	1053.98388671875	-14.39732837677	2.29033374786377	1046.96569824219	-8.13993835449219	44.5798034667969	1020.36968994141	-3.82104778289795	18.3995513916016	999.690002441406	-19.7441139221191	12.4515209197998	987.455505371094	-38.8720664978027	6.14766788482666	1000.13781738281	-51.2314834594727	-9.21809196472168	1033.27453613281	-41.9291381835938	-19.5693092346191	1032.65856933594	-17.0005664825439	0.223580881953239	1023.5048828125	-37.7992553710938	-41.4357109069824	1028.34814453125	-20.3920097351074	-41.8057441711426	1039.8525390625	-11.1960153579712	-48.6311683654785	1043.49450683594	-11.3763313293457	-21.8546123504639	1033.18481445312
PRI-9329	-0.759281754493713	58.4469184875488	1057.7724609375	-0.312888830900192	55.3668365478516	1050.63391113281	0.251132130622864	41.6254539489746	1028.15234375	0.24621507525444	21.9046764373779	1002.41888427734	0.522093296051025	18.961462020874	996.123718261719	0.630805611610413	-67.7428741455078	1029.95678710938	-0.124228954315186	-49.7374229431152	1045.783203125	-0.120383128523827	-32.7170028686523	1048.56677246094	-0.374692171812057	-5.95380258560181	1035.67004394531	-0.105431780219078	8.1167402267456	1044.06762695312	-0.737722218036652	45.5155334472656	1052.09216308594	9.80000019073486	53.1135368347168	1055.23803710938	11.6363000869751	49.2698173522949	1055.29895019531	15.7610921859741	43.8498573303223	1056.0244140625	18.662618637085	32.8045196533203	1056.56982421875	15.6262464523315	7.31561422348022	1055.47802734375	11.3777322769165	2.0921938419342	1052.45166015625	5.50085353851318	40.8293724060059	1030.51953125	3.58058404922485	20.2131767272949	1007.91790771484	19.1368179321289	16.2968406677246	1001.53936767578	33.7540168762207	10.431755065918	1009.81353759766	44.3269004821777	-7.79127979278564	1038.50891113281	36.8285331726074	-16.8284893035889	1038.25915527344	14.7513246536255	4.46021938323975	1031.35791015625	32.2817764282227	-34.5070190429688	1035.59912109375	17.2423114776611	-36.3503646850586	1048.01245117188	8.33348274230957	-42.203727722168	1049.2138671875	7.12739658355713	-15.3929815292358	1042.88842773438	-10.0715484619141	52.7567977905273	1055.64794921875	-12.7440843582153	48.9257392883301	1055.451171875	-16.2827033996582	43.9674758911133	1055.45495605469	-19.1837215423584	33.0961494445801	1056.57885742188	-17.3495025634766	7.73158264160156	1054.88708496094	-12.1582450866699	2.31966233253479	1052.14782714844	-4.34029960632324	40.3956413269043	1029.79516601562	-3.07705140113831	19.8155994415283	1008.41772460938	-17.053373336792	15.9081745147705	1001.310546875	-33.2843360900879	9.36614036560059	1009.314453125	-44.6019630432129	-7.86807775497437	1036.90856933594	-37.6855773925781	-17.4162197113037	1037.25756835938	-15.9137449264526	5.48068237304688	1031.97827148438	-31.5350570678711	-34.7116355895996	1034.33532714844	-16.9097709655762	-35.7177238464355	1047.76953125	-7.39993381500244	-43.1602935791016	1048.19506835938	-7.94548892974854	-15.374870300293	1042.56408691406
PRI-9330	-0.528504133224487	55.468391418457	1063.77282714844	-0.63258284330368	48.2042274475098	1055.29174804688	-0.243380576372147	41.0134468078613	1035.17260742188	-0.487169802188873	18.7994956970215	1006.55694580078	-0.316839784383774	15.5968713760376	1001.18957519531	-4.20503520965576	-68.5666198730469	1028.74353027344	-3.53311538696289	-52.1954612731934	1047.6337890625	-3.23245978355408	-34.479923248291	1052.38647460938	-1.99726986885071	-8.91137409210205	1036.8984375	-1.72816395759583	5.0726432800293	1048.42614746094	-0.971443712711334	39.5635948181152	1057.47631835938	9.83415985107422	49.6641273498535	1062.60302734375	10.821964263916	48.6143341064453	1062.39782714844	14.5307321548462	42.6790924072266	1063.33813476562	17.5447673797607	32.9447822570801	1062.04260253906	15.6331033706665	6.16793537139893	1059.56958007812	9.63314247131348	-0.783912420272827	1054.40783691406	5.02067613601685	39.6187744140625	1036.52221679688	3.35988163948059	17.2611198425293	1015.12762451172	16.6918697357178	13.3799238204956	1006.47320556641	33.0058746337891	6.20689487457275	1017.47778320312	42.5551795959473	-5.72625780105591	1041.43322753906	33.9041328430176	-18.6298141479492	1040.03686523438	13.5904321670532	0.158182233572006	1035.49230957031	29.2629890441895	-36.7246017456055	1037.89855957031	13.7558612823486	-37.6903686523438	1048.50598144531	4.73663949966431	-44.6763191223145	1051.68627929688	4.00441884994507	-16.5919609069824	1043.78649902344	-11.3338632583618	50.2277412414551	1062.8427734375	-13.0054006576538	48.9539833068848	1063.125	-15.3847436904907	43.510181427002	1063.71923828125	-19.1348400115967	33.890495300293	1062.19421386719	-19.0071334838867	7.36712503433228	1059.66186523438	-13.5623731613159	-0.720540583133698	1054.55480957031	-5.74258852005005	39.2983016967773	1036.20727539062	-3.9577202796936	17.6549549102783	1015.11633300781	-17.4569644927979	15.7156620025635	1005.7958984375	-34.455883026123	7.73896169662476	1016.75335693359	-45.980224609375	-2.81104373931885	1040.45251464844	-38.0939712524414	-17.3977108001709	1039.78491210938	-16.2646789550781	1.08811891078949	1035.31713867188	-35.5798110961914	-36.7470092773438	1038.11865234375	-20.8344287872314	-37.6544151306152	1049.0673828125	-11.9570770263672	-44.5132789611816	1051.66247558594	-10.0903224945068	-16.9170475006104	1043.74987792969
PRI-9331	-3.06503129005432	49.4268760681152	1187.47082519531	-2.86518001556396	45.2787666320801	1178.56176757812	-2.33129596710205	35.8380584716797	1158.3857421875	-0.312187761068344	19.1260185241699	1132.1142578125	0.02756985463202	16.4523601531982	1126.87805175781	-1.65578484535217	-67.8205947875977	1152.94470214844	-2.70011115074158	-52.6600685119629	1169.78405761719	-3.206223487854	-37.1155853271484	1176.67749023438	-2.43037104606628	-10.0349702835083	1162.69958496094	-3.20530462265015	2.47043561935425	1174.23742675781	-3.17531847953796	35.3480262756348	1179.51123046875	6.85181856155396	43.7105178833008	1185.9423828125	8.68974304199219	41.0767097473145	1186.90112304688	11.2585582733154	36.6235618591309	1188.06286621094	14.1989641189575	26.762674331665	1189.05541992188	13.1126594543457	3.40291380882263	1186.79638671875	8.00055027008057	-2.58284759521484	1181.15270996094	2.33016729354858	33.7686767578125	1160.91357421875	2.32702255249023	16.452880859375	1140.21313476562	17.6887702941895	15.0401649475098	1133.1015625	32.4280624389648	5.952232837677	1143.46435546875	39.6390533447266	-7.51946830749512	1170.28271484375	31.6350231170654	-18.6906318664551	1168.03894042969	11.1472444534302	-0.146583676338196	1163.74377441406	28.8504161834717	-36.8660087585449	1164.49633789062	14.8082542419434	-38.853271484375	1174.28234863281	5.44004058837891	-46.8884086608887	1174.83312988281	5.6410813331604	-18.0715847015381	1170.1943359375	-12.8738431930542	44.2226066589355	1185.2734375	-15.0285320281982	41.0748863220215	1185.796875	-17.3697052001953	36.4216003417969	1186.91467285156	-20.3922710418701	26.9996032714844	1187.06469726562	-19.9419784545898	3.67620038986206	1184.76354980469	-14.5258016586304	-2.77719759941101	1179.76916503906	-6.31213045120239	33.6774101257324	1159.69470214844	-3.8845739364624	16.2424736022949	1139.76037597656	-17.3706798553467	15.4958391189575	1130.92846679688	-33.8249359130859	5.74644327163696	1139.34033203125	-44.2740211486816	-7.08644247055054	1165.93542480469	-36.9324798583984	-19.157190322876	1164.10083007812	-17.2912254333496	0.783673167228699	1161.35620117188	-33.9762191772461	-37.7218437194824	1160.89599609375	-19.8760032653809	-39.5121269226074	1172.63708496094	-11.1870670318604	-47.0594482421875	1173.72021484375	-10.7775554656982	-18.3274841308594	1168.8662109375
PRI-9332	-0.725532531738281	69.0332870483398	1063.64221191406	-0.86526495218277	62.2445945739746	1051.85375976562	-1.74465870857239	47.7778549194336	1030.47998046875	-1.24593043327332	17.2177810668945	1006.80316162109	-1.25028598308563	11.8375329971313	1000.91247558594	-0.326226383447647	-68.5470199584961	1039.62243652344	-1.47436320781708	-50.2776718139648	1056.75061035156	-0.688210368156433	-32.9461669921875	1059.40576171875	-0.88910698890686	-8.24375152587891	1044.37609863281	-0.170782670378685	9.79487037658691	1051.20458984375	-0.981633603572845	51.6377334594727	1056.423828125	11.6489763259888	63.8493614196777	1060.86755371094	15.5602111816406	60.6895904541016	1062.82751464844	17.8605899810791	53.7626304626465	1064.90637207031	20.7583122253418	39.9605484008789	1063.41784667969	18.3429927825928	15.1967992782593	1064.24621582031	12.1616296768188	5.32398128509521	1057.60498046875	3.97903060913086	44.9560623168945	1032.56494140625	2.36227130889893	16.1549224853516	1013.94384765625	16.0511054992676	11.2390727996826	1005.01452636719	33.8786582946777	5.06479024887085	1015.26214599609	45.6183586120605	-6.23257112503052	1044.3837890625	37.6983451843262	-16.0562648773193	1044.99047851562	14.0467386245728	3.53295922279358	1037.24047851562	32.8734817504883	-36.872184753418	1043.29040527344	18.4132900238037	-36.0456390380859	1054.79211425781	7.15976524353027	-42.5229606628418	1059.02197265625	8.21979331970215	-14.3981838226318	1048.90637207031	-13.5569438934326	63.052547454834	1061.77355957031	-16.630880355835	60.5582695007324	1063.32373046875	-18.6946411132812	53.0994758605957	1065.97387695312	-21.4141712188721	40.2918434143066	1063.8779296875	-19.0642719268799	14.4745635986328	1065.4013671875	-12.2383594512939	5.32297325134277	1058.267578125	-6.74328708648682	45.383056640625	1033.70227050781	-4.76259136199951	16.5012798309326	1014.27276611328	-18.3534603118896	11.1760759353638	1005.83471679688	-35.8115348815918	5.45582866668701	1016.46160888672	-48.4556541442871	-6.22430849075317	1047.82885742188	-39.6383514404297	-15.6179761886597	1046.41479492188	-16.2526321411133	4.01558828353882	1038.08532714844	-35.5867881774902	-36.1903953552246	1043.53698730469	-19.9813594818115	-36.0097618103027	1056.45715332031	-9.6183385848999	-42.1412048339844	1059.30261230469	-9.43477153778076	-14.6052131652832	1049.65698242188
PRI-9333	-0.0229651760309935	57.2926788330078	1170.07971191406	-0.00197813869453967	50.1511039733887	1161.2685546875	-1.57854270935059	37.8079071044922	1137.9990234375	-3.43231415748596	17.7191162109375	1111.68981933594	-3.7078320980072	15.4605541229248	1107.2451171875	-4.42959308624268	-69.0598068237305	1136.34899902344	-1.90390241146088	-53.5085144042969	1158.28186035156	-1.83596241474152	-34.618034362793	1161.54919433594	-2.24709725379944	-10.4777765274048	1147.21630859375	-1.11521983146667	3.9706130027771	1156.76635742188	-0.414864271879196	37.7377548217773	1161.91809082031	10.5738849639893	50.7579345703125	1168.14892578125	12.4679832458496	48.1808128356934	1168.46557617188	15.7801485061646	42.881649017334	1171.40075683594	18.3476467132568	32.5038681030273	1173.12756347656	18.0406475067139	7.38168573379517	1169.20556640625	11.5186243057251	-2.0130934715271	1163.25708007812	5.36088848114014	37.4380645751953	1142.06030273438	0.182803735136986	16.3331832885742	1119.39819335938	14.6692571640015	11.7716674804688	1109.95556640625	30.0699844360352	3.15401887893677	1119.86193847656	42.6512641906738	-9.25051116943359	1147.75708007812	34.4115791320801	-20.6212406158447	1146.56335449219	13.0679273605347	-0.507553160190582	1143.6142578125	28.2596797943115	-40.0984992980957	1144.08703613281	15.1694793701172	-38.2965049743652	1158.28137207031	6.27602577209473	-44.3643035888672	1161.34790039062	6.14431715011597	-18.0019607543945	1152.8125	-10.5578517913818	51.0276031494141	1169.5126953125	-13.3636293411255	48.4167022705078	1169.8134765625	-16.32373046875	42.9706535339355	1170.35083007812	-19.5792617797852	32.270923614502	1170.35632324219	-18.6197643280029	7.66091728210449	1169.73059082031	-13.0960788726807	-0.785631716251373	1164.70617675781	-7.43355226516724	37.3989334106445	1142.11889648438	-6.20726585388184	16.7844333648682	1118.96862792969	-21.1841659545898	13.4898242950439	1112.30358886719	-36.4452781677246	5.46965789794922	1122.44091796875	-46.2035179138184	-7.59758138656616	1153.46276855469	-38.9965324401855	-18.9277381896973	1150.66943359375	-17.2979183197021	-0.288125336170197	1144.89660644531	-34.0815811157227	-39.8056259155273	1146.69946289062	-19.4194946289062	-36.9851951599121	1159.92810058594	-10.0643978118896	-44.9076499938965	1161.58276367188	-9.47449398040771	-18.078052520752	1153.650390625
PRI-9335	-1.6058863401413	52.7278175354004	1173.64416503906	-1.7394300699234	49.1522331237793	1164.83264160156	-3.18221569061279	40.0467643737793	1143.95825195312	-3.94386339187622	19.014612197876	1119.10034179688	-4.07718086242676	17.199254989624	1114.89233398438	-6.85705614089966	-67.0146179199219	1147.26147460938	-5.63037347793579	-50.8825988769531	1161.94177246094	-5.12802267074585	-32.4805297851562	1164.92626953125	-4.19719409942627	-9.35206127166748	1152.14953613281	-3.38550925254822	4.96479892730713	1159.57556152344	-2.52097678184509	39.0764389038086	1166.0693359375	8.74332904815674	45.5845031738281	1170.92443847656	9.38936901092529	44.2300224304199	1171.23669433594	11.8357734680176	38.9254112243652	1172.49987792969	15.2789878845215	28.2644691467285	1171.33959960938	13.2552375793457	3.35800933837891	1169.18347167969	7.12998151779175	-0.126300722360611	1165.55712890625	2.3533456325531	38.7515525817871	1146.57409667969	-1.33581614494324	18.3932075500488	1127.13427734375	13.0703058242798	15.3543081283569	1117.37145996094	28.64084815979	5.57793760299683	1126.9697265625	38.3811416625977	-11.1310625076294	1152.76306152344	30.3991527557373	-20.0003833770752	1153.44458007812	11.3234329223633	0.974953591823578	1146.33142089844	25.373218536377	-37.3215255737305	1150.96472167969	12.3258056640625	-37.0170135498047	1163.44458007812	2.76798558235168	-42.7974586486816	1164.93884277344	2.80875658988953	-17.7567691802979	1157.68493652344	-11.6916275024414	46.7332077026367	1172.34008789062	-13.232029914856	45.4890785217285	1172.6474609375	-16.3937129974365	39.9310874938965	1172.75720214844	-19.7938365936279	29.310848236084	1172.33618164062	-19.01291847229	4.2064414024353	1170.30859375	-14.158052444458	0.277492165565491	1165.44897460938	-8.47525596618652	39.0651206970215	1146.3935546875	-6.18175506591797	18.7237586975098	1127.42309570312	-20.7367515563965	17.0127372741699	1117.91821289062	-36.0633125305176	7.34579467773438	1127.85986328125	-46.275634765625	-7.44417762756348	1154.60876464844	-38.5855598449707	-17.1038494110107	1154.11022949219	-18.3967456817627	1.6729896068573	1147.50146484375	-36.0865211486816	-35.0099487304688	1151.46301269531	-23.033031463623	-35.5914459228516	1163.90795898438	-13.3621006011963	-42.4577140808105	1164.80505371094	-11.7416458129883	-16.2464179992676	1157.92297363281
PRI-9340	-1.48848688602448	62.7456245422363	1001.99188232422	-1.47695684432983	57.9478530883789	995.888732910156	-2.10627317428589	44.9006690979004	975.140319824219	-1.96877408027649	20.4435863494873	951.505981445312	-1.94360268115997	17.9346523284912	947.287353515625	-0.149917259812355	-65.8092651367188	981.669311523438	-0.391071021556854	-45.9026374816895	999.421325683594	-0.745648145675659	-28.1657562255859	1003.87481689453	-1.62608480453491	-3.88046407699585	986.359191894531	-1.58965110778809	11.8644456863403	996.016967773438	-1.31898045539856	45.3038940429688	999.571105957031	10.35094165802	58.0629997253418	1001.57659912109	11.6209964752197	57.0001373291016	1002.13061523438	16.4117431640625	48.357292175293	1004.82763671875	19.0648555755615	37.0178833007812	1006.53601074219	14.6339063644409	9.97932720184326	1005.35528564453	10.475136756897	7.79225206375122	1002.45709228516	3.63509631156921	44.0328521728516	978.252807617188	1.38691091537476	19.4819507598877	957.784545898438	17.6637573242188	14.2869930267334	950.05908203125	33.1606178283691	7.10487413406372	958.17431640625	44.9468803405762	-5.89902877807617	990.284484863281	36.6435775756836	-13.2014169692993	988.477661132812	13.5434799194336	6.88105201721191	980.782287597656	32.0344085693359	-32.1445007324219	988.107604980469	17.329252243042	-31.3849411010742	1000.41076660156	7.7615909576416	-37.8347358703613	1003.20318603516	6.48139476776123	-10.7861709594727	989.950805664062	-12.7073793411255	57.535572052002	1002.75415039062	-14.6315040588379	56.4873886108398	1003.10418701172	-18.1411018371582	47.7835121154785	1005.63055419922	-21.0258979797363	36.4405937194824	1007.37854003906	-16.4363231658936	9.5322732925415	1006.00262451172	-12.7811517715454	5.92289924621582	1003.3017578125	-7.44496774673462	44.1018981933594	978.544250488281	-4.84520626068115	19.808666229248	957.743896484375	-19.7658920288086	14.9845857620239	950.392578125	-36.3019104003906	6.82797956466675	959.802307128906	-47.0163192749023	-8.79811954498291	992.166564941406	-39.3267478942871	-14.0031042098999	990.554626464844	-17.3819255828857	6.82570457458496	981.907409667969	-33.9131774902344	-34.8210105895996	989.395324707031	-19.04421043396	-33.242115020752	1001.21545410156	-7.97971868515015	-39.0239295959473	1003.11370849609	-9.21097278594971	-11.5553903579712	993.28662109375
PRI-9349	-1.82466423511505	53.4686279296875	1065.58654785156	-1.71506667137146	48.8163757324219	1059.33959960938	-1.35850727558136	37.5700645446777	1038.88745117188	-0.073107898235321	19.6734371185303	1014.65844726562	-0.0343790501356125	16.8608493804932	1009.90887451172	0.851539134979248	-67.7222290039062	1043.4228515625	0.420757710933685	-50.266429901123	1059.20825195312	-0.0782796293497086	-34.0850257873535	1062.06616210938	-0.439582735300064	-7.82133102416992	1048.05346679688	-0.912604033946991	5.75165176391602	1057.86657714844	-1.04880595207214	37.9016799926758	1061.12561035156	9.12339210510254	46.9876022338867	1065.64208984375	10.4164934158325	46.2163200378418	1065.80590820312	13.5590801239014	40.3634300231934	1067.92626953125	16.7880058288574	30.4445571899414	1069.22094726562	15.5043478012085	4.72311449050903	1068.82116699219	10.8776578903198	0.574804365634918	1064.56616210938	4.48112726211548	37.3341178894043	1043.15209960938	2.73364114761353	18.9323768615723	1022.50268554688	17.3528385162354	16.0702819824219	1014.47924804688	32.8657989501953	7.76387214660645	1027.13781738281	42.360954284668	-5.78627967834473	1053.53869628906	34.8036041259766	-16.4731178283691	1051.88537597656	13.9280281066895	2.87746047973633	1046.49011230469	32.0816955566406	-34.9384536743164	1049.96496582031	17.660436630249	-35.5355529785156	1060.53466796875	8.37982940673828	-44.435245513916	1062.54235839844	7.426194190979	-15.8236217498779	1054.70544433594	-12.1128664016724	46.5389518737793	1066.26184082031	-13.3575477600098	45.4898147583008	1066.06005859375	-16.2569465637207	39.2575416564941	1067.86779785156	-19.7291450500488	29.1112689971924	1069.26550292969	-17.0154666900635	4.01436424255371	1069.07043457031	-11.6830310821533	-0.57392293214798	1064.62194824219	-6.22531461715698	37.0830383300781	1042.15344238281	-3.35746288299561	18.5882816314697	1022.36981201172	-16.4893455505371	16.0604991912842	1014.60656738281	-33.0622444152832	6.68257665634155	1026.99951171875	-43.1813430786133	-8.36955451965332	1052.52551269531	-34.9183235168457	-17.5550918579102	1052.41064453125	-14.9312191009521	2.48366928100586	1046.21594238281	-32.2899398803711	-36.4686660766602	1049.51782226562	-18.0274066925049	-36.9804878234863	1060.212890625	-7.2936692237854	-45.2368087768555	1061.89514160156	-8.21056270599365	-16.3354034423828	1054.61853027344
PRI-9351	1.08779346942902	54.2961120605469	1202.15417480469	0.601719200611115	52.3701400756836	1195.3623046875	-1.20229661464691	42.015625	1173.7734375	-3.24990844726562	19.0065956115723	1148.50891113281	-3.56355047225952	16.3031978607178	1143.44458007812	-3.88700151443481	-71.7025604248047	1172.84826660156	-3.06262230873108	-54.6390380859375	1191.78576660156	-3.52829194068909	-37.3680610656738	1194.74035644531	-2.44658541679382	-8.39916801452637	1182.37536621094	-1.29794692993164	6.08156156539917	1192.32385253906	0.320804595947266	42.8308792114258	1198.22033691406	9.11813068389893	50.0029640197754	1202.55578613281	11.8895111083984	47.7110710144043	1203.02136230469	14.9288625717163	41.6214904785156	1204.00598144531	NA	NA	NA	16.423885345459	6.63821649551392	1203.96911621094	11.2905006408691	-1.25269424915314	1199.62036132812	4.32337808609009	39.058521270752	1176.80749511719	0.059641283005476	17.7923793792725	1156.78576660156	13.7525148391724	13.4941358566284	1148.22082519531	29.6116676330566	7.04506587982178	1157.13134765625	41.2355194091797	-7.1748194694519	1182.58532714844	33.8071441650391	-19.3898887634277	1182.17492675781	11.660382270813	1.65640699863434	1178.77856445312	29.1470680236816	-38.5519943237305	1180.03771972656	15.6398553848267	-39.565486907959	1193.08312988281	5.07223224639893	-47.4653625488281	1194.89770507812	6.10181617736816	-17.7295055389404	1188.22570800781	-9.20961380004883	49.9533996582031	1203.62585449219	-11.2336339950562	48.8921051025391	1203.74975585938	-15.7867889404297	44.4125633239746	1204.74243164062	-19.0249710083008	32.8453941345215	1205.67980957031	-17.7913303375244	8.54163932800293	1205.19421386719	-13.0507135391235	-0.511606633663177	1200.25842285156	-6.63142776489258	39.4675483703613	1176.67102050781	-5.43231773376465	18.2732391357422	1157.10192871094	-20.2843341827393	15.0865573883057	1149.66674804688	-35.6340866088867	8.99981880187988	1160.38659667969	-45.4383201599121	-4.82710981369019	1187.3798828125	-38.4972457885742	-17.9885673522949	1186.22729492188	-16.3365001678467	3.61508774757385	1180.33020019531	-36.215747833252	-37.4627113342285	1183.38195800781	-22.4419918060303	-39.0271911621094	1194.68347167969	-10.9094524383545	-47.8440284729004	1195.07873535156	-10.5234661102295	-17.9944095611572	1188.94897460938
PRI-9352	125.840324401855	67.5900421142578	841.152160644531	126.199989318848	63.9410667419434	847.0703125	NA	NA	NA	126.336166381836	32.5170021057129	894.574279785156	126.391632080078	30.188455581665	898.871948242188	128.253402709961	-52.7987937927246	862.620483398438	128.253479003906	-32.8872222900391	847.118286132812	127.901870727539	-17.6304149627686	845.311218261719	127.137886047363	6.9540605545044	861.308227539062	126.921340942383	19.9855308532715	850.780334472656	126.164695739746	52.2066345214844	845.972839355469	115.599182128906	62.9218444824219	841.299621582031	114.082969665527	61.6548004150391	841.373779296875	110.25252532959	56.4795532226562	841.861938476562	106.828071594238	45.5024871826172	839.984252929688	109.345275878906	21.0855884552002	840.094482421875	115.973747253418	14.5035924911499	844.281982421875	120.09008026123	52.4852180480957	865.08642578125	123.021621704102	31.9061088562012	885.26220703125	108.905921936035	28.3460807800293	895.386901855469	93.8894119262695	20.9613971710205	883.742004394531	84.4316482543945	4.95380258560181	857.541564941406	91.8649444580078	-4.23918676376343	856.1943359375	115.013809204102	14.2194719314575	864.874694824219	95.8196029663086	-22.3711223602295	859.803894042969	111.287712097168	-21.2465305328369	846.900329589844	120.790397644043	-27.8954486846924	845.231201171875	120.281562805176	-0.86170220375061	856.063354492188	137.005996704102	63.1361885070801	841.552429199219	138.650329589844	61.5437393188477	841.424743652344	142.358749389648	56.4453163146973	841.4697265625	146.057342529297	46.1046409606934	840.211120605469	144.614318847656	21.6801834106445	839.534057617188	138.205581665039	14.3409738540649	844.513610839844	NA	NA	NA	129.399871826172	32.0468215942383	885.817321777344	143.21208190918	29.3075256347656	895.747619628906	159.592834472656	22.3975811004639	883.339599609375	171.710678100586	8.03549003601074	856.834289550781	162.567092895508	-2.96059989929199	855.783203125	140.81071472168	14.8742980957031	863.477783203125	159.577865600586	-21.6324462890625	859.367126464844	143.812316894531	-21.0882797241211	847.406555175781	135.274490356445	-27.0641307830811	845.589599609375	134.575637817383	-1.6862587928772	854.335083007812
PRI-9360	-0.428185075521469	61.8919525146484	1203.02709960938	-0.683292746543884	55.4948616027832	1191.5146484375	NA	NA	NA	-2.85710716247559	23.886173248291	1140.24890136719	-2.98524212837219	20.7096385955811	1134.32287597656	-3.81118059158325	-62.4969100952148	1171.25512695312	-2.69748878479004	-42.6487693786621	1189.57897949219	-2.43539237976074	-26.4620742797852	1189.83117675781	-2.05785059928894	-2.62409734725952	1176.11022949219	-1.19801199436188	11.4903392791748	1186.68957519531	-0.799064338207245	44.3841247558594	1193.15930175781	11.0764503479004	56.451732635498	1201.10913085938	12.6478433609009	54.7015609741211	1200.64318847656	15.3959627151489	48.6356048583984	1202.00732421875	18.023120880127	37.422779083252	1201.88500976562	17.1925354003906	11.7587585449219	1201.15954589844	10.5454807281494	4.29135131835938	1193.61560058594	NA	NA	NA	0.0633695423603058	23.7011909484863	1148.24560546875	13.562967300415	18.626314163208	1139.18762207031	29.7384815216064	11.491530418396	1150.28833007812	40.504768371582	0.584710478782654	1178.11560058594	33.7736320495605	-11.5583486557007	1177.77563476562	12.2211036682129	7.18055725097656	1171.93444824219	27.8503074645996	-32.3417778015137	1176.00634765625	14.0445556640625	-31.4048461914062	1188.05712890625	5.30794143676758	-37.0533676147461	1190.02722167969	6.74250173568726	-11.7773246765137	1183.19543457031	-12.0962333679199	55.6651039123535	1202.05773925781	-13.4405717849731	54.293041229248	1202.25354003906	-16.3248176574707	48.7366180419922	1203.31604003906	-19.1504364013672	37.5298042297363	1203.47473144531	-18.1369590759277	11.2842960357666	1201.62548828125	-12.3578500747681	4.13761901855469	1193.92626953125	NA	NA	NA	-5.34721803665161	23.3863124847412	1148.42712402344	-19.9300937652588	19.3900871276855	1141.19580078125	-34.6972007751465	13.101110458374	1153.62463378906	-43.9557685852051	1.6782341003418	1181.31982421875	-36.3551177978516	-10.9079494476318	1180.53125	-16.5400505065918	7.49354982376099	1172.78466796875	-34.4734497070312	-31.6216564178467	1177.86145019531	-19.4131450653076	-31.1287174224854	1189.19030761719	-10.1150617599487	-36.3826904296875	1191.01062011719	-10.3023662567139	-10.8010845184326	1183.40454101562
PRI-9361	-0.88814640045166	69.7541427612305	1061.85632324219	-0.904897570610046	65.1631698608398	1051.80139160156	-1.38470685482025	50.2295188903809	1028.08239746094	-0.572062849998474	21.2508449554443	998.929748535156	-0.655054032802582	17.5632457733154	994.706237792969	-4.07795715332031	-70.5095367431641	1034.49328613281	-5.02642154693604	-51.4202613830566	1055.30786132812	-4.91675472259521	-35.0061378479004	1055.92272949219	-3.2004988193512	-6.75210428237915	1040.771484375	-2.64354038238525	9.89197063446045	1049.68786621094	-1.73655951023102	51.4517135620117	1054.10473632812	10.2289924621582	64.9336242675781	1059.77111816406	12.8804445266724	60.6239929199219	1060.8603515625	17.3210201263428	52.8023223876953	1061.68688964844	19.2789268493652	40.4151916503906	1062.83422851562	14.6891717910767	14.3956642150879	1064.62023925781	8.35525989532471	3.50369548797607	1057.52331542969	4.20510721206665	48.8886528015137	1031.08081054688	2.76089406013489	21.318021774292	1008.11791992188	17.2236003875732	15.8801593780518	1000.53991699219	34.2440605163574	6.01967716217041	1011.03070068359	47.065975189209	-8.81894397735596	1042.32482910156	36.7594757080078	-18.239501953125	1044.3623046875	12.6033744812012	4.22834920883179	1035.64904785156	28.8342571258545	-39.492618560791	1042.14392089844	14.3446969985962	-39.3737144470215	1053.56066894531	2.87848830223083	-45.9492568969727	1056.89990234375	3.8949875831604	-17.6203155517578	1046.98168945312	-12.1895370483398	66.4995803833008	1059.92749023438	-17.6432132720947	61.494255065918	1059.76000976562	-19.4863948822021	54.1455192565918	1061.59631347656	-22.0974597930908	42.897144317627	1061.697265625	-20.7857933044434	16.6646308898926	1062.51782226562	-14.701681137085	5.01903247833252	1056.46960449219	-6.8223614692688	48.3994789123535	1029.73803710938	-4.49075603485107	21.7029838562012	1008.734375	-19.3895568847656	17.4888572692871	999.306091308594	-36.936466217041	8.88561344146729	1008.19561767578	-52.2971267700195	-4.92329740524292	1039.48571777344	-43.3274765014648	-15.6021451950073	1041.64392089844	-18.622932434082	6.32895135879517	1033.79919433594	-37.1759872436523	-37.9128608703613	1039.99377441406	-23.4523582458496	-37.5284957885742	1052.72204589844	-12.2117776870728	-46.2634086608887	1056.6806640625	-11.6904830932617	-16.950023651123	1046.47668457031
PRI-9363	0.0606717206537724	54.0331573486328	1066.36096191406	-0.0293334648013115	49.5095252990723	1057.73071289062	-0.811995625495911	38.6823310852051	1035.28063964844	-0.555920541286469	19.4870262145996	1010.74987792969	-0.561455249786377	16.6920509338379	1005.18859863281	-3.62326884269714	-70.132942199707	1037.86755371094	-2.92206048965454	-51.0204010009766	1054.27868652344	-2.60111808776855	-32.7849731445312	1056.75439453125	-1.41454064846039	-7.1765398979187	1042.7314453125	-1.48818385601044	6.29094552993774	1055.46557617188	-0.783494174480438	39.2134742736816	1059.947265625	10.2173175811768	49.5159301757812	1065.35668945312	11.577615737915	46.8394927978516	1066.20715332031	14.9539604187012	42.1361122131348	1067.50170898438	18.9810085296631	31.7658252716064	1068.36120605469	14.9855861663818	6.50802564620972	1067.35241699219	9.0590934753418	-0.199659660458565	1061.87670898438	3.99711608886719	36.8937644958496	1037.89636230469	2.50147366523743	17.3641548156738	1018.0830078125	16.6626529693604	13.150990486145	1009.5849609375	32.7924842834473	5.6749587059021	1022.04772949219	41.5840148925781	-6.46857833862305	1047.26806640625	34.3591041564941	-17.8779487609863	1047.58203125	12.3987331390381	1.57482862472534	1041.41638183594	28.9228591918945	-37.8248558044434	1045.0673828125	14.7599964141846	-37.1469917297363	1055.14672851562	4.91782855987549	-42.3768882751465	1056.96960449219	5.90476989746094	-16.4916381835938	1049.86840820312	-10.8273754119873	49.0911521911621	1065.33666992188	-12.3063144683838	48.0903282165527	1066.31787109375	-15.7524633407593	43.6710357666016	1068.04455566406	-20.2762069702148	33.0482025146484	1068.27819824219	-18.4994125366211	7.74885034561157	1066.673828125	-12.9466066360474	0.277585029602051	1061.31420898438	-6.75239562988281	35.2679214477539	1038.53967285156	-3.77982974052429	17.9340877532959	1018.52697753906	-17.7567253112793	14.729811668396	1009.12072753906	-34.3225975036621	7.01451206207275	1021.24780273438	-44.9669723510742	-4.59046173095703	1046.07238769531	-38.2453804016113	-16.5110187530518	1046.20471191406	-16.2060317993164	2.70301342010498	1040.34204101562	-34.919376373291	-36.6441078186035	1044.26867675781	-20.6815185546875	-36.9447135925293	1055.888671875	-11.011757850647	-41.8743667602539	1056.70654296875	-10.9270601272583	-15.6702346801758	1049.01000976562
PRI-9365	1.51188766956329	58.5561218261719	1200.26940917969	0.153153732419014	51.0148735046387	1190.9052734375	-1.2192645072937	39.9884567260742	1168.52294921875	-1.58516538143158	20.2531051635742	1143.23474121094	-1.57341706752777	17.9723320007324	1138.19445800781	-3.29489088058472	-64.2822113037109	1174.95642089844	-2.52127504348755	-44.9183654785156	1187.24365234375	-2.33296012878418	-29.3946475982666	1190.08764648438	-1.8576991558075	-9.27742958068848	1176.8388671875	-0.903999626636505	5.90616321563721	1186.89990234375	-0.195704445242882	39.454704284668	1191.41418457031	11.2084589004517	53.3264389038086	1198.58093261719	13.3457279205322	48.2007102966309	1198.45324707031	16.0021152496338	42.7564468383789	1198.84753417969	20.7222919464111	31.9896717071533	1198.37622070312	18.9533023834229	7.64247894287109	1198.68640136719	10.3049249649048	0.505809426307678	1193.66552734375	3.93236398696899	38.9304313659668	1171.13012695312	1.60292029380798	19.1504325866699	1151.20690917969	15.8174428939819	15.8405246734619	1140.63977050781	32.6518173217773	7.71748447418213	1153.73706054688	44.3546981811523	-5.93666982650757	1182.12341308594	35.9287910461426	-16.0560092926025	1179.73657226562	11.3083400726318	1.44143176078796	1173.34350585938	30.4303779602051	-33.8437461853027	1176.20837402344	15.4450416564941	-34.0826454162598	1186.58068847656	4.97455215454102	-39.6937294006348	1189.79577636719	6.3385853767395	-13.8887901306152	1179.85021972656	-9.17611408233643	53.8004341125488	1199.33349609375	-11.9895191192627	48.7195167541504	1199.80725097656	-15.2731380462646	43.8381538391113	1199.75415039062	-19.7269840240479	33.8969573974609	1199.3408203125	-18.2639942169189	8.21621227264404	1200.96411132812	-11.8029556274414	1.14503729343414	1194.30078125	-5.69489669799805	38.8411293029785	1170.619140625	-4.33957195281982	19.1442432403564	1151.07348632812	-18.354341506958	16.7638759613037	1140.6201171875	-35.5472755432129	10.2487516403198	1155.33251953125	-46.7909622192383	-3.18728518486023	1182.52966308594	-38.0370140075684	-13.8850584030151	1180.93774414062	-13.4991579055786	2.12614369392395	1174.20153808594	-34.5952835083008	-33.3767242431641	1177.7568359375	-19.1755142211914	-33.2717361450195	1187.13781738281	-8.92511463165283	-39.4668006896973	1189.74426269531	-9.44841575622559	-14.1642770767212	1180.90649414062
PRI-9369	-1.20340836048126	51.9417762756348	1201.96923828125	-1.35754895210266	48.7098350524902	1195.27917480469	-1.92731654644012	42.3384475708008	1173.67651367188	-2.59685897827148	22.5137519836426	1148.24743652344	-2.85220766067505	20.4294834136963	1143.70520019531	-3.86915898323059	-66.3026733398438	1170.93835449219	-3.64392828941345	-49.3672218322754	1186.72106933594	-2.94403886795044	-32.935115814209	1191.09777832031	-2.74595093727112	-9.44254875183105	1179.87951660156	-2.18736600875854	5.71864032745361	1189.04602050781	-2.04865503311157	37.2090759277344	1195.466796875	8.16515445709229	46.5576858520508	1200.71142578125	10.1076736450195	44.0885925292969	1200.8828125	13.4491291046143	37.8078498840332	1201.40051269531	16.4570407867432	27.7552013397217	1201.68029785156	13.5776615142822	2.21393609046936	1199.1796875	9.43418598175049	-1.90174269676208	1195.42553710938	2.88667225837708	38.9851341247559	1176.21032714844	0.685453414916992	20.0047035217285	1154.99084472656	14.9112854003906	17.9925727844238	1146.39282226562	29.8536605834961	9.28094482421875	1157.2294921875	40.0138473510742	-5.18432235717773	1182.83837890625	33.8937339782715	-17.3025875091553	1181.11889648438	10.9640436172485	2.00774836540222	1175.43811035156	28.3732051849365	-35.5109596252441	1176.837890625	14.0660076141357	-36.1899681091309	1188.69311523438	4.90127944946289	-42.5209846496582	1190.54516601562	5.01399707794189	-15.6315793991089	1184.6748046875	-10.7839450836182	47.4491958618164	1201.6943359375	-13.3012065887451	45.1709213256836	1201.27734375	-16.1864833831787	40.093132019043	1202.18200683594	-20.3298034667969	29.6306228637695	1202.64379882812	-18.0113010406494	3.8607668876648	1200.07763671875	-14.3751811981201	-0.178632751107216	1196.07348632812	-7.04356861114502	39.376033782959	1175.66589355469	-5.67894983291626	20.5890769958496	1154.66259765625	-19.9486618041992	18.997594833374	1147.15393066406	-35.3940887451172	11.5744171142578	1158.99633789062	-46.3999099731445	-4.07332992553711	1185.31762695312	-39.5406188964844	-15.0716695785522	1183.4609375	-16.6145915985107	4.38933563232422	1176.57641601562	-35.029411315918	-33.7601852416992	1179.16687011719	-20.3041305541992	-36.1053924560547	1190.41076660156	-11.1003103256226	-42.8162078857422	1190.25036621094	-10.4314517974854	-15.1475238800049	1185.37390136719
PRI-9380	-3.36296367645264	64.5859146118164	1105.83911132812	-2.86096262931824	58.3682136535645	1097.5009765625	-2.73008584976196	46.9250640869141	1077.12268066406	-2.55927729606628	23.4917869567871	1051.63073730469	-2.66136693954468	20.5838890075684	1047.40222167969	-3.89040803909302	-61.4249725341797	1079.88903808594	-4.08209323883057	-43.8157424926758	1096.25280761719	-4.72805213928223	-26.9608135223389	1100.67346191406	-3.38233661651611	-1.52993488311768	1087.11022949219	-3.70867586135864	14.1794261932373	1095.72192382812	-2.95807647705078	48.9964485168457	1099.01696777344	7.46735429763794	58.7984962463379	1105.38757324219	9.131178855896	56.823055267334	1105.34802246094	11.6039543151855	51.6830711364746	1107.18115234375	13.6591949462891	42.0024223327637	1107.26721191406	12.7772455215454	17.2579975128174	1106.310546875	7.20193958282471	9.74886608123779	1102.80236816406	2.44716906547546	46.3351974487305	1080.24572753906	0.736284255981445	21.9282894134521	1060.47619628906	14.3095664978027	15.686731338501	1050.94152832031	31.1803951263428	11.2023086547852	1062.1484375	40.6654853820801	-1.97098398208618	1090.05358886719	32.2106323242188	-12.1628971099854	1090.11596679688	10.5679759979248	8.98326015472412	1083.79016113281	26.2419452667236	-31.1661701202393	1087.49108886719	12.5060186386108	-29.8523445129395	1098.51037597656	3.24702477455139	-35.6036262512207	1099.67272949219	4.29984712600708	-10.7903394699097	1093.08630371094	-13.5538082122803	59.4859580993652	1104.62805175781	-15.9722929000854	57.1194305419922	1105.16381835938	-18.3295860290527	51.9190063476562	1106.02380371094	-20.7186737060547	42.3007850646973	1105.78369140625	-20.9563598632812	17.5603275299072	1105.22717285156	-15.0389766693115	9.05447292327881	1101.94604492188	-7.92201948165894	45.7881202697754	1079.59460449219	-6.39310312271118	22.6112480163574	1060.85607910156	-19.501277923584	17.2284965515137	1049.34301757812	-37.0594482421875	12.2036552429199	1061.5849609375	-47.9737815856934	-1.45226061344147	1086.91174316406	-39.9542045593262	-11.2527418136597	1086.83264160156	-17.614143371582	9.72626495361328	1083.22827148438	-34.0375442504883	-29.9298496246338	1085.23303222656	-20.5076465606689	-29.6314182281494	1096.95031738281	-11.3947124481201	-34.8706283569336	1099.20593261719	-11.7175722122192	-10.1775102615356	1092.42687988281
PRI-9381	-2.69740891456604	53.7452697753906	1109.15979003906	-2.49494361877441	51.173412322998	1104.63500976562	-2.57115530967712	41.594596862793	1084.08264160156	-1.85624825954437	26.6351585388184	1054.78149414062	-1.88589644432068	24.0721549987793	1049.88610839844	0.621633946895599	-61.3937530517578	1070.20190429688	0.0475816503167152	-47.5815620422363	1089.38366699219	-0.682416558265686	-29.2071208953857	1096.20837402344	-1.23692810535431	-2.18489933013916	1083.82348632812	-1.93191170692444	8.9534273147583	1094.666015625	-2.40935945510864	39.1880760192871	1104.42431640625	8.26562786102295	48.064079284668	1108.43859863281	9.30192375183105	46.6252632141113	1108.37756347656	11.9030933380127	41.6433143615723	1109.45495605469	16.5900955200195	31.4856243133545	1108.99243164062	14.8221282958984	6.88194370269775	1104.76123046875	9.03182506561279	3.0396032333374	1100.80383300781	2.31139135360718	40.75830078125	1086.37890625	0.830971240997314	24.9463844299316	1063.83630371094	15.4540004730225	21.4317874908447	1055.13647460938	29.5350933074951	12.609842300415	1064.37268066406	40.6392097473145	-1.27419114112854	1086.88781738281	33.064395904541	-11.8055610656738	1084.94555664062	12.4119482040405	7.88424110412598	1083.21142578125	30.7100620269775	-29.43088722229	1080.80529785156	17.6275978088379	-32.8770179748535	1093.30834960938	7.8562912940979	-39.8536834716797	1094.88000488281	7.3035249710083	-12.2522573471069	1090.71276855469	-12.5847473144531	47.6851501464844	1108.19348144531	-13.673620223999	46.4483261108398	1108.25317382812	-16.8618831634521	41.3603897094727	1108.47668457031	-19.9841804504395	30.9139671325684	1109.39770507812	-17.790657043457	6.01921367645264	1104.83752441406	-12.3935604095459	2.68161344528198	1100.81896972656	-7.00678586959839	40.3979606628418	1086.10815429688	-4.50672388076782	24.5693492889404	1063.52868652344	-18.5160331726074	21.3250980377197	1054.43701171875	-33.2738647460938	12.1296443939209	1064.20739746094	-42.8965911865234	-3.87395906448364	1087.01293945312	-34.6413688659668	-14.6586303710938	1085.11584472656	-15.6864185333252	6.64564085006714	1083.25854492188	-31.9143238067627	-32.4254493713379	1080.90563964844	-18.4097919464111	-34.5546226501465	1093.49768066406	-8.6872148513794	-40.2219772338867	1094.87182617188	-9.35208797454834	-12.4915704727173	1090.6767578125
PRI-9382	2.50396251678467	58.3153953552246	1105.04870605469	1.81615567207336	54.6188354492188	1097.9072265625	0.665472686290741	45.8149604797363	1077.28125	-1.20964348316193	26.9950256347656	1053.96850585938	-1.48856425285339	24.3551387786865	1049.00207519531	-5.00128507614136	-60.5730857849121	1073.73767089844	-3.59891605377197	-42.6025848388672	1091.29724121094	-3.28367853164673	-25.7467269897461	1095.70190429688	-2.21860766410828	-1.68142819404602	1083.46557617188	-1.01747989654541	11.0654058456421	1094.69494628906	1.5645889043808	44.052074432373	1098.52868652344	12.1037721633911	52.6012802124023	1102.6201171875	13.1658544540405	51.449291229248	1102.7861328125	15.9790096282959	46.7757720947266	1104.30773925781	18.3434066772461	36.0730400085449	1105.81506347656	16.9087924957275	11.2886037826538	1104.96118164062	10.7758626937866	5.37311792373657	1099.94177246094	6.45912456512451	43.4790115356445	1080.82470703125	2.01017594337463	25.8708572387695	1060.68664550781	16.6536884307861	21.6075420379639	1052.03344726562	30.6810111999512	12.3685092926025	1060.04858398438	41.5727500915527	-0.811781287193298	1084.04431152344	32.692684173584	-12.3688020706177	1082.35534667969	13.4126691818237	8.14288806915283	1081.05065917969	26.7541961669922	-29.354808807373	1080.63928222656	13.976222038269	-29.189395904541	1092.47839355469	4.99523305892944	-35.5676193237305	1094.98034667969	5.04418277740479	-9.18476867675781	1089.28479003906	-7.46449708938599	53.3770484924316	1103.87841796875	-9.2833194732666	52.0453338623047	1104.19262695312	-11.936897277832	47.315185546875	1105.48742675781	-16.2208843231201	37.6464576721191	1106.22131347656	-16.4689121246338	12.7354774475098	1106.28210449219	-12.9957675933838	6.63996171951294	1100.78552246094	-4.56163024902344	44.1902160644531	1080.28698730469	-3.87310695648193	26.3705406188965	1060.6669921875	-18.4037399291992	23.1877117156982	1052.85632324219	-33.7695808410645	15.5731830596924	1062.65466308594	-44.7339134216309	2.17537450790405	1087.27514648438	-36.5134506225586	-9.71487808227539	1085.10473632812	-16.4226589202881	9.84815502166748	1081.86584472656	-33.0715370178223	-28.1238059997559	1082.76354980469	-19.7150268554688	-28.8758277893066	1094.08996582031	-11.3459796905518	-35.2693176269531	1095.86499023438	-9.56510734558105	-8.30175018310547	1089.740234375
PRI-9383	-0.307215869426727	56.6162948608398	1095.271484375	-0.728942573070526	53.2674903869629	1086.75744628906	-2.09329771995544	39.9770317077637	1068.13659667969	-3.10097312927246	19.832447052002	1048.69799804688	-3.26905202865601	17.5016899108887	1045.23388671875	-3.80940914154053	-60.7046585083008	1076.16040039062	-3.14389324188232	-44.8643531799316	1093.44543457031	-3.18454384803772	-29.1025066375732	1095.97692871094	-3.38189959526062	-5.11859178543091	1081.3359375	-2.97058820724487	8.93388938903809	1088.42529296875	-0.978083074092865	42.8734169006348	1089.45043945312	10.4475116729736	51.3098754882812	1093.86999511719	10.5497627258301	50.3231239318848	1094.31750488281	14.3781795501709	45.4805107116699	1096.04846191406	17.8366146087646	34.8562049865723	1096.818359375	15.3222894668579	9.2540864944458	1098.193359375	9.07046794891357	2.847332239151	1095.27392578125	3.86110901832581	39.7891082763672	1071.88732910156	0.20086869597435	18.9546756744385	1056.13000488281	13.3275108337402	14.1794147491455	1047.6455078125	29.6140327453613	7.57097005844116	1057.18176269531	38.6316757202148	-6.95093870162964	1082.85571289062	30.6756458282471	-14.0035085678101	1082.84399414062	10.6385946273804	4.86690664291382	1077.84582519531	26.8478088378906	-30.206563949585	1082.24047851562	12.8137245178223	-32.7907104492188	1093.27001953125	4.73690414428711	-38.5387382507324	1096.42858886719	3.80825066566467	-12.7901287078857	1087.369140625	-11.199704170227	51.7525596618652	1094.75634765625	-12.0320692062378	50.5121307373047	1095.11950683594	-15.8267078399658	45.767032623291	1097.24743652344	-20.5650272369385	35.0117416381836	1098.92260742188	-18.9501857757568	9.84034729003906	1099.99194335938	-13.6622352600098	3.25230932235718	1096.40795898438	-7.14137554168701	39.6926040649414	1071.61328125	-5.85444927215576	18.6122016906738	1055.57543945312	-19.3147468566895	15.3483476638794	1048.28369140625	-35.3648567199707	9.1463041305542	1058.48840332031	-44.207935333252	-5.4556736946106	1085.34643554688	-35.9902000427246	-13.465573310852	1085.58630371094	-17.5114040374756	5.72859382629395	1079.00305175781	-33.2210540771484	-30.5192699432373	1084.32836914062	-19.2514362335205	-32.6524391174316	1094.84020996094	-10.5941200256348	-39.0854339599609	1096.94738769531	-9.76218700408936	-12.3188037872314	1087.90844726562
PRI-9418	-1.36774837970734	55.576530456543	1163.74792480469	-1.0518913269043	51.9645118713379	1158.50048828125	NA	NA	NA	-2.40898108482361	20.6118583679199	1107.35998535156	-2.27145504951477	18.2553615570068	1101.84033203125	-2.66045570373535	-65.1796417236328	1123.19360351562	-1.2887647151947	-50.6335906982422	1146.86987304688	-1.29809498786926	-34.812915802002	1151.84716796875	-1.53656446933746	-9.16749668121338	1140.01721191406	-1.65242922306061	5.22519016265869	1149.62768554688	-2.03344917297363	40.5001487731934	1158.69189453125	10.4762678146362	49.5441093444824	1163.90673828125	12.3344869613647	46.8918495178223	1163.99304199219	15.0839042663574	40.8691444396973	1164.32641601562	17.0911178588867	29.0443744659424	1164.34716796875	15.0284557342529	4.97508239746094	1160.09118652344	8.91026973724365	-1.55659544467926	1155.24768066406	3.40623807907104	40.8371963500977	1140.82446289062	0.727702260017395	18.4236831665039	1115.82641601562	15.2888488769531	16.1913089752197	1105.72814941406	32.0629768371582	7.58903789520264	1113.22839355469	45.9199905395508	-9.68827724456787	1141.18359375	34.5633354187012	-18.3205051422119	1139.47631835938	12.5933647155762	2.20214653015137	1135.45947265625	32.9700508117676	-35.592170715332	1134.494140625	17.1173686981201	-38.380428314209	1148.59094238281	6.29712200164795	-45.3422317504883	1150.30200195312	5.79803514480591	-16.5922698974609	1144.69079589844	-13.5639896392822	49.7201042175293	1163.83374023438	-15.2297515869141	46.696361541748	1165.0009765625	-18.0645370483398	40.0608673095703	1165.34204101562	-19.7504749298096	29.0568161010742	1164.38684082031	-17.88063621521	5.1437726020813	1159.51574707031	-13.2421970367432	-1.54206120967865	1154.40405273438	NA	NA	NA	-4.59398365020752	18.3575534820557	1115.63427734375	-18.6865730285645	17.6798934936523	1106.55261230469	-34.9838523864746	10.8621435165405	1114.70715332031	NA	NA	NA	-34.925350189209	-20.218053817749	1137.73388671875	-14.2125730514526	3.84288930892944	1136.20544433594	-34.9725875854492	-36.9649848937988	1134.23498535156	-19.4554462432861	-38.7532119750977	1148.82592773438	-8.61436653137207	-45.4742965698242	1149.64575195312	NA	NA	NA
PRI-9422	127.584823608398	54.3827743530273	850.588623046875	127.553581237793	48.0750427246094	856.824645996094	128.499893188477	35.1302528381348	874.751892089844	129.701782226562	8.60805130004883	897.054321289062	129.989318847656	4.33014583587646	901.212524414062	133.567886352539	-70.6617584228516	862.137878417969	131.497528076172	-51.3885803222656	845.503967285156	131.361419677734	-35.2212905883789	844.639587402344	130.194931030273	-11.1178417205811	863.397583007812	129.876022338867	3.99322724342346	852.493957519531	128.133834838867	39.0629920959473	853.012817382812	118.497406005859	49.1484527587891	850.371704101562	115.20384979248	46.3006858825684	849.046569824219	112.977439880371	41.1008720397949	847.306396484375	110.683265686035	30.8006782531738	845.487731933594	114.622718811035	6.00865507125854	843.363220214844	119.762168884277	-0.252080947160721	847.424072265625	122.889503479004	34.7784881591797	870.72021484375	126.619529724121	9.36738395690918	888.823852539062	114.689407348633	1.03037095069885	900.158020019531	99.1699829101562	-3.42291474342346	891.218139648438	85.4201202392578	-11.9004459381104	862.234741210938	93.7928161621094	-22.4752445220947	859.068298339844	117.07479095459	-2.77738642692566	868.885314941406	101.55200958252	-41.8072204589844	858.440246582031	115.384941101074	-38.7662582397461	847.082214355469	123.887466430664	-44.0782432556152	843.888854980469	123.385208129883	-20.472972869873	855.82763671875	137.575973510742	49.8753356933594	850.83935546875	141.136474609375	47.4743614196777	849.462768554688	144.105941772461	42.4382438659668	848.027465820312	147.557083129883	32.5719680786133	845.308227539062	145.971664428711	6.68540048599243	842.842529296875	140.769149780273	-0.00181366805918515	846.99169921875	133.896621704102	34.9868774414062	870.765197753906	132.030014038086	9.86811065673828	889.569213867188	144.983215332031	3.12705254554749	900.457458496094	160.252670288086	-0.616889595985413	891.20361328125	175.978790283203	-9.13276290893555	860.052856445312	167.651016235352	-19.6478824615479	856.371704101562	143.489715576172	-1.46729731559753	868.038757324219	162.230575561523	-39.522029876709	857.4140625	146.429428100586	-37.2078132629395	845.50537109375	138.337020874023	-44.3207092285156	844.143981933594	137.450592041016	-20.118200302124	854.836547851562
PRI-9429	-2.20943188667297	79.216796875	1009.93072509766	-2.08791828155518	73.0465621948242	1001.48620605469	-1.69802284240723	57.7498626708984	977.150756835938	-1.4243438243866	24.5863838195801	949.87158203125	-1.35713648796082	21.9150810241699	945.096496582031	-3.3121874332428	-64.9272384643555	982.705749511719	-3.56925964355469	-46.4223670959473	1002.84051513672	-3.5421130657196	-27.4501209259033	1004.61224365234	-1.96514809131622	-3.98929715156555	989.102355957031	-2.30863475799561	16.3511238098145	1000.53747558594	-1.61452341079712	61.4265098571777	1005.38275146484	10.4540109634399	74.3580169677734	1008.18572998047	NA	NA	NA	NA	NA	NA	17.3557262420654	49.1276931762695	1015.55584716797	15.3727970123291	23.8302230834961	1016.48693847656	10.1451482772827	9.68274688720703	1008.03820800781	4.38856601715088	55.0795478820801	980.047607421875	1.77306485176086	24.8073539733887	958.691528320312	17.8206195831299	18.8146705627441	948.778747558594	35.6219139099121	11.8442764282227	963.150817871094	46.8840751647949	1.64289903640747	992.656372070312	36.3874969482422	-12.087306022644	993.08203125	12.7940397262573	8.65828514099121	984.437133789062	31.5505180358887	-32.3866081237793	991.191467285156	14.9363775253296	-32.4439086914062	1004.02844238281	4.45495939254761	-39.1694259643555	1005.23687744141	5.82553625106812	-10.5117120742798	994.596435546875	-13.972562789917	72.5105819702148	1009.52502441406	-18.6367359161377	70.5835800170898	1012.72039794922	-21.4253921508789	61.6939659118652	1012.53839111328	-21.955472946167	49.9116554260254	1014.74224853516	-20.2205200195312	24.6178569793701	1014.76885986328	-15.4337358474731	9.96468734741211	1006.94165039062	-8.39537620544434	55.8385848999023	980.791809082031	-3.81186532974243	24.821231842041	958.477722167969	-19.952018737793	20.5214252471924	950.242919921875	-39.9428253173828	15.1832838058472	964.534912109375	-51.023551940918	4.2426815032959	993.119384765625	-40.8913116455078	-11.4816808700562	993.122924804688	-17.1288242340088	9.73504257202148	984.429016113281	-37.5580978393555	-32.2293510437012	990.114379882812	-20.9981803894043	-30.7957592010498	1002.10986328125	-12.0356111526489	-38.482177734375	1004.74926757812	-11.4060306549072	-10.3459014892578	994.5517578125
PRI-9691	-1.92030501365662	53.1303672790527	1001.42565917969	-2.16054034233093	48.782054901123	996.394165039062	-2.65944838523865	37.3918762207031	976.315307617188	-2.69863605499268	18.5002498626709	950.898071289062	-2.87882566452026	16.1361351013184	946.5751953125	-2.58570861816406	-69.1159057617188	985.247009277344	-2.16254901885986	-48.3990325927734	996.975463867188	-2.16856932640076	-32.3431663513184	999.233093261719	-2.04666972160339	-8.68141555786133	983.247253417969	-1.60914993286133	5.10152244567871	993.794006347656	-2.43762302398682	39.2590446472168	997.5068359375	8.78208255767822	48.3152313232422	999.472229003906	9.67066478729248	46.6322746276855	999.486145019531	12.291051864624	42.1372566223145	1001.70355224609	15.3817310333252	31.9773960113525	1003.18249511719	14.4473342895508	7.24114799499512	1002.76037597656	8.70167541503906	0.795214891433716	998.20068359375	2.57710003852844	35.1465377807617	978.304931640625	0.631223857402802	16.8032894134521	958.290649414062	15.5447263717651	13.0269451141357	948.709411621094	29.4120140075684	6.97126722335815	960.421569824219	38.8030014038086	-6.6844048500061	986.064636230469	32.3395919799805	-17.1573886871338	985.518920898438	11.5410470962524	1.2167352437973	977.807678222656	29.0188465118408	-34.6346664428711	984.389099121094	15.3806304931641	-36.6279106140137	996.961303710938	5.82837390899658	-42.7835693359375	998.679443359375	5.31937599182129	-15.7091999053955	990.069091796875	-12.4275951385498	48.0001525878906	1002.01123046875	-13.2853937149048	47.433650970459	1001.88610839844	-16.0995273590088	42.0363655090332	1002.72174072266	-18.8649940490723	32.4635162353516	1004.52337646484	-17.4521713256836	7.8464822769165	1004.00408935547	-12.0024967193604	0.989261627197266	998.431884765625	-7.83733797073364	35.6645851135254	979.399719238281	-5.7870569229126	17.1266994476318	958.618713378906	-19.9419384002686	13.2775449752808	948.933044433594	-34.7163200378418	6.72595024108887	961.623840332031	-43.2442626953125	-7.77750492095947	987.656982421875	-36.7554817199707	-17.1416988372803	986.439697265625	-16.4150123596191	0.990840792655945	978.729797363281	-33.2273559570312	-36.4511489868164	985.852355957031	-19.0213031768799	-36.3452224731445	997.520568847656	-10.0661697387695	-41.6669998168945	999.861694335938	-9.17870235443115	-15.5006275177002	989.474731445312
PRI-9709	-4.57180500030518	62.2618751525879	1006.48272705078	-3.54221200942993	57.4128189086914	999.570556640625	-2.42244410514831	40.3281173706055	975.854736328125	-0.142547905445099	12.9317417144775	948.360107421875	0.0899903550744057	9.30445861816406	942.803039550781	-0.317483276128769	-82.1918792724609	978.15185546875	-2.32470178604126	-63.5115966796875	994.607788085938	-3.2621374130249	-47.3178176879883	999.953674316406	-2.41587996482849	-18.2488613128662	987.282897949219	-3.10428237915039	2.9376175403595	998.09912109375	-3.40198922157288	45.0826797485351	1003.01147460938	7.89692497253418	57.9622611999512	1006.79852294922	10.7726488113403	55.4197425842285	1008.63415527344	14.1958141326904	47.9922676086426	1011.81097412109	NA	NA	NA	15.5791015625	8.76427268981934	1011.85974121094	8.98619747161865	-3.32266211509705	1005.49914550781	3.48937320709229	38.9605140686035	978.1650390625	2.48008036613464	12.2073450088501	956.194458007812	17.2410278320312	6.92767333984375	948.264831542969	36.8425979614258	-1.28993785381317	959.922424316406	48.017765045166	-14.1677446365356	994.135620117188	37.9240989685059	-27.8111133575439	991.489501953125	13.2560968399048	-4.88684320449829	983.194091796875	34.5682525634766	-49.2814178466797	986.137878417969	15.9041604995728	-48.8505363464355	997.393371582031	5.96423721313477	-56.3081550598145	1000.20013427734	6.53831243515015	-27.435338973999	992.716796875	-14.802845954895	58.172191619873	1005.71118164062	-19.9756546020508	53.8839797973633	1006.66491699219	-21.5787105560303	47.8008918762207	1010.216796875	-24.1117839813232	36.0750007629395	1010.41833496094	-22.7234745025635	8.80806636810303	1010.2880859375	-14.894868850708	-3.2373776435852	1004.65209960938	-8.73462581634521	39.2251968383789	978.026184082031	-4.10111331939697	11.6365728378296	956.243774414062	-18.3929195404053	5.81364488601685	946.195922851562	-38.5567436218262	-1.7037615776062	956.218872070312	-52.2981338500977	-17.1608791351318	989.557495117188	-41.3595695495605	-29.0964813232422	987.614868164062	-17.8020915985107	-4.48360872268677	982.027465820312	-37.8688354492188	-51.0168647766113	982.470458984375	-20.6401538848877	-50.032054901123	997.046875	-10.7464942932129	-57.3373374938965	999.240234375	-11.8296012878418	-28.255033493042	992.673400878906
PRI-9824	-2.5700888633728	61.891185760498	1160.7685546875	-2.57907271385193	58.0599098205566	1155.83764648438	-0.78861403465271	50.011775970459	1136.70458984375	-0.752429127693176	27.9849605560303	1112.318359375	-0.703781604766846	25.8056144714355	1107.78503417969	-11.4631843566895	-57.4339714050293	1142.81970214844	-11.4027099609375	-38.615348815918	1160.4873046875	-11.2078561782837	-22.5275230407715	1161.98510742188	-6.78035306930542	0.326153039932251	1147.2373046875	-6.49022340774536	15.3921461105347	1157.46643066406	-3.23620295524597	48.8656158447266	1158.89916992188	7.20243835449219	55.8209381103516	1164.17053222656	8.44903755187988	53.7943115234375	1164.96740722656	11.6598463058472	47.8288040161133	1165.95166015625	13.6256952285767	38.0338287353516	1169.14990234375	8.83440017700195	14.0224752426147	1170.91638183594	4.26433944702148	8.9182939529419	1164.29699707031	3.20643043518066	46.4797172546387	1139.26879882812	1.60161936283112	26.4642772674561	1121.38330078125	14.8748826980591	22.2591934204102	1113.82287597656	29.6922779083252	14.373251914978	1126.34716796875	36.3973960876465	-2.15045237541199	1155.41833496094	28.4716110229492	-10.0259065628052	1153.248046875	8.09437942504883	8.04102993011475	1143.22314453125	21.2135314941406	-28.1512355804443	1150.7685546875	6.35657596588135	-27.2312622070312	1161.0595703125	-3.97545218467712	-33.362434387207	1163.53601074219	-1.60778796672821	-6.52716016769409	1154.12121582031	NA	NA	NA	-15.6846609115601	55.3591766357422	1160.87646484375	-19.1233100891113	49.8432693481445	1162.5458984375	-23.1606426239014	40.750186920166	1164.48364257812	-23.6668243408203	16.1153964996338	1166.95825195312	-18.4003429412842	10.1840181350708	1161.85998535156	-5.67351388931274	47.8191566467285	1138.9453125	-5.22248554229736	27.1979675292969	1121.43896484375	-16.9693183898926	24.5500450134277	1110.60583496094	-36.1571311950684	19.0512351989746	1121.37646484375	-50.3381042480469	3.85169887542725	1147.21643066406	-43.9795761108398	-2.95690941810608	1146.33935546875	-19.0858974456787	11.5041284561157	1140.68701171875	-39.7187652587891	-24.0565509796143	1145.46252441406	-27.8393878936768	-24.8844356536865	1158.96081542969	-18.5404720306396	-32.050910949707	1161.56567382812	-14.879846572876	-5.11346626281738	1152.93823242188
PRI-9825	-2.20273852348328	55.0634803771973	1178.25463867188	-1.84827566146851	51.7757339477539	1171.27087402344	-1.32034182548523	45.9124374389648	1150.49645996094	-1.67434513568878	25.6179618835449	1126.26794433594	-1.46004390716553	23.8816833496094	1122.0517578125	-0.733272552490234	-56.0224647521973	1147.22875976562	-0.391445100307465	-43.4021606445312	1163.29321289062	-0.984403491020203	-27.0749626159668	1168.64978027344	-0.926805734634399	-1.33406436443329	1155.64611816406	-1.40530729293823	11.7864599227905	1166.29077148438	-2.12160086631775	42.0801162719727	1172.25024414062	8.42594242095947	48.8708915710449	1176.14807128906	9.1076135635376	48.0533561706543	1176.63134765625	11.8563137054443	43.2515335083008	1177.73742675781	15.3486747741699	32.6716766357422	1178.71166992188	13.045952796936	9.18654155731201	1176.7177734375	10.4970006942749	5.53903150558472	1171.85375976562	2.99689030647278	43.9602241516113	1154.00036621094	1.20673286914825	24.0089931488037	1133.43994140625	14.6650733947754	20.5462741851807	1125.00524902344	28.6375980377197	14.622971534729	1136.07788085938	40.3314094543457	2.70470643043518	1160.00122070312	34.0369071960449	-9.97994804382324	1159.6005859375	12.8573427200317	8.44562530517578	1152.85729980469	27.1926670074463	-27.4010677337646	1156.58569335938	14.2715835571289	-29.5387878417969	1167.08666992188	7.15938425064087	-35.9807929992676	1167.89270019531	5.97232723236084	-8.65314197540283	1162.58874511719	-12.2295627593994	49.2314033508301	1175.45764160156	-13.4733028411865	47.2293701171875	1175.57470703125	-15.9261426925659	42.8572120666504	1177.5048828125	-18.7614860534668	32.265796661377	1178.44494628906	-15.2796764373779	9.41892337799072	1176.93176269531	-12.1047439575195	5.89447546005249	1171.56066894531	-6.61767339706421	43.672420501709	1154.06005859375	-4.03583717346191	24.6279907226562	1133.23950195312	-16.1686458587646	20.9643516540527	1125.68322753906	-30.7101936340332	14.2928924560547	1136.03991699219	-43.1606369018555	0.262382656335831	1160.20129394531	-36.8202857971191	-10.6463747024536	1160.37878417969	-15.6009950637817	9.90316009521484	1153.32775878906	-29.7533073425293	-28.2993240356445	1156.77368164062	-15.8103876113892	-29.3909931182861	1167.0419921875	-8.5952787399292	-36.2124938964844	1167.81079101562	-7.54382228851318	-8.57704830169678	1162.52868652344
PRI-9850	-1.40357875823975	60.4321212768555	1190.57800292969	-1.28590762615204	54.2528228759766	1183.63317871094	-1.39675033092499	43.8661193847656	1164.27563476562	-0.446271598339081	25.7612037658691	1142.73461914062	-0.250805556774139	23.2858963012695	1138.40002441406	-0.618885517120361	-57.9369430541992	1171.51147460938	-1.84809553623199	-38.4438819885254	1186.53564453125	-2.39844632148743	-22.4068870544434	1188.8505859375	-1.14222371578217	-0.962950706481934	1174.96618652344	-1.17441308498383	13.1859836578369	1183.91967773438	-1.38182270526886	44.4380645751953	1186.71789550781	8.92882633209229	53.8903541564941	1190.27795410156	10.2829637527466	53.4454536437988	1190.5419921875	13.1483449935913	48.1542472839355	1192.841796875	15.7064847946167	38.3435897827148	1194.68408203125	13.5291328430176	12.8045930862427	1193.82080078125	9.18309116363525	8.97884941101074	1190.06127929688	2.7386200428009	42.561092376709	1167.40393066406	2.32355952262878	25.146821975708	1151.14880371094	15.6430549621582	20.9913139343262	1141.61059570312	29.6613903045654	17.1311206817627	1153.50817871094	41.6218414306641	3.50500702857971	1177.69396972656	33.1579284667969	-8.45936679840088	1178.46533203125	13.5688190460205	8.90269756317139	1170.54016113281	27.5893383026123	-26.0260944366455	1177.25891113281	15.6789302825928	-26.4911365509033	1187.60864257812	4.87085580825806	-31.9780025482178	1188.65368652344	5.64939260482788	-7.38843059539795	1181.29321289062	-11.8522443771362	53.7612419128418	1189.91516113281	-13.1478109359741	53.1518821716309	1190.15771484375	-15.8068294525146	47.8286743164062	1193.18859863281	-18.7604598999023	38.0363006591797	1193.98706054688	-15.9116621017456	12.2851076126099	1192.86633300781	-12.0172719955444	9.19817638397217	1189.24304199219	-5.95866441726685	42.7577743530273	1167.62976074219	-3.56483483314514	24.6700973510742	1151.0537109375	-16.0848445892334	21.3117275238037	1141.16137695312	-31.1044235229492	17.2344932556152	1152.14404296875	-43.7713241577148	4.41208457946777	1176.71179199219	-35.685489654541	-7.92301607131958	1175.34826660156	-16.0104923248291	8.01007747650146	1169.56945800781	-31.9641208648682	-26.4812602996826	1174.392578125	-18.9097099304199	-27.0066375732422	1187.19885253906	-8.59119892120361	-31.6183586120605	1188.28747558594	-8.07778263092041	-7.87637329101562	1181.47229003906
PRI-9863	-3.95509052276611	67.2989044189453	1172.15026855469	-3.25429272651672	60.4140968322754	1162.32299804688	-3.03923177719116	48.1955909729004	1140.56274414062	-1.79330492019653	24.8661689758301	1112.84936523438	-1.55844843387604	21.1462993621826	1106.72253417969	-0.202236980199814	-70.1864929199219	1143.55322265625	-1.21623647212982	-50.0609817504883	1161.70751953125	-2.37841725349426	-32.001953125	1162.45422363281	-2.6491277217865	-4.95812129974365	1145.24255371094	-3.0115180015564	10.8215885162354	1158.08068847656	-3.18589234352112	49.760986328125	1164.1416015625	9.22568988800049	60.7017669677734	1170.78918457031	10.4130058288574	58.8040351867676	1171.52905273438	14.0552740097046	49.4363594055176	1172.25463867188	16.2697010040283	37.5579261779785	1173.11108398438	13.0736951828003	10.6293306350708	1170.41821289062	9.12598133087158	6.60613775253296	1165.76806640625	2.3559741973877	47.8874702453613	1144.0126953125	0.986909866333008	24.1691722869873	1120.98217773438	15.6716108322144	20.5539302825928	1111.87329101562	31.3807144165039	15.5964031219482	1121.30895996094	45.8680648803711	0.347119599580765	1150.50451660156	34.5491027832031	-14.4916553497314	1151.84020996094	12.7135753631592	6.41838836669922	1143.79968261719	31.4060497283936	-35.7631683349609	1150.82434082031	14.6291046142578	-36.364330291748	1162.02697753906	6.16350603103638	-42.5709228515625	1163.3798828125	5.26109218597412	-13.7906370162964	1154.85363769531	-16.7016220092773	60.8332595825195	1170.14453125	-17.995023727417	59.0135536193848	1170.56408691406	-21.1757564544678	50.2303619384766	1171.30065917969	-23.6209888458252	38.4312362670898	1172.27770996094	-20.3520927429199	11.2851819992065	1170.46423339844	-15.8008737564087	6.20797061920166	1164.54296875	-8.60830497741699	47.9731369018555	1144.09826660156	-4.98714351654053	24.2953910827637	1120.64807128906	-19.3398609161377	19.3806667327881	1110.88928222656	-33.7172050476074	13.8038702011108	1117.80505371094	-49.6881256103516	-1.9042090177536	1147.29089355469	-38.0577964782715	-16.2243404388428	1149.12329101562	-17.4878082275391	7.05444192886353	1143.40759277344	NA	NA	NA	-20.180025100708	-36.1149406433105	1160.72216796875	-9.86050701141357	-42.6578903198242	1163.5634765625	-9.7668342590332	-13.8603992462158	1153.974609375
PRI-9952	128.802139282227	61.4026298522949	884.741882324219	128.664352416992	55.9233741760254	892.284912109375	129.517623901367	43.980884552002	910.948303222656	130.105178833008	17.089241027832	936.618713378906	130.112670898438	14.2483615875244	940.430114746094	131.994354248047	-64.3208465576172	906.360046386719	130.782272338867	-45.403076171875	889.710754394531	130.816223144531	-30.2765140533447	887.876281738281	129.808776855469	-6.34881401062012	901.264587402344	129.519500732422	8.79344081878662	890.548400878906	128.878677368164	46.4552307128906	889.460815429688	118.540908813477	56.0503540039062	884.921447753906	115.697792053223	53.7633056640625	883.975952148438	113.28784942627	47.5090675354004	882.710388183594	110.568420410156	37.0834922790527	881.100708007812	112.706085205078	11.4325609207153	879.139099121094	118.704681396484	4.97349643707275	886.484924316406	124.362022399902	42.2280120849609	908.277954101562	127.422088623047	17.9572982788086	927.135131835938	115.007347106934	13.5224828720093	937.397338867188	99.1294174194336	6.26396703720093	928.552062988281	86.7194900512695	-3.53666663169861	899.683837890625	94.8390808105469	-14.5908546447754	897.270324707031	115.869255065918	3.83928632736206	905.931091308594	101.676467895508	-34.3367729187012	900.912841796875	116.375946044922	-32.8897132873535	889.295532226562	123.920501708984	-38.3328437805176	887.585205078125	123.749954223633	-13.9352607727051	897.254699707031	139.138687133789	56.734375	884.877868652344	141.134826660156	55.2033615112305	884.212585449219	144.230361938477	48.216968536377	882.18115234375	146.929229736328	37.6902236938477	880.207397460938	145.308486938477	11.6961469650269	879.079895019531	140.969787597656	5.36406755447388	885.816345214844	135.031311035156	42.6499977111816	907.435668945312	133.26237487793	17.9301719665527	926.866638183594	145.076141357422	14.4560832977295	937.951293945312	161.262466430664	8.58094310760498	929.021606445312	173.171875	-2.84846568107605	898.585998535156	164.543960571289	-13.2625007629395	897.064392089844	144.313888549805	4.95036220550537	906.152709960938	160.695434570312	-32.3627891540527	900.371337890625	145.797378540039	-31.8413066864014	888.6484375	138.531753540039	-37.6321449279785	887.303161621094	137.148742675781	-13.3275585174561	896.703186035156
SNC-H19-079	-0.631564855575562	50.3677139282227	1099.38000488281	-0.735483705997467	45.6687431335449	1092.73596191406	-0.877007722854614	36.7591361999512	1072.85424804688	-0.83948028087616	15.2047567367554	1049.53051757812	-0.583116054534912	14.0333690643311	1045.88232421875	1.00293827056885	-67.8621978759766	1078.62646484375	-0.355693459510803	-51.6287651062012	1092.95190429688	-1.24617373943329	-33.5074234008789	1094.90075683594	-0.823825478553772	-13.1675958633423	1082.66833496094	-1.10886693000793	3.20486330986023	1090.61767578125	-1.13492655754089	34.0664291381836	1093.462890625	9.50991344451904	44.9085540771484	1097.47839355469	10.4157361984253	44.1440773010254	1097.64575195312	13.2738132476807	40.3426704406738	1099.76733398438	16.6085796356201	29.8204116821289	1101.83068847656	15.1976566314697	4.81182909011841	1100.33874511719	10.3042755126953	-2.20228409767151	1096.98059082031	4.15989065170288	36.1385688781738	1076.74035644531	2.12574172019958	14.4222631454468	1057.33630371094	16.7349433898926	11.8294649124146	1048.29174804688	31.7738304138184	3.97879242897034	1059.80078125	40.0594749450684	-7.94125032424927	1084.96838378906	33.3473510742188	-17.6355495452881	1083.96911621094	12.7033071517944	-1.96447277069092	1078.48425292969	28.460485458374	-35.9488296508789	1083.41784667969	14.7759141921997	-36.3768348693848	1094.11987304688	6.56572151184082	-43.0273513793945	1094.68579101562	6.43858957290649	-17.0388717651367	1087.84143066406	-11.3561315536499	45.1788787841797	1097.32861328125	-12.1556596755981	43.7169952392578	1097.79675292969	-15.3846158981323	39.8040084838867	1100.70422363281	-17.8740253448486	28.9563045501709	1102.13842773438	-16.4627742767334	3.96184921264648	1099.82788085938	-11.6346101760864	-2.29087853431702	1096.75756835938	-6.59030532836914	35.7674713134766	1076.64050292969	-3.74308109283447	14.3985786437988	1057.38537597656	-17.6268711090088	10.9715948104858	1048.43298339844	-33.1299858093262	3.60507583618164	1059.57751464844	-41.5154418945312	-8.16582679748535	1084.23022460938	-34.6612777709961	-18.0160369873047	1083.75476074219	-14.892520904541	-2.91326642036438	1078.14453125	-29.6463432312012	-36.862232208252	1082.99926757812	-15.8919019699097	-36.8941917419434	1094.46179199219	-8.35196590423584	-42.9196014404297	1095.21118164062	-8.55571174621582	-17.1242046356201	1087.85400390625
SNC-H20-117	-2.10992670059204	54.8003692626953	1115.47875976562	-1.72308897972107	49.9882469177246	1109.82165527344	-1.5696120262146	34.4547080993652	1089.18200683594	-0.755723416805267	5.73296451568604	1066.23583984375	-0.657800674438477	1.94995224475861	1061.89538574219	2.68091678619385	-78.0525283813477	1096.51965332031	2.92871475219727	-59.1507987976074	1117.53784179688	1.85290479660034	-42.9191703796387	1118.76123046875	1.40610361099243	-20.7957801818848	1103.32678222656	0.1857980042696	-1.86588132381439	1111.32592773438	NA	NA	NA	8.7513256072998	50.3558387756348	1114.96887207031	13.2867774963379	47.5986709594727	1116.96130371094	14.843752861023	42.8631324768066	1121.96203613281	16.6382656097412	31.0784473419189	1121.962890625	17.7386913299561	4.08864307403564	1121.4921875	11.4944343566895	-4.82291173934937	1116.34838867188	5.44263601303101	34.1208648681641	1092.49877929688	2.81328225135803	6.00635433197021	1072.96569824219	16.0916309356689	4.22096061706543	1067.16784667969	34.1538200378418	-4.26309633255005	1076.19702148438	46.2933158874512	-16.0089321136475	1106.76403808594	39.440113067627	-23.5215873718262	1105.58337402344	14.1562585830688	-7.83822250366211	1098.00903320312	35.0306015014648	-44.6525993347168	1106.33093261719	18.2345962524414	-45.8315658569336	1116.759765625	10.6505374908447	-51.450325012207	1118.91064453125	8.52745056152344	-25.366569519043	1106.66784667969	-12.8936338424683	49.1297454833984	1115.25415039062	-17.2603130340576	47.0968322753906	1116.33276367188	-18.9214611053467	42.240909576416	1119.89758300781	-19.57399559021	29.4607353210449	1122.19580078125	-17.4976387023926	3.01902890205383	1122.48071289062	-10.388557434082	-5.65125417709351	1117.22924804688	-7.23237085342407	34.3510704040527	1092.52978515625	-3.96107888221741	5.66124677658081	1073.68579101562	-17.851037979126	1.69102227687836	1067.34118652344	NA	NA	NA	-45.2177314758301	-18.1387157440186	1108.50854492188	-36.7598762512207	-26.3424091339111	1107.03771972656	-13.8812818527222	-9.90564632415772	1098.5595703125	-30.557430267334	-48.0936126708984	1107.36962890625	-14.3665456771851	-47.0351219177246	1117.52185058594	-5.09508895874023	-52.6293830871582	1118.99865722656	-6.92658376693726	-27.5478401184082	1109.16528320312
SNC-H22-170	-0.424863427877426	59.6561012268066	1031.51794433594	-0.503108561038971	55.7728233337402	1024.34094238281	-1.2862993478775	39.0900611877441	1002.67559814453	-1.1719172000885	18.7704849243164	976.949890136719	-1.30896377563477	15.4542827606201	972.227661132812	1.25267052650452	-74.0984191894531	1004.78759765625	1.91263794898987	-54.3661842346191	1021.56488037109	1.52747797966003	-37.6196708679199	1023.41168212891	0.501743733882904	-12.2665424346924	1009.65899658203	0.137553438544273	3.70235323905945	1020.53186035156	-0.44886314868927	43.2097930908203	1026.49877929688	10.6676626205444	52.9480857849121	1028.49291992188	11.8317985534668	51.9375267028809	1028.33630371094	17.1921730041504	43.1571159362793	1030.04614257812	19.252986907959	31.5993785858154	1031.47595214844	17.5820732116699	4.85415315628052	1029.95812988281	12.265308380127	-0.104994498193264	1026.90783691406	4.34073543548584	38.7417411804199	1006.00402832031	2.28844618797302	17.3659896850586	985.079162597656	15.9951038360596	12.9970531463623	975.329467773438	33.3365783691406	5.97962474822998	987.439453125	44.6375198364258	-8.10340785980225	1012.80157470703	38.5998497009277	-18.9990310668945	1012.59918212891	15.6580495834351	0.022140808403492	1004.82159423828	32.4759216308594	-41.6639251708984	1009.41107177734	20.3993129730225	-41.6281623840332	1021.39959716797	9.9229679107666	-47.3227958679199	1023.77789306641	8.41036796569824	-20.9500885009766	1015.54913330078	-11.7173614501953	52.9612770080566	1029.0498046875	-12.6381053924561	52.0189476013184	1029.103515625	-17.6884632110596	42.6970634460449	1030.93933105469	-18.9806365966797	31.4056701660156	1032.49780273438	-15.2371044158936	4.13587236404419	1031.47607421875	-9.95536613464355	-0.723158955574036	1027.94580078125	-6.00911951065063	39.3935928344727	1005.81927490234	-4.33481407165527	17.9369010925293	985.112854003906	-17.9513816833496	13.5414094924927	975.984924316406	-35.2490730285645	5.48305082321167	989.885375976562	-43.8040351867676	-9.36437606811523	1015.98016357422	-36.8505897521973	-20.6907291412354	1014.65270996094	-17.1203479766846	-0.343565553426743	1006.54095458984	-31.3699398040771	-42.1835136413574	1011.39013671875	-17.2862644195557	-42.2700691223145	1022.34954833984	-6.64573955535889	-47.2045288085938	1024.70642089844	-7.20901441574097	-21.3066902160645	1017.13684082031
SNC-H23-057	-0.814986944198608	52.8724784851074	1008.21569824219	-1.23265361785889	45.8906097412109	1000.28625488281	-1.7396525144577	35.9723358154297	980.243591308594	-1.71256792545319	13.1648921966553	957.170654296875	-1.78445100784302	9.84998035430908	951.862060546875	-1.50196123123169	-67.7095489501953	995.296752929688	-0.0863089635968208	-47.8911666870117	1007.04559326172	-0.154096081852913	-30.3827838897705	1008.81036376953	-0.728557884693146	-9.68129634857178	990.392639160156	-0.65404337644577	6.79204702377319	1002.35906982422	-1.31866085529327	36.5911407470703	1002.73828125	9.04396820068359	47.5238189697266	1006.08178710938	9.79004096984863	46.8331527709961	1006.43774414062	14.1724700927734	42.0698280334473	1007.66510009766	17.422456741333	31.8714809417725	1009.91705322266	16.6941738128662	7.83106756210327	1012.21392822266	10.5838651657104	1.76138067245483	1007.46917724609	3.5073869228363	34.2745780944824	982.913818359375	1.20337522029877	12.7371320724487	964.073852539062	16.4958209991455	8.06020641326904	957.086120605469	31.4507827758789	2.35923266410828	968.689208984375	41.0270195007324	-5.38939189910889	995.381042480469	35.0068054199219	-15.4125165939331	995.401245117188	13.0229377746582	-0.027854910120368	987.977600097656	30.1804523468018	-34.3039779663086	995.223571777344	16.2624111175537	-32.9517288208008	1006.15350341797	7.22022771835327	-37.7246398925781	1009.09576416016	7.29338312149048	-15.4459381103516	998.593994140625	-11.6090831756592	47.6517524719238	1006.13677978516	-12.4829349517822	46.9469223022461	1006.33905029297	-16.3832206726074	42.0541496276855	1008.86993408203	-19.0485095977783	31.7189655303955	1011.55487060547	-16.9949131011963	7.5073356628418	1012.93688964844	-11.8926248550415	1.40360236167908	1008.50561523438	-6.79751682281494	33.8778228759766	982.869201660156	-4.47294092178345	13.3305206298828	964.942749023438	-18.8120727539062	8.61838626861572	957.765563964844	-34.1292190551758	2.57328128814697	969.784362792969	-43.3326530456543	-7.16344499588013	997.646301269531	-37.2246170043945	-15.7778844833374	998.156311035156	-15.3316984176636	-0.504071056842804	988.476196289062	-31.0504360198975	-34.9503326416016	998.212768554688	-15.6629467010498	-33.545036315918	1008.30767822266	-6.9159255027771	-38.0263633728027	1009.76959228516	-8.2290449142456	-15.6172151565552	999.75732421875
SNC-H23-077	-1.36538136005402	59.7839508056641	1024.78515625	-1.28176534175873	57.6527404785156	1017.49523925781	-1.73400461673737	44.1556015014648	996.063781738281	-1.29628121852875	16.0042114257812	967.939392089844	-1.25398516654968	12.6030416488647	963.317199707031	1.77331507205963	-75.215202331543	997.2529296875	0.710430383682251	-56.8912696838379	1017.56890869141	0.693626523017883	-39.1938667297363	1021.30523681641	0.195294931530952	-12.1246271133423	1007.60009765625	-0.30917876958847	7.12871408462524	1014.58740234375	-1.32574093341827	45.7737159729004	1019.59631347656	8.72963047027588	55.2428779602051	1023.74652099609	11.6062936782837	53.2269401550293	1023.49945068359	15.6030941009521	46.361644744873	1024.1025390625	18.6102733612061	36.027702331543	1025.29675292969	17.6315898895264	11.7111330032349	1025.443359375	12.2652864456177	2.04052543640137	1020.64599609375	4.51505279541016	42.3887519836426	999.052612304688	1.95095241069794	16.7304992675781	976.102844238281	16.01491355896	11.7339391708374	967.815734863281	33.2840919494629	4.66941928863525	975.789428710938	48.186092376709	-11.4972114562988	1004.77508544922	39.0557556152344	-21.2534465789795	1004.05401611328	15.0308818817139	-0.981217980384827	999.085266113281	35.5786285400391	-41.9598388671875	1002.57824707031	21.4599075317383	-39.0493125915527	1016.14825439453	8.89336967468262	-48.2829513549805	1021.03247070312	8.71195983886719	-19.4501953125	1012.06567382812	-11.7787561416626	54.3939361572266	1024.14086914062	-13.9838676452637	52.1098442077637	1024.86022949219	-17.9265823364258	44.9230651855469	1024.9482421875	-20.4189491271973	34.6504287719727	1026.71020507812	-17.5047283172607	9.96927547454834	1027.32104492188	-12.2241506576538	1.52599036693573	1021.83825683594	-7.66276979446411	42.6614418029785	999.315673828125	-4.2218165397644	16.1312026977539	976.146118164062	-17.5130176544189	11.6690797805786	967.95751953125	-34.9146308898926	4.52183961868286	977.583557128906	-47.7248802185059	-11.0715198516846	1006.69763183594	-38.6322135925293	-22.7105140686035	1005.15551757812	-15.9188947677612	-1.12559700012207	1000.19372558594	-34.1584663391113	-43.2299613952637	1004.56719970703	-18.1621990203857	-41.0751533508301	1017.73419189453	-6.85495042800903	-49.4195861816406	1020.10485839844	-7.33163547515869	-19.4645347595215	1012.75183105469
SNC-H23-096	-0.764778077602386	47.7536201477051	1020.71752929688	-0.717683851718903	43.383602142334	1013.69744873047	-1.37125146389008	34.5318717956543	991.4013671875	-1.32528281211853	18.0075740814209	967.593017578125	-1.23884308338165	16.3472499847412	962.874267578125	-1.37673544883728	-70.2268142700195	986.947204589844	-0.972136199474335	-52.5719985961914	1007.38751220703	-1.06107318401337	-36.1463584899902	1009.61975097656	-1.55525779724121	-13.9903602600098	999.161865234375	-1.24363803863525	0.369084626436234	1009.49621582031	-1.06047415733337	33.8276214599609	1015.92468261719	9.25989627838135	43.4984588623047	1018.60827636719	10.0609283447266	42.8469390869141	1019.12567138672	13.3771781921387	39.03076171875	1020.84124755859	17.0727863311768	27.5829067230225	1023.09301757812	16.2901077270508	2.31425642967224	1019.68438720703	10.7839107513428	-5.42155933380127	1015.03308105469	4.33283424377441	32.7728385925293	996.601318359375	1.27871739864349	16.3518047332764	975.127624511719	15.7958097457886	14.5938739776611	967.466125488281	31.9962558746338	6.83245801925659	976.832580566406	41.6887397766113	-9.34027004241943	1002.15936279297	34.3984413146973	-20.3746490478516	999.972595214844	14.5597581863403	-2.07386302947998	994.872253417969	NA	NA	NA	NA	NA	NA	6.91266584396362	-46.2851333618164	1009.55072021484	NA	NA	NA	-10.5955209732056	43.5106048583984	1019.2041015625	-11.3880643844604	42.772533416748	1019.20812988281	-15.0038042068481	38.5583343505859	1021.42016601562	-18.6358127593994	26.8403129577637	1023.86145019531	-17.8664798736572	1.58102941513062	1020.56713867188	-11.763635635376	-5.17500686645508	1014.86401367188	-6.59722185134888	32.7741889953613	995.59619140625	-3.65754771232605	16.1196670532227	975.127258300781	-16.9095287322998	14.8421974182129	966.58056640625	-34.39013671875	5.47992277145386	977.948791503906	-44.7028427124023	-11.4510345458984	1002.57684326172	-36.6001853942871	-21.9087371826172	999.503784179688	-15.9246864318848	-2.17620658874512	995.846069335938	-31.7240943908691	-39.1996536254883	997.688232421875	-16.9835548400879	-39.1992645263672	1008.70318603516	-7.81749677658081	-46.579475402832	1009.50640869141	-7.93090724945068	-19.5083866119385	1003.92028808594
SNC-H23-285	-0.878917932510376	66.0867385864258	1010.28588867188	-1.25705635547638	59.244945526123	1002.68371582031	-1.66692364215851	42.8747596740723	979.397338867188	-1.95751118659973	17.34006690979	955.666320800781	-1.4529002904892	13.468635559082	948.710632324219	1.90162241458893	-72.1056671142578	986.214965820312	1.17981731891632	-53.6096611022949	1007.37738037109	1.05079519748688	-35.9327926635742	1009.12719726562	-0.389151304960251	-10.4847860336304	993.434631347656	-0.58621871471405	9.05328750610352	1002.27032470703	-0.89285808801651	46.5595664978027	1005.39636230469	9.76461410522461	58.9158020019531	1007.73065185547	11.7714138031006	56.2370529174805	1008.40972900391	16.611629486084	50.1592330932617	1012.42926025391	18.5757579803467	38.8887405395508	1013.18823242188	15.5657949447632	12.3554019927979	1013.56530761719	10.5492210388184	4.1884593963623	1007.30169677734	4.57987356185913	42.2853088378906	984.677795410156	1.80167126655579	15.8671369552612	962.226806640625	16.8847885131836	11.8498592376709	952.481628417969	33.6181945800781	5.91750621795654	964.531066894531	45.9262962341309	-8.36068153381348	995.392333984375	39.1851425170898	-16.4462299346924	994.958984375	15.1384963989258	3.50567936897278	987.533020019531	33.3134498596191	-37.1988105773926	993.840087890625	18.277172088623	-36.657642364502	1005.23114013672	9.12042808532715	-46.0904769897461	1008.91522216797	8.42457866668701	-16.499662399292	998.66748046875	-11.5075674057007	58.758918762207	1009.6103515625	-14.3392095565796	57.1258888244629	1009.99847412109	-17.5830497741699	51.7002601623535	1013.1416015625	-19.4889240264893	39.5318794250488	1014.01257324219	-17.5517883300781	12.2142763137817	1015.22491455078	-11.5298404693604	4.02172470092773	1008.91137695312	NA	NA	NA	-4.90863990783691	14.8931159973145	962.368835449219	-19.3674926757812	10.8396396636963	952.186340332031	-36.4541854858398	3.23761057853699	965.967224121094	-46.2330284118652	-12.1828136444092	997.672546386719	-39.0180015563965	-18.6162376403809	997.11767578125	-17.3395080566406	2.78804993629456	987.800109863281	-30.3012256622314	-40.449146270752	995.616394042969	-15.7254724502563	-39.0992202758789	1006.44464111328	-5.50014972686768	-47.0981559753418	1008.77178955078	-7.86734485626221	-17.4165019989014	999.439819335938
TPM-M1656	-1.4836859703064	66.7978286743164	1086.12585449219	-1.67742586135864	59.8042221069336	1075.251953125	-1.38747990131378	44.6645278930664	1053.11950683594	-0.873160481452942	22.5874252319336	1028.97534179688	-0.677707076072693	19.5278053283691	1024.5693359375	-1.04708421230316	-76.4120330810547	1054.07751464844	-0.636754274368286	-59.0679168701172	1073.07775878906	-0.392827421426773	-38.9058837890625	1077.75061035156	-0.589247703552246	-9.18497085571289	1064.35412597656	-0.744921445846558	8.12339973449707	1075.29064941406	-1.69528901576996	48.8554916381836	1079.48083496094	10.8879079818726	60.6625366210938	1082.78991699219	14.354977607727	56.8002319335938	1085.60424804688	16.4640426635742	49.2505302429199	1087.08471679688	18.5263919830322	37.110523223877	1087.90502929688	17.4803161621094	11.9474096298218	1089.06359863281	11.7645578384399	1.70892214775085	1081.98791503906	4.76658296585083	44.1906623840332	1057.13439941406	2.71872758865356	21.3464183807373	1037.78247070312	18.7264537811279	14.7270984649658	1028.47302246094	35.3275909423828	7.07536840438843	1039.10693359375	48.070686340332	-11.5380153656006	1070.59899902344	39.0001525878906	-21.2194576263428	1067.17065429688	14.5396194458008	2.4835901260376	1060.14660644531	32.759838104248	-40.9648818969727	1064.74072265625	18.3723068237305	-43.6017837524414	1074.60046386719	7.85428190231323	-49.575382232666	1076.54064941406	NA	NA	NA	-13.0205430984497	60.9681625366211	1083.61389160156	-16.4117374420166	57.0234107971191	1085.49389648438	-19.1312885284424	48.8585433959961	1086.46118164062	-20.6080780029297	36.9664192199707	1088.68237304688	-19.7651481628418	11.6626949310303	1089.18176269531	-11.9943513870239	1.8275603055954	1082.37719726562	-7.06350564956665	43.7342262268066	1056.87963867188	-4.26754713058472	21.1250419616699	1036.61669921875	-18.7454795837402	16.2442665100098	1028.28344726562	-36.3976707458496	6.653160572052	1039.72314453125	-49.3516006469727	-10.5090932846069	1071.57250976562	-37.8409652709961	-21.7990341186523	1067.86657714844	-15.7799463272095	3.78510212898254	1061.63317871094	NA	NA	NA	NA	NA	NA	-8.63787651062012	-50.2268142700195	1075.67138671875	NA	NA	NA
TPM-M1889	-2.31989073753357	66.7801208496094	1083.537109375	-2.1586902141571	58.6738395690918	1071.88061523438	-1.32972681522369	44.3620223999023	1050.02270507812	-0.98203307390213	22.3291435241699	1026.8232421875	-0.869471609592438	19.4833965301514	1022.25970458984	-2.35984373092651	-64.697135925293	1050.26953125	-2.58859324455261	-48.2210922241211	1071.83776855469	-1.7906266450882	-31.1961612701416	1074.76037597656	-1.68537724018097	-7.25230073928833	1062.07531738281	-1.5156010389328	11.4941301345825	1072.84033203125	-1.91385471820831	46.9335060119629	1074.77087402344	7.97130060195923	60.7577362060547	1082.43408203125	11.6552295684814	58.4933891296387	1083.44067382812	15.4256744384766	50.4413986206055	1084.36535644531	17.6692562103271	38.3896369934082	1086.00036621094	16.7115230560303	11.4885272979736	1086.02966308594	10.5322399139404	2.91614675521851	1079.01477050781	4.08687210083008	43.7376899719238	1054.28845214844	2.51797485351562	20.9822616577148	1035.904296875	17.2050437927246	18.3278255462646	1027.46337890625	34.9594612121582	11.4744434356689	1037.07312011719	46.690128326416	-7.66518878936768	1068.38977050781	36.7412071228027	-16.9629745483398	1066.21606445312	14.5793199539185	4.88086891174316	1058.75891113281	31.8423843383789	-35.4139404296875	1061.05883789062	17.8675136566162	-36.2598686218262	1072.37951660156	7.40705013275146	-40.1580467224121	1075.97900390625	6.54149150848389	-14.6180734634399	1067.37072753906	-13.0786514282227	60.6697082519531	1081.84143066406	-16.0822238922119	59.0009765625	1081.033203125	-19.770299911499	49.4803504943848	1083.87060546875	-21.728630065918	38.0266571044922	1085.25659179688	-20.0974960327148	10.9891376495361	1086.14270019531	-13.5312509536743	3.2645468711853	1079.25659179688	-7.06743621826172	42.8487854003906	1053.63928222656	-4.3152585029602	20.5306015014648	1035.62121582031	-18.0143394470215	19.1132335662842	1027.20520019531	-36.9500503540039	11.7734603881836	1036.36291503906	-50.8077926635742	-6.92384195327759	1068.22985839844	-41.0733833312988	-16.2198696136475	1066.458984375	-16.2180557250977	5.62861490249634	1059.11218261719	-34.8227195739746	-35.587516784668	1061.43737792969	-20.4800891876221	-35.1781044006348	1072.9990234375	-10.4142761230469	-41.3242111206055	1074.55773925781	-10.6805830001831	-14.4437923431396	1068.41845703125
TPM-M3958	-1.82960224151611	73.2740783691406	1078.36901855469	-1.43499660491943	64.7235565185547	1068.83557128906	-1.27339398860931	47.8485679626465	1047.7490234375	-0.705057382583618	20.95188331604	1023.92517089844	-0.440898090600967	17.1255474090576	1018.91186523438	1.27167737483978	-65.779182434082	1061.08068847656	1.48364329338074	-44.7945556640625	1079.81115722656	1.13344430923462	-25.7768268585205	1080.6591796875	-0.196024060249329	-2.01680278778076	1060.95104980469	-1.23234522342682	16.1197128295898	1071.88830566406	-1.66676902770996	52.5393218994141	1074.12292480469	10.7628803253174	66.3644027709961	1076.94677734375	13.0250034332275	65.464714050293	1077.07934570312	17.5536041259766	56.4135246276855	1080.97009277344	19.6205863952637	43.5207748413086	1084.2978515625	17.5515480041504	13.8793392181396	1083.37243652344	11.001594543457	9.26595592498779	1078.36474609375	4.20431518554688	46.1454658508301	1049.97900390625	2.60936069488525	21.4558658599854	1032.267578125	18.8572788238525	14.8864459991455	1026.20263671875	36.2892837524414	6.80628156661987	1037.71276855469	47.9915428161621	-1.81206619739532	1065.52001953125	40.478630065918	-10.718544960022	1066.79919433594	15.0316486358643	8.53177642822266	1057.51794433594	33.2931327819824	-31.2845706939697	1066.41638183594	18.4624786376953	-29.9392147064209	1078.91296386719	9.84621143341064	-35.5624084472656	1082.34936523438	8.56441497802734	-9.88376522064209	1069.787109375	-14.2337951660156	66.8163452148438	1076.82666015625	-15.4814767837524	65.5678482055664	1076.79357910156	-19.9673042297363	56.8482437133789	1081.60180664062	-22.6032238006592	43.5299377441406	1083.82067871094	-18.6590061187744	13.2289409637451	1084.93127441406	-12.4336214065552	7.33110189437866	1078.74145507812	-6.24516868591309	45.9718475341797	1049.90197753906	-3.92644166946411	21.4382343292236	1032.49621582031	-19.5343151092529	13.4344272613525	1023.96301269531	-36.3754920959473	7.94458150863647	1033.59252929688	-47.9032974243164	-2.33362340927124	1065.00695800781	-38.6220703125	-13.5363531112671	1066.53356933594	-17.1496887207031	7.54818677902222	1056.197265625	-32.2698059082031	-33.892650604248	1066.10986328125	-16.9136390686035	-31.2904777526855	1078.4765625	-7.00317430496216	-36.706356048584	1081.83679199219	-8.49775981903076	-10.20765209198	1069.21337890625
TPM-M4010	-1.07111716270447	53.9876022338867	1084.40515136719	-1.87851965427399	48.1007308959961	1073.96081542969	-1.64058542251587	38.2988700866699	1053.51672363281	-0.354593187570572	20.0375518798828	1030.4248046875	-0.0848113000392914	17.8988800048828	1026.77197265625	0.751237630844116	-65.1786804199219	1051.94409179688	0.418424099683762	-49.5230407714844	1070.57873535156	-1.1540949344635	-32.2856674194336	1073.802734375	-0.503816366195679	-8.08012771606445	1061.41528320312	-1.26289069652557	5.644287109375	1071.6455078125	-1.87134444713593	40.493839263916	1077.75219726562	8.8353796005249	49.6605186462402	1082.39611816406	9.77149772644043	48.3549118041992	1082.48059082031	13.187876701355	43.774356842041	1083.83044433594	17.1696872711182	32.5740623474121	1085.88696289062	16.4323921203613	6.63789176940918	1083.26586914062	10.3144273757935	1.04982650279999	1078.3583984375	3.46302318572998	37.2205238342285	1056.30261230469	2.64353561401367	18.7944602966309	1038.255859375	16.5153732299805	15.7646961212158	1030.62951660156	31.8384094238281	9.93185997009277	1039.87817382812	43.5757102966309	-3.35841250419617	1064.00537109375	36.4130020141602	-17.0449905395508	1064.78747558594	16.6712493896484	2.71702122688293	1058.62634277344	29.9519290924072	-34.1540718078613	1062.49328613281	17.5663452148438	-35.0342788696289	1072.083984375	7.01345920562744	-42.3755302429199	1074.09204101562	7.28727722167969	-15.4013824462891	1067.50305175781	-11.9391107559204	49.6459770202637	1081.6748046875	-12.9365730285645	48.5257415771484	1082.16943359375	-16.3209838867188	43.7952423095703	1083.53088378906	-19.8641242980957	32.2784996032715	1085.69848632812	-18.9338111877441	6.08065605163574	1082.57116699219	-12.4582433700562	-0.356016397476196	1077.40148925781	-6.20128440856934	37.3705749511719	1056.33935546875	-4.02673435211182	18.4536457061768	1036.87658691406	-16.9113311767578	14.3416509628296	1028.88598632812	-31.8103790283203	6.76423358917236	1038.37609863281	-43.3003959655762	-5.55463171005249	1061.92541503906	-35.292049407959	-19.6014060974121	1062.25463867188	-16.0969390869141	0.718586027622223	1057.23620605469	-29.0261707305908	-36.9531402587891	1059.92565917969	-18.3099365234375	-37.8277702331543	1070.19946289062	-8.55424785614014	-42.2436599731445	1074.03747558594	-8.35588550567627	-16.1392612457275	1066.46447753906
TPM-M529	-1.46807420253754	61.3756256103516	1086.78503417969	-1.49933230876923	57.1094436645508	1077.40954589844	-1.55412721633911	44.9433517456055	1055.36340332031	-1.03068351745605	21.4844493865967	1028.51965332031	-0.766858994960785	18.2307662963867	1022.98876953125	-1.59345602989197	-65.462776184082	1050.98620605469	NA	NA	NA	NA	NA	NA	-0.626246988773346	-7.07330513000488	1061.80249023438	-1.26743972301483	7.41928100585938	1071.68322753906	-1.29390323162079	45.2944297790527	1079.60473632812	9.13650989532471	58.4005393981934	1085.24084472656	11.8522300720215	55.2571907043457	1084.78662109375	17.0838508605957	48.015022277832	1086.97375488281	18.6943206787109	36.4832954406738	1088.39294433594	15.9709968566895	10.2680625915527	1084.58239746094	9.69332981109619	2.23997473716736	1078.57653808594	4.43623399734497	42.3241729736328	1057.79223632812	2.12982654571533	20.4123382568359	1036.39331054688	15.537428855896	15.5076961517334	1028.76843261719	30.2523174285889	11.7136745452881	1034.30249023438	46.0606384277344	-9.74787998199463	1065.36413574219	36.1860046386719	-18.653434753418	1065.99926757812	14.1265144348145	3.9724063873291	1059.611328125	30.9664821624756	-35.6379661560059	1060.90002441406	NA	NA	NA	NA	NA	NA	7.11019515991211	-15.0107316970825	1067.23974609375	-12.4156265258789	58.9121513366699	1084.79968261719	-13.6267738342285	55.9082717895508	1085.56091308594	-19.3784656524658	49.3277893066406	1085.93334960938	-21.8633995056152	37.0424690246582	1087.24523925781	-18.682445526123	11.3869819641113	1084.71166992188	-11.7861013412476	2.78618621826172	1077.99133300781	-6.54027843475342	42.2616844177246	1057.74731445312	-4.55810213088989	20.2053356170654	1036.18334960938	-18.7029819488525	15.8148250579834	1027.27319335938	-32.4913101196289	11.1620225906372	1035.25427246094	-48.9500160217285	-9.54830360412598	1068.62854003906	-41.1196670532227	-18.5266666412354	1066.64880371094	-17.4020843505859	4.95360231399536	1059.197265625	-32.7968635559082	-35.2424087524414	1059.68603515625	NA	NA	NA	NA	NA	NA	-8.34318447113037	-14.6691951751709	1067.32690429688
TPM-M544	-1.68128573894501	52.1721343994141	1083.41198730469	-1.10956168174744	47.8484992980957	1077.52954101562	-0.318692475557327	37.7450752258301	1053.51525878906	-1.33324408531189	20.0320854187012	1028.84802246094	-1.11282396316528	17.6002407073975	1024.04089355469	-2.03175115585327	-64.4777984619141	1049.45947265625	-2.37065672874451	-50.5748977661133	1069.00354003906	-1.9506824016571	-33.7463912963867	1072.87292480469	-1.60880744457245	-10.4589080810547	1060.40197753906	-1.40737640857697	3.03552865982056	1071.59191894531	-1.44701480865479	37.4492034912109	1078.29052734375	8.29592800140381	48.9440307617188	1084.33874511719	9.5426197052002	46.2015342712402	1084.61645507812	13.8626089096069	41.0571327209473	1085.58117675781	17.6813488006592	30.8096714019775	1085.74291992188	15.9105663299561	8.03983497619629	1082.31640625	10.1640090942383	-2.20530390739441	1077.27075195312	3.68974208831787	35.8238716125488	1057.12219238281	1.51336765289307	19.0875835418701	1038.14196777344	15.2914562225342	15.3096170425415	1030.99145507812	29.9766674041748	8.1054801940918	1038.20947265625	42.2339324951172	-8.04559898376465	1062.880859375	35.9022026062012	-19.4685344696045	1063.48107910156	14.357663154602	1.26754796504974	1058.44873046875	27.8647727966309	-35.6579627990723	1060.33776855469	14.8444976806641	-38.9743537902832	1070.49792480469	5.64934873580933	-45.0232925415039	1072.62963867188	5.1548810005188	-17.9409084320068	1066.64978027344	-11.946704864502	47.4804611206055	1083.92138671875	-13.9845504760742	45.7691650390625	1084.1591796875	-17.5146007537842	40.9539031982422	1085.44934082031	-20.8668251037598	31.2580051422119	1084.62683105469	-19.2705478668213	7.76915073394775	1082.28796386719	-13.2277774810791	-2.08164548873901	1077.20227050781	-6.05809259414673	36.1083755493164	1057.14587402344	-4.31429481506348	18.8051795959473	1038.07055664062	-17.1207084655762	15.5042018890381	1030.00500488281	-33.1934623718262	8.5496997833252	1039.49194335938	-44.8343048095703	-7.16296482086182	1064.84777832031	-38.3962478637695	-19.3720550537109	1063.37878417969	-17.7139720916748	2.58289098739624	1059.12182617188	-31.9418754577637	-36.4846954345703	1060.6201171875	-19.3126735687256	-39.4564323425293	1071.05261230469	-9.47476577758789	-45.6525115966797	1072.85815429688	-9.14467525482178	-18.5429229736328	1066.50085449219
TPM-M549	-0.874210357666016	44.8899917602539	1084.62744140625	-1.14938378334045	40.9695014953613	1078.47351074219	-0.987604439258575	33.3062057495117	1058.30151367188	-2.08746266365051	15.5209445953369	1031.06591796875	-2.10811543464661	13.1995325088501	1025.64611816406	0.411969095468521	-71.2572708129883	1049.86499023438	-0.0325514152646065	-57.181640625	1068.53796386719	-0.266750931739807	-41.4501838684082	1072.44482421875	-0.870145082473755	-15.4460105895996	1060.97973632812	-1.24529230594635	-0.842031419277191	1072.11926269531	-1.41095089912415	30.9279823303223	1079.11071777344	9.65007781982422	39.5970458984375	1083.31958007812	10.3788604736328	37.6128196716309	1083.53100585938	13.818660736084	31.794584274292	1084.66735839844	17.6120624542236	20.5401210784912	1085.14038085938	15.2039661407471	-4.24078702926636	1082.27746582031	10.6471109390259	-6.710205078125	1078.22729492188	3.30096173286438	29.7711715698242	1059.28759765625	0.670129120349884	14.809871673584	1040.11193847656	15.1612243652344	12.6883878707886	1030.87780761719	30.2015705108643	5.62884044647217	1040.53369140625	42.3929634094238	-8.44990539550781	1062.76245117188	36.8699531555176	-21.6915626525879	1062.41271972656	13.1580038070679	-2.64447474479675	1059.73413085938	30.1666202545166	-40.5542678833008	1058.98327636719	18.7058639526367	-44.9217720031738	1069.95104980469	7.8249683380127	-51.5378646850586	1071.35534667969	4.77526950836182	-20.7665538787842	1065.57189941406	-11.5834836959839	39.7111053466797	1083.001953125	-12.7767953872681	37.8802299499512	1082.78002929688	-16.1660099029541	32.649658203125	1084.65856933594	-19.1699829101562	21.6194972991943	1085.9267578125	-17.5968418121338	-3.70722508430481	1083.37670898438	-12.6390037536621	-6.77019214630127	1078.61767578125	-5.95381307601929	30.3378314971924	1058.92517089844	-4.18699264526367	14.1802520751953	1040.5	-17.3981018066406	12.6191473007202	1031.30224609375	-32.7994842529297	4.34527063369751	1042.19018554688	-43.8722724914551	-9.19099140167236	1064.91015625	-36.2682952880859	-23.0296249389648	1065.18884277344	-15.9402542114258	-3.66386318206787	1059.8740234375	-30.0905647277832	-42.8441429138184	1061.47033691406	-17.965726852417	-45.7310256958008	1071.50158691406	-7.61956119537354	-51.6920394897461	1071.365234375	-6.88286399841309	-22.584924697876	1065.74694824219
TPM-M600	-1.31900525093079	45.2860145568848	1105.95825195312	-1.27235317230225	42.0995979309082	1098.60485839844	-1.81556844711304	34.67626953125	1075.79919433594	-1.54536187648773	17.2506065368652	1052.18041992188	-1.74160420894623	14.6660394668579	1047.24291992188	-2.38743257522583	-67.7266006469727	1071.96545410156	-2.20740056037903	-51.9474868774414	1089.75305175781	-2.36444067955017	-37.7595901489258	1094.19604492188	-1.49040257930756	-12.9102354049683	1081.18115234375	-1.06266868114471	0.368752896785736	1090.33056640625	-1.52400398254395	31.2039890289307	1098.42810058594	8.60026168823242	39.8657302856445	1103.56555175781	9.58013439178467	38.7536087036133	1103.50207519531	12.3812084197998	34.2839279174805	1105.36926269531	16.0535163879395	23.5686664581299	1105.54333496094	14.6931304931641	-2.47915124893188	1101.85180664062	9.77320194244385	-5.69189643859863	1097.70141601562	2.78388285636902	33.0496635437012	1079.171875	1.15404295921326	15.4912033081055	1059.84680175781	13.9441251754761	12.8415613174438	1050.35717773438	28.9699363708496	4.79941749572754	1059.14001464844	40.4792289733887	-12.8114442825317	1081.34460449219	33.6699562072754	-22.8993625640869	1082.13720703125	12.028772354126	-4.2681393623352	1078.60546875	26.9954795837402	-38.871898651123	1079.37023925781	15.5373554229736	-41.8914451599121	1091.03979492188	5.16395616531372	-46.5791893005371	1092.30432128906	5.49360513687134	-20.13307762146	1087.71948242188	-11.414623260498	40.0605773925781	1103.61584472656	-12.5783929824829	38.8482093811035	1103.24194335938	-15.8264608383179	34.3056983947754	1104.57006835938	-19.014684677124	23.3972606658936	1104.29272460938	-17.7769393920898	-2.53849387168884	1101.06066894531	-12.7783842086792	-5.29508018493652	1097.69921875	-5.60105609893799	32.796070098877	1078.0322265625	-4.32215738296509	15.4666156768799	1058.6513671875	-16.8959560394287	13.3820390701294	1050.25805664062	-32.5552940368652	4.65343475341797	1059.05407714844	-43.2391014099121	-11.1779251098633	1082.23364257812	-36.2179107666016	-21.5140800476074	1082.326171875	-16.0171794891357	-3.63533306121826	1078.21948242188	-31.1232242584229	-38.6285552978516	1079.77575683594	-17.9341220855713	-40.7571220397949	1090.91577148438	-9.62511348724365	-46.1752052307129	1092.11547851562	-9.07139873504639	-19.9161605834961	1087.11511230469
TPM-M659	-1.08596456050873	71.3327255249023	1099.50256347656	-1.19714307785034	62.0623168945312	1091.84143066406	-1.69283616542816	47.9723892211914	1069.82629394531	-1.8713641166687	22.8818016052246	1044.58129882812	-1.85613143444061	19.5409965515137	1039.92810058594	-0.575671434402466	-65.569091796875	1071.10314941406	-0.530399918556213	-47.6403694152832	1093.40942382812	-0.749022245407104	-29.5819549560547	1096.97119140625	-1.21375036239624	-3.71792125701904	1079.31567382812	-0.86711186170578	12.3167724609375	1091.44946289062	-0.958827674388885	47.8591957092285	1093.81396484375	11.5195789337158	64.6897583007812	1098.35302734375	13.3550128936768	62.6197662353516	1099.298828125	17.7142505645752	54.7977561950684	1102.013671875	18.6033935546875	42.380485534668	1104.80212402344	17.307071685791	14.8404951095581	1104.09375	11.0963745117188	8.28265857696533	1098.38598632812	4.6366114616394	46.7068748474121	1072.64807128906	1.86504709720612	23.2743701934814	1054.52697753906	15.5638551712036	19.4161224365234	1045.29028320312	32.191967010498	13.4213180541992	1053.478515625	46.8775596618652	-2.82979416847229	1082.81567382812	38.9008522033691	-12.2611894607544	1082.61303710938	13.9686403274536	8.18556213378906	1077.6396484375	31.1284999847412	-33.5408935546875	1081.43884277344	17.8460121154785	-32.1047782897949	1093.97326660156	7.44635391235352	-39.5075340270996	1097.208984375	7.76842927932739	-10.9852876663208	1087.90930175781	-12.9998483657837	63.6913452148438	1099.04992675781	-15.2645530700684	61.965648651123	1099.86437988281	-18.5483417510986	54.0387229919434	1102.44396972656	-19.6056594848633	41.8007850646973	1105.66357421875	-18.7121677398682	14.2967538833618	1105.40698242188	-11.9855623245239	7.54326772689819	1099.34814453125	-7.06156206130981	46.5610160827637	1073.51574707031	-4.46133852005005	23.4418792724609	1055.1455078125	-18.5922870635986	19.4136142730713	1046.92578125	-35.0010833740234	12.5747165679932	1056.41589355469	-49.9336013793945	-2.54884552955627	1084.58264160156	-38.2402305603027	-13.3239498138428	1084.80981445312	-16.2753982543945	7.50803899765015	1078.57800292969	-32.9367866516113	-35.2808151245117	1083.17565917969	-18.0602378845215	-33.4648704528809	1095.41735839844	-8.60928249359131	-40.8160285949707	1097.17102050781	-10.0933284759521	-11.7374849319458	1088.45190429688
TPM-M670	-1.25098216533661	60.5351448059082	1078.38781738281	-0.864143133163452	54.0775184631348	1068.80334472656	-0.770016431808472	42.9319915771484	1050.37280273438	-0.722059071063995	23.1687068939209	1027.58276367188	-0.860725700855255	20.1176929473877	1023.23754882812	-2.16028356552124	-64.5104446411133	1057.32922363281	-1.61628770828247	-45.2351531982422	1072.56030273438	-1.77507627010345	-29.393383026123	1074.75500488281	-1.44180142879486	-5.03142261505127	1060.90734863281	-1.38949370384216	12.7233638763428	1069.80639648438	-1.39100873470306	45.3800811767578	1073.32299804688	9.07388973236084	55.5799102783203	1078.7880859375	10.7074222564697	53.5860443115234	1078.92639160156	14.2012128829956	48.3687362670898	1080.33471679688	18.5083885192871	38.5119209289551	1080.50317382812	15.5418901443481	12.5282106399536	1081.1591796875	10.6439085006714	5.30271005630493	1076.13684082031	3.67538905143738	42.6611175537109	1053.435546875	2.37737774848938	22.6352958679199	1035.50329589844	15.7854461669922	17.7612819671631	1027.16577148438	30.0482120513916	10.764102935791	1036.81591796875	40.2187690734863	-3.48863101005554	1059.98400878906	34.1796188354492	-14.0717792510986	1062.49792480469	12.6131725311279	5.18393611907959	1057.60913085938	30.1125411987305	-31.5185642242432	1061.18286132812	14.8813486099243	-32.6726837158203	1071.58020019531	6.02248620986938	-39.1453094482422	1074.23742675781	5.78327131271362	-12.1443796157837	1065.74194335938	-11.7307395935059	55.1907577514648	1079.02612304688	-13.3094024658203	53.5143508911133	1079.1279296875	-16.616340637207	48.7037162780762	1080.54724121094	-21.0291690826416	38.8738212585449	1080.78503417969	-19.0596599578857	13.2942428588867	1081.93371582031	-12.7278490066528	5.25496768951416	1076.4501953125	-5.40508937835693	42.4793510437012	1053.19506835938	-3.33117938041687	22.8995704650879	1034.67565917969	-16.8435707092285	18.2977848052979	1027.41369628906	-32.2127227783203	12.121413230896	1037.81494140625	-44.6696586608887	-4.73019313812256	1061.50659179688	-36.4019813537598	-13.4528427124023	1064.22790527344	-16.0949687957764	6.56056022644043	1057.19812011719	-33.6566314697266	-31.1912899017334	1064.41857910156	-18.5841522216797	-33.338134765625	1073.23937988281	-8.51000690460205	-38.7875061035156	1074.18627929688	-8.9931058883667	-12.0607089996338	1065.68530273438
