id.string	X1	X2	X3	X4	X5	X6	X7	X8	X9	X10	X11	X12	X13	X14	X15	X16	X17	X18	X19	X20	X21	X22	X23	X24	X25	X26	X27	X28	X29	X30	X31	X32	X33	X34	X35	X36	X37	X38	X39	X40	X41	X42	X43	X44	X45	X46	X47	X48	X49	X50	X51	X52	X53	X54	X55	X56	X57	X58	X59	X60	X61	X62	X63	X64	X65	X66	X67	X68	X69	X70	X71	X72	X73	X74	X75	X76	X77	X78	X79	X80	X81	X82	X83	X84	X85	X86	X87	X88	X89	X90	X91	X92	X93	X94	X95	X96	X97	X98	X99	X100	X101	X102	X103	X104	X105	X106	X107	X108	X109	X110	X111	X112	X113	X114	X115	X116	X117	X118	X119	X120	X121	X122	X123	X124	X125	X126	X127	X128	X129	X130	X131	X132	X133	X134	X135
GMNH-V14-597	139.441192626953	73.9610900878906	969.495727539062	139.336654663086	65.7004318237305	979.733825683594	NA	NA	NA	140.949844360352	29.5729904174805	1018.47760009766	140.959075927734	26.5285720825195	1023.57849121094	144.507904052734	-59.911693572998	985.856506347656	143.305648803711	-39.4989013671875	969.021789550781	143.054916381836	-23.0006275177002	967.290344238281	141.705429077148	2.2377781867981	983.975524902344	141.133529663086	17.3525314331055	973.980285644531	140.011276245117	54.9883003234863	975.093566894531	127.426872253418	67.912467956543	970.7119140625	123.78645324707	64.8091659545898	968.655212402344	121.745140075684	56.4248237609863	967.2265625	119.112380981445	44.0992012023926	964.735778808594	124.057456970215	17.7015171051025	960.103698730469	129.752655029297	10.5671119689941	965.889770507812	NA	NA	NA	137.316543579102	28.3744068145752	1010.17633056641	123.455551147461	22.7071666717529	1019.45697021484	105.368019104004	13.5954313278198	1011.95446777344	93.583251953125	-1.46497845649719	982.091979980469	101.871284484863	-10.3719568252563	980.462585449219	128.047332763672	9.94565773010254	987.042602539062	109.770492553711	-27.993013381958	981.829895019531	126.582740783691	-25.5811958312988	969.103088378906	135.755798339844	-32.1357345581055	966.595458984375	133.998077392578	-6.54255533218384	976.682373046875	152.034332275391	68.494873046875	971.589233398438	155.763656616211	65.9870529174805	969.12158203125	158.021255493164	57.6294097900391	967.211120605469	161.125503540039	46.3370780944824	965.591247558594	158.863098144531	19.3853149414062	960.421142578125	153.065536499023	11.9018125534058	965.888854980469	145.831985473633	48.8196067810059	995.131408691406	145.193634033203	28.3015213012695	1011.25695800781	158.34130859375	25.5831985473633	1019.5439453125	176.697021484375	16.2015819549561	1013.08758544922	190.364822387695	3.23946189880371	980.603210449219	181.890365600586	-6.68164205551147	979.366027832031	155.205795288086	11.3612670898438	988.255615234375	176.143539428711	-25.298433303833	980.792602539062	161.276565551758	-24.0235824584961	968.693542480469	150.313430786133	-31.7977638244629	966.926208496094	149.883361816406	-5.71077108383179	975.967834472656
GMNH-V14-611	140.118209838867	63.9703941345215	929.185852050781	140.078842163086	56.8614196777344	940.342102050781	140.900817871094	43.4961700439453	959.086669921875	141.244979858398	18.8827152252197	982.064697265625	141.171142578125	16.397762298584	986.155883789062	143.619689941406	-71.9529724121094	949.505859375	142.671112060547	-52.0813751220703	932.771789550781	142.809295654297	-34.1789474487305	929.931518554688	142.341384887695	-10.9991207122803	945.463684082031	141.151718139648	7.40652561187744	936.081848144531	140.412841796875	48.844310760498	934.941711425781	128.246444702148	58.169261932373	929.565185546875	125.932418823242	55.173755645752	929.069396972656	123.018119812012	46.9579658508301	927.033508300781	120.043739318848	36.0783653259277	925.893005371094	124.791290283203	9.8938570022583	922.861694335938	130.333602905273	2.74973726272583	928.882263183594	135.747421264648	40.736743927002	956.588317871094	137.586578369141	18.2087097167969	974.288879394531	121.739196777344	14.1017913818359	982.336547851562	106.087028503418	5.9400954246521	971.794189453125	94.3588333129883	-7.73822975158691	941.16015625	102.74494934082	-21.2990169525146	941.4189453125	126.089157104492	2.39490962028503	948.795288085938	109.863059997559	-40.6474418640137	943.048828125	124.170532226562	-38.0884590148926	933.705749511719	134.256408691406	-44.7649002075195	928.89013671875	134.346832275391	-19.0155620574951	939.015686035156	152.11344909668	58.9448852539062	929.626831054688	154.626235961914	56.410888671875	929.604309082031	158.494766235352	47.8010139465332	926.881164550781	160.897567749023	37.4122657775879	925.365783691406	157.802703857422	10.7078495025635	922.516235351562	152.140960693359	3.29483103752136	928.5205078125	146.470413208008	41.2017517089844	956.393188476562	145.129531860352	17.9081249237061	973.983276367188	159.693984985352	15.5466070175171	983.183227539062	177.2783203125	8.07757759094238	971.740112304688	189.38493347168	-7.72969722747803	941.801574707031	180.458557128906	-20.024621963501	941.420776367188	157.269302368164	2.9157338142395	949.010498046875	175.982437133789	-40.0784912109375	943.298583984375	160.653442382812	-38.3658027648926	933.295593261719	150.079513549805	-44.6625022888184	930.171508789062	151.103103637695	-19.0605525970459	938.843505859375
GMNH-V14-621	123.507621765137	56.1739311218262	938.2412109375	123.624229431152	50.1245040893555	945.178039550781	122.580322265625	37.6968231201172	962.451049804688	121.994323730469	18.0368499755859	983.6943359375	121.325531005859	14.9038238525391	989.221069335938	127.202430725098	-63.6552734375	946.580200195312	126.489631652832	-43.9647598266602	932.340270996094	126.171157836914	-28.4020690917969	932.618347167969	124.94783782959	-5.99571084976196	949.126586914062	124.793235778809	9.05218696594238	942.16796875	123.825820922852	40.8211936950684	942.396911621094	113.263168334961	51.8830375671387	938.774047851562	111.757095336914	50.1669731140137	938.376159667969	107.728363037109	45.4202079772949	936.151550292969	106.326820373535	35.5619621276855	932.908874511719	108.565406799316	11.1563501358032	929.972534179688	113.936676025391	2.73417568206787	933.570739746094	117.798751831055	35.2015419006348	960.543762207031	118.982048034668	16.6005935668945	977.631103515625	104.948303222656	10.5584163665771	983.334167480469	89.8870697021484	4.77157878875732	972.157470703125	82.6649398803711	-7.35675144195557	945.841796875	89.2272491455078	-16.1451454162598	945.376770019531	109.639030456543	2.49663352966309	954.619689941406	96.0936584472656	-33.582935333252	944.872924804688	109.375366210938	-32.7300796508789	933.623413085938	119.145195007324	-38.3327522277832	930.608154296875	117.548805236816	-13.3823089599609	943.070739746094	133.848205566406	52.6843185424805	939.898559570312	135.074295043945	51.2877426147461	939.506958007812	139.262619018555	46.9675521850586	937.511779785156	142.283096313477	36.9452857971191	935.193603515625	142.59912109375	12.4715623855591	932.119750976562	137.406326293945	4.37111186981201	935.688232421875	128.126052856445	34.7270050048828	961.483032226562	125.668304443359	16.7031116485596	977.65234375	139.653701782227	12.2194862365723	986.685302734375	155.293395996094	6.36925983428955	977.977661132812	167.839859008789	-3.57399344444275	951.243469238281	161.224700927734	-14.3872871398926	948.886047363281	138.385528564453	3.99902772903442	955.712158203125	155.029449462891	-32.7847633361816	947.191833496094	142.744415283203	-31.3664951324463	935.24365234375	133.299926757812	-37.6352005004883	931.236999511719	132.732345581055	-12.3701877593994	943.406677246094
GMNH-VM09-45	142.667877197266	69.5865631103516	949.341003417969	142.41552734375	63.9977874755859	956.710266113281	142.34423828125	50.1255989074707	977.169860839844	141.131790161133	24.9778213500977	998.417419433594	141.055770874023	21.3446598052979	1003.95166015625	143.868789672852	-61.8969573974609	965.753112792969	144.448989868164	-41.965461730957	947.955322265625	144.074691772461	-26.9922847747803	945.701721191406	142.923721313477	-1.40731203556061	963.610168457031	143.812942504883	15.2643709182739	953.241638183594	143.284240722656	53.8683929443359	952.477172851562	131.851669311523	65.9627914428711	947.599487304688	128.738006591797	62.3346138000488	945.441162109375	126.938484191895	55.4041900634766	941.613220214844	125.664405822754	44.2007827758789	940.808654785156	126.979568481445	18.8996753692627	939.66650390625	132.309646606445	9.63563060760498	946.479125976562	137.707763671875	48.1745986938477	973.73681640625	138.695205688477	25.4767608642578	989.543823242188	122.356674194336	19.2220458984375	997.543518066406	107.404235839844	11.6474628448486	985.789123535156	96.4872131347656	2.091228723526	956.131286621094	104.516548156738	-11.3722314834595	954.380798339844	129.07258605957	8.26384162902832	965.33837890625	111.499298095703	-30.3149719238281	957.335693359375	126.095123291016	-28.2815380096436	947.631530761719	136.537445068359	-35.7148094177246	944.918273925781	135.114166259766	-8.47736740112305	955.319885253906	151.832427978516	66.4212646484375	947.734619140625	156.302734375	64.4417953491211	944.857849121094	158.726150512695	57.7629699707031	942.518249511719	160.940460205078	46.0411720275879	941.115478515625	161.285354614258	20.129919052124	941.29443359375	155.158126831055	10.8517589569092	947.893615722656	147.6630859375	48.3195838928223	973.757019042969	144.81559753418	25.8599548339844	990.052612304688	160.750717163086	20.660717010498	999.252380371094	175.572311401367	12.8834886550903	990.7333984375	NA	NA	NA	182.275756835938	-10.5293645858765	958.59033203125	156.520233154297	8.10659694671631	966.872314453125	177.18669128418	-29.9210548400879	960.386840820312	161.169128417969	-28.5319042205811	949.280700683594	152.103591918945	-35.6060791015625	946.509887695312	151.75830078125	-8.78262042999268	956.718017578125
GMNH-VM09-457	149.322570800781	68.5448532104492	952.917053222656	148.299438476562	59.4557456970215	963.090515136719	147.949508666992	44.7885856628418	981.589477539062	146.072448730469	16.4145965576172	1002.26721191406	146.014266967773	12.5584630966187	1007.90118408203	148.736206054688	-72.8550491333008	965.535095214844	149.4365234375	-53.6504592895508	947.941650390625	149.741760253906	-36.2396926879883	944.642028808594	148.880706787109	-8.25949382781982	963.956237792969	148.983169555664	7.81654787063599	954.972229003906	148.730819702148	48.2321548461914	957.299926757812	137.068634033203	65.2204208374023	953.214050292969	132.557144165039	60.8996124267578	950.66455078125	129.035903930664	53.2040672302246	948.455444335938	127.387252807617	41.8155364990234	946.168640136719	130.2080078125	17.1304969787598	941.659118652344	137.93049621582	4.34201955795288	947.146484375	141.0703125	43.0954246520996	978.630432128906	142.221572875977	15.9476356506348	995.655090332031	125.953323364258	10.086727142334	1001.4619140625	109.416343688965	3.59169054031372	991.03076171875	97.0199356079102	-10.1139135360718	954.955993652344	107.130393981934	-18.1360855102539	954.671875	132.892105102539	3.22365951538086	969.544677734375	116.083457946777	-38.1454734802246	957.164367675781	131.244430541992	-38.6268920898438	947.046936035156	141.77458190918	-44.330982208252	944.052978515625	140.871520996094	-16.3811130523682	955.762084960938	160.912902832031	63.8747787475586	955.169311523438	165.161315917969	59.5766448974609	952.696960449219	168.285736083984	52.1108055114746	950.135925292969	170.935409545898	41.5174369812012	948.269226074219	168.21159362793	15.150767326355	941.978454589844	160.925399780273	3.33033561706543	948.100402832031	154.094833374023	43.0896415710449	979.0908203125	150.958419799805	16.8463554382324	996.2392578125	166.608352661133	10.3123970031738	1004.24005126953	184.666381835938	3.62630462646484	994.421630859375	199.840560913086	-10.953685760498	959.764587402344	189.755569458008	-18.6957702636719	958.07421875	163.355499267578	3.42492032051086	970.692932128906	181.423675537109	-38.9620475769043	960.368713378906	167.581451416016	-38.7481079101562	948.5419921875	157.689544677734	-45.4139556884766	945.814514160156	157.781188964844	-16.8473510742188	957.51953125
GMNH-VM10-348	122.129112243652	66.4746551513672	985.756469726562	122.171508789062	58.7637519836426	995.891357421875	123.143737792969	46.6133041381836	1012.90301513672	124.489288330078	26.8160839080811	1030.35510253906	124.676666259766	22.9297637939453	1034.49731445312	129.914489746094	-53.6683959960938	987.560668945312	128.287750244141	-32.2434043884277	977.603088378906	127.098220825195	-15.4417867660522	977.581298828125	125.858123779297	4.05229330062866	994.390930175781	124.607208251953	18.9103603363037	988.277465820312	123.15641784668	50.5767478942871	992.014587402344	111.651245117188	61.0284805297852	986.764038085938	110.908889770508	59.335578918457	986.090759277344	107.915641784668	54.9664916992188	984.403442382812	104.854141235352	44.4329872131348	981.578369140625	108.026512145996	19.9977073669434	978.808898925781	114.107353210449	12.4060077667236	981.580932617188	118.619956970215	44.5984840393066	1010.10131835938	120.849678039551	26.3528423309326	1022.10888671875	107.285850524902	20.381721496582	1031.27770996094	91.4936904907227	13.3211860656738	1021.03704833984	83.6064529418945	2.45697832107544	993.865539550781	89.4697723388672	-7.27614212036133	991.000732421875	112.114364624023	11.7115564346313	999.939086914062	96.7824783325195	-22.6285457611084	990.092895507812	110.844184875488	-18.5532779693604	980.655517578125	119.993858337402	-25.2044868469238	976.530944824219	118.581787109375	-2.89851713180542	988.539672851562	133.785491943359	62.1025619506836	986.930541992188	134.549835205078	60.437614440918	986.093444824219	138.563949584961	56.0149917602539	984.743408203125	141.763702392578	46.0100975036621	982.019714355469	141.955596923828	21.6820487976074	978.352478027344	136.481338500977	13.5473489761353	981.324768066406	127.825729370117	45.491455078125	1009.76391601562	127.910789489746	26.8567295074463	1022.15905761719	143.291137695312	22.6414337158203	1030.91711425781	158.544769287109	17.5143699645996	1020.49633789062	168.322967529297	7.31330394744873	991.819152832031	161.222946166992	-2.79556179046631	990.179870605469	139.390960693359	13.118275642395	999.282043457031	157.268310546875	-19.4814071655273	988.161926269531	144.792861938477	-17.74338722229	979.226928710938	135.352783203125	-24.2749328613281	976.06982421875	133.697296142578	-2.02699279785156	987.747253417969
GMNH-VM10-427	127.470016479492	69.3712310791016	983.8486328125	127.711158752441	64.2632369995117	990.721130371094	128.768020629883	52.1152153015137	1009.61737060547	129.316055297852	30.8923492431641	1029.66430664062	129.595703125	28.2103214263916	1033.91613769531	130.789398193359	-52.3086128234863	995.346069335938	130.433197021484	-32.399341583252	982.513549804688	130.160659790039	-15.8936157226562	980.724365234375	129.385360717773	7.20859432220459	997.383972167969	128.690521240234	21.8301334381104	988.247680664062	128.15950012207	53.9095039367676	988.802612304688	116.412078857422	63.9149627685547	985.345336914062	114.701293945312	62.4906997680664	984.988830566406	111.35188293457	56.2864723205566	983.112243652344	108.923004150391	45.7014274597168	980.30615234375	112.803291320801	19.7851161956787	978.983520507812	116.604667663574	15.8588409423828	981.560302734375	122.986389160156	50.2316703796387	1005.89617919922	126.533149719238	31.5664691925049	1022.55218505859	113.799041748047	24.8710193634033	1032.10986328125	98.707405090332	19.1574859619141	1022.77453613281	87.2338485717773	8.41595458984375	996.873046875	94.789436340332	-0.907237827777863	994.334838867188	114.155303955078	16.5093765258789	1000.49035644531	100.22534942627	-18.6124382019043	994.089477539062	112.763107299805	-19.5350570678711	983.561462402344	122.59854888916	-25.7491188049316	979.573974609375	122.139358520508	-0.868049740791321	989.410095214844	138.917205810547	64.2192153930664	984.945678710938	141.399917602539	63.0839805603027	984.512817382812	144.419586181641	56.4687881469727	981.630004882812	146.56071472168	46.2699012756348	979.230285644531	144.371826171875	20.0699501037598	978.9453125	140.508880615234	16.1638526916504	980.815612792969	133.574447631836	51.0654602050781	1005.94201660156	131.582214355469	31.3415966033936	1022.20135498047	145.841598510742	25.8779335021973	1031.2646484375	160.295074462891	20.4849014282227	1019.57403564453	171.399505615234	10.8461122512817	993.57568359375	163.957504272461	0.060688927769661	992.114440917969	143.424667358398	17.2555809020996	999.911987304688	159.445281982422	-17.9092617034912	992.469543457031	147.32080078125	-19.1372547149658	982.627868652344	137.157440185547	-25.4371070861816	979.809997558594	137.765670776367	-0.626343011856079	989.444763183594
GMNH-VM11-16	138.149826049805	57.6456489562988	935.192443847656	137.248748779297	51.8626327514648	943.213806152344	136.272262573242	38.4192314147949	960.309631347656	134.70524597168	13.5419645309448	979.757202148438	134.528594970703	10.0197296142578	984.147277832031	135.35432434082	-71.4485931396484	943.479797363281	137.623138427734	-51.278491973877	926.336364746094	138.149887084961	-32.4508056640625	924.320251464844	136.369659423828	-10.7109746932983	942.352966308594	136.772842407227	5.88463973999023	936.077026367188	137.281097412109	41.6950988769531	938.403076171875	126.930641174316	52.9479713439941	935.550048828125	123.354545593262	52.4450988769531	935.103088378906	120.53099822998	45.4295272827148	931.639770507812	118.537124633789	34.6079750061035	927.394165039062	120.552322387695	8.46300792694092	923.521179199219	125.389038085938	1.91327571868896	928.198303222656	131.08805847168	37.5149612426758	957.098693847656	131.016494750977	14.4636726379395	971.8251953125	116.64591217041	9.77229499816895	979.11376953125	100.184982299805	0.743789076805115	968.608520507812	88.2532653808594	-8.6504602432251	936.602661132812	95.6054077148438	-18.904712677002	934.229919433594	121.441818237305	1.57670247554779	947.748840332031	103.584098815918	-37.903392791748	936.137145996094	117.826354980469	-36.9450531005859	926.017944335938	130.323776245117	-43.3925704956055	922.252807617188	128.163528442383	-17.2982444763184	934.794860839844	149.459609985352	53.6463432312012	936.421997070312	152.353103637695	52.1600875854492	935.554016113281	155.889434814453	43.9011116027832	933.881530761719	157.927536010742	33.3532638549805	928.981994628906	154.422958374023	7.6760687828064	925.706420898438	149.284820556641	1.67160594463348	929.485229492188	141.596572875977	36.8723487854004	957.470397949219	138.636749267578	14.1333694458008	973.731506347656	152.641326904297	9.76878833770752	981.5830078125	170.068115234375	0.666468679904938	972.800476074219	184.348419189453	-6.41777849197388	941.724853515625	176.42951965332	-18.3129596710205	938.829833984375	151.288009643555	1.10564124584198	949.274291992188	169.560882568359	-37.316291809082	940.418090820312	157.000457763672	-36.3980140686035	927.307800292969	146.266632080078	-43.2584762573242	923.234802246094	146.084411621094	-16.8052368164062	936.208374023438
GMNH-VM12-388	144.695358276367	63.1127777099609	927.148803710938	145.038391113281	54.4075393676758	934.218078613281	145.885559082031	34.4855651855469	952.187622070312	148.320343017578	12.1059532165527	972.859741210938	148.567428588867	8.67580890655518	977.586730957031	148.328308105469	-74.1599197387695	934.058532714844	148.736740112305	-51.7501602172852	918.501098632812	148.596374511719	-35.2860527038574	917.301330566406	147.992538452148	-13.8220348358154	935.507080078125	147.256240844727	2.26646280288696	929.132751464844	145.011352539062	42.9635124206543	929.486267089844	132.464950561523	58.6891593933105	926.440795898438	128.090698242188	54.7911033630371	924.571594238281	126.043533325195	47.3973693847656	921.525024414062	125.09513092041	35.0283126831055	918.947448730469	129.418014526367	7.96410131454468	914.484802246094	135.532775878906	-0.681597232818604	920.197326660156	140.292297363281	36.1479682922363	947.929992675781	144.761810302734	11.1832799911499	964.473754882812	130.205581665039	6.99739122390747	974.1494140625	112.452568054199	0.0446777679026127	964.072265625	100.363082885742	-11.9969129562378	932.688415527344	109.172752380371	-22.6700839996338	930.725341796875	134.421737670898	-4.5284161567688	941.750061035156	116.356689453125	-39.3104209899902	929.498352050781	131.499450683594	-39.2684326171875	920.132019042969	140.806671142578	-44.4423065185547	917.275939941406	140.785308837891	-20.169641494751	929.317504882812	157.617034912109	57.7972602844238	925.615234375	161.764450073242	54.5876426696777	923.4208984375	163.838150024414	48.3095932006836	920.710144042969	166.473983764648	35.432300567627	918.059509277344	165.511337280273	8.00814723968506	912.970764160156	159.215026855469	-1.35345649719238	920.087097167969	151.337127685547	34.6305770874023	947.648315429688	151.693862915039	12.6960372924805	964.122497558594	166.648513793945	7.78850507736206	973.261169433594	183.556030273438	0.869677901268005	964.070190429688	195.349166870117	-8.27345561981201	930.15234375	187.22509765625	-21.7709140777588	930.320678710938	162.906768798828	-5.34815835952759	941.351196289062	181.005279541016	-38.8143081665039	928.348815917969	166.954895019531	-38.5687446594238	920.2021484375	155.668197631836	-43.9537734985352	917.395568847656	155.657958984375	-20.4165153503418	928.725646972656
GMNH-VM12-450	128.188217163086	66.091682434082	935.518920898438	128.572662353516	60.8051376342773	944.044006347656	128.767669677734	46.9024085998535	963.965209960938	129.036483764648	25.0136871337891	982.84521484375	128.798522949219	21.9319152832031	987.845153808594	133.320007324219	-60.3214149475098	949.585815429688	132.555236816406	-41.6575775146484	935.41064453125	131.627975463867	-24.9610862731934	933.324340820312	130.291030883789	-1.2341593503952	948.413146972656	130.269409179688	14.9803857803345	940.357666015625	129.114456176758	49.7774467468262	942.122192382812	117.327247619629	61.2697410583496	936.723449707031	114.733932495117	57.8106079101562	936.565673828125	112.831329345703	52.1041450500488	933.944091796875	109.572692871094	41.3527183532715	932.609802246094	113.085441589355	15.297758102417	929.102478027344	119.561897277832	7.64957761764526	933.041076660156	124.308250427246	45.0484046936035	961.643859863281	125.74609375	24.207275390625	976.338134765625	111.699562072754	19.7013740539551	983.103942871094	96.5154647827148	11.0743999481201	972.632019042969	87.193244934082	-1.87910306453705	945.247741699219	94.7268295288086	-11.7776775360107	944.638793945312	116.618553161621	7.8676381111145	951.801086425781	101.451248168945	-29.5142097473145	944.614624023438	115.954032897949	-29.0940284729004	934.515991210938	124.837249755859	-34.4489707946777	932.854736328125	124.402076721191	-9.06376457214355	941.785766601562	139.17741394043	62.4123077392578	936.802795410156	142.418014526367	58.7265892028809	936.524291992188	145.644393920898	52.8256912231445	934.674194335938	149.861907958984	42.3560447692871	934.003723144531	147.825607299805	16.1271934509277	930.155578613281	142.068832397461	8.19003963470459	933.41796875	133.72477722168	45.1367340087891	961.648315429688	132.634750366211	24.6706714630127	975.85205078125	145.921539306641	22.2556209564209	984.180480957031	162.696472167969	14.3997316360474	974.421875	173.643249511719	2.25663948059082	946.012451171875	165.857330322266	-8.42906856536865	946.383361816406	144.255508422852	9.22181606292725	952.76416015625	161.670059204102	-26.2556476593018	945.541442871094	148.176315307617	-27.3271446228027	935.265014648438	139.925155639648	-34.2029304504395	933.323608398438	137.430953979492	-8.1147985458374	941.668334960938
GMNH-VM13-350	141.641525268555	73.7451019287109	960.230590820312	141.230819702148	67.2387619018555	968.397094726562	141.430068969727	49.7290267944336	986.738647460938	140.292068481445	24.6989135742188	1005.56451416016	140.101150512695	20.6496734619141	1010.80517578125	141.740570068359	-59.2285346984863	967.256408691406	143.010238647461	-39.5168914794922	954.522705078125	142.73828125	-25.1861610412598	953.206237792969	142.092590332031	-0.0816506519913673	971.051696777344	141.861373901367	16.8703479766846	961.065124511719	141.03971862793	56.176155090332	963.318054199219	129.36213684082	68.4775772094727	960.853149414062	128.226638793945	66.7430191040039	959.604553222656	124.212387084961	58.5422248840332	956.074951171875	123.13786315918	47.2651329040527	952.523071289062	125.246711730957	19.3534526824951	948.429931640625	131.399841308594	12.8678312301636	953.978210449219	135.560104370117	47.9532737731934	983.438659667969	136.830230712891	24.1940612792969	998.015075683594	121.487236022949	19.6932964324951	1006.24005126953	105.982810974121	13.7789669036865	995.403381347656	95.048210144043	0.980834543704987	966.3154296875	103.071952819824	-9.7095422744751	963.360656738281	126.835746765137	11.3026695251465	974.24560546875	110.016174316406	-27.0604133605957	964.255249023438	125.207260131836	-27.5183925628662	955.880249023438	134.97428894043	-33.4094696044922	952.418029785156	134.585311889648	-7.72183513641357	962.974609375	153.615417480469	68.2304077148438	961.737121582031	155.258819580078	66.0697860717773	960.924072265625	159.367095947266	58.1921348571777	957.480651855469	161.041046142578	47.102180480957	953.743957519531	158.689102172852	19.2804012298584	949.414306640625	153.309219360352	12.6645193099976	954.560913085938	146.73567199707	47.386287689209	983.87255859375	144.21174621582	24.930965423584	998.351989746094	159.299087524414	20.5588912963867	1007.39807128906	174.584518432617	15.2945585250854	999.74853515625	188.598083496094	2.55692028999329	967.7646484375	181.371917724609	-8.31904983520508	964.95361328125	156.636337280273	10.8600263595581	974.779907226562	174.230819702148	-26.3778686523438	966.200744628906	159.490951538086	-27.6349487304688	956.213134765625	149.750366210938	-33.7869033813477	952.949584960938	150.082931518555	-8.93925189971924	962.210876464844
GMNH-VM13-388	131.348419189453	71.1441421508789	988.751892089844	131.533935546875	63.9865684509277	1000.02368164062	132.331924438477	48.1921806335449	1018.41296386719	132.291458129883	26.8109874725342	1036.00744628906	132.103500366211	23.0528869628906	1040.76391601562	134.232177734375	-51.9307441711426	993.816772460938	133.810165405273	-31.7591400146484	981.213989257812	134.121109008789	-15.3223524093628	980.941955566406	132.925094604492	4.59786653518677	998.652893066406	132.484405517578	21.9447135925293	991.262451171875	131.798751831055	55.2974090576172	995.316223144531	120.429756164551	68.85546875	990.228820800781	117.964317321777	66.6679534912109	989.348388671875	114.639419555664	60.1103973388672	985.784545898438	110.923522949219	49.7451286315918	983.232238769531	113.663352966309	24.0115604400635	980.222534179688	119.661247253418	15.1010217666626	983.645202636719	126.854713439941	49.033275604248	1014.74890136719	128.606903076172	27.1378879547119	1027.94555664062	116.041915893555	21.5674953460693	1035.23901367188	99.5085906982422	13.740216255188	1023.65966796875	88.1476516723633	6.43923616409302	997.111450195312	95.747428894043	-3.56113719940186	995.227783203125	118.908096313477	12.542462348938	1002.64868164062	102.072814941406	-21.5632762908936	994.591857910156	116.624336242676	-19.4033432006836	982.866455078125	126.636604309082	-25.341121673584	979.313049316406	125.907188415527	-1.59379744529724	992.60009765625	142.508392333984	69.3886489868164	989.885925292969	145.289123535156	67.7544097900391	989.353210449219	149.562774658203	61.7441101074219	985.662658691406	151.988494873047	50.4678573608398	982.481567382812	151.591384887695	24.8599853515625	979.990051269531	144.455993652344	16.3035259246826	983.167358398438	137.169891357422	49.9491081237793	1013.99664306641	135.612442016602	27.8433513641357	1028.44165039062	NA	NA	NA	165.389923095703	15.1265087127686	1023.56658935547	175.231781005859	8.8028564453125	996.679809570312	168.574066162109	-1.61845397949219	994.633605957031	146.812973022461	13.5514354705811	1002.74536132812	164.559356689453	-20.5972633361816	994.031433105469	151.180953979492	-18.8846015930176	982.494812011719	141.075973510742	-25.3634052276611	979.596557617188	141.013687133789	-0.965649366378784	992.008178710938
GMNH-VM13-392	125.697883605957	73.7700119018555	953.61865234375	125.769119262695	70.2041625976562	961.317565917969	125.996932983398	59.9574851989746	979.739990234375	124.334350585938	35.8876037597656	1000.01568603516	124.239303588867	32.5625190734863	1004.15374755859	124.139587402344	-46.7786178588867	965.443115234375	124.273910522461	-25.9419345855713	951.161254882812	125.00415802002	-9.95151233673096	949.336059570312	124.659523010254	11.8384599685669	965.960144042969	124.838729858398	26.9377746582031	959.133239746094	125.516334533691	59.3402519226074	958.174865722656	115.47673034668	68.7853469848633	955.38818359375	114.962959289551	68.4338836669922	954.936096191406	111.631767272949	63.1177177429199	952.676330566406	107.586082458496	54.2135009765625	950.497985839844	108.862121582031	28.4993286132812	948.901245117188	113.634414672852	22.597620010376	952.154174804688	120.483993530273	58.0264511108398	975.78662109375	121.198524475098	35.0489807128906	992.722290039062	107.988319396973	30.300817489624	1001.16967773438	91.9712142944336	25.6987857818604	989.6220703125	82.578742980957	13.824013710022	961.791931152344	88.2599868774414	5.05406475067139	962.407287597656	111.206886291504	21.5602245330811	971.967590332031	95.1397171020508	-14.0830631256104	962.532775878906	108.011756896973	-13.2828559875488	951.819152832031	117.160331726074	-19.5408363342285	948.616088867188	117.236572265625	5.96152067184448	960.22802734375	136.166213989258	68.2082824707031	955.649841308594	136.681289672852	67.6888275146484	955.460510253906	139.722259521484	61.9860382080078	952.647399902344	142.34846496582	52.6333122253418	950.622314453125	140.753890991211	27.5994663238525	949.699768066406	135.590972900391	21.8519763946533	952.373046875	130.459884643555	57.6451644897461	976.346374511719	127.284378051758	35.8036804199219	992.929809570312	140.503128051758	29.641040802002	1001.16253662109	156.059692382812	24.6128101348877	990.706481933594	165.792572021484	11.8742208480835	961.654479980469	158.697082519531	3.78957295417786	962.794921875	138.016906738281	21.0811138153076	971.825805664062	154.187927246094	-14.6002616882324	962.593444824219	141.320449829102	-14.2302656173706	951.593444824219	132.085739135742	-19.1274280548096	948.444091796875	132.657669067383	5.69290733337402	960.614074707031
GMNH-VM14-159	138.112808227539	64.356201171875	931.335876464844	137.824783325195	57.4091148376465	937.617248535156	138.324401855469	44.5153045654297	955.474182128906	136.290512084961	26.4316062927246	976.867736816406	136.117752075195	23.9596652984619	981.63818359375	140.816848754883	-66.6366500854492	935.226379394531	140.573287963867	-43.0705451965332	926.697814941406	140.379623413086	-24.4316387176514	925.792114257812	138.744033813477	-1.63998126983643	943.790954589844	138.515350341797	13.6812496185303	934.732177734375	138.246826171875	48.6154403686523	934.565551757812	128.923355102539	61.8785552978516	929.205322265625	126.95873260498	58.9225578308105	927.858764648438	123.542320251465	54.0610504150391	926.051086425781	120.941474914551	42.9275245666504	924.333312988281	122.397514343262	15.0800132751465	922.433471679688	128.121292114258	8.12103939056396	927.370239257812	132.168869018555	43.2110557556152	951.366088867188	133.210784912109	23.7380828857422	968.901245117188	119.975479125977	19.9830837249756	977.341186523438	103.172386169434	12.4215183258057	966.293823242188	93.3663482666016	-0.233413726091385	940.373718261719	102.38264465332	-11.5837955474854	938.394409179688	124.788009643555	7.22239303588867	946.829284667969	108.011001586914	-29.4294853210449	938.169067382812	122.486740112305	-27.5417938232422	927.758850097656	131.042922973633	-33.9480438232422	924.68701171875	131.788101196289	-8.1611852645874	936.948608398438	149.045715332031	60.2980575561523	929.666870117188	151.435653686523	58.3207893371582	928.965270996094	154.666168212891	53.2803802490234	927.370056152344	157.750549316406	42.6492729187012	925.103942871094	156.60823059082	15.1887760162354	924.107360839844	151.126556396484	9.0964937210083	928.45166015625	143.580764770508	43.4480743408203	952.388732910156	140.178115844727	25.0100345611572	969.089172363281	154.230911254883	20.1357326507568	978.219543457031	171.292053222656	13.9440298080444	969.224914550781	184.125106811523	1.82184147834778	945.185913085938	175.915405273438	-9.43630409240723	942.262390136719	153.551605224609	8.14719200134277	947.223449707031	172.118835449219	-27.7465553283691	941.0478515625	157.082122802734	-26.4341506958008	928.534484863281	148.915451049805	-34.5208206176758	925.315124511719	146.930374145508	-7.36550998687744	938.005615234375
GMNH-VM14-160	131.350189208984	69.6993789672852	960.346862792969	131.041610717773	63.9397277832031	968.012268066406	131.513168334961	49.8334274291992	987.9052734375	130.7919921875	24.7228851318359	1008.91418457031	130.697967529297	21.8055515289307	1013.22479248047	132.342956542969	-56.5695838928223	972.820861816406	132.458465576172	-38.0605316162109	957.025085449219	132.522216796875	-22.8403282165527	955.861755371094	132.259475708008	-0.530119299888611	971.96240234375	131.49201965332	16.87135887146	964.992858886719	131.308624267578	52.5849418640137	965.875	120.113014221191	64.8393707275391	961.699462890625	118.311172485352	62.7839279174805	961.586791992188	115.462104797363	57.4204483032227	958.603088378906	111.588821411133	46.824104309082	957.184814453125	114.478881835938	18.6137218475342	953.326293945312	120.548179626465	12.1215314865112	957.507873535156	125.633285522461	47.2009658813477	985.231567382812	127.631072998047	24.4482097625732	1001.75372314453	113.868003845215	17.6341037750244	1009.41540527344	97.9325256347656	12.194730758667	999.016906738281	87.6806488037109	1.42246532440186	971.705322265625	96.0738525390625	-9.80623149871826	969.761169433594	119.463012695312	9.16373062133789	977.524291992188	102.759391784668	-26.4492244720459	968.567260742188	114.532409667969	-25.5212383270264	957.625	125.087463378906	-32.1938934326172	954.187255859375	124.457649230957	-6.48727893829346	965.279418945312	142.644470214844	64.8076858520508	962.064880371094	144.403533935547	62.8074073791504	961.415344238281	147.136566162109	57.7040138244629	959.112121582031	150.94596862793	46.6346130371094	957.421508789062	149.499420166016	19.0954647064209	953.623718261719	144.06103515625	12.1035099029541	957.432067871094	136.847106933594	47.3095092773438	985.256530761719	133.761825561523	24.2184677124023	1001.86236572266	147.539154052734	20.1651840209961	1010.67260742188	164.925216674805	13.4663352966309	1000.03167724609	175.921997070312	2.66372323036194	972.28173828125	167.274124145508	-8.79815196990967	969.535339355469	144.494201660156	9.41930675506592	977.732177734375	162.629837036133	-25.9427337646484	968.699645996094	149.630661010742	-25.6328258514404	957.433837890625	139.774124145508	-33.1060752868652	954.990173339844	139.693481445312	-7.26257610321045	964.317993164062
GMNH-VM14-265	140.971176147461	70.5572204589844	951.904235839844	142.867202758789	61.3695220947266	962.571166992188	144.30207824707	48.2764282226562	981.001037597656	145.486083984375	21.5925235748291	1001.04803466797	145.426239013672	18.0052967071533	1004.83660888672	147.548233032227	-64.2031555175781	958.586608886719	145.485870361328	-39.7938842773438	943.412292480469	145.18424987793	-24.5995807647705	943.208740234375	144.855926513672	-2.678386926651	962.857116699219	143.788864135742	14.7119121551514	955.464660644531	142.700653076172	51.4096488952637	958.799499511719	129.619430541992	64.9949340820312	953.167236328125	125.986946105957	61.3261260986328	950.353698730469	123.724311828613	53.6979598999023	947.950622558594	121.602592468262	42.093147277832	946.41748046875	125.420310974121	14.6387538909912	942.201782226562	131.977661132812	8.2961893081665	949.002258300781	138.514801025391	46.1647987365723	978.203857421875	141.352127075195	21.2688465118408	994.945190429688	128.237533569336	15.4544830322266	1003.96002197266	110.569030761719	9.54733467102051	990.778869628906	99.106819152832	-1.79722988605499	961.071228027344	107.5732421875	-11.4626398086548	958.715576171875	129.899765014648	7.61299324035645	969.229431152344	111.819183349609	-29.7296600341797	958.644958496094	128.152313232422	-28.0689449310303	946.990417480469	137.353302001953	-34.2520332336426	942.661743164062	136.635040283203	-9.49096488952637	956.67724609375	153.263961791992	67.1865081787109	951.658142089844	158.245498657227	63.7323226928711	949.412658691406	160.476348876953	55.9572906494141	947.1083984375	163.360107421875	44.7685317993164	945.291870117188	160.333236694336	16.7425937652588	940.358825683594	155.043472290039	9.43200492858887	947.866088867188	149.255218505859	45.7502555847168	977.416015625	148.220520019531	21.8318710327148	994.644470214844	162.561950683594	16.8752975463867	1002.38586425781	179.797439575195	12.7830018997192	987.829345703125	189.930694580078	1.80197596549988	958.947692871094	181.825271606445	-8.65250015258789	956.411499023438	159.801940917969	8.76119804382324	968.234680175781	178.666015625	-27.7558040618896	956.548156738281	162.520172119141	-27.3599033355713	945.487487792969	153.040023803711	-33.6434135437012	942.083374023438	152.472534179688	-8.20993137359619	956.122436523438
GMNH-VM14-266	149.404373168945	81.6203002929688	929.036376953125	149.49836730957	69.8247375488281	939.521728515625	150.443954467773	51.3711242675781	957.663879394531	150.829818725586	22.7499618530273	977.258850097656	151.046203613281	17.5580234527588	982.269409179688	150.267166137695	-60.7379035949707	935.334899902344	150.351013183594	-40.7653923034668	917.103576660156	150.65168762207	-22.7383289337158	919.870178222656	150.869476318359	-0.0374753400683403	936.873168945312	150.578689575195	19.7904682159424	929.862976074219	149.488052368164	60.0576705932617	933.922302246094	137.382263183594	73.4811630249023	930.149597167969	135.259292602539	71.1349105834961	929.05126953125	132.180419921875	63.2577171325684	925.713806152344	NA	NA	NA	131.561889648438	24.2974872589111	918.222290039062	137.636428833008	16.2597637176514	921.862670898438	144.449172973633	51.4047698974609	953.677551269531	147.512435913086	22.5610466003418	970.102661132812	132.217239379883	16.703498840332	977.090759277344	114.347213745117	10.3757448196411	966.966674804688	101.451591491699	3.56938672065735	935.484985351562	109.407897949219	-9.59832000732422	932.547058105469	135.434722900391	12.8001794815063	944.057495117188	116.40502166748	-29.2562732696533	930.17626953125	132.297012329102	-25.3285388946533	920.392028808594	142.613632202148	-32.3794441223145	916.27001953125	142.064758300781	-5.13149881362915	930.483459472656	162.017959594727	73.7684783935547	930.646728515625	163.802963256836	71.4418411254883	928.631469726562	167.331558227539	63.6278800964355	926.109985351562	171.069259643555	52.7009582519531	922.909606933594	169.186630249023	24.3724555969238	918.168701171875	163.441131591797	16.261604309082	922.021545410156	155.633514404297	50.8279571533203	953.203735351562	153.742340087891	23.1131706237793	969.789611816406	168.612823486328	17.5845851898193	976.889221191406	185.932723999023	10.1041707992554	966.700439453125	199.204940795898	4.91792058944702	935.322204589844	190.905136108398	-9.1689920425415	932.277404785156	165.809371948242	11.9433221817017	943.660949707031	183.924865722656	-29.5834922790527	929.680969238281	166.914291381836	-25.8013706207275	919.119323730469	157.062698364258	-33.699104309082	916.142456054688	159.473724365234	-5.77413034439087	929.795471191406
GMNH-VM14-269	151.680221557617	68.068603515625	925.061889648438	152.076858520508	58.6470909118652	936.526733398438	152.920837402344	42.6203155517578	957.594360351562	154.372039794922	13.182168006897	983.33642578125	154.942474365234	8.62373638153076	988.809753417969	157.818939208984	-77.9054946899414	946.757568359375	156.89762878418	-56.8560371398926	925.405212402344	156.332763671875	-39.1707077026367	923.987670898438	155.210189819336	-13.5493183135986	942.358520507812	154.582168579102	6.37875032424927	934.043029785156	152.88166809082	44.8830986022949	932.35205078125	138.800842285156	61.095287322998	927.073303222656	136.293151855469	58.8149299621582	926.368774414062	134.511199951172	48.9594535827637	923.399597167969	132.784561157227	37.2151718139648	922.101257324219	135.770721435547	9.32255172729492	919.673889160156	141.680114746094	0.650808274745941	925.6923828125	146.324813842773	41.7113838195801	953.063720703125	150.477310180664	12.9567594528198	975.3583984375	136.062973022461	7.28740167617798	982.905334472656	118.19849395752	0.460409373044968	972.556640625	103.980712890625	-12.3063850402832	937.248779296875	111.349006652832	-24.3377933502197	937.471313476562	139.256149291992	-2.14584350585938	949.540649414062	119.71337890625	-47.1198234558105	937.593994140625	136.741500854492	-43.1845397949219	927.131286621094	148.579956054688	-50.1993446350098	923.412231445312	146.531188964844	-21.9334278106689	935.471923828125	165.01611328125	61.4546546936035	926.029724121094	167.586944580078	59.321361541748	923.953857421875	170.125274658203	50.5855941772461	922.303405761719	173.15380859375	38.5964393615723	921.03759765625	172.500457763672	10.7705850601196	918.744689941406	167.007064819336	1.34728336334229	924.741149902344	158.599029541016	42.4119987487793	953.633728027344	157.830001831055	13.8160276412964	974.930786132812	172.752639770508	8.0951976776123	983.717834472656	192.002563476562	2.53020238876343	970.801818847656	205.349365234375	-10.0286407470703	936.353271484375	198.040542602539	-21.5838775634766	936.343933105469	170.183227539062	-0.88769793510437	948.136779785156	193.527908325195	-44.8702545166016	936.265502929688	174.387420654297	-41.5721206665039	925.71630859375	164.15495300293	-50.3366584777832	923.340148925781	163.90185546875	-21.0415287017822	934.718383789062
GMNH-VM14-325	122.036407470703	63.8574104309082	955.467041015625	122.083457946777	57.1096229553223	965.987548828125	122.287971496582	44.6997566223145	982.630981445312	122.196304321289	26.8095512390137	999.659240722656	122.053810119629	24.2571792602539	1003.65240478516	124.863174438477	-53.5068016052246	964.383056640625	124.832412719727	-34.3859062194824	953.208923339844	124.523399353027	-17.7598457336426	951.648315429688	123.576629638672	2.07142043113708	967.358093261719	123.702301025391	16.3662052154541	960.920104980469	122.360359191895	48.6736717224121	963.362426757812	112.354347229004	59.5078010559082	957.178894042969	111.344665527344	57.6899223327637	957.051025390625	107.488807678223	53.2764053344727	954.854919433594	104.34300994873	42.9474868774414	951.835998535156	105.947532653809	17.5881652832031	950.519714355469	112.218460083008	11.4511470794678	954.567504882812	117.033683776855	43.4869346618652	980.051818847656	118.535705566406	24.9443855285645	994.441284179688	104.687927246094	21.1820640563965	1001.12713623047	90.3652877807617	14.9312810897827	991.66455078125	81.6622848510742	3.03408193588257	964.757629394531	88.9296340942383	-6.46608066558838	963.994445800781	108.427711486816	10.7152633666992	971.161010742188	94.6748352050781	-22.1853065490723	963.676086425781	108.27734375	-20.3345565795898	953.806396484375	116.802612304688	-25.8571128845215	951.478881835938	117.205543518066	-4.59693288803101	961.027709960938	131.914352416992	59.9590606689453	957.5419921875	133.87516784668	58.2088279724121	957.655700683594	137.059097290039	53.6472396850586	955.660095214844	141.313598632812	43.3710289001465	952.707641601562	141.289581298828	18.3667793273926	951.02001953125	135.515563964844	11.4488077163696	954.510314941406	127.716827392578	43.2212181091309	979.40087890625	126.01953125	25.3728580474854	993.429870605469	140.946762084961	22.0853481292725	1001.79510498047	155.207046508789	16.5798091888428	992.6904296875	165.820617675781	3.91943955421448	966.108825683594	158.414306640625	-5.15582799911499	965.657775878906	138.832809448242	11.6823816299438	972.749328613281	153.868865966797	-21.9858570098877	965.056091308594	141.257354736328	-20.0894718170166	954.467224121094	132.155792236328	-25.5936679840088	952.102355957031	130.952072143555	-4.17877435684204	961.499389648438
GMNH-VM14-493	137.060455322266	71.1045761108398	970.11376953125	137.332107543945	64.424560546875	978.898803710938	137.42024230957	48.2861442565918	998.138977050781	136.41423034668	22.1580276489258	1018.87091064453	136.529312133789	18.4332389831543	1023.69549560547	138.513702392578	-62.4790191650391	984.754455566406	138.236602783203	-43.9664344787598	967.1142578125	138.399154663086	-26.1559238433838	965.326782226562	137.398406982422	-1.6130850315094	983.622436523438	137.635787963867	14.498948097229	973.651489257812	137.679565429688	52.024299621582	974.083801269531	124.600028991699	64.3203964233398	971.399291992188	123.438804626465	62.7383651733398	970.858703613281	119.703544616699	53.3512878417969	967.271484375	117.579162597656	41.7588539123535	964.447448730469	120.456932067871	14.6365089416504	961.521789550781	126.056930541992	8.48891925811768	966.749694824219	132.383880615234	46.8088836669922	994.914978027344	133.504135131836	21.1334705352783	1010.21502685547	117.61695098877	16.7644195556641	1020.06323242188	102.00350189209	10.610110282898	1009.61590576172	90.8070373535156	-3.93868207931519	981.317077636719	97.6508483886719	-13.8883075714111	979.297790527344	121.01261138916	8.58966159820557	988.632202148438	105.500381469727	-32.9315986633301	979.340148925781	119.375503540039	-30.5354251861572	968.960083007812	130.233322143555	-36.9184150695801	965.113586425781	129.193817138672	-10.2600383758545	975.71484375	149.761428833008	65.2711791992188	971.862976074219	151.082183837891	63.531364440918	971.254272460938	155.387741088867	54.1713981628418	968.048583984375	157.563568115234	42.3748779296875	965.325256347656	155.539535522461	14.8723812103271	962.433044433594	149.779876708984	8.21014022827148	967.297302246094	142.388153076172	46.83154296875	995.014221191406	139.791732788086	22.492000579834	1010.25866699219	153.849365234375	18.4957427978516	1020.52453613281	171.042587280273	12.303599357605	1010.82550048828	183.882843017578	-2.00588464736938	982.754333496094	177.052947998047	-13.0947923660278	981.513793945312	153.545333862305	7.94295024871826	989.523620605469	169.672393798828	-32.0661392211914	980.906494140625	156.138885498047	-30.5056095123291	969.577697753906	146.514541625977	-35.9606475830078	965.029174804688	145.865585327148	-10.07555103302	976.830505371094
GMNH-VM14-500	137.03694152832	73.0217132568359	964.040588378906	136.801040649414	71.5206985473633	967.704284667969	136.347518920898	55.4143981933594	990.272888183594	136.210006713867	29.1631622314453	1011.02313232422	136.38410949707	25.2951240539551	1016.32958984375	143.959213256836	-51.8079261779785	979.1953125	143.112655639648	-31.98801612854	960.60400390625	141.887054443359	-15.0813970565796	959.580261230469	140.091888427734	6.18493843078613	976.610656738281	139.759094238281	23.2041339874268	967.560913085938	137.058059692383	58.7876853942871	966.424499511719	126.951820373535	70.9475860595703	961.876953125	124.258590698242	69.2902297973633	961.525817871094	121.239822387695	62.6822128295898	956.570617675781	119.133079528809	51.9618263244629	953.718994140625	123.359107971191	26.6744251251221	952.093566894531	127.657653808594	17.1650638580322	959.444152832031	131.196243286133	53.5705223083496	985.470336914062	133.975250244141	28.615104675293	1002.63891601562	120.116195678711	21.9390430450439	1010.39978027344	107.224006652832	13.2143259048462	999.528442382812	97.1021041870117	5.75699996948242	971.183898925781	103.015037536621	-2.93111848831177	971.205627441406	125.493942260742	15.0809640884399	980.357788085938	110.571006774902	-20.8714008331299	971.691528320312	124.92537689209	-20.5996875762939	961.43603515625	133.652542114258	-25.2706108093262	958.049926757812	132.638916015625	-0.721300423145294	969.074584960938	147.249649047852	71.4788284301758	963.334533691406	151.559219360352	70.0669174194336	962.276306152344	154.956771850586	64.1016464233398	960.013305664062	158.138214111328	53.321533203125	956.787719726562	157.777603149414	28.0665512084961	954.186462402344	152.354141235352	18.1880722045898	960.795532226562	141.796722412109	54.5096893310547	985.697448730469	139.411590576172	29.5173244476318	1003.58746337891	153.437301635742	24.8221263885498	1012.41485595703	170.63313293457	19.6555023193359	1002.78063964844	184.913284301758	11.7624130249023	974.544921875	179.514099121094	3.09100484848022	974.12255859375	152.405227661133	16.1591091156006	981.465026855469	174.029800415039	-17.3801116943359	974.819702148438	159.621810913086	-19.1847953796387	962.953186035156	151.461502075195	-24.5709342956543	959.071838378906	149.201843261719	0.278580039739609	969.933410644531
GMNH-VM14-502	132.782897949219	64.4135818481445	960.550109863281	131.861923217773	58.7194023132324	968.145324707031	131.298873901367	41.499153137207	983.750915527344	130.687896728516	17.8062915802002	1003.29693603516	130.546569824219	14.5284366607666	1008.32043457031	134.592056274414	-61.8564071655273	968.809387207031	134.83984375	-42.3033027648926	951.976440429688	135.018844604492	-24.8812599182129	950.914855957031	133.046936035156	-2.80620193481445	968.927124023438	133.475357055664	13.2170448303223	960.280151367188	132.391983032227	47.4558906555176	962.618286132812	121.532897949219	59.7325820922852	960.511108398438	120.641510009766	57.6164321899414	959.36328125	116.677879333496	51.1436157226562	957.289611816406	115.264266967773	41.4975509643555	952.964660644531	117.272972106934	16.3415927886963	948.558776855469	122.028381347656	8.49601650238037	952.544555664062	126.16194152832	41.4130935668945	980.48779296875	128.050399780273	17.281530380249	996.189880371094	114.219215393066	13.3229961395264	1003.66943359375	99.0761260986328	7.4249997138977	993.583129882812	88.7766647338867	-4.12513303756714	962.582885742188	97.6675872802734	-13.4446783065796	961.758972167969	119.850875854492	6.47810220718384	971.54638671875	106.247512817383	-30.6627807617188	961.261840820312	118.305061340332	-28.6619758605957	951.528503417969	127.554023742676	-35.069091796875	948.714050292969	126.144714355469	-10.5546932220459	960.57080078125	143.418472290039	58.8543968200684	961.68505859375	144.849090576172	57.3345756530762	961.188659667969	148.342529296875	51.3633193969727	958.928894042969	150.855682373047	41.7964515686035	955.222045898438	150.262008666992	16.8248138427734	950.482727050781	145.143142700195	8.38374519348145	953.915588378906	136.724487304688	41.7531585693359	981.117736816406	133.589050292969	17.8815765380859	997.177612304688	145.658050537109	14.1608724594116	1006.90771484375	163.18798828125	8.84473419189453	997.549621582031	177.438232421875	-1.57802510261536	967.9443359375	168.769302368164	-11.9331159591675	966.376586914062	145.819854736328	7.23186731338501	973.052124023438	162.528167724609	-29.7950763702393	965.289428710938	150.587829589844	-28.470422744751	952.794372558594	142.693466186523	-34.9467163085938	949.796020507812	141.597610473633	-11.2848320007324	960.991821289062
GMNH-VM14-535	129.005233764648	62.6625709533691	959.409301757812	128.94287109375	57.7873039245605	968.282104492188	128.95979309082	48.4384002685547	987.77734375	129.044830322266	26.1981582641602	1010.31256103516	129.099761962891	22.65016746521	1014.85198974609	128.793991088867	-58.6972770690918	971.727416992188	129.313201904297	-36.7924041748047	960.360778808594	129.486938476562	-19.6755237579346	960.34912109375	129.838485717773	0.94178169965744	977.176025390625	129.510238647461	16.6645488739014	967.874389648438	129.189224243164	49.9232139587402	965.489501953125	118.139465332031	58.6240158081055	960.635437011719	117.938827514648	56.8087959289551	960.033447265625	114.79273223877	52.1791763305664	958.830688476562	112.256843566895	41.6139488220215	955.794494628906	114.081726074219	16.3836498260498	957.224731445312	118.987953186035	12.27428150177	961.799377441406	123.409317016602	46.2860717773438	984.886779785156	126.168075561523	25.7860527038574	1004.26904296875	112.736755371094	21.5758666992188	1010.69427490234	98.3905563354492	15.5029592514038	1000.73620605469	85.4088592529297	2.60257315635681	971.907592773438	91.5059509277344	-4.9291353225708	971.860778808594	115.735092163086	11.8623199462891	981.765747070312	98.8433151245117	-23.1647682189941	971.533386230469	111.80744934082	-23.2715682983398	960.614990234375	121.392974853516	-28.610200881958	958.311706542969	121.352615356445	-4.79379224777222	970.092834472656	140.004013061523	57.8751831054688	960.657165527344	140.669967651367	56.9935455322266	960.21630859375	143.107391357422	52.0671234130859	958.460144042969	146.584777832031	42.706600189209	956.657165527344	144.540649414062	16.300464630127	957.989929199219	140.261276245117	11.967381477356	961.994506835938	134.53532409668	46.5991706848145	984.719055175781	132.220230102539	25.6471996307373	1004.41778564453	145.319366455078	21.3810062408447	1011.52795410156	159.957580566406	14.7066268920898	1000.80755615234	172.326049804688	3.26351141929626	971.767944335938	166.08349609375	-5.7585244178772	971.661254882812	143.684844970703	11.5048379898071	982.058349609375	161.070678710938	-24.3584213256836	971.572448730469	147.162200927734	-23.9180297851562	960.730590820312	137.392486572266	-29.6038818359375	958.808288574219	137.090789794922	-4.85375595092773	970.246643066406
GMNH-VM14-559	126.061737060547	70.5213928222656	982.892395019531	126.126876831055	65.6789398193359	990.351867675781	125.005531311035	53.0613784790039	1007.52777099609	122.653205871582	31.899471282959	1025.7607421875	122.26123046875	29.1869010925293	1029.60241699219	126.916450500488	-48.5081977844238	987.314270019531	128.523345947266	-30.2202091217041	975.179748535156	128.551452636719	-13.2317676544189	974.618713378906	126.757987976074	9.3752384185791	989.989379882812	127.079208374023	23.24729347229	983.011108398438	126.633613586426	56.4390106201172	985.925537109375	115.101722717285	65.8942718505859	983.120483398438	114.610992431641	64.0795593261719	981.915832519531	111.277839660645	58.739688873291	979.222229003906	107.89567565918	48.3401374816895	976.112976074219	111.415664672852	22.7854499816895	973.20654296875	115.381881713867	18.1489009857178	975.752380371094	120.463249206543	51.8716926574707	1004.02429199219	120.334571838379	31.8149223327637	1018.25012207031	104.998413085938	25.8679218292236	1023.67456054688	91.5776138305664	18.8717403411865	1013.92700195312	85.136344909668	7.73269510269165	988.098999023438	93.1900939941406	-2.30957627296448	983.7998046875	112.564079284668	17.4272499084473	993.985778808594	98.0033493041992	-17.8056240081787	983.895263671875	112.341499328613	-16.3690929412842	974.479675292969	121.107513427734	-22.592887878418	971.942443847656	121.289085388184	1.79601526260376	982.484558105469	137.780563354492	66.4490280151367	984.561340332031	139.327484130859	64.9089736938477	984.139465332031	142.459747314453	59.9110260009766	982.196166992188	146.802536010742	49.6628761291504	978.92041015625	145.8515625	23.7901191711426	976.45263671875	140.333099365234	18.6543083190918	977.714172363281	129.809951782227	52.303035736084	1004.43475341797	127.039207458496	32.5766410827637	1017.54895019531	139.442413330078	27.5225620269775	1027.54565429688	156.122772216797	19.7924900054932	1019.60864257812	167.773864746094	10.8467502593994	995.870483398438	160.63005065918	-0.956003367900848	989.937927246094	140.375732421875	18.8883209228516	996.572204589844	157.583221435547	-16.5366649627686	990.0126953125	144.483200073242	-16.0318470001221	977.053771972656	135.698150634766	-23.1781311035156	973.732604980469	134.462493896484	2.89004302024841	984.626342773438
GMNH-VM14-563	NA	NA	NA	126.066040039062	65.7021102905273	934.72998046875	126.193603515625	53.5606956481934	956.898071289062	126.781875610352	28.7279109954834	977.740905761719	127.025749206543	24.0016956329346	982.420837402344	131.961349487305	-57.8514099121094	942.411987304688	132.539932250977	-38.3803634643555	928.029907226562	131.758209228516	-21.9572010040283	926.615905761719	129.722747802734	0.690813601016998	942.6630859375	128.754089355469	16.6693687438965	933.954223632812	127.375503540039	54.4019393920898	931.992248535156	115.926818847656	67.1450881958008	925.222229003906	113.020881652832	62.9941215515137	924.308349609375	109.657829284668	56.709041595459	924.085021972656	108.371368408203	46.1023368835449	923.419372558594	112.563705444336	20.5056819915771	921.867004394531	117.873344421387	10.6288328170776	926.299438476562	120.710388183594	51.6507453918457	952.917724609375	123.417900085449	27.2123889923096	971.40380859375	108.364898681641	19.5152778625488	977.79736328125	93.9904556274414	15.3265514373779	967.069213867188	85.5891494750977	-1.09000813961029	939.279357910156	91.6539993286133	-11.4401617050171	937.443481445312	114.862869262695	11.1830682754517	946.778869628906	100.630912780762	-28.7852020263672	938.825866699219	114.615234375	-26.572546005249	929.341247558594	124.948402404785	-32.7448043823242	926.022705078125	122.122039794922	-8.5894365310669	936.750427246094	NA	NA	NA	140.757705688477	64.4788436889648	926.536193847656	144.241073608398	59.0917167663574	925.925903320312	147.736938476562	47.9970016479492	925.288513183594	145.8837890625	22.9898300170898	923.957702636719	140.77409362793	13.1156797409058	927.026733398438	131.860748291016	51.9444999694824	953.699462890625	130.139236450195	28.2920246124268	971.281188964844	144.00212097168	22.8916301727295	979.702697753906	161.65234375	19.5876159667969	970.951538085938	175.355972290039	6.68061685562134	942.425537109375	167.681106567383	-6.48721361160278	940.100769042969	144.310745239258	13.2341766357422	947.867431640625	163.604751586914	-25.796516418457	941.796936035156	148.223495483398	-25.0413513183594	930.216857910156	139.702331542969	-31.5525093078613	927.027709960938	138.020980834961	-7.17315006256104	937.589294433594
GMNH-VM14-565	164.564315795898	53.4032325744629	930.118774414062	164.54768371582	46.5590438842773	938.284545898438	NA	NA	NA	165.328063964844	11.7384996414185	978.113525390625	165.371337890625	7.92327404022217	983.275634765625	170.297546386719	-68.0806427001953	940.485107421875	171.595565795898	-47.6709022521973	927.710876464844	171.433624267578	-32.8190727233887	926.807312011719	169.115264892578	-12.6760129928589	943.656066894531	168.09211730957	4.31505393981934	935.7568359375	165.587203979492	36.0562515258789	935.825805664062	154.527496337891	46.6984596252441	930.920593261719	153.045043945312	44.9120216369629	930.646057128906	150.030029296875	39.9328994750977	929.029174804688	149.388900756836	29.1242446899414	925.767333984375	152.936004638672	4.33816003799438	924.164001464844	157.460891723633	-1.06185173988342	928.651489257812	NA	NA	NA	162.048721313477	12.0059204101562	970.460083007812	148.480682373047	6.8031792640686	978.020568847656	135.501922607422	0.124785967171192	968.09765625	125.485290527344	-10.3489284515381	942.370910644531	131.868545532227	-20.113302230835	939.588989257812	154.688812255859	-2.48045325279236	947.764099121094	141.390213012695	-36.6790885925293	938.545837402344	154.599685668945	-35.9206581115723	929.060791015625	164.282150268555	-42.457763671875	926.015808105469	162.461959838867	-17.0813884735107	937.914733886719	176.125396728516	47.9576988220215	931.380676269531	177.70947265625	46.9332504272461	931.332580566406	181.31950378418	42.3844871520996	930.29541015625	185.081085205078	32.018482208252	927.774963378906	184.295806884766	6.78699064254761	925.7197265625	179.80891418457	-0.137363791465759	929.686462402344	NA	NA	NA	168.647796630859	12.8067865371704	971.19384765625	181.992919921875	8.5411958694458	980.125854492188	197.332962036133	4.83855581283569	970.107238769531	211.028594970703	-5.92146635055542	946.312255859375	204.874130249023	-15.9107332229614	942.931518554688	180.898651123047	-1.34258329868317	949.471496582031	199.387069702148	-33.9161415100098	941.106079101562	188.048080444336	-35.1454849243164	930.077819824219	178.691696166992	-41.8599891662598	926.751770019531	176.940246582031	-17.3694591522217	937.460571289062
GMNH-VM14-567	134.452285766602	65.7579803466797	936.384704589844	134.199127197266	59.5075836181641	944.311096191406	133.933944702148	47.6262893676758	963.969787597656	133.670120239258	25.724437713623	986.198486328125	133.872009277344	22.977970123291	990.191040039062	135.993865966797	-60.4770812988281	945.016967773438	135.744567871094	-39.4547386169434	934.132507324219	135.717910766602	-21.4551162719727	932.51708984375	135.053695678711	0.916548013687134	950.569030761719	134.942565917969	15.8626651763916	940.990539550781	134.584045410156	48.3462715148926	942.499938964844	123.999755859375	63.0125732421875	936.268615722656	121.672897338867	60.8806381225586	937.206604003906	117.941284179688	54.9965286254883	933.01806640625	114.770477294922	43.2533073425293	931.62353515625	117.001495361328	18.2760066986084	929.004333496094	123.733955383301	10.1695032119751	933.88671875	128.990127563477	45.966480255127	960.9609375	130.179779052734	25.2330722808838	978.002990722656	116.792945861816	20.15940284729	985.384582519531	99.9623336791992	12.2753629684448	974.707336425781	90.2219772338867	0.221227794885635	946.065856933594	96.5054321289062	-8.21366596221924	945.276245117188	119.358299255371	11.1879034042358	955.192016601562	104.214935302734	-27.4126434326172	945.385620117188	118.023124694824	-23.9235763549805	935.208374023438	127.803016662598	-31.0508728027344	932.343627929688	127.72599029541	-5.46864652633667	943.310913085938	145.383941650391	62.465404510498	937.210815429688	148.487854003906	60.2175064086914	936.584106445312	151.808471679688	54.5135459899902	933.564453125	155.66960144043	42.9923248291016	932.778503417969	153.130966186523	17.1656875610352	930.080200195312	146.657531738281	9.45754909515381	934.11767578125	139.025115966797	45.9626579284668	961.047302246094	137.695343017578	24.7327136993408	977.940307617188	151.878128051758	21.2106399536133	986.524169921875	167.904006958008	12.7262716293335	977.173400878906	179.946228027344	0.686493694782257	946.173522949219	173.45182800293	-6.8357195854187	945.906494140625	149.694030761719	10.3842821121216	956.489135742188	167.009078979492	-26.1636257171631	946.297058105469	152.113052368164	-23.7248001098633	935.10205078125	143.700241088867	-30.4576644897461	932.075012207031	143.012741088867	-5.49085474014282	943.268737792969
GMNH-VM14-573	138.897308349609	73.0032806396484	952.548278808594	137.573059082031	64.9528198242188	963.737121582031	136.650360107422	52.2454071044922	983.618774414062	134.630859375	27.2517871856689	1004.50720214844	134.296417236328	22.0498924255371	1010.17681884766	143.837875366211	-58.2271156311035	966.9541015625	144.593780517578	-37.5626602172852	949.788757324219	143.623504638672	-20.0254306793213	949.833740234375	140.482650756836	2.24413442611694	968.5048828125	140.224349975586	18.9374904632568	959.97900390625	138.359939575195	55.7958526611328	958.017211914062	126.872177124023	68.5279083251953	953.610168457031	123.829788208008	65.251220703125	951.509704589844	121.41283416748	58.1831283569336	948.172790527344	119.692558288574	47.8251838684082	946.124328613281	123.816635131836	20.691370010376	945.114562988281	130.484481811523	14.1583127975464	952.215881347656	130.839096069336	51.765869140625	979.111450195312	131.824935913086	26.1097221374512	999.496032714844	116.129257202148	18.550085067749	1004.66259765625	102.31755065918	12.97278881073	992.901672363281	92.5419235229492	-2.68541216850281	963.361694335938	99.4103851318359	-9.86956405639648	962.828308105469	124.944114685059	11.7989721298218	972.766967773438	110.877754211426	-27.8408985137939	961.961669921875	123.909149169922	-25.5587768554688	951.0234375	136.461410522461	-31.077392578125	947.288391113281	131.80793762207	-5.67036962509155	960.375122070312	150.910049438477	68.9186859130859	955.807250976562	153.316284179688	66.5639572143555	954.671508789062	156.852508544922	60.284725189209	951.535400390625	159.788848876953	49.6394538879395	950.157165527344	159.147201538086	22.6306686401367	948.199584960938	152.682373046875	15.9190139770508	954.488037109375	143.014404296875	50.4607696533203	980.413940429688	139.509689331055	26.0283451080322	999.234680175781	153.826217651367	21.8876705169678	1008.61926269531	170.919967651367	17.8905658721924	999.777282714844	188.629272460938	3.7171573638916	973.510864257812	183.4150390625	-5.04741859436035	970.611938476562	154.05517578125	14.9882860183716	975.6376953125	174.593215942383	-24.7578220367432	968.285705566406	162.816329956055	-23.0869083404541	954.283203125	152.054275512695	-29.6706562042236	948.754028320312	151.289367675781	-4.27263975143433	962.141723632812
GMNH-VM14-609	126.598083496094	59.1199493408203	938.468078613281	127.078727722168	52.2102928161621	947.214538574219	127.070915222168	38.9515647888184	965.02880859375	127.739349365234	18.8713321685791	982.991577148438	127.893089294434	15.4388723373413	987.522766113281	129.672653198242	-63.5136184692383	947.567077636719	130.259246826172	-43.0740165710449	935.020935058594	130.172653198242	-25.5223121643066	933.809265136719	129.637619018555	-5.5087890625	949.031066894531	128.553405761719	12.2425336837769	942.444580078125	127.559066772461	44.5927696228027	944.083984375	115.713073730469	54.3556671142578	939.319274902344	114.216171264648	52.1299285888672	939.135192871094	110.38697052002	47.1020050048828	937.118286132812	107.80298614502	36.4276466369629	934.827270507812	112.328536987305	12.1353607177734	933.244445800781	116.981460571289	5.52518558502197	935.199951171875	122.617416381836	37.4568634033203	962.336853027344	124.598533630371	17.6640548706055	976.472229003906	111.294692993164	13.387882232666	983.710205078125	95.904052734375	5.75472593307495	973.881652832031	86.3824005126953	-4.97492837905884	945.10498046875	92.3972320556641	-15.5376405715942	943.797424316406	116.150428771973	4.08672332763672	953.490478515625	100.616561889648	-31.917142868042	944.020080566406	113.528861999512	-30.6828002929688	934.922241210938	123.16187286377	-35.8410377502441	932.011535644531	121.634628295898	-10.5204496383667	943.129638671875	138.262451171875	55.6905899047852	939.216491699219	139.926467895508	53.9615783691406	938.734802246094	143.28840637207	49.1777496337891	937.033142089844	147.202087402344	38.6989974975586	935.008666992188	145.725036621094	13.8839044570923	933.060119628906	140.328582763672	6.31618499755859	935.318115234375	132.384292602539	38.2042274475098	961.994689941406	130.73649597168	18.7283248901367	976.391296386719	144.217529296875	14.6628885269165	983.871215820312	160.273864746094	7.63083410263062	974.285705566406	171.954193115234	-2.23755884170532	946.907470703125	166.042587280273	-13.4099397659302	944.502685546875	142.467742919922	4.50979089736938	953.42822265625	160.298278808594	-30.33571434021	945.114196777344	145.360366821289	-29.8171215057373	934.994262695312	137.689559936523	-36.0220260620117	932.455932617188	137.081802368164	-10.809684753418	943.013366699219
GMNH-VM14-610	156.133682250977	68.760871887207	939.5166015625	155.252410888672	60.4694175720215	949.735595703125	154.653121948242	40.2082214355469	968.800720214844	153.379257202148	15.4904880523682	988.267578125	153.267654418945	11.6803512573242	992.532287597656	159.322631835938	-71.2812728881836	953.458129882812	160.202255249023	-50.1083450317383	936.213439941406	160.179779052734	-32.1867713928223	934.998657226562	158.072387695312	-9.43490409851074	950.481567382812	157.801391601562	8.74094676971436	942.611328125	156.001251220703	47.3051414489746	945.086364746094	142.753372192383	63.9027328491211	941.149841308594	138.970672607422	60.9107818603516	938.171813964844	135.658477783203	51.7600593566895	933.376770019531	135.54377746582	40.9599113464355	932.021179199219	140.093933105469	13.1662302017212	929.233581542969	146.514633178711	3.75035500526428	933.31982421875	148.855346679688	39.8023376464844	965.011657714844	150.651290893555	15.4360179901123	980.663696289062	133.679504394531	10.6981248855591	985.680725097656	117.040924072266	1.78389918804169	975.369018554688	107.190155029297	-10.6265525817871	944.12353515625	116.379302978516	-20.1198139190674	943.378295898438	144.19010925293	0.068769671022892	954.184509277344	125.242034912109	-39.6139907836914	944.385925292969	141.857604980469	-37.2992820739746	936.412719726562	152.578567504883	-44.21142578125	933.62109375	150.393218994141	-17.4461822509766	943.715026855469	169.367935180664	64.1508102416992	941.439880371094	172.721038818359	62.3086547851562	940.77197265625	177.511413574219	53.4075202941895	938.390808105469	177.891372680664	42.3110961914062	935.337890625	177.219467163086	14.5727338790894	932.54638671875	170.832977294922	3.88383197784424	934.645812988281	160.08837890625	39.9199905395508	966.00341796875	157.159530639648	15.8264026641846	980.810729980469	171.880493164062	11.4330940246582	989.969116210938	191.862579345703	3.38053894042969	982.12548828125	208.590393066406	-7.8691086769104	951.42236328125	199.04508972168	-17.2715148925781	949.249145507812	170.567489624023	1.47762298583984	956.827270507812	192.674346923828	-37.3732986450195	948.947326660156	176.306365966797	-36.620189666748	938.352294921875	167.972579956055	-43.6984825134277	934.554138183594	166.982666015625	-17.2150917053223	944.222717285156
GMNH-VM14-614	135.863983154297	59.0696868896484	921.07568359375	134.089904785156	54.3185806274414	931.548095703125	134.034713745117	43.7239036560059	950.691833496094	132.853851318359	18.8310737609863	973.120239257812	132.784469604492	15.480185508728	977.44677734375	131.755310058594	-68.0758590698242	934.429626464844	133.534194946289	-46.8477516174316	920.40673828125	134.813369750977	-28.1026802062988	920.575805664062	134.669067382812	-6.46503067016602	937.127075195312	135.001403808594	8.31139945983887	928.004455566406	134.551132202148	44.4242935180664	929.166076660156	124.20352935791	55.7005424499512	922.423583984375	122.745811462402	52.8507843017578	921.612182617188	120.011520385742	47.4382514953613	919.535705566406	116.540756225586	36.0194549560547	917.628112792969	117.628463745117	10.3963241577148	915.955444335938	122.396453857422	3.86894488334656	920.686828613281	128.482437133789	41.5558662414551	947.614379882812	129.573593139648	18.4873352050781	964.638610839844	115.426063537598	13.7648677825928	971.911376953125	99.6780700683594	8.49733734130859	957.6865234375	90.5137100219727	-3.53004288673401	931.214599609375	97.4325561523438	-12.2551288604736	931.738525390625	122.059921264648	3.2392053604126	940.785583496094	101.753234863281	-31.2394962310791	932.67578125	115.845748901367	-31.5944328308105	921.827331542969	126.244789123535	-38.2165908813477	917.980041503906	127.103645324707	-12.6284923553467	930.10107421875	146.739151000977	53.7931747436523	922.916931152344	147.603317260742	52.4353523254395	922.075012207031	151.104461669922	47.3546333312988	920.440673828125	154.005447387695	36.5328407287598	918.637878417969	153.276245117188	9.81777000427246	916.846496582031	147.755493164062	2.53132557868958	920.895751953125	139.409240722656	41.7527618408203	947.882568359375	136.957046508789	18.5336933135986	964.251281738281	148.602066040039	12.7154560089111	973.788330078125	167.286010742188	7.71934223175049	959.364624023438	177.893661499023	-5.36832714080811	933.631164550781	170.643905639648	-14.3517646789551	933.965759277344	148.980972290039	3.27526378631592	940.451110839844	166.276840209961	-33.6917533874512	934.627380371094	152.608612060547	-32.9392929077148	922.513549804688	143.091049194336	-39.706844329834	919.195190429688	142.191375732422	-13.2577514648438	930.334045410156
GMNH-VM14-616	126.907997131348	52.7410011291504	935.707580566406	127.247177124023	46.3188323974609	945.545715332031	128.292343139648	34.8040504455566	962.639343261719	128.250579833984	12.0754165649414	980.658081054688	128.259750366211	8.46240329742432	984.79345703125	128.365234375	-66.9442596435547	941.450561523438	127.678703308105	-46.9235229492188	928.318725585938	128.072448730469	-31.971529006958	928.268310546875	128.043228149414	-11.4410781860352	945.242797851562	128.055114746094	5.93705654144287	938.378540039062	127.593971252441	37.2675933837891	940.880432128906	116.956809997559	49.6520538330078	936.851318359375	115.880340576172	47.8004035949707	936.484558105469	113.300216674805	42.9906272888184	932.776977539062	110.860916137695	33.093505859375	930.332885742188	112.416969299316	8.05008411407471	926.452026367188	117.975723266602	0.676437795162201	931.128112792969	122.633422851562	33.0441398620605	958.465576171875	124.807281494141	11.0339250564575	974.304931640625	111.736572265625	6.62060737609863	981.005737304688	95.9465026855469	1.83690500259399	971.379455566406	86.1747055053711	-8.61169147491455	941.43701171875	92.5948791503906	-18.4738788604736	941.117614746094	114.3486328125	-1.57861649990082	950.374267578125	99.0848388671875	-35.5091590881348	940.912475585938	111.539878845215	-35.2032585144043	930.428894042969	120.763633728027	-40.4557266235352	927.495544433594	120.974060058594	-16.8978748321533	939.091125488281	137.354064941406	50.4313926696777	937.768798828125	139.280471801758	48.5176200866699	937.277526855469	143.011566162109	44.1372985839844	934.426147460938	145.792861938477	34.1217346191406	930.755187988281	144.202667236328	9.52062129974365	926.845886230469	138.349349975586	1.33151209354401	931.560363769531	133.069259643555	33.4827423095703	958.944152832031	131.724899291992	11.2463731765747	974.007202148438	144.844329833984	6.36309719085693	980.813293457031	160.470352172852	1.8139032125473	970.6572265625	171.016906738281	-11.0835695266724	941.955078125	164.168701171875	-19.3438587188721	940.75537109375	142.519958496094	-1.17225623130798	949.504272460938	157.29150390625	-36.3895683288574	940.459655761719	143.800598144531	-35.563549041748	929.879943847656	134.904281616211	-40.9538154602051	927.694641113281	135.74299621582	-17.2157077789307	939.354614257812
GMNH-VM14-619	144.675964355469	80.9435882568359	977.507873535156	144.659149169922	70.6429443359375	985.323303222656	145.730621337891	56.2111587524414	1004.83996582031	145.245758056641	30.1873798370361	1026.31494140625	144.962432861328	26.669303894043	1031.52575683594	147.602172851562	-56.1942443847656	987.601013183594	147.101669311523	-32.5206260681152	971.489807128906	146.70979309082	-16.2466850280762	969.503967285156	145.761184692383	6.49274396896362	990.48876953125	145.398376464844	24.7799415588379	979.853942871094	144.921768188477	60.6292533874512	981.359375	132.981719970703	75.5605316162109	978.637756347656	130.844924926758	73.5310974121094	977.30224609375	126.947319030762	64.6237869262695	975.4912109375	125.546417236328	54.0083236694336	970.157653808594	128.582168579102	24.4604187011719	967.783386230469	133.632720947266	18.4685344696045	972.466735839844	140.282669067383	53.8769645690918	1002.02410888672	141.555801391602	29.2952919006348	1018.84967041016	126.247222900391	25.1101894378662	1027.44921875	110.198616027832	15.8685255050659	1018.81481933594	97.8427963256836	7.46896648406982	985.223999023438	106.585571289062	-2.31912755966187	985.485778808594	130.675231933594	15.0160217285156	994.329956054688	113.543174743652	-22.63059425354	983.325073242188	129.232482910156	-19.4488525390625	972.827880859375	139.439636230469	-25.7809257507324	968.980834960938	138.002868652344	-0.182842746376991	981.889282226562	156.921920776367	75.7486419677734	979.344604492188	160.123199462891	73.4336776733398	977.684326171875	162.781524658203	65.4999084472656	974.51318359375	164.743530273438	54.6016426086426	969.931701660156	163.195877075195	26.1534900665283	968.148803710938	157.889938354492	19.506326675415	972.922607421875	151.33674621582	54.7594795227051	1001.88470458984	149.01806640625	30.0764560699463	1018.51293945312	164.406631469727	26.0839061737061	1028.61120605469	181.365524291992	18.7432956695557	1019.27795410156	194.630828857422	8.034987449646	985.656433105469	186.287826538086	-0.221559107303619	985.156433105469	160.54280090332	15.3435516357422	994.589172363281	180.033599853516	-20.7678813934326	984.221923828125	164.208129882812	-18.8259353637695	973.494934082031	155.479202270508	-26.6304340362549	969.725524902344	155.341156005859	0.464258819818497	982.325073242188
GMNH-VM14-620	116.568504333496	54.7314071655273	926.451171875	117.05152130127	49.7817878723145	935.181701660156	117.434226989746	38.9063987731934	956.421020507812	118.514053344727	22.8859176635742	977.920776367188	118.511344909668	20.4364700317383	981.885803222656	123.651420593262	-61.3801727294922	945.813781738281	123.066452026367	-43.4675064086914	933.60888671875	122.590629577637	-27.0831451416016	932.626708984375	120.577774047852	-7.04006958007812	945.174499511719	120.106803894043	7.49864721298218	936.510375976562	117.531349182129	40.6724281311035	933.407348632812	106.665542602539	50.7858924865723	927.530700683594	105.013816833496	48.1898803710938	927.541931152344	101.428367614746	42.2855529785156	925.824951171875	99.279914855957	31.2577323913574	925.648803710938	103.860221862793	6.72699213027954	925.550415039062	109.877723693848	1.52587389945984	930.40478515625	112.601112365723	38.7242393493652	951.983642578125	115.197387695312	20.9273624420166	971.004333496094	101.175323486328	15.8074798583984	979.025573730469	87.5243148803711	7.3753981590271	969.117553710938	78.1096801757812	-4.12450981140137	943.712036132812	85.0016937255859	-15.3583898544312	943.227905273438	105.549171447754	2.9323947429657	949.618591308594	92.5236282348633	-31.196720123291	943.610595703125	106.374443054199	-31.9583835601807	933.950317382812	115.660484313965	-36.8996925354004	932.364624023438	114.005142211914	-12.1268711090088	940.27197265625	126.538208007812	51.0519104003906	927.827331542969	128.803344726562	48.8760681152344	927.472473144531	132.781265258789	43.7712783813477	925.940124511719	136.130310058594	33.1706695556641	925.168090820312	136.341659545898	8.29568099975586	925.390869140625	131.328720092773	1.95243012905121	930.36962890625	121.933753967285	39.1362266540527	952.4091796875	122.013847351074	21.2654361724854	970.718811035156	135.69709777832	18.7292861938477	979.744384765625	151.864410400391	11.8572282791138	968.93310546875	162.609466552734	-0.822138547897339	943.650939941406	158.035095214844	-10.5491962432861	942.547241210938	134.232818603516	4.8714280128479	949.841796875	152.239898681641	-28.5045127868652	943.896911621094	138.607284545898	-30.4768981933594	934.146789550781	130.057769775391	-36.4083213806152	932.327209472656	127.579177856445	-11.3513612747192	940.583801269531
GMNH-VM14-670	138.382476806641	67.2464599609375	927.681945800781	138.631149291992	62.3191757202148	936.568359375	139.301483154297	46.4111747741699	956.901611328125	140.868255615234	20.2999095916748	979.271301269531	140.982971191406	16.9246711730957	983.931213378906	148.094528198242	-67.2033309936523	941.349426269531	146.597412109375	-46.4907455444336	926.448181152344	146.036514282227	-29.4218082427979	923.801879882812	143.469955444336	-4.18055009841919	942.310729980469	142.379196166992	11.9069499969482	934.626525878906	139.952072143555	50.4557723999023	933.011474609375	127.638252258301	61.3807983398438	929.9560546875	126.092391967773	59.4772033691406	930.376037597656	122.575164794922	51.3831787109375	928.328796386719	120.9921875	39.8879547119141	924.472778320312	125.35326385498	12.9135446548462	923.730834960938	131.762084960938	7.29628229141235	927.95947265625	134.544097900391	45.3857955932617	954.209655761719	137.511032104492	19.778600692749	972.525329589844	123.446853637695	12.7348861694336	980.863037109375	108.286827087402	7.41434478759766	968.461975097656	96.1411972045898	-6.13891506195068	938.498229980469	105.289916992188	-17.4394721984863	938.025024414062	127.603675842285	5.21145486831665	947.868835449219	113.37028503418	-36.1414413452148	937.820983886719	128.649566650391	-33.7889556884766	926.136474609375	138.662704467773	-40.5810317993164	923.247131347656	136.685119628906	-12.1741018295288	934.544311523438	150.779418945312	62.5030212402344	930.394836425781	152.795806884766	61.1417198181152	930.452270507812	156.89045715332	53.5703735351562	929.170166015625	159.683151245117	42.4204216003418	925.531616210938	159.39533996582	15.2273855209351	923.740905761719	153.768127441406	7.84390068054199	927.824279785156	144.002334594727	45.6938743591309	953.526550292969	144.370468139648	20.8513832092285	972.406616210938	159.482131958008	15.399655342102	981.349060058594	175.955368041992	12.3773393630981	969.281921386719	190.420837402344	0.145044252276421	939.405700683594	182.4228515625	-12.9211711883545	938.819152832031	158.783828735352	7.14336252212524	948.268859863281	178.506790161133	-33.0305366516113	937.812377929688	162.888137817383	-31.7575454711914	926.413146972656	153.913955688477	-39.8235511779785	923.388671875	152.185119628906	-12.1998252868652	934.387268066406
GMNH-VM14-688	131.860610961914	70.5094985961914	975.976989746094	132.019012451172	63.5196876525879	986.810302734375	132.073303222656	52.8398742675781	1007.03131103516	131.220031738281	29.0743427276611	1027.10546875	131.1123046875	24.735631942749	1031.67077636719	130.25634765625	-53.2087783813477	981.775634765625	130.671279907227	-31.84543800354	973.509887695312	130.884155273438	-13.2239933013916	974.239318847656	131.135391235352	5.90762233734131	989.101928710938	131.380889892578	23.1492481231689	982.392028808594	131.567428588867	55.4285621643066	982.565307617188	121.560043334961	66.89990234375	977.300903320312	119.03800201416	63.8661956787109	977.025817871094	116.281761169434	59.8424758911133	974.557983398438	NA	NA	NA	114.224739074707	27.4486598968506	970.419555664062	119.594184875488	18.8558368682861	974.979614257812	127.442916870117	52.1482543945312	1003.04125976562	127.800270080566	29.4518775939941	1018.60711669922	114.980133056641	22.8210639953613	1027.62072753906	98.6318740844727	19.128381729126	1014.61486816406	86.6976318359375	7.73348712921143	987.259216308594	95.1426315307617	-0.872820675373077	986.328491210938	118.566284179688	16.8978519439697	995.056335449219	101.609451293945	-18.4421310424805	985.259582519531	114.958435058594	-17.2025718688965	975.102355957031	123.549652099609	-22.6441135406494	972.216369628906	123.938980102539	2.28393650054932	984.87451171875	141.622055053711	66.714714050293	977.474853515625	143.599548339844	64.301643371582	976.405334472656	146.974258422852	59.7710113525391	973.649597167969	149.984146118164	50.9296226501465	971.731018066406	148.747589111328	27.6330623626709	970.806396484375	143.212249755859	18.191499710083	974.866088867188	136.900238037109	51.3803558349609	1003.20129394531	134.765533447266	28.9375820159912	1018.81384277344	146.506774902344	22.9878482818604	1028.02941894531	163.376159667969	19.3046951293945	1015.11993408203	175.08903503418	7.56699895858765	987.269104003906	167.074966430664	-1.32899820804596	986.116455078125	144.431518554688	16.8624134063721	995.766418457031	161.283065795898	-19.1673564910889	985.360656738281	147.696517944336	-17.6997318267822	974.710571289062	138.618667602539	-22.1998100280762	971.973510742188	138.040573120117	2.05653476715088	984.61865234375
GMNH-VM14-696	138.699752807617	80.4518280029297	983.810546875	138.081390380859	72.9137115478516	993.771362304688	137.896194458008	56.7462387084961	1012.66314697266	137.276092529297	34.6841011047363	1035.56164550781	137.301086425781	31.3672027587891	1040.20825195312	134.71484375	-50.5087509155273	988.954284667969	135.594909667969	-29.24875831604	978.114013671875	135.710342407227	-11.9784841537476	977.747314453125	135.655212402344	6.85896110534668	993.910400390625	136.045791625977	24.7328948974609	987.535888671875	137.614196777344	61.2877006530762	989.65380859375	127.257904052734	74.7258148193359	984.298828125	124.578231811523	71.704216003418	982.755615234375	121.865692138672	66.6716613769531	980.420166015625	117.767913818359	55.835880279541	979.089538574219	116.885246276855	30.3293342590332	975.176147460938	122.886535644531	19.0155334472656	979.570739746094	132.449203491211	55.5748901367188	1009.74060058594	133.615432739258	33.9211540222168	1026.75024414062	120.033645629883	28.0086059570312	1035.61315917969	101.5390625	20.5644874572754	1025.24621582031	92.142333984375	9.77897834777832	993.841674804688	99.7291488647461	1.05317080020905	993.288208007812	122.58715057373	18.3338756561279	1001.44342041016	103.703971862793	-17.3979301452637	991.790100097656	119.098350524902	-14.6445846557617	979.974914550781	127.702880859375	-21.5391616821289	976.750122070312	128.313980102539	3.20894765853882	990.3037109375	149.498413085938	74.9254150390625	983.706176757812	151.526245117188	71.3167114257812	982.751708984375	154.009704589844	65.407829284668	979.897155761719	156.888885498047	54.2947311401367	978.318603515625	155.137710571289	29.5155582427979	974.274963378906	149.744476318359	18.6865367889404	979.111999511719	143.005172729492	55.3735389709473	1010.00299072266	140.82878112793	34.0429611206055	1026.33520507812	155.059646606445	27.5476150512695	1034.04968261719	172.336120605469	19.3243064880371	1024.5	180.941802978516	8.01139640808105	991.773376464844	172.609954833984	0.809615314006805	991.786987304688	151.153503417969	18.4365463256836	1001.10913085938	168.771377563477	-19.4680767059326	991.027282714844	152.160522460938	-15.5391960144043	980.062622070312	143.82958984375	-22.3100872039795	976.667297363281	144.004364013672	3.59320592880249	990.159301757812
GMNH-VM14-697	145.166458129883	63.8784103393555	936.279235839844	144.818145751953	58.2891235351562	943.252685546875	143.99040222168	42.880443572998	962.694274902344	143.908325195312	11.3850345611572	981.11572265625	143.978256225586	8.46844005584717	984.664428710938	144.463088989258	-73.536750793457	944.203430175781	145.75749206543	-53.0349922180176	926.213073730469	146.228118896484	-36.5454864501953	925.647399902344	145.6953125	-12.1381168365479	942.514221191406	145.227432250977	4.19164228439331	936.001403808594	145.221160888672	46.2570114135742	940.13525390625	133.468353271484	57.9670524597168	936.279479980469	130.442825317383	54.549976348877	934.859313964844	128.290267944336	46.7019691467285	931.198181152344	124.89387512207	34.8586273193359	928.855102539062	127.803436279297	7.6334056854248	925.060852050781	133.093765258789	0.896412312984467	928.430969238281	138.684112548828	39.5422477722168	959.015014648438	141.159820556641	11.3470258712769	973.974060058594	128.171493530273	5.50057315826416	981.402099609375	110.572715759277	0.00040644162800163	971.744140625	97.9364624023438	-10.024450302124	942.639221191406	105.982063293457	-19.7169399261475	940.948547363281	130.196395874023	-1.68790769577026	948.014831542969	114.298965454102	-38.3556900024414	939.814697265625	127.842102050781	-37.8638648986816	928.586975097656	138.057708740234	-45.4355316162109	924.546691894531	136.798919677734	-19.5961723327637	936.066528320312	157.419097900391	57.6295471191406	938.768859863281	161.146514892578	53.2543640136719	936.882080078125	163.521408081055	45.5806045532227	933.19091796875	NA	NA	NA	163.016815185547	6.68949460983276	925.458435058594	157.700820922852	0.217320069670677	928.363098144531	150.683685302734	40.2612571716309	958.952209472656	147.211654663086	10.8876552581787	973.6357421875	160.427780151367	6.17968320846558	982.409912109375	178.710205078125	0.257077038288116	972.483459472656	193.02409362793	-9.51656341552734	944.699401855469	183.797348022461	-19.5046939849854	941.602722167969	160.356750488281	-1.37158787250519	948.663879394531	177.12223815918	-39.5903129577637	940.513366699219	163.775680541992	-38.554313659668	928.849365234375	154.338394165039	-46.2933959960938	924.919799804688	154.25813293457	-20.1962909698486	935.762023925781
GMNH-VM14-700	134.698944091797	60.0259857177734	930.620849609375	135.252731323242	54.0841026306152	939.897827148438	135.348220825195	43.236442565918	959.018676757812	135.32209777832	21.2916259765625	980.294067382812	135.297241210938	18.5279407501221	985.26318359375	137.11865234375	-62.7733993530273	942.467224121094	136.730026245117	-41.0133018493652	930.767028808594	136.781707763672	-24.1011180877686	930.313171386719	135.940841674805	-4.23589372634888	946.650634765625	135.806365966797	12.2752647399902	936.897033691406	135.480545043945	45.9684448242188	936.493347167969	NA	NA	NA	124.086448669434	53.2059516906738	931.047607421875	120.030921936035	48.5914115905762	928.000366210938	117.411773681641	38.3553466796875	925.566528320312	118.722801208496	13.202691078186	924.698913574219	124.427520751953	7.3537712097168	929.662841796875	130.728622436523	41.6997222900391	956.374084472656	131.686019897461	19.993185043335	972.716857910156	119.840492248535	15.7452125549316	981.284240722656	102.662132263184	10.540789604187	970.669494628906	90.3340377807617	-3.08976936340332	942.117553710938	96.5365371704102	-10.8924255371094	940.493713378906	122.006950378418	6.11459970474243	950.343200683594	105.867454528809	-28.6861877441406	941.078552246094	120.46598815918	-27.8252239227295	931.973754882812	129.447326660156	-33.7147178649902	929.238952636719	128.422348022461	-9.2933406829834	940.337097167969	145.676803588867	56.0105743408203	931.113586425781	147.518478393555	53.6193351745605	930.421081542969	150.677017211914	49.0119743347168	928.151000976562	153.767166137695	38.7552337646484	926.050109863281	153.117446899414	13.8650169372559	925.017700195312	147.392578125	7.91401863098145	930.172973632812	140.01350402832	40.8522453308105	956.454284667969	138.674926757812	19.8606777191162	973.437622070312	150.606781005859	15.7844667434692	981.385314941406	168.306213378906	11.7402753829956	970.569885253906	181.213348388672	-1.55351614952087	941.976196289062	174.331924438477	-10.1924695968628	940.500366210938	150.745834350586	7.14935779571533	950.370483398438	167.462219238281	-28.8138637542725	940.82861328125	154.003814697266	-27.0271816253662	931.6669921875	144.422439575195	-33.2461624145508	929.173583984375	143.761596679688	-9.19031047821045	940.197570800781
GMNH-VM14-715	139.539672851562	73.2214813232422	952.066162109375	140.457015991211	65.3736953735352	962.372497558594	141.812423706055	47.0599708557129	982.010681152344	142.296997070312	24.9179248809814	999.820495605469	142.629730224609	22.1565246582031	1004.75366210938	144.815734863281	-59.4694709777832	968.87890625	143.807205200195	-40.0016212463379	949.057800292969	143.43798828125	-23.4295768737793	946.769714355469	142.909729003906	-1.72625458240509	964.353332519531	142.026382446289	15.8334398269653	956.843933105469	140.245208740234	54.2520866394043	957.616149902344	127.938751220703	68.7397079467773	954.690063476562	124.526794433594	64.9017486572266	953.340454101562	121.708129882812	58.4273529052734	951.78857421875	119.555511474609	45.9447631835938	949.992553710938	122.527008056641	19.7591495513916	947.160461425781	129.456146240234	11.2638864517212	950.085144042969	135.96321105957	48.5284385681152	978.223388671875	138.792510986328	24.3814678192139	992.577575683594	123.560623168945	20.0072574615479	1000.98712158203	106.874931335449	12.8641834259033	992.870788574219	96.0595626831055	1.58445036411285	964.931457519531	105.058853149414	-11.1873388290405	962.675964355469	128.294174194336	9.06485080718994	970.071594238281	112.314247131348	-28.8631267547607	963.172668457031	124.740158081055	-27.5077457427979	951.300170898438	135.392181396484	-34.290657043457	947.142578125	134.460144042969	-8.79061126708984	958.236877441406	151.030822753906	68.3957061767578	954.050048828125	154.105224609375	63.9738693237305	952.347045898438	157.301742553711	57.8731651306152	950.617004394531	160.678497314453	46.5832710266113	947.5712890625	158.770538330078	20.3567485809326	945.109313964844	153.814819335938	10.7278528213501	948.619079589844	147.019836425781	47.9561882019043	976.701721191406	145.546112060547	24.251932144165	991.794067382812	160.443771362305	23.069766998291	1000.84509277344	178.639801025391	15.2396640777588	989.222900390625	189.021362304688	4.58099603652954	960.078796386719	180.44255065918	-7.4763913154602	959.862426757812	156.241012573242	10.2068700790405	968.301818847656	175.41520690918	-27.7820262908936	960.964172363281	162.387481689453	-26.7668495178223	949.103088378906	151.155944824219	-35.4350128173828	947.066040039062	151.200164794922	-8.05363082885742	957.221618652344
GMNH-VM14-716	144.252639770508	80.9329528808594	967.7060546875	144.602462768555	71.0826568603516	979.550048828125	144.926040649414	57.0874977111816	999.548706054688	145.361267089844	31.9657611846924	1021.34869384766	145.609786987305	28.6086311340332	1025.87866210938	146.373413085938	-56.9544334411621	989.680847167969	147.133026123047	-34.9972648620605	970.258850097656	146.920928955078	-19.9049777984619	967.699340820312	146.477294921875	3.64444017410278	985.322204589844	146.231735229492	21.6015396118164	974.827331542969	145.039215087891	58.7183494567871	973.609985351562	131.661514282227	74.8827743530273	970.405883789062	127.722023010254	71.3134307861328	968.102600097656	126.083694458008	64.0127944946289	965.018676757812	124.185791015625	52.4743728637695	963.985656738281	127.781188964844	24.5727100372314	960.394592285156	133.46321105957	15.7311210632324	966.779296875	138.950332641602	53.6980361938477	995.907592773438	142.179275512695	31.1941108703613	1012.76843261719	127.865798950195	26.3283786773682	1021.64947509766	108.354187011719	17.3742008209229	1011.15228271484	96.3362121582031	0.497884452342987	980.852966308594	105.727226257324	-6.55812788009644	980.797485351562	131.228591918945	14.8568363189697	988.528076171875	112.607192993164	-26.3318462371826	981.76171875	129.415267944336	-23.5357646942139	970.653625488281	139.546966552734	-28.8304805755615	968.047607421875	138.524139404297	-3.00040364265442	978.943664550781	157.561965942383	74.1979598999023	970.522155761719	162.751510620117	70.8201904296875	967.870178222656	164.538192749023	64.2640991210938	964.537414550781	166.000061035156	52.1377716064453	963.78271484375	163.394836425781	24.9065170288086	960.636596679688	157.312561035156	15.5534067153931	967.040405273438	151.746917724609	53.832462310791	995.497131347656	149.120971679688	30.8139095306396	1012.99719238281	162.897186279297	27.0015525817871	1021.8271484375	182.877166748047	18.4187831878662	1011.53747558594	196.176040649414	0.60178542137146	981.953674316406	187.260055541992	-5.09876203536987	981.178649902344	161.876754760742	14.498966217041	988.6064453125	181.30940246582	-26.3083019256592	982.282531738281	163.696441650391	-22.8996963500977	970.295532226562	154.716110229492	-28.7040061950684	968.654968261719	155.390716552734	-3.54481840133667	978.3662109375
GMNH-VM14-725	151.104705810547	74.4069290161133	936.117797851562	151.463882446289	65.9899368286133	944.745727539062	151.293746948242	49.3118858337402	961.989990234375	151.874847412109	21.8313083648682	984.875183105469	151.812423706055	18.6886863708496	989.160766601562	153.200897216797	-65.3114624023438	948.129516601562	153.865234375	-43.7298202514648	930.863403320312	153.782180786133	-25.9082183837891	928.153442382812	153.355590820312	-3.41917037963867	945.410522460938	152.777099609375	15.4369955062866	937.062622070312	151.613555908203	55.1621475219727	939.240173339844	138.615615844727	68.0928039550781	937.028747558594	136.85725402832	65.8013610839844	935.635925292969	132.88835144043	57.4827499389648	933.601623535156	130.526214599609	46.4204788208008	928.463500976562	134.764053344727	18.748607635498	924.731567382812	140.524307250977	11.1943130493164	929.796752929688	145.703521728516	47.4046745300293	959.055358886719	148.833587646484	22.1652984619141	975.892150878906	133.211837768555	16.5745983123779	986.856628417969	116.701713562012	11.5186901092529	976.002319335938	105.037490844727	-1.52409195899963	945.007507324219	112.635848999023	-14.7192144393921	940.803100585938	137.150833129883	8.20168876647949	950.984130859375	120.860160827637	-32.2159461975098	942.306701660156	135.521270751953	-29.6786918640137	931.646789550781	145.097427368164	-36.4595756530762	927.415344238281	144.041366577148	-9.89930629730225	940.13671875	164.30256652832	68.2019119262695	937.352722167969	166.430862426758	66.4035110473633	935.095703125	170.66015625	59.2453079223633	933.685729980469	173.648101806641	47.5437393188477	928.896789550781	170.889892578125	19.7349185943604	924.801208496094	165.255752563477	10.8135557174683	930.164306640625	157.868591308594	47.7925109863281	958.958129882812	154.741729736328	22.6287040710449	976.792114257812	170.855819702148	17.5477619171143	986.776611328125	187.163497924805	13.1410179138184	977.089477539062	201.163635253906	1.92961728572845	944.357788085938	192.874877929688	-12.6778907775879	941.609741210938	168.066604614258	9.20063591003418	951.162841796875	186.848449707031	-30.6994743347168	942.654235839844	170.231155395508	-28.8136310577393	931.041748046875	161.34309387207	-36.3881759643555	928.523742675781	161.964477539062	-9.76150321960449	939.643493652344
GMNH-VM14-727	128.76530456543	70.2674026489258	968.080688476562	128.930114746094	65.2838745117188	975.456848144531	129.515762329102	53.5619468688965	994.848449707031	130.43196105957	33.1538963317871	1017.61712646484	130.445907592773	30.1275596618652	1022.95642089844	134.475921630859	-54.2172050476074	985.446166992188	133.977523803711	-32.8665351867676	969.285034179688	133.238021850586	-17.230188369751	965.96923828125	131.034683227539	6.49566173553467	983.38232421875	131.007568359375	21.4380531311035	975.120239257812	129.469207763672	53.9613838195801	973.068481445312	117.646354675293	65.9829711914062	969.327819824219	117.246147155762	63.5877914428711	968.433349609375	114.42945098877	58.6622085571289	965.681518554688	111.774322509766	47.5242347717285	963.57275390625	114.594429016113	21.0678539276123	963.389953613281	119.205215454102	15.2172174453735	967.455200195312	124.624244689941	51.5156517028809	992.467346191406	126.789939880371	31.613956451416	1009.12872314453	114.132690429688	28.9991474151611	1019.20031738281	98.1729888916016	20.9085884094238	1008.19427490234	88.9000625610352	9.30294609069824	980.128967285156	95.1050262451172	-3.75286841392517	979.288330078125	116.758163452148	15.3592891693115	988.609191894531	101.923950195312	-21.1816329956055	979.581115722656	115.330513000488	-20.7338581085205	968.955505371094	126.264709472656	-26.9087047576904	966.151611328125	124.791557312012	0.241369351744652	976.148132324219	139.751815795898	65.9634780883789	968.667114257812	140.952423095703	64.0182418823242	968.087768554688	144.538070678711	59.2663803100586	965.544189453125	148.409652709961	48.2823219299316	963.959289550781	147.664688110352	21.8238162994385	963.783569335938	142.89485168457	16.0627765655518	967.634033203125	134.383712768555	51.3308296203613	993.035888671875	134.041244506836	31.9417610168457	1009.75860595703	146.846435546875	29.7602596282959	1019.26812744141	163.410095214844	23.1577758789062	1008.73510742188	173.753662109375	11.1112728118896	982.143798828125	167.648727416992	-0.975986540317535	980.462463378906	146.677734375	16.6386451721191	989.261291503906	163.563705444336	-19.3658828735352	980.907287597656	151.300979614258	-20.013032913208	969.583740234375	140.707366943359	-27.0619373321533	966.786926269531	139.026580810547	-0.17600953578949	977.10888671875
GMNH-VM14-728	161.016723632812	76.0761032104492	962.834899902344	160.306259155273	65.8638381958008	973.501892089844	159.74723815918	46.9541549682617	993.291381835938	159.87939453125	14.4923124313354	1012.49298095703	159.81623840332	10.7042741775513	1015.9794921875	160.832427978516	-74.6007614135742	971.106201171875	160.832778930664	-51.5020065307617	952.504028320312	161.107955932617	-33.5460319519043	951.581359863281	160.529296875	-6.66526746749878	972.098937988281	160.305725097656	11.1132459640503	963.075988769531	160.177749633789	53.4494209289551	967.897521972656	147.541168212891	72.3098678588867	964.632446289062	144.428863525391	69.5165863037109	962.972595214844	141.023696899414	61.592155456543	958.624938964844	139.248687744141	50.0365791320801	955.912048339844	140.062835693359	23.7089538574219	949.407836914062	147.600540161133	9.0488691329956	954.918884277344	153.193710327148	44.2564277648926	988.134033203125	156.354583740234	14.0870370864868	1004.96240234375	140.429336547852	8.72850894927979	1013.69482421875	123.176734924316	3.93570876121521	1004.38757324219	108.201103210449	-5.44284963607788	968.377746582031	117.52417755127	-17.4031791687012	968.016174316406	144.692123413086	3.77696943283081	978.687255859375	127.248718261719	-39.4972496032715	966.580200195312	142.852462768555	-37.5650024414062	954.1787109375	153.421356201172	-44.0894165039062	950.784484863281	152.375946044922	-16.339376449585	964.471008300781	174.348220825195	71.4984817504883	965.044372558594	179.479858398438	67.4432067871094	963.064453125	180.328018188477	59.6293869018555	958.179809570312	181.081207275391	47.8684425354004	954.294555664062	179.445114135742	20.766960144043	949.123779296875	173.065002441406	7.74410915374756	955.121215820312	165.323059082031	45.5317001342773	990.122863769531	163.639175415039	14.9239234924316	1004.32470703125	179.999755859375	9.47469520568848	1013.63958740234	196.408233642578	4.45237684249878	1006.00018310547	213.181930541992	-6.99699020385742	970.391906738281	202.840393066406	-17.7694797515869	968.2744140625	176.678451538086	3.92360520362854	978.254333496094	194.957229614258	-40.134220123291	966.793579101562	178.932342529297	-37.8436965942383	954.318603515625	168.15071105957	-45.144214630127	951.115478515625	168.983032226562	-17.1095943450928	964.418151855469
GMNH-VM14-737	143.946868896484	58.8503761291504	934.7998046875	144.258499145508	51.8549575805664	944.021179199219	NA	NA	NA	144.728469848633	19.6486644744873	988.328125	145.216537475586	17.0487422943115	992.74462890625	148.909866333008	-69.3425979614258	962.67138671875	148.492919921875	-48.8717498779297	946.153686523438	148.089828491211	-35.2045822143555	942.791625976562	146.440292358398	-7.96374368667603	955.258117675781	146.157852172852	6.86109590530396	945.552368164062	144.812713623047	40.6132431030273	942.922607421875	133.257949829102	53.2270202636719	936.356079101562	132.259811401367	51.3376541137695	936.2666015625	129.036315917969	46.2057914733887	934.336608886719	126.161506652832	34.5051956176758	932.290588378906	129.252090454102	7.56962013244629	931.33642578125	134.724166870117	1.24907064437866	938.193786621094	NA	NA	NA	141.568176269531	18.4946098327637	980.371704101562	127.487594604492	13.4651918411255	988.920349121094	111.40007019043	8.09721183776855	977.386901855469	104.316009521484	-11.127613067627	949.733947753906	110.79460144043	-16.8282833099365	951.981567382812	131.274459838867	4.15453004837036	957.765380859375	117.094871520996	-35.3933868408203	956.095886230469	130.974334716797	-37.8309516906738	944.926330566406	141.846115112305	-44.309886932373	943.983947753906	139.95475769043	-16.4504699707031	949.778381347656	154.689834594727	54.3766899108887	936.149658203125	156.462493896484	52.5284271240234	935.632995605469	159.938049316406	47.8129386901855	934.263610839844	163.325576782227	35.9553337097168	932.3671875	163.960723876953	9.44475173950195	931.750671386719	158.218688964844	1.11735928058624	938.375	NA	NA	NA	148.655792236328	18.0906658172607	980.90380859375	162.307846069336	16.5551376342773	989.60595703125	179.186370849609	10.3270387649536	980.067321777344	189.570327758789	-7.68058252334595	951.99658203125	183.127685546875	-13.6229372024536	953.847778320312	159.971893310547	3.15947866439819	958.757873535156	177.835159301758	-34.1540184020996	957.152465820312	164.437911987305	-36.4269371032715	945.309875488281	155.526306152344	-44.1083335876465	944.105834960938	NA	NA	NA
GMNH-VM14-742	131.78791809082	73.2823638916016	965.802734375	131.552047729492	66.7882690429688	973.738220214844	130.387420654297	51.2087783813477	991.543762207031	129.954833984375	26.9631671905518	1012.69946289062	129.668014526367	23.1493358612061	1017.30334472656	134.774429321289	-55.9582366943359	966.448547363281	134.447540283203	-33.7675132751465	955.953186035156	134.332794189453	-16.7886219024658	956.898315429688	132.793197631836	3.97572112083435	975.75244140625	132.952285766602	19.6831111907959	967.984924316406	131.843368530273	55.7441558837891	970.090942382812	120.523559570312	69.8744354248047	965.6884765625	118.790245056152	67.0338363647461	966.1015625	115.221061706543	60.9694747924805	963.235168457031	113.1806640625	50.5427284240723	960.494873046875	114.650505065918	23.941478729248	956.427124023438	121.014694213867	15.425145149231	960.702819824219	126.440704345703	49.3868942260742	989.588195800781	126.887596130371	26.7672157287598	1005.00103759766	112.773773193359	19.4286499023438	1012.82916259766	96.7352981567383	12.6103763580322	999.021667480469	88.5689392089844	4.5728440284729	969.08544921875	96.9686508178711	-4.97538709640503	969.050659179688	117.396751403809	13.7026205062866	981.122253417969	100.912055969238	-22.3327751159668	967.917358398438	117.339813232422	-20.722770690918	957.430969238281	126.748603820801	-26.6351852416992	954.425598144531	126.285438537598	-1.84565341472626	968.802429199219	142.357803344727	69.3292770385742	966.868957519531	144.894760131836	66.3537368774414	966.199096679688	147.064834594727	60.6041564941406	964.153076171875	150.618835449219	50.6566543579102	961.674011230469	150.546127319336	24.0834121704102	957.50927734375	144.990173339844	14.7321043014526	961.3134765625	135.719055175781	49.0503921508789	989.4443359375	133.886962890625	26.6732349395752	1004.85400390625	147.710784912109	20.9293632507324	1014.5009765625	165.631240844727	14.6928062438965	1002.37231445312	177.466995239258	6.68907451629639	974.486877441406	169.364837646484	-3.53909945487976	972.706787109375	148.193206787109	14.5687875747681	983.315490722656	166.223052978516	-21.7797069549561	971.697021484375	151.366775512695	-21.4526977539062	959.357360839844	142.010879516602	-26.24729347229	955.476440429688	140.145233154297	-1.42745745182037	970.521850585938
GMNH-VM14-765	125.627464294434	58.5852203369141	936.10498046875	125.730796813965	49.7506980895996	946.128479003906	125.279708862305	37.2352066040039	963.970092773438	125.83381652832	15.2778549194336	981.617553710938	125.998710632324	12.1509408950806	985.386779785156	131.829010009766	-63.2520370483398	941.191223144531	130.925964355469	-43.5794143676758	931.206237792969	129.821411132812	-26.1937026977539	930.041015625	128.254211425781	-6.58080434799194	945.291870117188	127.705017089844	9.28050327301025	939.377136230469	126.196868896484	42.8923721313477	941.106140136719	115.239395141602	52.7727432250977	936.398132324219	114.72834777832	51.8143119812012	936.148986816406	111.814437866211	47.1685409545898	933.584106445312	110.062316894531	36.670841217041	930.40380859375	112.155487060547	10.958327293396	927.533447265625	116.999366760254	5.31349849700928	931.598449707031	120.943977355957	36.7137069702148	959.89404296875	122.54288482666	15.7080068588257	973.910583496094	110.272644042969	9.98309803009033	982.242553710938	94.9961624145508	4.0336217880249	970.691528320312	87.0661773681641	-5.43068027496338	941.308471679688	93.4479446411133	-15.8256616592407	940.757141113281	114.43189239502	3.5531485080719	950.889526367188	100.576210021973	-32.1210861206055	940.845397949219	113.999572753906	-30.5159721374512	932.056762695312	122.946571350098	-34.6600875854492	928.39013671875	122.435325622559	-10.5831508636475	940.524169921875	136.110687255859	54.854736328125	937.269592285156	137.516250610352	53.83056640625	936.495300292969	140.74006652832	49.0590476989746	934.67724609375	143.664199829102	38.9410667419434	931.370666503906	144.171890258789	12.4514226913452	928.754821777344	139.269592285156	6.47536468505859	932.521362304688	130.324035644531	36.486930847168	960.402465820312	129.471099853516	15.9315757751465	974.043273925781	141.581436157227	12.3942127227783	982.819702148438	157.742584228516	7.42571830749512	973.098449707031	169.965286254883	-2.7556619644165	943.382995605469	164.565185546875	-12.0986881256104	942.329162597656	140.133972167969	4.43063116073608	951.743591308594	158.804382324219	-30.0274810791016	942.38427734375	145.791793823242	-28.8220272064209	932.336486816406	137.506622314453	-34.6864280700684	929.111877441406	136.002136230469	-10.8745794296265	940.326416015625
GMNH-VM14-777	134.824523925781	59.0569038391113	937.396484375	135.327178955078	53.500804901123	945.983764648438	NA	NA	NA	135.085662841797	14.9898300170898	982.700073242188	135.055679321289	10.4606485366821	987.132507324219	135.415237426758	-61.6931495666504	937.348388671875	135.002624511719	-42.3459968566895	930.873840332031	135.048583984375	-24.156530380249	934.300720214844	135.324310302734	-5.69775438308716	947.911804199219	135.274887084961	10.4305152893066	942.013916015625	135.328536987305	44.7671699523926	942.485900878906	124.789405822754	57.1102867126465	937.770935058594	123.48705291748	54.8327751159668	938.206237792969	119.403343200684	50.4441528320312	937.117553710938	116.107635498047	40.1779098510742	935.285278320312	117.875396728516	15.3929491043091	931.9765625	123.631317138672	5.74331092834473	933.926452636719	131.2890625	38.955394744873	961.725280761719	131.610794067383	14.9934024810791	976.247253417969	118.933937072754	6.484290599823	983.49609375	103.497787475586	4.56076669692993	971.878967285156	93.4448547363281	-0.187855035066605	945.945190429688	99.3640365600586	-12.4021453857422	942.496826171875	122.604148864746	2.98692154884338	951.055114746094	106.20240020752	-28.9543704986572	943.101440429688	119.834243774414	-27.9231758117676	932.876770019531	127.158004760742	-32.2874374389648	930.208190917969	127.954231262207	-10.9910192489624	941.365417480469	145.157638549805	56.4194183349609	937.371826171875	146.848907470703	55.2252082824707	936.934204101562	149.906127929688	50.184627532959	936.343322753906	153.718536376953	40.1909675598145	934.656005859375	151.884353637695	15.8591871261597	932.02001953125	145.949005126953	5.61879444122314	934.094055175781	NA	NA	NA	138.517120361328	15.0727806091309	976.500854492188	150.945388793945	7.24250745773315	984.181762695312	166.557388305664	3.64322590827942	972.415466308594	175.739501953125	-1.20725536346436	947.43994140625	169.15364074707	-11.8334522247314	943.776428222656	148.262481689453	2.70701861381531	951.421936035156	164.966995239258	-30.4985332489014	943.341796875	150.31591796875	-27.4237976074219	933.270935058594	142.453536987305	-33.6357116699219	931.108337402344	142.018707275391	-10.550651550293	941.631530761719
GMNH-VM14-778	151.576858520508	68.5363464355469	936.522033691406	151.767700195312	62.2347984313965	944.984252929688	150.87272644043	45.8655967712402	965.76904296875	150.829071044922	15.8792676925659	983.612854003906	151.048736572266	11.6451778411865	988.353088378906	157.565353393555	-70.2596664428711	944.807922363281	156.701782226562	-49.9929656982422	925.870483398438	156.439208984375	-30.2209358215332	926.110168457031	154.028076171875	-4.53190565109253	947.609680175781	154.166351318359	10.1544046401978	938.453796386719	152.571517944336	50.4245948791504	939.274719238281	139.844833374023	63.4299926757812	936.968811035156	137.16357421875	60.2880897521973	936.170349121094	134.736663818359	53.276439666748	931.856140136719	132.458267211914	42.1075706481934	928.955261230469	135.468627929688	15.3151626586914	924.732849121094	141.651382446289	5.62032032012939	929.510375976562	146.207809448242	44.7967834472656	961.774597167969	146.942611694336	14.6942930221558	977.519775390625	130.818237304688	6.59185457229614	984.149291992188	116.310615539551	0.586355686187744	973.196411132812	106.091987609863	-13.1062822341919	939.344360351562	114.994819641113	-17.5502853393555	939.984741210938	137.242874145508	3.68387913703918	950.273803710938	122.657440185547	-37.374153137207	937.468017578125	139.417953491211	-32.3613090515137	926.392883300781	147.810623168945	-38.0252532958984	923.982604980469	146.508453369141	-13.0729999542236	938.349975585938	163.763687133789	63.8788871765137	937.589050292969	166.799087524414	61.4699974060059	936.131774902344	169.573654174805	54.8183288574219	932.479797363281	173.207260131836	43.9895286560059	929.868408203125	172.906463623047	17.6343173980713	925.947509765625	166.549896240234	6.20258140563965	931.30419921875	156.701766967773	44.5313911437988	962.633056640625	156.073028564453	15.9974794387817	976.938171386719	172.536758422852	9.07452297210693	986.3818359375	187.646301269531	3.58757305145264	977.300659179688	203.496292114258	-8.88847255706787	944.463989257812	193.486557006836	-15.0568113327026	944.202331542969	170.840942382812	4.06197690963745	952.301635742188	190.076965332031	-35.2611770629883	940.891357421875	172.011642456055	-31.8365116119385	928.661804199219	164.868743896484	-38.3114433288574	926.012573242188	162.824691772461	-13.1777238845825	938.895935058594
GMNH-VM14-806	129.739898681641	55.201545715332	924.553771972656	129.527954101562	51.262264251709	934.098083496094	129.678771972656	43.1749572753906	955.2353515625	130.930618286133	18.4360961914062	978.798645019531	131.327697753906	15.1604824066162	984.171936035156	134.396697998047	-67.2525177001953	941.771789550781	133.967071533203	-49.3770217895508	929.87060546875	133.750534057617	-30.2770557403564	928.723876953125	132.568176269531	-5.78643655776978	944.644653320312	131.393966674805	7.17332649230957	933.034240722656	130.107223510742	39.4241104125977	932.9970703125	118.386161804199	51.1284980773926	926.025939941406	116.026153564453	47.9043846130371	925.929321289062	113.523513793945	42.3520736694336	923.970336914062	112.305870056152	31.0054969787598	922.165283203125	115.537857055664	5.41746425628662	921.822448730469	120.47599029541	0.371341645717621	927.123718261719	125.091087341309	38.7654151916504	952.899841308594	127.187202453613	16.420337677002	969.916931152344	114.338096618652	11.6729040145874	977.514282226562	98.7758407592773	3.69475054740906	968.706176757812	86.6948165893555	-8.54526710510254	940.041320800781	93.4346008300781	-18.7900829315186	938.788024902344	118.209098815918	1.76905477046967	946.570129394531	102.035453796387	-36.4448013305664	938.8232421875	118.239562988281	-34.3071098327637	930.457580566406	125.919723510742	-39.4922065734863	927.825805664062	125.314788818359	-13.5410394668579	937.560607910156	141.055740356445	51.6298484802246	927.295166015625	143.390579223633	49.1122665405273	926.51318359375	146.862899780273	43.0465354919434	924.339965820312	149.931716918945	32.6441421508789	922.727111816406	148.037780761719	7.15984344482422	921.875793457031	142.42887878418	1.22236227989197	926.202331542969	134.605041503906	40.2715873718262	952.071594238281	135.07177734375	17.497350692749	969.634521484375	148.081146240234	14.1692543029785	977.860290527344	164.645294189453	7.5485725402832	968.753295898438	177.334884643555	-4.20898771286011	939.383544921875	171.600143432617	-15.5747566223145	939.123779296875	147.305221557617	2.95543718338013	946.683959960938	165.348510742188	-33.8738479614258	938.21728515625	149.161163330078	-33.0908737182617	929.527709960938	141.755783081055	-39.2695388793945	928.169616699219	140.43115234375	-12.969033241272	937.47998046875
GMNH-VM15-5	132.839889526367	64.3442306518555	950.4873046875	133.044235229492	58.5536727905273	958.308837890625	133.711807250977	45.832332611084	975.500915527344	132.946670532227	24.9693470001221	999.036437988281	132.620910644531	21.4095306396484	1004.00164794922	134.871948242188	-62.5808601379395	963.42529296875	135.270889282227	-40.3086242675781	948.440551757812	135.04963684082	-23.4962635040283	946.556091308594	133.803848266602	-1.89866459369659	962.723266601562	133.595184326172	13.7084369659424	955.600341796875	133.390213012695	48.971607208252	954.798461914062	121.307403564453	58.3096580505371	951.7705078125	120.115547180176	56.0876197814941	949.990783691406	117.666748046875	51.0314826965332	947.577514648438	114.270050048828	39.2866439819336	944.674743652344	116.864418029785	12.5179319381714	944.527954101562	122.388961791992	9.020920753479	948.238403320312	127.239166259766	44.4374580383301	972.863220214844	128.938171386719	24.1269607543945	991.212280273438	113.246208190918	20.4660320281982	998.6064453125	99.3623886108398	11.3349666595459	987.500061035156	89.9274673461914	-1.57003903388977	956.234069824219	97.7022857666016	-10.2889995574951	957.676086425781	119.141036987305	7.92431688308716	968.162170410156	102.830986022949	-28.1629447937012	957.455627441406	117.759300231934	-27.7491455078125	947.640563964844	127.916633605957	-34.646183013916	946.629516601562	126.420471191406	-7.67690277099609	956.460388183594	144.589019775391	58.7062568664551	951.939575195312	146.207656860352	56.6682090759277	950.151306152344	149.247268676758	51.4586601257324	948.22119140625	152.740280151367	40.0866889953613	945.140686035156	150.647796630859	13.4034872055054	945.845642089844	145.609649658203	9.64065551757812	948.668090820312	138.839935302734	43.8638038635254	973.915588378906	137.164138793945	23.8159198760986	992.302124023438	150.790283203125	21.1192893981934	999.907592773438	166.715255737305	12.3093452453613	989.800537109375	178.590438842773	-0.72149133682251	960.576171875	171.406982421875	-8.48929500579834	959.967834472656	148.623016357422	9.65247535705566	969.233215332031	166.735168457031	-27.9240398406982	959.504028320312	152.252807617188	-26.7264785766602	949.081298828125	142.908584594727	-33.6309432983398	946.09423828125	141.818450927734	-7.62361240386963	956.819274902344
HNCC-02-20	-1.17894411087036	58.9212036132812	1133.15441894531	-1.64284348487854	53.1515197753906	1126.45361328125	-1.47606992721558	39.932487487793	1107.89880371094	-1.41620421409607	21.1127738952637	1085.86950683594	-1.46404826641083	17.9691772460938	1081.54736328125	-1.21529877185822	-63.7476425170898	1120.55224609375	-0.847735583782196	-44.1970863342285	1136.54602050781	-1.13718354701996	-28.1566982269287	1137.19213867188	-1.49341309070587	-5.71313095092773	1119.50695800781	-1.18342208862305	9.89814472198486	1127.94360351562	-1.3185521364212	40.993278503418	1129.12768554688	9.69876194000244	52.8946647644043	1132.61022949219	11.4561624526978	51.7212562561035	1133.07788085938	14.886342048645	46.6428642272949	1135.59350585938	17.4227962493896	36.1119384765625	1138.30822753906	15.4588489532471	10.0697555541992	1137.658203125	9.61819076538086	5.27336549758911	1134.88793945312	3.60909342765808	38.833854675293	1110.8310546875	1.73157513141632	19.67649269104	1093.26110839844	17.6972637176514	15.5823955535889	1085.44299316406	31.8434162139893	9.16659927368164	1096.84240722656	43.0549774169922	-1.27759897708893	1125.09741210938	34.4808959960938	-11.0943975448608	1124.91870117188	11.9335775375366	4.85358333587646	1116.1220703125	31.0860576629639	-29.1562900543213	1122.52209472656	16.8343925476074	-31.1228408813477	1133.4677734375	6.63686466217041	-37.7127914428711	1137.44836425781	5.42255353927612	-11.4344577789307	1126.533203125	-12.8530511856079	52.7043571472168	1133.50073242188	-14.555588722229	51.3606376647949	1133.77624511719	-17.3595008850098	46.0912170410156	1135.46850585938	-19.497184753418	35.7199249267578	1138.33923339844	-16.9566974639893	8.87160301208496	1138.49890136719	-11.5874357223511	3.2058699131012	1134.9443359375	-6.30895185470581	39.551326751709	1111.06848144531	-4.43296527862549	18.7679500579834	1094.32275390625	-19.1090030670166	15.4515972137451	1085.59631347656	-34.0870742797852	8.44894313812256	1097.2666015625	-44.5351333618164	-2.25201964378357	1126.17065429688	-36.0197143554688	-12.0782051086426	1124.62036132812	-14.510142326355	4.42419338226318	1116.67822265625	-32.1063385009766	-31.3908157348633	1122.94274902344	-17.7372455596924	-31.5554313659668	1134.609375	-8.37786960601807	-38.043571472168	1137.85510253906	-8.5628776550293	-12.2242956161499	1127.86572265625
HNCC-03-10	0.17379130423069	73.4974517822266	1086.92663574219	-0.206792458891869	65.2856063842773	1075.26965332031	-0.466641694307327	50.6406898498535	1051.82104492188	-1.35690653324127	22.243616104126	1026.52954101562	-1.41563510894775	18.5327377319336	1021.44348144531	-0.511423707008362	-70.7794570922852	1047.82751464844	0.257256895303726	-56.2670974731445	1072.21105957031	-0.197443068027496	-38.3392562866211	1078.33532714844	-0.763178050518036	-9.25273609161377	1064.06457519531	-0.10042679309845	9.47017669677734	1073.44763183594	-0.00266642938368022	51.2328910827637	1078.40795898438	12.6192741394043	65.9507217407227	1083.19982910156	16.0343322753906	62.3811645507812	1084.10583496094	18.5243110656738	54.2918853759766	1085.80493164062	20.9873924255371	42.5757064819336	1087.02819824219	18.3612251281738	13.941219329834	1087.24523925781	12.1581001281738	5.86746263504028	1080.6806640625	5.15604734420776	46.8342056274414	1054.3056640625	2.40687894821167	21.0999145507812	1034.05786132812	18.0244789123535	17.2311763763428	1025.33874511719	37.3509788513184	9.12926387786865	1033.46105957031	52.388744354248	-5.76088714599609	1065.88415527344	41.1612014770508	-17.9598979949951	1065.91149902344	13.9383201599121	5.73815107345581	1058.67797851562	33.1142768859863	-38.6074066162109	1061.62451171875	18.6981964111328	-42.1270065307617	1074.083984375	8.22960376739502	-50.4289321899414	1076.82971191406	7.30570316314697	-17.8673534393311	1067.34655761719	-12.9315338134766	66.5087814331055	1083.56311035156	-16.9679622650146	62.8193206787109	1084.72595214844	-19.3790302276611	55.2262268066406	1086.50146484375	-21.1062145233154	42.3764686584473	1088.44812011719	-17.8778839111328	14.0083522796631	1087.92687988281	-12.131175994873	5.65814304351807	1081.00817871094	-6.74550580978394	47.2158164978027	1054.59020996094	-4.63938093185425	20.8256988525391	1034.79846191406	-20.5977802276611	18.2256698608398	1025.65954589844	-40.129451751709	9.75174331665039	1033.70861816406	-53.7329444885254	-6.80943155288696	1067.1865234375	-41.6440467834473	-19.1462268829346	1066.68701171875	-15.2867116928101	5.00681447982788	1058.05444335938	-33.6931190490723	-40.0688400268555	1062.48181152344	-18.7950801849365	-42.3577194213867	1074.57873535156	-7.79566764831543	-50.9934844970703	1077.19580078125	-7.87751483917236	-18.4896583557129	1071.00756835938
HNCC-03-17	-1.18656611442566	59.9159393310547	1135.75439453125	-1.19465470314026	52.5508155822754	1125.57800292969	-1.69445276260376	43.9610481262207	1103.85705566406	-1.85918688774109	23.5408134460449	1079.00463867188	-2.08425140380859	19.991605758667	1074.33471679688	-0.180532410740852	-62.0645866394043	1107.01989746094	-0.56769186258316	-45.5431365966797	1124.77600097656	-0.947310864925385	-28.7188587188721	1127.99194335938	-1.4804630279541	-5.9037652015686	1115.58618164062	-1.68193650245667	9.67990493774414	1122.46557617188	-1.14794528484344	43.6921920776367	1128.36596679688	9.60419845581055	55.1698875427246	1133.84521484375	11.1146640777588	53.1014213562012	1133.79321289062	14.607798576355	47.6965141296387	1135.10412597656	17.0009231567383	37.1136054992676	1135.84545898438	14.0684089660645	10.7895402908325	1134.06274414062	9.75412082672119	5.45555257797241	1129.09436035156	3.89394879341125	43.0638084411621	1107.5390625	1.32637941837311	22.5045928955078	1087.11047363281	13.8118419647217	18.1088047027588	1078.71960449219	30.634428024292	10.4848251342773	1087.54040527344	43.0099601745605	-3.10465335845947	1114.90637207031	34.8715171813965	-12.0790634155273	1115.41650390625	12.5218944549561	6.1788272857666	1108.15405273438	30.2037353515625	-30.0449905395508	1113.82202148438	16.4164695739746	-31.8148746490479	1124.68237304688	6.90797996520996	-39.4639892578125	1127.65087890625	6.48643732070923	-11.5642032623291	1119.41528320312	-11.0574436187744	54.6714782714844	1134.40954589844	-12.6620244979858	52.9140472412109	1134.77087402344	-16.5584716796875	47.7752494812012	1136.13171386719	-18.7552242279053	37.276050567627	1136.77294921875	-17.6789283752441	10.9101581573486	1135.38244628906	-12.9640035629272	4.78257703781128	1128.74169921875	-6.69863033294678	42.8517417907715	1107.42224121094	-5.66369295120239	21.5062961578369	1087.49523925781	-20.0980110168457	16.6170749664307	1078.48376464844	-34.8858909606934	10.0056486129761	1088.76538085938	-46.6738204956055	-3.02041697502136	1116.30297851562	-37.7389717102051	-13.2706489562988	1116.79797363281	-16.1069793701172	5.70843267440796	1107.86633300781	-31.4972114562988	-31.7041492462158	1114.94006347656	-17.7730693817139	-33.0962295532227	1126.32336425781	-7.81458425521851	-39.896110534668	1127.81982421875	-9.14807033538818	-12.2017736434937	1120.26013183594
HNCC-03-18	-1.36517000198364	62.0122909545898	1070.39001464844	-1.08844423294067	57.6397399902344	1063.88989257812	-0.796324670314789	42.556941986084	1043.04748535156	-1.84500503540039	24.3596134185791	1023.27783203125	-1.89123833179474	20.829761505127	1018.50695800781	-2.35228300094604	-61.2647590637207	1052.14819335938	-2.11410641670227	-44.485767364502	1071.17431640625	-2.66934847831726	-27.7457790374756	1073.54235839844	-2.48422431945801	-3.95020532608032	1058.79968261719	-2.0074315071106	12.2193508148193	1065.15087890625	-1.07441735267639	45.0933036804199	1065.89123535156	9.34602546691894	56.6446304321289	1069.02160644531	10.7452230453491	54.5551643371582	1070.16162109375	13.7480564117432	49.4393615722656	1072.03161621094	16.9022102355957	39.5288276672363	1074.71435546875	14.6107559204102	14.1317920684814	1076.65771484375	8.89432907104492	8.7779541015625	1072.01245117188	3.99598622322083	42.1747550964355	1046.98181152344	1.45783007144928	23.0839519500732	1030.341796875	14.9889001846313	18.2063045501709	1022.25543212891	29.7406024932861	10.8143377304077	1032.48022460938	39.3849182128906	0.241713136434555	1059.77941894531	34.9719429016113	-10.9769992828369	1060.09436035156	11.9589700698853	7.95382833480835	1053.8017578125	28.4911804199219	-27.992073059082	1058.99938964844	15.9314641952515	-29.9511852264404	1070.69006347656	5.70801067352295	-37.6414947509766	1073.47448730469	4.8279972076416	-9.18638706207275	1064.92077636719	-11.3173656463623	56.161548614502	1068.36572265625	-13.1192865371704	53.960033416748	1069.61779785156	-15.6524324417114	49.391773223877	1072.27368164062	-20.0425643920898	39.9086265563965	1074.31665039062	-18.4348888397217	14.2172298431396	1076.34521484375	-13.1961755752563	8.93018627166748	1071.59216308594	-5.85728693008423	43.1631317138672	1047.23791503906	-5.27876615524292	22.6302337646484	1030.59509277344	-18.5149841308594	18.8446178436279	1022.08465576172	-32.9292297363281	11.5463933944702	1031.67724609375	-43.0658874511719	1.85228109359741	1059.31896972656	-37.7296104431152	-10.7973928451538	1060.15490722656	-15.7626209259033	8.91297054290771	1053.18176269531	-32.590389251709	-28.970890045166	1059.701171875	-19.6948413848877	-30.3302059173584	1071.86022949219	-10.0386476516724	-37.9259719848633	1073.322265625	-9.46119403839111	-9.21345043182373	1064.65368652344
HNCC-03-22	-1.2219352722168	56.838752746582	1145.05932617188	-1.57514727115631	52.3729667663574	1137.84484863281	-1.91297233104706	44.7626075744629	1117.31311035156	-1.7891526222229	25.2670783996582	1091.16137695312	-1.84712195396423	23.4503803253174	1086.13696289062	-2.1200635433197	-64.7521820068359	1111.30432128906	-2.10343384742737	-47.612232208252	1129.99340820312	-1.80215454101562	-31.9981651306152	1135.38598632812	-1.70862007141113	-6.38735294342041	1123.783203125	-1.40794467926025	8.61578464508057	1132.59069824219	-1.89884376525879	41.4926490783691	1139.07934570312	9.48015308380127	50.9208030700684	1143.33898925781	11.1349039077759	49.6130142211914	1143.03857421875	14.4162063598633	42.875919342041	1145.76745605469	18.0903472900391	31.8473339080811	1146.19250488281	15.2014122009277	4.89228248596191	1142.9736328125	10.2180624008179	1.02275478839874	1139.87780761719	3.26413989067078	41.9343032836914	1119.32312011719	1.15937101840973	23.3972473144531	1097.28637695312	14.8782320022583	20.0689315795898	1087.81359863281	31.1108093261719	10.9005069732666	1098.84106445312	40.3349685668945	-4.30674695968628	1124.21691894531	34.6435890197754	-14.2876386642456	1124.97155761719	11.3024787902832	4.66520500183105	1118.46789550781	28.4945774078369	-31.4186668395996	1122.470703125	14.6244764328003	-33.7382659912109	1133.21545410156	5.7426609992981	-40.5167045593262	1134.12243652344	4.91953229904175	-12.0223608016968	1128.32336425781	-12.6715078353882	51.2394676208496	1144.18542480469	-13.8808317184448	50.3689193725586	1144.13330078125	-17.5147552490234	44.1674423217773	1146.009765625	-21.259952545166	32.7342567443848	1146.79284667969	-20.0192108154297	5.94159364700317	1143.21948242188	-13.831506729126	2.56343078613281	1139.18200683594	-6.81653261184692	42.5718574523926	1119.58898925781	-4.76462697982788	23.4464721679688	1097.13037109375	-18.155101776123	20.4371070861816	1087.85876464844	-34.534351348877	11.4007530212402	1098.69909667969	-44.7890930175781	-4.87445735931396	1124.5478515625	-38.0785217285156	-13.6486301422119	1124.41442871094	-15.4416961669922	5.3438458442688	1118.83776855469	-31.7166843414307	-32.1808547973633	1122.10327148438	-18.3802928924561	-34.4998779296875	1133.2587890625	-9.86238861083984	-40.4406661987305	1133.56274414062	-8.6181468963623	-11.6041326522827	1128.49926757812
HNCC-04-14	-1.57178354263306	68.3832321166992	1068.41174316406	-1.30590045452118	61.1814384460449	1059.5791015625	-1.57689106464386	45.4027404785156	1036.4287109375	-1.98399317264557	21.6560115814209	1012.49676513672	-2.09941554069519	17.8986282348633	1007.35272216797	-0.897147834300995	-74.1186141967773	1035.99731445312	-1.0530412197113	-57.4975624084473	1061.2998046875	-1.13108658790588	-39.5147171020508	1063.01062011719	-1.49424588680267	-11.2624359130859	1049.15014648438	-1.68489348888397	6.99403762817383	1057.31982421875	-1.51628077030182	47.2222595214844	1062.61193847656	11.5703477859497	61.0606422424316	1066.40307617188	13.1116571426392	58.8289222717285	1066.68347167969	17.828197479248	48.9337425231934	1068.59375	20.9451522827148	37.1956100463867	1071.78942871094	17.4021320343018	9.14686393737793	1071.63708496094	10.7809143066406	2.42874312400818	1065.60095214844	4.81943273544312	44.6844520568848	1040.00085449219	2.3362135887146	19.9825191497803	1021.41998291016	17.7139930725098	16.2577381134033	1010.78503417969	36.2529602050781	8.16684246063232	1020.00524902344	46.7069244384766	-10.6489019393921	1050.28576660156	38.9883041381836	-19.9949474334717	1050.06811523438	14.8905639648438	2.17394328117371	1044.15100097656	32.5954704284668	-40.7510261535645	1046.78015136719	17.3251476287842	-42.154899597168	1059.455078125	7.69054985046387	-51.0596580505371	1064.38427734375	7.14910745620728	-20.5796699523926	1054.27648925781	-15.2154150009155	60.5039291381836	1067.30725097656	-16.5299777984619	58.8357582092285	1067.59387207031	-20.7193050384521	48.9744911193848	1069.76586914062	-22.9394836425781	37.4367904663086	1072.64440917969	-18.8903522491455	8.75228786468506	1072.87744140625	-13.0493669509888	0.426145642995834	1066.85803222656	-7.81719970703125	44.6459579467773	1040.29357910156	-5.63207721710205	19.8369045257568	1021.73217773438	-21.349552154541	16.1964435577393	1010.93493652344	-38.9761085510254	7.82431507110596	1020.85223388672	-48.5737991333008	-9.71962928771973	1053.69104003906	-40.5211868286133	-20.620231628418	1051.4169921875	-17.8203067779541	1.73122346401215	1045.1240234375	-34.8477401733398	-42.6033248901367	1048.50354003906	-19.5310230255127	-42.9925384521484	1061.58447265625	-9.17355632781982	-51.5636329650879	1064.50048828125	-9.89585781097412	-20.8498096466064	1055.50378417969
HNCC-04-15	-1.7353892326355	66.0950012207031	1135.52941894531	-1.53007471561432	59.8697166442871	1124.72644042969	-2.5480420589447	47.9971237182617	1104.49975585938	-2.0846004486084	23.3049640655518	1079.01672363281	-2.21851301193237	20.2848930358887	1074.96228027344	-0.7977374792099	-62.5479125976562	1119.35620117188	-0.856025815010071	-41.3483543395996	1133.32373046875	-1.41725885868073	-26.7547931671143	1134.48583984375	-1.67122375965118	-5.3669056892395	1120.7958984375	-0.92350310087204	12.1726121902466	1127.45166015625	-1.50900661945343	49.7673416137695	1127.27368164062	9.33929634094238	62.7363204956055	1132.802734375	10.2835102081299	62.0510711669922	1132.92028808594	15.0943450927734	57.4244537353516	1135.99743652344	18.0338573455811	46.4747200012207	1137.34338378906	16.9947395324707	19.3019886016846	1138.6298828125	10.3730745315552	7.35674953460693	1133.94787597656	2.80551791191101	46.9881324768066	1107.10266113281	1.30273914337158	24.1367473602295	1088.48474121094	15.5091886520386	17.7188053131104	1080.49584960938	33.002311706543	11.0058107376099	1089.15307617188	42.1013832092285	3.36478590965271	1117.26147460938	35.9672088623047	-10.0453271865845	1120.25146484375	13.4094829559326	6.26977205276489	1112.39245605469	30.9389572143555	-29.2393379211426	1120.66381835938	14.5792932510376	-29.7277870178223	1131.9365234375	6.2601957321167	-34.9801406860352	1134.36975097656	5.27131032943726	-10.0655794143677	1124.78430175781	-12.7635831832886	62.2734375	1133.44970703125	-14.4727077484131	60.7295532226562	1133.54357910156	-18.374267578125	55.9734153747559	1135.76049804688	-21.0860538482666	43.9167594909668	1137.92749023438	-19.7924251556396	18.5154056549072	1139.73657226562	-12.360372543335	6.61148691177368	1134.36596679688	-7.5484790802002	46.917407989502	1107.4033203125	-5.10560464859009	22.896520614624	1089.35632324219	-19.4679927825928	17.7235908508301	1080.4541015625	-35.780933380127	9.25789165496826	1090.30847167969	-44.7510223388672	1.71103703975677	1118.66760253906	-38.8693809509277	-10.6470441818237	1122.44116210938	-16.0989780426025	6.44013690948486	1113.16552734375	-33.1209106445312	-29.9725685119629	1122.37060546875	-15.9976139068604	-29.9374599456787	1133.26953125	-8.07320499420166	-36.0119514465332	1134.45874023438	-8.74538516998291	-10.7213726043701	1125.23754882812
HNCC-04-60	-2.18767499923706	68.3659210205078	1065.30688476562	-1.95155382156372	63.6726036071777	1059.60034179688	-1.57480776309967	48.0622329711914	1039.66015625	-1.8840719461441	20.599536895752	1017.19952392578	-1.91059124469757	17.158712387085	1013.16040039062	-2.40415859222412	-68.0293273925781	1060.53540039062	-1.71627557277679	-46.7107429504395	1070.96801757812	-1.30650532245636	-27.5214786529541	1071.13061523438	-1.836381316185	-3.95830750465393	1055.78405761719	-1.48006820678711	13.7251996994019	1061.58410644531	-1.39179515838623	49.6236038208008	1064.11083984375	9.42116355895996	64.1081924438477	1063.5947265625	11.2910490036011	62.6552886962891	1064.17565917969	16.3248462677002	56.3923568725586	1068.15209960938	19.1176109313965	44.9694480895996	1071.20593261719	16.8314018249512	18.7932147979736	1073.88830566406	11.1111450195312	9.94517421722412	1070.02380371094	3.61027812957764	45.754264831543	1042.19213867188	1.31905317306519	21.3720149993896	1025.04138183594	15.7730779647827	14.3339786529541	1016.46588134766	32.063663482666	10.7883796691895	1027.67663574219	44.6787948608398	-2.15149331092834	1060.56774902344	37.685359954834	-11.2505178451538	1059.98474121094	12.6566638946533	9.01480293273926	1049.42810058594	32.2563209533691	-31.7167110443115	1059.91223144531	17.2289638519287	-30.9510040283203	1069.92333984375	6.42969226837158	-36.8970260620117	1072.33801269531	6.32404232025146	-10.7270593643188	1062.83374023438	-13.2385501861572	63.4319725036621	1064.658203125	-15.4339780807495	62.1975479125977	1064.77661132812	-19.9311199188232	55.3450965881348	1068.23999023438	-21.8775024414062	45.060359954834	1071.02807617188	-19.0877075195312	18.5732803344727	1072.35229492188	-13.6994686126709	10.0070085525513	1069.85339355469	-7.85114240646362	46.0924758911133	1042.68591308594	-5.29596042633057	21.0473003387451	1026.02185058594	-18.3151550292969	15.2284936904907	1016.42431640625	-34.7476005554199	11.3114976882935	1026.50402832031	-47.823299407959	-3.44451475143433	1060.44641113281	-40.3532752990723	-11.0226058959961	1059.58850097656	-17.2780914306641	10.1317110061646	1049.62255859375	-35.6570243835449	-32.0187301635742	1060.93579101562	-19.8858661651611	-30.921724319458	1071.25793457031	-10.2337074279785	-36.2860717773438	1072.04760742188	-9.67846488952637	-10.2414789199829	1062.51184082031
HNCC-04-85	-0.354353666305542	65.3612899780273	1151.62194824219	-0.546419680118561	60.0901336669922	1143.39221191406	-0.678293585777283	50.7174491882324	1121.42138671875	-0.382371068000793	22.2446250915527	1095.212890625	-0.375128537416458	18.5309448242188	1090.09875488281	-2.09672546386719	-64.0645141601562	1128.94140625	-1.9100147485733	-45.330135345459	1145.79382324219	-1.34964883327484	-28.7629795074463	1146.55944824219	-0.700390338897705	-5.1479983329773	1131.99475097656	-0.516211926937103	13.8895244598389	1139.18310546875	-0.989620387554169	48.9475593566895	1144.916015625	10.6488208770752	59.445858001709	1149.66101074219	12.4825487136841	57.4260635375977	1150.51538085938	15.407732963562	52.3378257751465	1151.3671875	19.0014495849609	41.3767204284668	1152.587890625	17.8298969268799	15.3350496292114	1151.51635742188	11.4167442321777	7.84948682785034	1145.47241210938	4.59821653366089	47.9019660949707	1124.27685546875	2.68048715591431	23.0823268890381	1103.62634277344	17.5281734466553	16.6088943481445	1094.40539550781	32.3176307678223	10.4726810455322	1105.26794433594	44.4358901977539	-0.836531400680542	1133.76647949219	37.2953262329102	-13.1234340667725	1134.46264648438	14.3323621749878	8.18629264831543	1125.58825683594	31.4722957611084	-31.8183326721191	1134.05834960938	17.0035781860352	-31.8299465179443	1145.78735351562	6.43670701980591	-38.6158676147461	1147.77111816406	6.57603406906128	-9.51221656799316	1135.2744140625	-12.1620187759399	59.5042839050293	1149.94519042969	-13.8301811218262	57.9844093322754	1150.00866699219	-16.8739452362061	52.5371208190918	1150.46423339844	-20.8244819641113	41.2666854858398	1151.97021484375	-18.5452613830566	15.3012495040894	1151.17492675781	-12.7545585632324	8.24176692962646	1145.966796875	-6.07221746444702	48.4177742004395	1123.67822265625	-3.3719208240509	22.76833152771	1104.14270019531	-16.821834564209	17.9260158538818	1094.65637207031	-32.7423095703125	10.4457483291626	1103.42431640625	-45.7978515625	1.0098751783371	1133.56994628906	-39.3575859069824	-11.3059406280518	1133.70959472656	-15.4868974685669	8.03311634063721	1126.33581542969	-34.3186416625977	-31.5236549377441	1133.36499023438	-19.540864944458	-30.7489471435547	1145.05615234375	-9.51020622253418	-37.9397392272949	1147.63549804688	-9.32669925689697	-9.81755447387695	1136.49328613281
HNCC-04-89	-1.95724380016327	64.6502838134766	1123.21557617188	-2.46829628944397	56.7780532836914	1115.00512695312	-1.86571979522705	43.5239105224609	1094.49255371094	-0.28672382235527	15.9968461990356	1074.07934570312	-0.368541389703751	13.419900894165	1070.97717285156	0.808672487735748	-61.4166374206543	1122.46008300781	0.0471110306680202	-40.7753067016602	1133.50646972656	0.0129547454416752	-19.8722629547119	1132.46813964844	0.0980203747749329	-2.09339690208435	1113.76123046875	-0.279057502746582	13.7194156646729	1120.24975585938	-2.21644401550293	46.9678840637207	1118.10229492188	8.19689846038818	60.8183174133301	1122.05944824219	10.113263130188	58.6950378417969	1122.8408203125	13.2029914855957	54.4728698730469	1124.59851074219	16.9069900512695	44.0574264526367	1127.60412597656	18.3906269073486	18.9378223419189	1131.18420410156	11.9223766326904	9.85572052001953	1127.59619140625	2.95131349563599	42.2768287658691	1097.54321289062	2.34061026573181	17.259105682373	1082.98864746094	15.8925485610962	11.22119140625	1075.43359375	32.1518363952637	8.0752592086792	1084.94177246094	44.1364402770996	0.399966567754745	1114.54943847656	38.0733375549316	-9.22842502593994	1117.3701171875	12.747688293457	7.53662109375	1107.12829589844	30.2484874725342	-25.5515995025635	1120.24975585938	16.5927429199219	-24.4149436950684	1131.27355957031	8.29058933258057	-30.0048904418945	1134.56518554688	7.3311357498169	-7.40499258041382	1120.6748046875	-12.2978363037109	60.0959281921387	1122.6845703125	-14.1956491470337	58.4822616577148	1123.57946777344	-16.7993068695068	54.0549621582031	1125.95349121094	-20.1789093017578	42.8937873840332	1128.66467285156	-19.0150337219238	18.0242862701416	1131.21484375	-12.4322919845581	9.41082763671875	1127.49658203125	-7.48715734481812	40.7036781311035	1097.94165039062	-3.12637829780579	17.2490978240967	1083.23718261719	-16.3622398376465	10.325798034668	1075.30090332031	-32.0012435913086	6.18100547790527	1084.32739257812	-44.3056411743164	-2.4536280632019	1113.54150390625	-38.4778785705566	-10.4330062866211	1116.13391113281	-15.2088851928711	8.10967540740967	1108.5166015625	-29.9054164886475	-26.8917617797852	1119.69543457031	-16.6349506378174	-24.8305816650391	1130.88391113281	-8.24833011627197	-29.6119728088379	1134.59326171875	-7.1399097442627	-7.47674942016602	1120.09240722656
HNCC-05-17	-1.84780657291412	67.6182556152344	1070.17016601562	-1.5975376367569	60.7333526611328	1061.93115234375	-1.31028509140015	46.6131706237793	1037.88049316406	-1.20744097232819	18.9598159790039	1013.87365722656	-1.14658188819885	16.0157566070557	1009.95825195312	-1.26863253116608	-67.9432754516602	1044.47766113281	-1.63921582698822	-49.2146530151367	1064.96618652344	-1.89612400531769	-32.4217376708984	1068.12377929688	-1.47333240509033	-8.37917613983154	1052.38842773438	-1.61595904827118	8.75362586975098	1060.26928710938	-1.45863831043243	48.4570503234863	1065.20300292969	9.66119289398193	61.8768005371094	1068.49914550781	13.4059534072876	59.2707710266113	1069.19653320312	16.1891555786133	52.4058456420898	1071.55029296875	17.181770324707	39.5636215209961	1073.10327148438	15.5427331924438	12.8055000305176	1074.60607910156	10.8823194503784	4.68342065811157	1067.7021484375	4.34731483459473	43.8443450927734	1041.59985351562	2.25967454910278	18.9601230621338	1022.06317138672	16.4360656738281	13.1514081954956	1013.78234863281	36.2373504638672	5.29475784301758	1025.58129882812	48.8920249938965	-8.48089694976807	1056.65783691406	38.7031326293945	-17.0226421356201	1056.67626953125	13.3553304672241	1.61296534538269	1045.80163574219	32.8986434936523	-37.3228149414062	1054.86022949219	15.5708141326904	-35.9432525634766	1064.78015136719	6.0838680267334	-43.3591384887695	1067.99230957031	6.47773933410645	-15.6596279144287	1057.796875	-14.2179088592529	62.331184387207	1067.91455078125	-17.6398696899414	59.3513832092285	1069.06604003906	-19.8384914398193	51.6446075439453	1072.00634765625	-22.0567722320557	40.2121658325195	1073.45739746094	-19.982027053833	12.5065069198608	1074.63684082031	-13.7980890274048	3.74775075912476	1067.96569824219	-7.43826866149902	44.241886138916	1041.61328125	-5.25733232498169	18.4105396270752	1022.83142089844	-20.7059192657471	13.5531005859375	1013.66137695312	-40.3878059387207	6.44432020187378	1026.75085449219	-52.8671989440918	-6.48692512512207	1056.92456054688	-42.803466796875	-16.8383960723877	1056.73522949219	-17.2822036743164	2.90854358673096	1046.51623535156	-36.9082870483398	-38.3301963806152	1053.88269042969	-19.1272888183594	-36.4883689880371	1064.79943847656	-9.7494535446167	-42.6910629272461	1067.39758300781	-9.1842737197876	-15.7231740951538	1058.07641601562
HNCC-05-23	-1.30407118797302	61.6623687744141	1145.54272460938	-0.985337734222412	56.4233551025391	1137.52233886719	-1.43253087997437	45.8647422790527	1116.93237304688	-1.41592013835907	25.0294418334961	1090.0595703125	-1.70291709899902	21.6998291015625	1085.07653808594	-2.12967944145203	-64.7428359985352	1121.34594726562	-1.94476854801178	-42.7171592712402	1137.306640625	-1.46857607364655	-26.4994335174561	1139.39526367188	-1.82691836357117	-3.72933888435364	1125.16271972656	NA	NA	NA	-1.45755755901337	47.6179389953613	1139.68188476562	NA	NA	NA	11.0429315567017	53.9517288208008	1144.50805664062	14.1421041488647	48.379638671875	1145.67687988281	16.7833976745605	38.9700126647949	1146.79577636719	16.5341053009033	14.6489782333374	1145.22863769531	10.1900663375854	5.97596979141235	1141.41247558594	4.26123952865601	44.5536003112793	1119.12951660156	1.83640551567078	24.7597122192383	1097.76965332031	15.849271774292	21.2837753295898	1090.61901855469	31.5106143951416	12.962381362915	1101.72546386719	41.8622512817383	0.631337642669678	1130.04968261719	36.0788917541504	-13.9417848587036	1128.39135742188	11.2409496307373	6.75771379470825	1119.91186523438	30.6920490264893	-31.7239322662354	1126.4501953125	14.8646612167358	-30.6798973083496	1137.53344726562	5.19720840454102	-36.5147323608398	1140.04821777344	6.32147455215454	-8.86081504821777	1129.80053710938	-11.874135017395	57.0819206237793	1143.58435058594	-13.8261079788208	54.3652000427246	1144.28283691406	-16.9163494110107	48.5580101013184	1145.50439453125	-19.8585987091064	39.6234550476074	1146.40625	-19.7447605133057	15.7323865890503	1144.79028320312	-14.7685613632202	6.92961549758911	1140.70458984375	-6.69003963470459	45.0367622375488	1118.42602539062	-4.5828857421875	23.8448066711426	1098.30627441406	-17.4262046813965	21.7579212188721	1090.49328613281	-33.7981643676758	12.9501762390137	1100.92163085938	-45.9367408752441	1.86205434799194	1129.25256347656	-40.1067810058594	-12.194019317627	1128.95971679688	-15.8565034866333	6.4497332572937	1120.08422851562	-33.9578819274902	-30.889310836792	1126.82458496094	-18.0751571655273	-30.5144500732422	1137.79577636719	-9.1377363204956	-36.2027931213379	1140.19677734375	-9.38351535797119	-9.03059673309326	1130.67724609375
HNCC-05-43	-2.39543962478638	69.8822555541992	1084.89953613281	-1.64356803894043	63.7949485778809	1075.23510742188	-0.776713728904724	49.3524322509766	1051.15246582031	-0.353831589221954	22.4465103149414	1022.3017578125	-0.223014622926712	19.0424270629883	1018.44128417969	-1.51775634288788	-67.8594055175781	1056.53186035156	-0.60775899887085	-50.6442680358887	1071.70568847656	-1.14961981773376	-31.9002132415771	1075.95654296875	-0.728450953960419	-5.83184957504272	1062.15563964844	-0.788943767547607	12.2002000808716	1072.57788085938	-1.49215757846832	51.8045616149902	1078.80578613281	10.518009185791	65.3957748413086	1083.884765625	14.7445583343506	62.2380218505859	1084.10717773438	17.906156539917	54.0473098754883	1086.21643066406	20.1173629760742	41.3094329833984	1087.47509765625	17.9407844543457	17.2101554870605	1087.52014160156	11.8343830108643	6.28677654266357	1080.84313964844	4.3245849609375	48.1871795654297	1054.27026367188	3.22654867172241	23.048713684082	1032.51306152344	16.8677005767822	18.6000366210938	1023.37261962891	37.1942520141602	10.1487340927124	1036.50415039062	47.797492980957	-6.64856195449829	1065.76770019531	40.4963531494141	-14.7157306671143	1064.85852050781	13.2875919342041	7.90777063369751	1059.6201171875	32.3237228393555	-34.1001510620117	1063.16760253906	16.7028102874756	-35.7794342041016	1072.96472167969	7.91200065612793	-41.7822761535645	1074.71875	7.39342451095581	-13.9650831222534	1067.35400390625	-14.0460271835327	64.660774230957	1084.13818359375	-17.5512275695801	61.3786926269531	1084.60192871094	-20.7280769348145	52.9920883178711	1086.42749023438	-22.7999362945557	40.5040092468262	1087.59753417969	-19.3693027496338	16.5694751739502	1087.36328125	-13.412163734436	5.68175268173218	1081.06787109375	-7.08814001083374	46.6616630554199	1054.15771484375	-3.80334615707397	22.8005523681641	1033.02514648438	-18.1670551300049	18.096004486084	1023.10394287109	-37.6540451049805	10.4412870407104	1035.10656738281	-48.9410629272461	-6.31569623947144	1066.97802734375	-41.8163375854492	-15.4213628768921	1066.11291503906	-14.7979230880737	6.90523481369019	1060.14672851562	-34.6772270202637	-36.6158180236816	1063.36853027344	-19.6327114105225	-37.4318923950195	1073.4462890625	-9.13988018035889	-42.1691131591797	1074.90380859375	-8.73626708984375	-13.5110292434692	1067.09521484375
HNCC-06-23	-1.31897354125977	77.310661315918	1069.09802246094	-1.24029648303986	69.9979400634766	1061.87512207031	-2.07632923126221	51.6399383544922	1040.3525390625	-1.82996118068695	15.5093221664429	1020.42169189453	-1.817214012146	11.5897998809814	1016.50817871094	-0.664700031280518	-67.3022689819336	1072.74035644531	-1.62029671669006	-43.2384986877441	1085.35986328125	-1.66871643066406	-25.6972465515137	1085.54382324219	-1.52320182323456	-4.58400678634644	1064.74096679688	-1.60391426086426	17.0560111999512	1068.19152832031	-1.66698038578033	56.4268264770508	1066.84411621094	11.4081163406372	71.3660202026367	1069.37854003906	13.300196647644	69.4499282836914	1070.07556152344	17.3811264038086	60.0991554260254	1074.43994140625	19.773889541626	49.995288848877	1077.185546875	17.9007835388184	22.3537464141846	1080.96765136719	11.6302938461304	13.4770059585571	1077.10620117188	3.42280650138855	51.7006568908691	1044.09167480469	2.12046146392822	18.1569061279297	1030.26684570312	17.848051071167	12.8310651779175	1022.06030273438	35.8915100097656	5.64328670501709	1032.98645019531	48.8298149108887	-1.07837998867035	1068.05139160156	38.9611320495605	-13.4783592224121	1069.84716796875	14.3276081085205	7.5383620262146	1055.61975097656	35.5559616088867	-32.5854644775391	1072.5771484375	16.7315578460693	-29.2028961181641	1082.51477050781	6.31558036804199	-36.5328216552734	1086.34399414062	6.86209487915039	-8.78981304168701	1071.08288574219	-14.7618160247803	70.8382415771484	1069.28833007812	-17.6666831970215	68.6241226196289	1069.45751953125	-21.0079326629639	59.5669326782227	1074.41040039062	-23.430965423584	49.0099868774414	1077.24072265625	-20.1278495788574	21.7551345825195	1081.54797363281	-13.4732160568237	13.7099494934082	1077.22790527344	-8.09771823883057	51.416633605957	1044.93090820312	-5.79732704162598	18.2934722900391	1030.96215820312	-21.4281940460205	12.1051959991455	1022.0439453125	-39.533561706543	5.80011701583862	1033.48620605469	-51.5425300598145	-2.92835259437561	1067.87707519531	-41.9279556274414	-12.5137987136841	1070.73522949219	-17.9699325561523	8.13448619842529	1055.65112304688	-37.0149040222168	-32.6544075012207	1073.09045410156	-18.9638805389404	-29.0097579956055	1082.40649414062	-8.60459995269775	-37.2838363647461	1086.32946777344	-9.73633861541748	-9.5545482635498	1071.20324707031
HNCC-06-35	-2.78939151763916	58.1744346618652	1171.25610351562	-2.67244172096252	52.301025390625	1162.58203125	-2.57678508758545	42.5775108337402	1141.97717285156	-2.02882885932922	19.0960731506348	1119.24096679688	-1.86423707008362	15.2972278594971	1114.36267089844	-2.01382827758789	-63.9858589172363	1159.14404296875	-1.82928848266602	-42.0601272583008	1170.07214355469	-1.9424055814743	-25.8034820556641	1169.34729003906	-2.43959403038025	-4.52643728256226	1153.88171386719	-2.34255385398865	9.90845108032227	1161.59106445312	-3.07249784469604	42.9705390930176	1165.46362304688	7.76171922683716	52.3396873474121	1169.00280761719	9.45986175537109	49.4548988342285	1169.87878417969	13.4160861968994	44.5759544372559	1171.05981445312	16.6176738739014	35.0474853515625	1172.58093261719	13.8580751419067	10.7322616577148	1173.34899902344	8.91687297821045	5.05504179000854	1168.02453613281	2.25427937507629	40.5827674865723	1144.197265625	1.1007536649704	18.6719646453857	1126.65222167969	14.107816696167	12.3840236663818	1118.23742675781	29.8095893859863	6.7401065826416	1129.30358886719	42.0394744873047	-3.65478730201721	1157.57263183594	35.5001182556152	-12.1004476547241	1156.61303710938	11.0058650970459	4.28154182434082	1149.20910644531	29.7913494110107	-31.9261894226074	1156.07141113281	15.8564901351929	-30.3076572418213	1168.39086914062	5.63391923904419	-35.7044677734375	1171.08862304688	5.76121711730957	-11.8785285949707	1159.04296875	-13.5899391174316	52.1416854858398	1169.12023925781	-15.338583946228	49.0952796936035	1170.50744628906	-18.3735790252686	44.300968170166	1171.36584472656	-20.8200626373291	33.8288764953613	1172.42333984375	-19.3458805084229	9.99078845977783	1173.53051757812	-13.8392238616943	4.12275266647339	1167.98657226562	-7.40463447570801	40.4741592407227	1143.98779296875	-5.12949848175049	18.3738059997559	1126.87780761719	-17.9349746704102	10.3704586029053	1117.177734375	-34.3177871704102	6.74656295776367	1128.34533691406	-45.833625793457	-3.20210814476013	1156.40539550781	-39.3385848999023	-12.7815475463867	1156.27429199219	-17.2291622161865	4.66271591186523	1149.45666503906	-33.6269302368164	-33.3077545166016	1155.29748535156	-19.0172595977783	-30.7291393280029	1168.22180175781	-9.32847595214844	-36.1261138916016	1170.36486816406	-9.62054538726807	-11.6446800231934	1158.6875
HNCC-06-40	-2.25266671180725	61.5170440673828	1101.97045898438	-2.42157578468323	57.0335693359375	1092.95263671875	-2.56339502334595	46.3390045166016	1070.73291015625	-1.43750298023224	24.5441627502441	1042.05163574219	-1.69648003578186	21.6998958587646	1036.23364257812	2.27543067932129	-66.5759582519531	1054.64868164062	2.78897714614868	-54.5803451538086	1080.16931152344	2.63610744476318	-37.6100883483887	1086.77819824219	1.3481330871582	-9.81141662597656	1074.22497558594	0.664256691932678	6.10235643386841	1084.74609375	-1.2379629611969	46.1905784606934	1095.24426269531	9.36247253417969	56.2648849487305	1099.06579589844	11.7612819671631	54.0185279846191	1098.95690917969	15.6167840957642	46.6208763122559	1100.56103515625	19.8428955078125	35.225414276123	1101.74108886719	19.1005935668945	9.57766246795654	1100.3251953125	12.0805311203003	1.37326395511627	1091.14660644531	2.96964883804321	44.3365097045898	1072.14526367188	2.22187662124634	22.4412536621094	1050.72521972656	16.7695446014404	20.0612697601318	1039.77160644531	34.4558486938477	11.3292951583862	1046.76818847656	48.7394104003906	-6.98143196105957	1075.06433105469	40.4158935546875	-18.3553657531738	1075.43798828125	14.6210079193115	4.1260290145874	1071.82336425781	34.3642768859863	-37.2420616149902	1070.76477050781	20.2084503173828	-40.4114799499512	1082.81604003906	10.6549434661865	-47.4085350036621	1084.38232421875	8.67485237121582	-17.3030853271484	1078.86083984375	-13.1144428253174	55.1288833618164	1099.17687988281	-14.6136789321899	53.3576469421387	1099.22131347656	-18.5455799102783	44.5789909362793	1101.42602539062	-20.7774333953857	33.2790412902832	1102.22180175781	-17.9156398773193	7.09520864486694	1100.19580078125	-10.9072818756104	-0.0845162197947502	1091.39404296875	-7.5891900062561	43.347785949707	1072.85131835938	-4.54414701461792	21.9877834320068	1052.02380371094	-19.1501941680908	18.6574153900146	1041.73681640625	-35.7072143554688	8.86460304260254	1048.77758789062	-46.2145614624023	-8.41525936126709	1079.5146484375	-37.3787956237793	-21.1311283111572	1077.33032226562	-14.053463935852	3.33856391906738	1073.08801269531	-29.8007717132568	-40.3850021362305	1071.98217773438	-14.6321840286255	-41.1055297851562	1083.43823242188	-5.79335784912109	-48.5488548278809	1084.81030273438	-5.70843887329102	-18.3181400299072	1079.54516601562
HNCC-06-59	-1.47721529006958	72.2537612915039	1085.04211425781	-1.614302277565	65.8135299682617	1075.33703613281	-1.80615615844727	50.1434364318848	1052.37719726562	-0.884212493896484	24.5958080291748	1026.30310058594	-0.816403746604919	20.8927822113037	1021.03717041016	-0.364694744348526	-68.5905380249023	1057.31689453125	-0.233383372426033	-47.3176956176758	1077.60217285156	-1.28820693492889	-29.0318450927734	1077.92492675781	-1.02007162570953	-4.79630994796753	1062.5390625	-0.87261027097702	14.4733257293701	1074.40112304688	-1.505499958992	54.3060646057129	1079.19641113281	10.8808794021606	67.7113800048828	1082.23864746094	13.621955871582	65.2155380249023	1083.32556152344	18.1800899505615	57.154670715332	1085.69140625	20.7584075927734	45.9999809265137	1087.65515136719	18.5327396392822	19.5717658996582	1088.15466308594	11.2241907119751	8.57387351989746	1081.11462402344	4.01135206222534	48.1086006164551	1055.08557128906	2.45942378044128	25.2103595733643	1034.79272460938	16.81809425354	20.1237697601318	1026.1611328125	35.3818435668945	12.1284551620483	1035.18823242188	48.358959197998	-0.295716017484665	1067.47119140625	38.5775947570801	-12.0708084106445	1065.57824707031	13.4314460754395	7.14165639877319	1058.12414550781	33.879581451416	-33.550651550293	1064.26281738281	17.7598686218262	-33.0582008361816	1075.37622070312	7.86810111999512	-41.588680267334	1078.61376953125	7.56455278396606	-11.0930881500244	1068.33996582031	-13.4082498550415	66.3529586791992	1082.96228027344	-17.0082607269287	64.0238265991211	1083.15075683594	-20.281343460083	55.7303886413574	1086.89013671875	-23.5575656890869	44.7971954345703	1088.38854980469	-20.6124439239502	18.4908676147461	1089.50756835938	-13.8893098831177	7.65588092803955	1082.17016601562	-6.7469892501831	46.547534942627	1053.89184570312	-4.90649461746216	23.97682762146	1035.14172363281	-19.2149505615234	18.8927955627441	1025.76110839844	-36.683708190918	10.7035284042358	1034.63012695312	-51.1179885864258	-1.92260503768921	1067.80285644531	-42.6424827575684	-13.3280391693115	1067.18493652344	-17.0415172576904	6.66927814483643	1058.05554199219	-35.3199424743652	-36.0065078735352	1064.61682128906	-18.6633148193359	-33.8977699279785	1076.05578613281	-8.27951717376709	-41.5421905517578	1078.2451171875	-9.1336612701416	-11.6982774734497	1068.70178222656
HNCC-06-60	-1.90367376804352	67.5190963745117	1096.537109375	-1.57867479324341	61.6302375793457	1087.50329589844	-1.25477385520935	48.400016784668	1063.69458007812	-1.7780054807663	22.3065032958984	1035.68579101562	-1.89644610881805	19.2126846313477	1030.29650878906	-2.21715974807739	-70.7294998168945	1061.71313476562	-1.0720419883728	-49.6966018676758	1082.88623046875	-1.3110556602478	-32.279899597168	1086.71923828125	-1.25724351406097	-8.15360355377197	1070.62121582031	-1.14922034740448	8.73768615722656	1081.66735839844	-1.64574027061462	49.6649131774902	1089.8681640625	10.2254905700684	61.6831359863281	1092.94616699219	13.0195007324219	59.5836906433105	1093.86547851562	17.4363899230957	50.3152809143066	1096.63989257812	20.9040699005127	37.8136558532715	1097.17810058594	17.2135334014893	10.0324010848999	1096.77258300781	11.3936195373535	3.65333700180054	1089.25891113281	4.35883378982544	47.2344360351562	1066.80676269531	1.9946254491806	21.0422821044922	1043.44970703125	16.6507263183594	17.3761024475098	1035.16259765625	34.1314430236816	10.5353097915649	1042.12646484375	47.8886337280273	-8.50642490386963	1073.84997558594	40.444019317627	-15.9065380096436	1073.73010253906	13.6169652938843	4.47747230529785	1067.57995605469	34.4616584777832	-36.5770683288574	1071.20520019531	17.0843811035156	-35.9278564453125	1082.91137695312	6.86720657348633	-42.9720726013184	1085.53576660156	7.12890100479126	-13.7071714401245	1076.52404785156	-14.7017869949341	60.9940872192383	1092.83605957031	-18.2215385437012	59.128776550293	1093.2802734375	-20.6723499298096	50.3486785888672	1096.88342285156	-22.6643848419189	37.9603080749512	1097.31909179688	-18.5783367156982	10.0806608200073	1096.76416015625	-11.9758453369141	3.75781583786011	1089.01574707031	-7.48134231567383	46.6464233398438	1066.28100585938	-4.992347240448	20.7401809692383	1044.02563476562	-19.5008563995361	17.4407978057861	1036.28820800781	-36.5335922241211	10.6452760696411	1042.91198730469	-49.0068702697754	-9.14285564422607	1076.31201171875	-40.4370384216309	-15.9505205154419	1076.19250488281	-16.9307594299316	3.97423267364502	1067.99963378906	-36.2922744750977	-37.0222358703613	1073.36840820312	-17.6840934753418	-36.578010559082	1083.84899902344	-9.29450130462646	-42.6458282470703	1086.04431152344	-9.34908103942871	-15.3880767822266	1076.95764160156
HNCC-86-3Y	-1.55230629444122	60.4607009887695	1072.65185546875	-1.48598825931549	56.0557975769043	1065.67028808594	-1.35190010070801	46.122730255127	1045.81982421875	-0.726311087608337	22.5335998535156	1024.35668945312	-0.616306662559509	19.8438816070557	1019.85296630859	-1.15736365318298	-61.2413330078125	1060.63525390625	-1.36901068687439	-40.2495613098145	1076.85925292969	-1.4867752790451	-23.7450294494629	1077.59790039062	-1.85055291652679	-1.53592801094055	1061.33874511719	-1.9399266242981	13.3159503936768	1066.20275878906	-1.37020826339722	45.841739654541	1067.90148925781	8.6904296875	54.8852996826172	1071.58447265625	10.2861976623535	52.8897705078125	1072.30212402344	13.204517364502	47.827693939209	1073.40783691406	16.6403331756592	38.6270790100098	1075.02392578125	13.8299407958984	14.3930521011353	1075.97570800781	10.0303525924683	9.14262008666992	1072.50146484375	3.98904418945312	44.5907440185547	1048.67626953125	1.6618424654007	23.152322769165	1033.03881835938	14.7817726135254	19.7021083831787	1025.66943359375	30.0555667877197	13.1908826828003	1034.72790527344	39.8276176452637	5.2134518623352	1060.01428222656	32.3711585998535	-8.95611095428467	1061.60461425781	11.7467756271362	8.60375785827637	1055.53515625	28.2911777496338	-25.6100158691406	1063.37170410156	15.5796165466309	-28.1482219696045	1073.48706054688	6.82847738265991	-34.2453155517578	1078.64782714844	5.30295085906982	-8.4151611328125	1067.81372070312	-11.4485063552856	54.3272399902344	1072.03039550781	-12.746958732605	52.7986679077148	1072.61743164062	-16.0288887023926	46.7738304138184	1073.33337402344	-18.7913913726807	37.4370574951172	1075.44885253906	-16.6484088897705	14.7066488265991	1076.09545898438	-11.7805604934692	8.83523273468018	1072.43859863281	-6.47427654266357	44.5781326293945	1049.21374511719	-4.04963159561157	22.0512180328369	1032.98864746094	-17.3758716583252	19.1041488647461	1025.1826171875	-31.7692089080811	11.6754398345947	1033.72094726562	-42.1074180603027	3.24180030822754	1061.87609863281	-34.4569206237793	-9.83144760131836	1063.05444335938	-15.1659994125366	8.029953956604	1055.54296875	-31.3812561035156	-27.1164512634277	1064.48205566406	-18.0810394287109	-28.560417175293	1075.505859375	-9.77403259277344	-34.8424797058105	1078.28149414062	-8.49845314025879	-8.47880744934082	1067.29553222656
PRI-10044	-1.64596378803253	53.2962455749512	1031.66516113281	-1.44591927528381	46.9762878417969	1021.22912597656	-1.78652036190033	39.065502166748	998.021484375	-0.866930544376373	17.2787895202637	974.030395507812	-0.6861532330513	14.5480298995972	969.587036132812	0.421701371669769	-68.1429214477539	1001.70178222656	-0.295526593923569	-51.1700439453125	1018.90625	-0.054945383220911	-32.9267387390137	1020.56182861328	-0.872239589691162	-8.47947120666504	1005.88275146484	-0.741434633731842	7.11694526672363	1017.27020263672	-1.25548696517944	38.9809112548828	1022.29675292969	10.1537265777588	47.8203620910645	1028.55810546875	10.6945552825928	47.2742500305176	1028.73559570312	13.8791074752808	42.3787078857422	1029.5478515625	17.2522869110107	31.9263877868652	1030.73779296875	16.354866027832	6.57364559173584	1028.18237304688	10.8926181793213	1.11313712596893	1022.80895996094	2.52994346618652	38.9639358520508	1001.98626708984	2.30798196792603	17.7321834564209	982.133422851562	14.8096265792847	12.4430017471313	973.552490234375	30.8828449249268	7.72098636627197	984.67529296875	42.9420280456543	-2.62320590019226	1007.68731689453	37.0102577209473	-16.1566638946533	1010.01727294922	14.2637176513672	2.92882537841797	1001.90765380859	31.2686042785645	-35.3708648681641	1008.03540039062	16.831787109375	-35.5200958251953	1019.37512207031	8.11974906921387	-41.9849815368652	1020.40759277344	7.66088962554932	-15.721508026123	1013.33685302734	-13.0259294509888	47.388858795166	1028.76538085938	-13.8363351821899	46.4346237182617	1028.63452148438	-16.6821117401123	41.4371757507324	1029.27160644531	-20.0203838348389	31.3246231079102	1030.69140625	-18.2611675262451	6.81696081161499	1028.49792480469	-14.1336469650269	0.743665993213654	1023.09020996094	-5.76775741577148	38.1923637390137	1002.18725585938	-3.95366334915161	17.72194480896	981.985046386719	-16.9239234924316	11.5584993362427	973.843994140625	-32.7536392211914	6.75199317932129	985.196533203125	-41.6675148010254	-4.30692100524902	1009.77124023438	-36.0858421325684	-17.7611503601074	1009.81079101562	-17.1880359649658	2.45502877235413	1002.25708007812	-31.7689533233643	-37.8926277160645	1009.47259521484	-17.4523334503174	-36.2887725830078	1020.98071289062	-8.09401893615723	-42.6112403869629	1021.26800537109	-9.05894374847412	-15.9025592803955	1014.6376953125
PRI-10045	-0.692190647125244	54.1481246948242	1033.18566894531	-0.823602557182312	50.2015647888184	1025.01391601562	-1.66158175468445	38.8558502197266	1001.13519287109	-1.70010328292847	15.3161792755127	976.751831054688	-1.71674013137817	11.4243593215942	970.570739746094	0.239135473966599	-74.5873413085938	1006.58575439453	0.0551025532186031	-56.9514579772949	1024.63403320312	-0.430050611495972	-37.9767570495605	1027.67724609375	-0.845950603485107	-15.2307863235474	1012.53295898438	-0.713539659976959	1.71503865718842	1022.55590820312	-1.12654685974121	39.0052337646484	1026.50720214844	11.3351278305054	48.2873001098633	1031.71911621094	12.3112812042236	47.2112922668457	1032.14379882812	15.9384937286377	39.2686042785645	1033.94067382812	18.053897857666	28.473913192749	1035.34521484375	16.2451114654541	1.6878274679184	1034.90209960938	11.3530120849609	-3.5057647228241	1027.86511230469	3.51347136497498	37.4849166870117	1005.0556640625	1.81492900848389	15.5884370803833	984.659362792969	15.220739364624	11.3103466033936	975.548706054688	32.8962783813477	5.14032411575317	985.039978027344	46.9821624755859	-11.7660284042358	1014.59582519531	38.3920249938965	-21.3821353912354	1015.66168212891	14.6363344192505	-1.12246298789978	1006.71716308594	32.9139518737793	-41.5301513671875	1014.30883789062	18.3532848358154	-42.2223052978516	1025.02734375	7.56199598312378	-48.4617538452148	1027.85961914062	7.32314395904541	-21.658016204834	1019.17633056641	-12.8564577102661	48.2113418579102	1032.00720214844	-15.0035409927368	47.3606262207031	1031.26831054688	-17.3535766601562	39.2535400390625	1034.28894042969	-19.2120704650879	28.6024475097656	1036.36120605469	-16.9804821014404	1.91553354263306	1035.85314941406	-12.2710981369019	-3.44632244110107	1028.98913574219	-6.661057472229	37.960765838623	1005.52673339844	-5.37848520278931	14.6698169708252	984.994079589844	-19.3033180236816	11.0639543533325	976.041076660156	-35.232364654541	3.43982100486755	985.852905273438	-48.5410842895508	-13.4499998092651	1015.94177246094	-39.8355941772461	-23.4145755767822	1015.91687011719	-15.7087182998657	-1.44164979457855	1006.47821044922	-33.2907524108887	-42.7981491088867	1015.42407226562	-16.8274784088135	-42.3080749511719	1025.44177246094	-7.39097499847412	-49.7300682067871	1026.93664550781	-8.30265235900879	-22.2761917114258	1019.16815185547
PRI-10076	-1.68596756458282	59.9585418701172	1011.36627197266	-1.20778286457062	54.4581260681152	1003.62872314453	-0.510884702205658	44.4013938903809	980.725158691406	-0.620566010475159	18.4946193695068	952.6376953125	-0.653419017791748	15.4724636077881	947.228576660156	-0.495483458042145	-73.8675994873047	979.625671386719	-0.963137567043304	-55.2886657714844	1000.50262451172	-0.845227420330048	-37.7681427001953	1003.80682373047	-0.87573778629303	-12.1475172042847	989.849670410156	-0.943459093570709	4.27328872680664	1000.20495605469	-1.106813788414	41.8015022277832	1005.15435791016	10.4429492950439	53.2070541381836	1009.26623535156	13.0842113494873	50.9557342529297	1009.87377929688	16.4599571228027	44.0939636230469	1011.45043945312	20.077730178833	32.5774345397949	1013.18518066406	16.0636672973633	6.08936977386475	1012.90222167969	10.9861001968384	-1.72179687023163	1006.20086669922	5.23361110687256	42.0561447143555	983.747985839844	2.48477244377136	17.596378326416	960.727722167969	16.5814971923828	13.3704500198364	951.882141113281	34.0959434509277	9.27680015563965	962.840454101562	49.5245628356934	-9.45748424530029	992.105529785156	37.8373641967773	-20.8760375976562	992.705261230469	14.8722429275513	0.382657796144485	983.861328125	31.0365524291992	-41.5214920043945	990.313598632812	16.9953517913818	-40.1202011108398	1000.95684814453	7.37051677703857	-47.6683464050293	1003.89654541016	6.53255033493042	-19.7905521392822	996.184753417969	-12.6905870437622	52.6647186279297	1009.41198730469	-15.8783559799194	50.0149841308594	1009.85186767578	-18.4855937957764	43.7426109313965	1011.28948974609	-22.2696228027344	32.5480728149414	1012.97503662109	-17.9293594360352	6.14448022842407	1012.62805175781	-12.9459247589111	-1.14592385292053	1006.83386230469	-5.68299674987793	42.6812705993652	984.27734375	-3.60571956634521	17.8415622711182	960.054260253906	-17.1681537628174	13.5152606964111	951.879699707031	-34.6725807189941	9.23800563812256	961.013305664062	-50.8411674499512	-7.67618656158447	990.749633789062	-38.2170791625977	-20.2135791778564	991.677001953125	-16.1419486999512	0.55103212594986	983.287658691406	-33.6745529174805	-41.681999206543	988.875183105469	-17.0045547485352	-39.408805847168	1001.15960693359	-9.1006031036377	-47.4780921936035	1003.77886962891	-8.35999298095703	-19.4018268585205	995.919128417969
PRI-10095	-2.90618348121643	54.8263130187988	1006.57116699219	-2.46925187110901	49.8801498413086	999.174560546875	-2.72767376899719	38.3743209838867	976.741516113281	-1.79096245765686	15.9077663421631	950.029602050781	-1.82482314109802	12.0791625976562	944.366271972656	-1.74850058555603	-71.9752426147461	976.492309570312	-1.73888802528381	-54.4924697875977	995.953735351562	-1.99179089069366	-38.0500640869141	998.239135742188	-2.08410263061523	-12.1812267303467	985.032409667969	-2.20668768882751	4.05042266845703	995.847595214844	-2.47300744056702	38.9093971252441	1002.46484375	8.86701488494873	50.29150390625	1006.01770019531	9.73237133026123	49.8955383300781	1006.19372558594	14.7534446716309	40.8368492126465	1008.46447753906	17.3812561035156	30.1876811981201	1009.77764892578	14.0759325027466	3.66560769081116	1008.78369140625	9.72030925750732	-2.25211882591248	1001.55364990234	1.99432361125946	37.0076484680176	979.924682617188	0.939090073108673	15.410849571228	958.2890625	14.6652765274048	11.03821849823	948.386657714844	31.3665447235107	6.16452121734619	960.1328125	46.4877700805664	-9.4115743637085	986.450500488281	37.4051399230957	-21.1678638458252	987.453369140625	13.1297073364258	-0.788000345230103	979.608154296875	30.4725742340088	-40.5266571044922	984.306030273438	15.2896776199341	-40.7266616821289	995.422058105469	6.1230411529541	-46.9416618347168	998.900085449219	6.00004386901855	-20.2184925079346	991.528137207031	-14.4601030349731	50.6287727355957	1006.05334472656	-15.2196292877197	50.3620185852051	1006.21026611328	-19.8314418792725	40.9300155639648	1008.68444824219	-22.468111038208	30.1204128265381	1009.91455078125	-18.9070529937744	3.55527925491333	1008.91571044922	-13.7720594406128	-2.84093332290649	1001.94696044922	-7.32873964309692	36.3534278869629	979.850708007812	-4.95017957687378	15.5061550140381	958.481079101562	-18.9194755554199	11.0339937210083	948.678771972656	-35.1979064941406	6.55310010910034	959.465393066406	-50.9382171630859	-9.88512802124023	987.353149414062	-42.16162109375	-21.6206302642822	988.518005371094	-17.1767387390137	-0.537370383739471	978.979064941406	-35.526969909668	-40.5293083190918	985.537231445312	-19.4574432373047	-41.4268684387207	995.832702636719	-10.1636524200439	-46.9987297058105	997.925476074219	-10.1648950576782	-20.7465839385986	990.944763183594
PRI-10110	-0.0616002418100834	48.147087097168	989.384338378906	-0.25659590959549	44.5901374816895	984.364135742188	-0.709968209266663	35.7866592407227	964.649536132812	-2.18656826019287	13.2086725234985	943.523376464844	-2.27692270278931	10.7413768768311	939.411010742188	-3.09484338760376	-62.9989738464355	973.709655761719	-3.68490552902222	-46.8526802062988	988.688720703125	-3.08899474143982	-30.0262699127197	990.035034179688	-2.05291414260864	-8.54974842071533	976.746765136719	-1.76173973083496	7.1196722984314	984.697509765625	-0.613981306552887	35.7717437744141	987.084106445312	10.0590467453003	43.7020149230957	990.028991699219	10.8642282485962	43.2704238891602	990.232055664062	13.669792175293	38.3722648620605	992.4599609375	15.9834270477295	29.2812805175781	994.449096679688	13.5567941665649	5.61976003646851	993.720520019531	9.48307991027832	0.959279656410217	989.647521972656	3.7473931312561	34.1322250366211	967.681884765625	0.414643973112106	13.6650848388672	951.298828125	13.2909832000732	8.27649974822998	942.040283203125	27.6493377685547	5.20083475112915	953.644470214844	41.4295082092285	-6.05646085739136	978.400268554688	33.1554412841797	-16.0777282714844	979.260986328125	11.1708211898804	-0.735183298587799	970.33837890625	25.7166347503662	-33.3227348327637	979.984008789062	13.6859560012817	-32.5728950500488	988.875183105469	4.19669532775879	-38.0545997619629	991.440856933594	4.00046682357788	-14.2050466537476	982.326904296875	-10.0149011611938	43.4515991210938	991.322570800781	-11.0368509292603	43.1764144897461	991.557434082031	-14.3192119598389	39.3231925964355	992.819641113281	-17.7215270996094	29.6115226745605	994.991394042969	-16.6002902984619	6.3540244102478	994.401062011719	-12.8911209106445	1.25644767284393	989.716735839844	-4.93035554885864	34.3507270812988	967.889953613281	-4.50745630264282	13.5805072784424	950.903198242188	-17.2437725067139	8.46546077728271	941.848266601562	-32.3385391235352	5.79543209075928	955.954406738281	-44.8006858825684	-4.42804861068726	981.253356933594	-36.4832534790039	-14.9333877563477	980.346496582031	-16.2175483703613	0.739359319210052	971.504577636719	-31.4192066192627	-32.4674034118652	980.562561035156	-18.8509731292725	-33.0352783203125	989.083984375	-10.9828605651855	-37.6447486877441	991.665161132812	-8.70176410675049	-13.6127119064331	982.017883300781
PRI-10126	-0.987354457378387	49.8822822570801	1000.64343261719	-1.05025851726532	45.8688468933105	992.41455078125	-1.24416530132294	37.0760650634766	970.428649902344	-1.19575798511505	14.9285793304443	946.621276855469	-1.23597764968872	11.9778919219971	941.389892578125	-3.23991084098816	-65.5001754760742	973.654418945312	-2.65014219284058	-50.7142753601074	992.678039550781	-2.26848840713501	-34.7780303955078	995.053833007812	-1.31470441818237	-11.1883392333984	982.062561035156	-1.27102148532867	3.56032872200012	988.803466796875	-1.28231334686279	35.5556488037109	992.972839355469	10.4138450622559	43.4704742431641	1000.20269775391	11.1548280715942	42.59375	1000.83361816406	13.4335451126099	38.1092338562012	1002.72320556641	16.655818939209	27.3651523590088	1003.0283203125	14.3010950088501	1.9604297876358	1002.23852539062	9.78125476837158	-3.0781033039093	996.012512207031	2.86750817298889	34.868236541748	973.667907714844	2.04246783256531	13.4902286529541	954.782775878906	15.3093557357788	9.99128532409668	945.389099121094	29.8580551147461	4.08253860473633	956.187561035156	40.0954895019531	-10.7874803543091	981.4453125	33.0120811462402	-21.1722602844238	982.6923828125	13.2646045684814	-2.38960027694702	975.779418945312	26.2335529327393	-37.9210090637207	982.937377929688	15.5073614120483	-38.1418876647949	993.539916992188	5.44633007049561	-44.6359062194824	996.204345703125	4.95321798324585	-17.9634647369385	988.379821777344	-12.0264568328857	44.8989753723145	998.831604003906	-13.5763530731201	43.6676788330078	999.3935546875	-17.1276588439941	38.163818359375	1001.37341308594	-19.4739608764648	28.438591003418	1002.1953125	-18.2107238769531	3.10534644126892	1002.00921630859	-12.9320316314697	-2.81646347045898	995.815063476562	-5.29337787628174	35.6884536743164	974.014709472656	-4.10461282730103	14.2320804595947	954.39990234375	-16.7989845275879	10.7434520721436	945.652526855469	-32.4928359985352	5.85944938659668	955.473999023438	-43.5991859436035	-10.1997327804565	982.063781738281	-36.0034561157227	-18.9081573486328	983.633483886719	-17.3359451293945	-1.59450173377991	975.324340820312	-30.79026222229	-36.6211853027344	983.685302734375	-18.9034786224365	-37.6998176574707	994.112121582031	-9.59760570526123	-44.4759902954102	995.445922851562	-7.54397583007812	-16.2113380432129	987.489318847656
PRI-10227	1.73946475982666	51.1260604858398	1241.9521484375	0.667850196361542	49.877269744873	1235.51782226562	-1.97411060333252	43.422794342041	1215.66638183594	-5.35733413696289	28.1211338043213	1192.53991699219	-5.66866540908813	26.5142154693604	1188.65539550781	NA	NA	NA	-4.51603221893311	-39.980640411377	1226.10070800781	-3.81026649475098	-24.4934978485107	1230.74011230469	-4.21795845031738	-2.01905989646912	1220.18249511719	-2.49875664710999	10.3810005187988	1230.12280273438	-0.0865115076303482	39.5256118774414	1235.28015136719	9.90327644348145	45.9198570251465	1237.81958007812	10.2963056564331	45.4552955627441	1237.89709472656	13.2168054580688	39.8600044250488	1238.35900878906	15.7088775634766	30.9759998321533	1238.42553710938	12.5268259048462	7.97017097473145	1234.60217285156	9.11985015869141	4.97868299484253	1233.04772949219	3.36693143844604	41.1137809753418	1218.67504882812	-1.76020431518555	26.3640575408936	1199.19299316406	10.0540733337402	22.3044853210449	1189.01025390625	25.9339637756348	15.3530082702637	1199.52136230469	34.6806259155273	-0.731309294700623	1220.1533203125	25.8346710205078	-9.56399726867676	1217.7568359375	8.68470764160156	6.59405994415283	1215.3974609375	22.3427410125732	-25.4315338134766	1215.44580078125	11.4712524414062	-25.2823314666748	1226.92419433594	2.23428177833557	-33.7059364318848	1229.09545898438	2.69693851470947	-6.83182144165039	1223.55395507812	-7.72732925415039	46.8789825439453	1240.93237304688	-8.00122833251953	45.5421257019043	1240.94958496094	-11.6000595092773	41.6242027282715	1241.77734375	-15.3492050170898	32.9590797424316	1242.30065917969	-16.3208160400391	10.2725830078125	1238.06848144531	-12.8417253494263	5.60062313079834	1235.46838378906	-6.61218786239624	41.9144439697266	1218.94165039062	-7.57629680633545	26.8733234405518	1199.91381835938	-21.2132587432861	23.1433925628662	1192.51928710938	-35.2445831298828	17.9567794799805	1205.56201171875	-40.7744636535645	1.52562487125397	1228.80615234375	-33.9510612487793	-8.21475791931152	1225.16687011719	-16.2540721893311	7.62100505828857	1218.2412109375	-32.1064910888672	-24.0456924438477	1222.05126953125	-19.0598258972168	-25.4543361663818	1230.8310546875	-10.5269145965576	-33.7901496887207	1230.21752929688	-10.3185415267944	-7.08290481567383	1225.07019042969
PRI-10228	0.126225173473358	51.4253463745117	1000.42565917969	-0.0234432052820921	47.8520278930664	992.7646484375	-1.71568405628204	36.7538299560547	972.236633300781	-3.57997822761536	15.1379957199097	948.259338378906	-3.89601516723633	11.7405786514282	943.248107910156	-3.99816393852234	-68.7225494384766	975.150695800781	-2.26793241500854	-51.5678520202637	993.813781738281	-3.12858366966248	-34.6596183776855	995.994262695312	-2.60076546669006	-11.2382307052612	982.417358398438	-1.99153232574463	4.27952194213867	990.477172851562	-0.614286482334137	36.8598442077637	994.412780761719	9.80183124542236	46.408317565918	999.296508789062	11.7787132263184	44.2874526977539	999.424011230469	14.6611347198486	38.9076728820801	1000.19641113281	18.563570022583	28.7310371398926	1000.73986816406	15.4040451049805	4.14770174026489	1000.76885986328	9.98720359802246	-1.98412442207336	996.549682617188	3.41417336463928	36.1671600341797	975.204040527344	0.338936239480972	14.7678737640381	956.3466796875	12.266773223877	9.48454666137695	946.212585449219	27.529956817627	4.41596698760986	956.063598632812	43.242862701416	-9.18114376068115	982.2421875	33.8957862854004	-20.9622535705566	984.058776855469	12.1863565444946	-1.39609205722809	977.010803222656	27.0621395111084	-38.3064193725586	982.307312011719	13.5801849365234	-38.2613143920898	993.971862792969	5.34379625320435	-43.7350807189941	995.883483886719	4.08430910110474	-17.7935962677002	988.31982421875	-10.1288290023804	47.2283821105957	999.848510742188	-12.3021240234375	44.4980583190918	1000.82360839844	-16.1959552764893	39.6425476074219	1001.58465576172	-19.8634185791016	29.5382308959961	1002.43762207031	-18.0590705871582	5.03143072128296	1001.79125976562	-12.7901945114136	-2.17230725288391	997.494262695312	-6.04211521148682	35.9713478088379	975.628295898438	-6.38753414154053	14.6173763275146	956.235168457031	-18.7462291717529	8.99647235870361	948.251281738281	-32.7779884338379	4.56012296676636	957.677917480469	-46.634635925293	-7.70590305328369	986.697509765625	-38.7138404846191	-18.3706436157227	986.995727539062	-17.007438659668	-1.55061030387878	977.208190917969	-33.0759544372559	-37.818302154541	985.21728515625	-18.6177062988281	-38.2965126037598	995.3447265625	-10.1301736831665	-44.5884971618652	996.571472167969	-9.31560897827148	-18.2831592559814	989.002746582031
PRI-10377	110.103950500488	56.2558555603027	852.763244628906	110.061141967773	51.4899940490723	858.367248535156	109.551132202148	43.9606819152832	874.000793457031	110.806297302246	23.5276126861572	896.94873046875	110.766975402832	20.8922691345215	900.368896484375	115.301155090332	-51.1835670471191	867.45263671875	113.919570922852	-33.5635833740234	853.554504394531	113.67236328125	-17.4922122955322	851.835021972656	112.199928283691	4.09287261962891	867.01513671875	112.081001281738	15.1256065368652	857.57275390625	110.58570098877	43.8813743591309	855.777893066406	101.01847076416	51.5288009643555	852.31005859375	100.429214477539	50.9905700683594	852.072082519531	97.4496917724609	46.860767364502	850.159851074219	94.1204605102539	37.3504829406738	848.363586425781	98.0792083740234	13.9295749664307	849.563842773438	102.035163879395	11.2135887145996	853.242980957031	105.230400085449	42.3170700073242	871.092468261719	108.29133605957	23.3827266693115	888.972961425781	97.2191543579102	17.5105857849121	898.852844238281	83.4385681152344	13.5710105895996	888.322509765625	73.4902038574219	1.99245011806488	863.395202636719	80.7399063110352	-6.56842565536499	863.560424804688	98.8988494873047	11.8413791656494	870.406616210938	87.1106948852539	-22.2358875274658	863.43310546875	98.8701324462891	-20.5846576690674	854.11962890625	106.938003540039	-26.0127754211426	851.255859375	106.656173706055	-3.39842939376831	862.152465820312	119.351676940918	52.2351722717285	852.570861816406	120.68302154541	51.7961387634277	852.196838378906	123.7529296875	47.6623191833496	850.74658203125	127.442047119141	38.358757019043	848.90478515625	125.783180236816	14.6795539855957	849.845336914062	122.118949890137	11.3606195449829	853.0712890625	114.573135375977	42.4701881408691	871.643432617188	113.020095825195	23.6469974517822	889.477233886719	123.999626159668	18.496654510498	899.203002929688	138.409408569336	15.8586492538452	889.834350585938	151.340026855469	4.33156776428223	865.101806640625	143.341720581055	-4.51626682281494	863.804809570312	124.625633239746	12.132981300354	870.687927246094	139.727813720703	-20.649076461792	864.082092285156	127.555160522461	-20.6068744659424	854.460205078125	120.997734069824	-25.3808403015137	851.613525390625	118.899238586426	-4.08086633682251	861.3994140625
PRI-10635	-1.31797444820404	48.7969970703125	999.187561035156	-1.1516455411911	44.1684989929199	990.698852539062	-0.575782060623169	34.8682174682617	971.216003417969	0.380586177110672	16.3242530822754	947.099609375	0.438336908817291	13.3923406600952	942.162109375	-0.04981504753232	-69.3492736816406	976.650146484375	-0.517210781574249	-50.7936668395996	994.1376953125	-0.523235499858856	-34.9068565368652	996.449645996094	-0.401069045066833	-11.7001523971558	981.341918945312	-0.848524808883667	1.80851483345032	988.792114257812	-1.3395631313324	33.7062187194824	993.339111328125	8.91927528381348	43.0037574768066	998.43359375	11.0243501663208	40.712589263916	999.521606445312	14.0008897781372	35.9597015380859	1000.89660644531	16.4782333374023	25.3860912322998	1002.41070556641	14.8802213668823	0.630250453948975	1000.29479980469	10.8499479293823	-2.94686102867126	995.966613769531	4.05294561386108	33.2964134216309	974.769653320312	2.87804412841797	15.2326135635376	955.482727050781	17.856746673584	12.8210353851318	947.7744140625	31.9193210601807	5.2328028678894	957.123901367188	42.8197174072266	-6.95113849639893	984.882629394531	34.7419738769531	-20.6029872894287	985.18212890625	14.2414741516113	-1.15187549591064	975.940490722656	29.9649524688721	-37.3696594238281	983.931457519531	16.7864360809326	-38.4973907470703	993.758972167969	7.56212377548218	-44.9074897766113	997.30517578125	7.35849237442017	-18.7409191131592	987.782287597656	-11.8012390136719	42.6267852783203	998.000915527344	-13.7362613677979	40.9859771728516	999.089904785156	-17.5625419616699	35.6442413330078	999.83349609375	-19.8927574157715	25.2406959533691	1000.94030761719	-17.5076637268066	0.315246850252151	998.846557617188	-13.1112689971924	-2.88586235046387	995.099426269531	-5.65084266662598	33.2348899841309	974.533752441406	-2.59621810913086	15.6183528900146	954.804382324219	-16.1803417205811	12.5797557830811	946.209167480469	-32.3589744567871	5.07309627532959	956.545532226562	-44.1857872009277	-7.82382488250732	979.881774902344	-34.5183563232422	-20.8751602172852	981.924194335938	-15.9665126800537	-1.64253830909729	975.277099609375	-30.4824733734131	-37.41796875	981.105041503906	-17.8634910583496	-38.7291679382324	992.274291992188	-8.13342571258545	-45.1334266662598	996.573974609375	-7.80929613113403	-18.9584941864014	987.147399902344
PRI-10651	-1.81844198703766	56.7567100524902	1000.15783691406	-1.80815124511719	51.2310218811035	991.455993652344	-2.29645895957947	44.6506843566895	970.864501953125	-2.3132266998291	20.5623550415039	947.734130859375	-2.47051286697388	17.3217124938965	942.957641601562	-1.61091113090515	-60.1673965454102	982.890930175781	-1.79496967792511	-39.1203155517578	995.088684082031	-1.96706664562225	-23.1117153167725	994.089477539062	-2.08197116851807	-3.73972511291504	982.410461425781	-1.98377108573914	11.2612457275391	990.090942382812	-1.73558914661407	44.4065361022949	995.301147460938	8.71229553222656	51.1352157592773	999.466186523438	9.8358097076416	50.3813743591309	999.994812011719	12.8632392883301	46.0694351196289	1001.54821777344	16.6003704071045	35.9813613891602	1002.70623779297	13.2868213653564	11.2430305480957	1002.10009765625	8.98962879180908	7.33875131607056	997.116516113281	2.81717348098755	42.6371765136719	974.315368652344	0.667384326457977	20.2836418151855	955.204772949219	14.0245923995972	16.2872829437256	946.637390136719	27.2451267242432	11.7273035049438	955.703125	39.2866401672363	0.279891610145569	981.016174316406	32.7088432312012	-8.87441635131836	983.714233398438	11.7676801681519	6.51109743118286	976.569213867188	28.6095600128174	-27.2902660369873	983.759582519531	13.5896368026733	-25.5436935424805	994.684204101562	4.86757135391235	-32.0656089782715	995.496948242188	4.07755756378174	-7.47560882568359	987.405639648438	-12.1105785369873	51.1658325195312	999.514770507812	-13.1905288696289	50.4324989318848	999.9580078125	-16.3904094696045	46.0011787414551	1001.49273681641	-19.7207736968994	36.2444381713867	1003.27752685547	-16.6269130706787	11.2666883468628	1002.25354003906	-13.174973487854	7.06876182556152	996.363098144531	-6.8529167175293	42.6759605407715	974.336059570312	-5.23343086242676	20.3572845458984	954.922058105469	-17.5728893280029	16.5501079559326	946.230041503906	-31.9218940734863	12.6511640548706	955.845947265625	-44.5793876647949	0.41208752989769	981.806640625	-37.0028190612793	-9.28760623931885	984.34765625	-17.0344848632812	6.85299587249756	975.722778320312	-31.7768859863281	-27.2584095001221	984.760192871094	-17.004566192627	-25.7484798431396	994.584716796875	-8.9032096862793	-31.6390037536621	996.415283203125	-8.83675479888916	-7.61475563049316	987.763488769531
PRI-10652	-0.281930416822433	54.2434272766113	997.579223632812	-0.750220119953156	48.6753273010254	989.120727539062	-2.17499184608459	40.2521667480469	970.860473632812	-3.98846769332886	16.8060283660889	948.282836914062	-4.15585279464722	13.948977470398	944.394287109375	-4.44665908813477	-66.2475280761719	984.100646972656	-2.85627365112305	-45.8827705383301	996.353820800781	-2.65371251106262	-29.1023235321045	996.572509765625	-2.43706631660461	-6.66960954666138	982.228210449219	-1.97123086452484	8.59761333465576	990.626098632812	-0.76642781496048	39.8659286499023	992.671325683594	10.0372819900513	47.8323860168457	996.885314941406	10.6874618530273	46.8631286621094	997.750061035156	14.5842599868774	42.4019889831543	998.732604980469	17.293514251709	31.680290222168	1000.20227050781	14.6569042205811	6.34028816223145	1000.12615966797	10.3595752716064	1.78111207485199	996.432312011719	1.83264112472534	38.4507675170898	973.281616210938	-0.646863996982574	16.9217758178711	955.358642578125	12.2289791107178	11.646502494812	946.933776855469	29.3639507293701	6.49887084960938	958.344116210938	41.813892364502	-8.7379560470581	983.336669921875	33.2668190002441	-16.6117935180664	983.367797851562	10.9769697189331	0.468349277973175	974.837219238281	26.1566505432129	-34.6768913269043	984.012634277344	13.3639554977417	-32.6514091491699	995.371887207031	4.83911228179932	-38.2494850158691	997.400085449219	4.86855888366699	-13.4771270751953	988.413146972656	-10.5754814147949	48.3838424682617	997.748107910156	-12.1791133880615	47.3737754821777	997.866577148438	-15.0863656997681	42.7337417602539	1000.37554931641	-18.7164993286133	32.518611907959	1001.72888183594	-17.7711029052734	6.7689414024353	1002.07586669922	-14.0922193527222	2.12823987007141	997.957397460938	-5.91217041015625	38.5322456359863	973.892761230469	-6.33377599716187	16.9865818023682	955.635864257812	-18.7649078369141	12.6255216598511	948.610778808594	-36.1758499145508	9.06971549987793	963.018859863281	-46.8745307922363	-7.59823751449585	988.734130859375	-38.9883842468262	-15.0325183868408	987.79345703125	-16.9202613830566	2.18124175071716	976.778381347656	-33.0492362976074	-33.3047904968262	986.917175292969	-19.4908256530762	-31.8668422698975	996.40234375	-10.3899812698364	-38.192066192627	997.68310546875	-9.81433963775635	-13.6839303970337	989.237121582031
PRI-10653	-2.27048087120056	49.6074295043945	997.959899902344	-1.89602935314178	44.9164772033691	990.324096679688	-2.50308537483215	36.4997024536133	968.555358886719	-2.39553070068359	11.181022644043	943.156860351562	-2.49882864952087	7.59087324142456	939.05859375	-3.35686278343201	-72.360969543457	980.306030273438	-3.02584147453308	-52.1132507324219	991.479187011719	-3.43993997573853	-33.8969993591309	993.121337890625	-2.87999534606934	-11.051028251648	978.362365722656	-2.7779643535614	4.93351650238037	987.252075195312	-2.15287089347839	35.5120697021484	992.01611328125	8.58553600311279	44.1738510131836	996.048156738281	8.91195297241211	44.0332145690918	996.537170410156	11.8956527709961	39.5113563537598	998.446899414062	15.3673095703125	29.2805271148682	1000.29309082031	13.3748741149902	3.73340225219727	998.172668457031	9.51359558105469	-0.299477517604828	993.314025878906	2.08693528175354	35.3148880004883	972.795471191406	0.0808987841010094	11.9336843490601	951.380432128906	13.4361000061035	6.60048723220825	943.747009277344	27.8904342651367	2.2499098777771	952.841796875	40.9167976379395	-7.11750793457031	982.860778808594	33.7684936523438	-19.4568748474121	983.307861328125	10.9885187149048	-1.23050606250763	973.961853027344	27.9072151184082	-36.8334426879883	982.931396484375	13.9794731140137	-35.8238983154297	991.745239257812	4.93664884567261	-42.5076560974121	994.580627441406	5.52168273925781	-16.1828327178955	984.699645996094	-12.9806222915649	43.6601142883301	994.967224121094	-13.6368474960327	43.0120315551758	995.201599121094	-16.6749057769775	38.5084609985352	998.534484863281	-20.5328273773193	28.3057518005371	999.730102539062	-17.9248142242432	2.46210360527039	997.856079101562	-14.7193946838379	-1.6685231924057	993.765563964844	-6.66409349441528	34.987850189209	972.737609863281	-4.91530895233154	12.0151062011719	951.482604980469	-17.8715057373047	6.42238759994507	942.873962402344	-33.6371383666992	3.14932107925415	954.686889648438	-45.4928779602051	-9.29508590698242	982.796691894531	-38.1600723266602	-19.6532688140869	983.164306640625	-17.0291423797607	-1.67290890216827	973.4619140625	-33.9673614501953	-38.0277862548828	983.143249511719	-20.3358020782471	-36.5047492980957	991.942443847656	-10.4667768478394	-43.8335762023926	993.851989746094	-10.479395866394	-17.6426944732666	985.073669433594
PRI-10658	-1.5813364982605	52.0354766845703	1020.54571533203	-1.77326858043671	49.1436996459961	1012.95300292969	-2.39942049980164	41.4433097839355	991.865051269531	-3.5561842918396	22.3550319671631	969.737060546875	-3.71452164649963	19.7243061065674	965.0224609375	-1.9450808763504	-60.5949325561523	993.369079589844	-2.52048349380493	-43.5333137512207	1010.18707275391	-2.47734928131104	-26.5488681793213	1012.43005371094	-2.93528127670288	-4.18088817596436	1000.87451171875	-2.34782075881958	9.93203067779541	1009.85144042969	-2.06562566757202	38.5396347045898	1014.19805908203	9.1628007888794	45.7872581481934	1018.61145019531	9.89707469940186	44.9198226928711	1018.96203613281	11.6824645996094	40.5474586486816	1020.15570068359	15.3980550765991	31.0175685882568	1021.45489501953	12.6101636886597	7.26793003082275	1018.96936035156	8.85384941101074	4.03104305267334	1015.34698486328	1.90382218360901	40.0276412963867	995.766662597656	-0.510261416435242	22.3361759185791	976.49365234375	12.48646068573	16.7307949066162	967.340209960938	27.3368129730225	10.8127555847168	979.103088378906	38.5069389343262	-2.412513256073	1002.91491699219	31.0491256713867	-12.9945707321167	1000.96710205078	12.3785076141357	6.0463752746582	995.493713378906	24.7488689422607	-30.9276332855225	1000.41961669922	13.9769735336304	-29.5914211273193	1011.75988769531	5.12569856643677	-36.0840644836426	1013.84509277344	4.26490306854248	-10.0595893859863	1005.79577636719	-11.7529907226562	46.2268943786621	1019.64685058594	-12.9821729660034	45.5999488830566	1020.05609130859	-15.5535535812378	41.0934715270996	1020.77093505859	-18.8599452972412	31.5105609893799	1020.74066162109	-16.1955070495605	8.21934223175049	1018.58068847656	-13.1278657913208	4.30008411407471	1015.29968261719	-6.84913158416748	40.2415428161621	996.833679199219	-5.98096895217896	21.6396083831787	976.771240234375	-20.0514545440674	17.7359313964844	968.033752441406	-33.4970741271973	10.8927316665649	981.29931640625	-42.5047454833984	-3.43584680557251	1006.30291748047	-36.945873260498	-12.4981718063354	1004.41925048828	-18.2868385314941	6.27354335784912	996.409057617188	-31.0700054168701	-30.0136184692383	1002.49066162109	-18.8558254241943	-29.568302154541	1013.07788085938	-9.98333835601807	-36.9997329711914	1013.67987060547	-9.1953935623169	-10.3376598358154	1006.62152099609
PRI-10673	-4.51983642578125	55.0862121582031	1017.55694580078	-4.25012874603271	49.2829895019531	1008.17449951172	-2.82978367805481	39.7517623901367	987.289367675781	-1.3087592124939	20.0721855163574	962.345764160156	-1.00734055042267	17.8505306243896	958.139953613281	-0.590746819972992	-67.1304397583008	990.714172363281	-1.28561019897461	-49.2650184631348	1006.10028076172	-1.68536996841431	-32.8905372619629	1009.21307373047	-2.06334972381592	-7.34436225891113	994.963562011719	-2.93613886833191	5.30351495742798	1006.66961669922	-3.88323879241943	38.7692375183105	1010.70739746094	6.17690515518188	49.088794708252	1016.74713134766	7.25920152664185	47.6097640991211	1017.5263671875	10.0603685379028	42.5273704528809	1019.41259765625	14.2915658950806	31.9981899261475	1020.35180664062	13.2015810012817	5.19780731201172	1018.67700195312	7.91856336593628	-0.232518687844276	1012.47259521484	1.99256300926208	38.7180137634277	991.836486816406	1.51360607147217	19.1900367736816	971.182373046875	14.3943767547607	14.8801040649414	962.227661132812	30.6141700744629	8.71066665649414	973.377380371094	40.5713119506836	-3.72302603721619	1000.28961181641	33.470142364502	-15.2600479125977	999.330993652344	13.3496351242065	2.52687954902649	992.473937988281	28.3122596740723	-34.0187721252441	996.618225097656	14.7555027008057	-36.4184455871582	1007.60314941406	6.14813613891602	-42.8447875976562	1009.23486328125	4.02288103103638	-16.0623531341553	1001.65631103516	-14.9106483459473	48.6241874694824	1016.16931152344	-16.5842170715332	47.0472640991211	1016.607421875	-19.3894348144531	42.502326965332	1017.76239013672	-23.065616607666	31.7107696533203	1019.24926757812	-20.2214775085449	4.51293897628784	1017.96032714844	-14.4789962768555	-0.925220668315888	1012.36975097656	-7.61295986175537	38.904052734375	990.611694335938	-4.68622446060181	18.7837238311768	971.327941894531	-16.8238410949707	14.4056158065796	961.685974121094	-34.4211883544922	7.8609447479248	972.64892578125	-44.6648788452149	-7.15316724777222	999.069946289062	-36.6220855712891	-16.762882232666	997.105346679688	-18.0315952301025	2.31432795524597	991.654663085938	-31.4261474609375	-35.952693939209	994.406799316406	-18.5225715637207	-37.5661544799805	1006.20367431641	-9.15849113464356	-42.7448539733887	1008.67095947266	-8.95281028747559	-16.1293621063232	1001.4794921875
PRI-10674	-3.5882887840271	52.4167938232422	1019.412109375	-3.34546875953674	48.2834053039551	1012.04986572266	-3.4067804813385	37.9540672302246	990.896545410156	-2.84156847000122	15.2091026306152	969.905212402344	-2.94089102745056	11.6594676971436	965.36376953125	-0.202818036079407	-67.7555084228516	1002.9580078125	-1.31391906738281	-49.0900764465332	1016.69372558594	-2.37647843360901	-31.5003547668457	1016.99310302734	-2.16540789604187	-8.67696571350098	1004.99224853516	-1.79280817508698	5.42263031005859	1013.00463867188	-2.85881161689758	37.1446876525879	1014.52331542969	6.87105131149292	47.0309028625488	1019.40649414062	8.04801559448242	46.0956192016602	1020.25964355469	11.2487888336182	41.8161430358887	1021.51092529297	14.7981853485107	31.8001499176025	1022.638671875	12.9630918502808	6.83134174346924	1022.921875	9.06855773925781	1.15124046802521	1018.32897949219	0.92158830165863	38.8864364624023	996.153381347656	-0.190124914050102	16.1635990142822	977.512756347656	12.7402544021606	10.277304649353	968.45849609375	27.7814273834229	7.10603141784668	979.381286621094	40.4370040893555	-3.66124987602234	1003.71978759766	32.9475784301758	-16.0209407806396	1005.72198486328	11.8084030151367	1.42443764209747	998.132629394531	28.5858325958252	-33.1936187744141	1006.22528076172	15.6309909820557	-33.0719108581543	1016.82806396484	6.07271194458008	-40.6773147583008	1018.04528808594	5.05075025558472	-14.7492952346802	1010.6396484375	-12.7977228164673	46.0413665771484	1020.31475830078	-14.7069711685181	45.2405128479004	1020.43292236328	-17.5077533721924	40.4002876281738	1021.86688232422	-20.2387943267822	30.4285449981689	1023.15051269531	-16.9831352233887	5.63407564163208	1022.88153076172	-13.8975257873535	0.866566121578217	1019.07867431641	-8.06622982025146	38.4936981201172	995.963073730469	-5.79331731796265	15.966607093811	978.083435058594	-19.0251998901367	10.1062574386597	969.459228515625	-33.0162963867188	5.84750604629517	980.780212402344	-45.3387756347656	-6.15243148803711	1007.40899658203	-38.3079147338867	-17.2506980895996	1007.42456054688	-16.9517364501953	1.46292114257812	998.670471191406	-31.9959316253662	-34.682201385498	1008.02386474609	-19.3968849182129	-35.4689521789551	1017.59918212891	-9.37142181396484	-40.9014434814453	1018.5458984375	-9.10855865478516	-14.6760854721069	1010.60418701172
PRI-10675	-1.18608176708221	53.7782592773438	1025.88244628906	-1.39791762828827	49.7863616943359	1018.96112060547	-2.0507984161377	39.9545936584473	996.901672363281	-2.42049622535706	18.8067226409912	973.801940917969	-2.56553387641907	16.33056640625	969.587097167969	-3.21412992477417	-67.4095916748047	997.822875976562	-2.56645321846008	-50.9782257080078	1017.91583251953	-2.13079762458801	-34.2672157287598	1021.23321533203	-2.03462433815002	-10.5687589645386	1010.07165527344	-2.20654034614563	6.3380880355835	1016.81658935547	-1.06667709350586	38.2162551879883	1019.80322265625	9.8867883682251	48.622142791748	1025.07421875	10.8592596054077	46.9635047912598	1025.76782226562	14.3652849197388	41.984317779541	1026.2705078125	18.1686630249023	31.3598766326904	1028.06860351562	14.5252456665039	6.57616662979126	1028.41284179688	8.91381740570068	0.623048186302185	1023.04077148438	2.62782740592957	39.2046279907227	1000.44567871094	0.234768703579903	18.7932910919189	982.802612304688	13.1236791610718	14.2365570068359	973.100524902344	29.6838855743408	10.8646240234375	984.550537109375	42.5080833435059	-5.40538835525513	1008.89349365234	34.6078224182129	-18.6090545654297	1010.60430908203	12.2110929489136	2.53291535377502	1003.64849853516	28.6328125	-36.8818397521973	1008.27850341797	15.3393821716309	-38.1261329650879	1019.63940429688	5.04979991912842	-43.7247047424316	1021.59881591797	4.26651954650879	-17.1555976867676	1015.29302978516	-12.1602487564087	48.5738754272461	1025.70092773438	-13.6128921508789	47.2296752929688	1026.19482421875	-17.1707458496094	42.1839218139648	1026.85119628906	-21.0084991455078	32.1418914794922	1027.68981933594	-18.6645202636719	7.31558036804199	1028.27416992188	-13.5332803726196	0.573823511600494	1022.66986083984	-6.18708276748657	38.9650344848633	1000.96795654297	-4.91429090499878	19.0647449493408	982.649475097656	-17.8130989074707	14.738977432251	973.264770507812	-33.9911994934082	11.3660688400269	983.801452636719	-47.3108100891113	-4.74603414535522	1008.82098388672	-38.8798141479492	-17.6290607452393	1010.21691894531	-16.9305686950684	2.51131391525269	1003.98065185547	-34.0845031738281	-35.8731346130371	1008.03833007812	-19.7845363616943	-37.9348907470703	1019.50921630859	-10.8361330032349	-43.7502937316895	1020.73260498047	-8.98012828826904	-16.7410621643066	1014.85168457031
PRI-10676	0.419372618198395	63.5527687072754	1033.248046875	0.472379416227341	61.3475761413574	1027.580078125	-0.561263501644135	46.8298759460449	1002.68359375	-1.84010648727417	20.4909477233887	974.515014648438	-2.11177492141724	17.8112545013428	969.21533203125	-2.842116355896	-70.4880218505859	999.957458496094	-2.16859412193298	-54.3476333618164	1018.29132080078	-1.98098027706146	-34.7325286865234	1023.50329589844	-1.41695022583008	-9.51606845855713	1011.13287353516	-0.973925650119781	9.1520414352417	1020.40863037109	0.564483165740967	46.5357933044434	1027.89636230469	12.1603879928589	59.2862815856934	1033.20043945312	15.0431537628174	55.3589782714844	1034.61437988281	17.6202869415283	50.2044143676758	1035.54467773438	20.3489761352539	38.329158782959	1035.36767578125	17.1530704498291	12.2635793685913	1034.40222167969	11.4448308944702	2.2542233467102	1028.08532714844	5.64364528656006	45.8709144592285	1008.27984619141	1.30709278583527	18.2318992614746	982.231323242188	14.4390296936035	15.3274126052856	970.982238769531	30.4795913696289	10.5169868469238	981.221313476562	47.9580612182617	-7.66033554077148	1008.32275390625	39.1232795715332	-16.910457611084	1010.19067382812	13.908447265625	2.38198733329773	1005.07983398438	30.654125213623	-40.2323608398438	1006.57623291016	15.8062448501587	-38.3654937744141	1020.63336181641	6.45666122436523	-45.5428886413574	1023.10772705078	6.20706748962402	-16.7805843353271	1015.47845458984	-9.84590530395508	59.1613845825195	1033.27697753906	-13.1779890060425	55.5131149291992	1034.45324707031	-16.8355808258057	50.0182991027832	1035.25378417969	NA	NA	NA	-18.6181411743164	11.7685623168945	1035.68701171875	-13.0811452865601	2.01348638534546	1028.58801269531	-4.69404888153076	44.7234230041504	1006.10968017578	-4.77877998352051	18.6068553924561	983.066955566406	-18.518533706665	15.1433610916138	972.361572265625	-34.8684692382812	11.9410429000854	984.797302246094	-50.6634902954102	-6.94426965713501	1013.06640625	-42.7931137084961	-16.1578826904297	1013.66351318359	-16.5459861755371	2.28818106651306	1005.91186523438	-35.2573661804199	-39.0204467773438	1009.01867675781	-18.6803779602051	-38.6584320068359	1022.67260742188	-10.1630191802979	-46.0947799682617	1022.86706542969	-9.19797992706299	-17.7734527587891	1017.17858886719
PRI-10678	0.240969374775887	56.7690162658691	1036.85961914062	-0.421705931425095	51.8417358398438	1028.06823730469	-0.331756949424744	41.2412605285645	1005.92059326172	-2.47402334213257	19.6985836029053	978.303588867188	-2.72570633888245	16.8336200714111	972.681701660156	-1.58870577812195	-71.240234375	1004.73065185547	-1.60498070716858	-55.1810874938965	1021.60571289062	-2.18654441833496	-37.6992225646973	1024.61437988281	-2.46274256706238	-12.8296632766724	1014.0068359375	-1.9917711019516	4.63191747665405	1022.12341308594	-0.798098146915436	39.5813446044922	1028.52331542969	10.8952465057373	51.8692359924316	1034.26025390625	13.5615558624268	50.1369171142578	1034.90185546875	16.3794059753418	41.9411506652832	1035.52648925781	18.2674865722656	30.411937713623	1036.84362792969	15.0491151809692	5.13521862030029	1035.89514160156	10.3337907791138	-1.92679440975189	1028.21325683594	5.17976951599121	40.1009216308594	1009.26654052734	0.626526772975922	18.4786376953125	986.241027832031	14.2107057571411	14.6305046081543	977.049682617188	32.0231781005859	10.8108348846436	987.580139160156	45.4035720825195	-5.98572826385498	1013.69958496094	33.898078918457	-18.5511779785156	1012.62463378906	12.9957618713379	1.44561564922333	1007.17272949219	30.9060916900635	-38.8312606811523	1009.51104736328	14.7308301925659	-40.5154838562012	1022.07073974609	6.24439334869385	-47.6836395263672	1023.98986816406	6.01950407028198	-20.003438949585	1018.87951660156	-11.3692541122437	51.2988739013672	1035.15563964844	-12.7353219985962	49.5969848632812	1035.0830078125	-16.4584102630615	41.4056167602539	1036.24926757812	-19.8191146850586	30.4321918487549	1038.30139160156	-17.2286853790283	4.90498495101929	1037.65246582031	-13.654613494873	-2.09408211708069	1029.57055664062	-5.41511535644531	40.8939743041992	1009.51477050781	-4.8638277053833	18.4426860809326	985.545471191406	-20.2685565948486	15.9702301025391	978.158386230469	-36.4571266174316	10.4544725418091	989.255737304688	-47.0400772094727	-6.46573400497437	1017.65222167969	-38.8101234436035	-18.5174655914307	1015.64514160156	-17.0937480926514	1.88576543331146	1008.01116943359	-34.9023895263672	-40.2268524169922	1012.59155273438	-18.7188777923584	-40.8844985961914	1024.73583984375	-10.1466426849365	-47.669116973877	1024.61889648438	-10.3714933395386	-20.1952533721924	1019.93029785156
PRI-10680	-2.69232392311096	61.2283706665039	1017.53308105469	-3.24729609489441	56.1506004333496	1008.73071289062	-3.3079137802124	42.9401168823242	984.457092285156	-1.00006759166718	20.7555809020996	961.376586914062	-0.874085485935211	17.7967872619629	957.590209960938	-0.979927718639374	-65.6548233032227	981.715698242188	-1.36210060119629	-51.2107467651367	1003.25048828125	-1.71221804618835	-33.4543380737305	1008.13208007812	-1.52212965488434	-6.82519721984863	994.2861328125	-1.91284430027008	9.23834419250488	1004.31604003906	-2.82757902145386	42.7811622619629	1010.37365722656	8.66024494171143	55.3718643188477	1016.53393554688	10.5532608032227	53.0726928710938	1017.41033935547	13.4692001342773	45.3518104553223	1018.28204345703	17.1725406646729	33.615291595459	1019.015625	14.0674839019775	7.30861854553223	1017.97534179688	8.82525634765625	2.8043737411499	1011.12072753906	1.17830944061279	42.1279754638672	988.9013671875	1.20150470733643	19.8555774688721	968.227722167969	14.0098628997803	14.5154457092285	958.328063964844	33.730842590332	10.3702535629272	968.894897460938	46.7983207702637	-4.6674313545227	997.939453125	38.9974021911621	-16.8430347442627	996.864074707031	12.7811727523804	4.4908938407898	990.565734863281	30.7885322570801	-35.2718620300293	995.240234375	16.2256622314453	-35.0203628540039	1005.54718017578	6.42141771316528	-42.8557395935059	1008.03845214844	5.62732982635498	-15.312840461731	999.720336914062	-14.7102508544922	55.5648651123047	1017.27288818359	-16.9550762176514	53.2264175415039	1018.33636474609	-19.0420532226562	46.2984848022461	1019.54064941406	-22.0528049468994	34.4702949523926	1019.40576171875	-19.0934352874756	7.62136220932007	1017.23248291016	-13.6137533187866	2.72485375404358	1010.78894042969	-7.70162677764893	41.7865943908691	988.638916015625	-4.618971824646	19.6234245300293	969.111877441406	-17.6514854431152	14.5043392181396	958.166687011719	-37.4257049560547	9.45035362243652	969.050231933594	NA	NA	NA	-40.7451400756836	-17.4323024749756	996.198181152344	-17.0925903320312	4.7786078453064	990.017700195312	-34.2182350158691	-36.1152572631836	994.425354003906	-20.066987991333	-36.0692939758301	1005.43469238281	-9.96710968017578	-43.9189872741699	1006.45574951172	-9.21811580657959	-16.0063095092773	1001.13909912109
PRI-10682	-3.28417015075684	51.5457382202148	1173.41577148438	-3.317950963974	47.4031829833984	1164.5712890625	-3.05607414245605	39.5377235412598	1142.46362304688	-2.83710408210754	20.2364025115967	1118.49450683594	-2.79382634162903	17.8756980895996	1114.07556152344	-6.91593074798584	-65.1739959716797	1146.26574707031	-6.2982063293457	-48.3216781616211	1161.98986816406	-5.934157371521	-30.9104290008545	1165.81005859375	-4.65422058105469	-6.85033798217773	1152.02844238281	-4.23530626296997	5.97327709197998	1160.57189941406	-3.37693786621094	37.170654296875	1165.92724609375	7.44311189651489	46.0505599975586	1171.43640136719	8.82593631744385	45.2020263671875	1171.66284179688	11.7123279571533	40.2194137573242	1172.83520507812	15.1070671081543	30.0875053405762	1173.87390136719	11.9369029998779	6.09543514251709	1172.58203125	6.80667877197266	0.281284540891647	1167.478515625	0.907908618450165	38.052375793457	1145.7138671875	0.19180303812027	19.6682167053223	1126.560546875	12.8834609985352	14.6830415725708	1117.87036132812	28.355131149292	9.72356033325195	1128.22448730469	41.0774536132812	-5.59164905548096	1152.56774902344	32.3047561645508	-18.2441177368164	1154.42565917969	10.1505870819092	2.26877760887146	1145.47180175781	24.2012634277344	-35.6073570251465	1154.33911132812	11.5861349105835	-34.6549072265625	1163.63208007812	0.986031115055084	-40.9302444458008	1165.48107910156	2.30807495117188	-13.7976942062378	1158.19812011719	-13.4035863876343	46.3702812194824	1171.564453125	-15.1256036758423	45.697624206543	1171.57739257812	-18.6235466003418	40.7314796447754	1172.14709472656	-22.0173492431641	30.9177513122559	1172.98059082031	-20.6122493743896	7.00899410247803	1172.02014160156	-15.6838798522949	0.443985760211945	1166.97143554688	-7.7651686668396	37.6953392028809	1146.126953125	-6.35716819763184	19.2691478729248	1126.88513183594	-18.6251182556152	15.8871164321899	1117.7314453125	-35.1789131164551	11.4934530258179	1127.30578613281	-49.5413284301758	-2.09628176689148	1151.71557617188	-41.8577766418457	-15.4963397979736	1153.681640625	-19.8535690307617	3.60400152206421	1145.08923339844	-36.4903602600098	-33.9867057800293	1153.32470703125	-22.1782627105713	-32.9568672180176	1163.02124023438	-13.6306476593018	-40.5938911437988	1164.45263671875	-11.8534593582153	-13.6145029067993	1157.80651855469
PRI-10684	-1.60714387893677	52.4520835876465	1021.09118652344	-1.92248332500458	47.7696647644043	1013.50836181641	-2.79242038726807	37.713306427002	992.722290039062	-3.54926300048828	19.5424900054932	971.773803710938	-3.47833824157715	17.8481597900391	967.401245117188	0.679100453853607	-67.3341674804688	996.490356445312	1.43942272663116	-48.0261993408203	1014.80975341797	0.764763295650482	-32.5869483947754	1017.88403320312	-0.782535791397095	-10.0344886779785	1006.3115234375	-1.26317155361176	6.29736471176147	1013.4296875	-1.84105622768402	35.8705444335938	1015.48071289062	9.38613605499268	46.2183647155762	1018.48870849609	10.0761489868164	45.4595832824707	1019.36492919922	13.6016283035278	41.078311920166	1021.40441894531	16.4234809875488	30.7538070678711	1024.74633789062	14.9667062759399	5.64387845993042	1025.13732910156	10.1728820800781	0.0328576266765594	1019.79248046875	1.59151315689087	36.950798034668	996.654174804688	-0.506327748298645	17.9955444335938	978.89453125	13.7973613739014	14.6158294677734	969.255493164062	29.5028953552246	7.72772359848022	979.131286621094	41.3099594116211	-4.09715557098389	1004.02935791016	34.0083808898926	-15.0564842224121	1005.27490234375	13.0558204650879	-0.0299950875341892	998.723083496094	29.1536655426025	-33.4858627319336	1003.36004638672	15.9907341003418	-34.172191619873	1016.10034179688	8.13012886047363	-41.4219627380371	1016.32171630859	5.82354640960693	-14.7566366195679	1010.09533691406	-12.3337774276733	46.081428527832	1020.49371337891	-13.1252794265747	44.595027923584	1021.40979003906	-15.6708316802979	39.9510612487793	1023.02264404297	-19.1869087219238	28.8065052032471	1025.35900878906	-16.17262840271	3.76268792152405	1026.23266601562	-12.209041595459	-0.950631022453308	1020.78881835938	-7.27818632125854	36.2881469726562	997.826538085938	-5.89570140838623	17.4153728485107	978.942443847656	-19.0791473388672	14.5873022079468	970.691101074219	-35.2391471862793	6.06380701065063	983.281311035156	-43.773250579834	-7.95888900756836	1007.68658447266	-34.9600944519043	-17.2872123718262	1008.28924560547	-16.4427013397217	-0.373892068862915	999.776245117188	-29.4021987915039	-36.3456840515137	1006.16906738281	-15.6519613265991	-35.820384979248	1017.45947265625	-6.49505043029785	-41.4423675537109	1018.39099121094	-7.15637683868408	-15.6444749832153	1010.96594238281
PRI-10690	-2.93311238288879	62.1390647888184	1187.04846191406	-2.34457683563232	57.0673522949219	1178.35815429688	-2.70923447608948	42.9806365966797	1151.423828125	-1.08324182033539	15.9844436645508	1123.03149414062	-0.969577372074127	13.0015125274658	1118.25659179688	-2.99173164367676	-74.4206390380859	1146.37634277344	-2.73637700080872	-59.492057800293	1167.37512207031	-3.0512752532959	-41.8938369750977	1171.04602050781	-2.26764535903931	-12.7179689407349	1157.45629882812	-2.82191705703735	4.2513689994812	1170.32263183594	-2.32208156585693	42.6104927062988	1178.69934082031	8.88854026794434	57.2369689941406	1186.86999511719	11.4763689041138	54.7317390441895	1187.98889160156	15.5159111022949	47.9656372070312	1188.70043945312	18.8399715423584	36.1643524169922	1188.01159667969	16.2504539489746	9.39080333709717	1186.5517578125	10.2571048736572	-1.55410802364349	1176.66711425781	3.44402050971985	41.9331741333008	1155.70300292969	1.58883452415466	16.4177665710449	1131.2939453125	16.3152122497559	9.80413436889648	1122.48498535156	35.1496086120605	3.74279594421387	1133.80578613281	47.3181114196777	-10.4174423217773	1163.7529296875	38.672779083252	-22.2949390411377	1161.41015625	14.3234806060791	-1.24790692329407	1153.05151367188	31.7824783325195	-44.1226501464844	1159.0751953125	18.5483837127686	-45.9062767028809	1169.48889160156	6.02376651763916	-51.0157699584961	1171.16613769531	6.41303873062134	-21.8777408599854	1165.283203125	-14.5843915939331	57.2815551757812	1186.33874511719	-17.7558345794678	54.3998489379883	1186.8388671875	-20.8900947570801	47.2586479187012	1188.07873535156	-23.6062774658203	35.4614791870117	1187.62243652344	-22.4332828521729	8.87557125091553	1185.61584472656	-16.6272087097168	-1.70165610313416	1176.31762695312	-7.95795965194702	41.8305931091309	1155.27258300781	-4.699303150177	15.6690578460693	1131.50085449219	-19.131067276001	11.1615724563599	1121.24499511719	-37.9229965209961	4.31264448165894	1131.84497070312	-52.9363555908203	-9.43704605102539	1159.65893554688	-42.9547386169434	-22.8230018615723	1160.07360839844	-19.8027400970459	-1.34845614433289	1152.27978515625	-36.9140014648438	-45.2764549255371	1156.77331542969	-20.845832824707	-46.8886260986328	1169.40588378906	-10.9299993515015	-51.4656295776367	1169.79455566406	-10.3446989059448	-23.036527633667	1164.54211425781
PRI-10691	-1.72811901569366	50.3849792480469	1184.18811035156	-1.74976444244385	47.4739418029785	1176.43200683594	-1.29888248443604	42.0675621032715	1153.63232421875	-1.62580025196075	23.6832904815674	1129.16345214844	-1.6412969827652	22.0521678924561	1124.79858398438	-4.00291633605957	-65.5928115844727	1150.14904785156	-3.94761037826538	-49.0770530700684	1166.009765625	-3.42627120018005	-31.4449672698975	1171.060546875	-2.87889075279236	-6.15612030029297	1158.86730957031	-2.87543630599976	8.36558628082275	1169.79321289062	-2.21401023864746	37.7282257080078	1177.23474121094	8.31951713562012	43.8622436523438	1182.2265625	8.68332767486572	43.0258178710938	1182.80029296875	11.0973787307739	38.5801887512207	1183.80700683594	14.8190870285034	28.7586421966553	1184.83544921875	12.0686979293823	4.1920108795166	1181.91101074219	8.11562538146973	0.900992035865784	1176.13806152344	2.89783215522766	39.0996780395508	1156.73889160156	1.28933334350586	22.3347682952881	1136.74401855469	14.2718563079834	18.4130630493164	1128.09191894531	29.274019241333	10.4686307907104	1138.9443359375	39.8360900878906	-9.29727172851562	1162.26098632812	31.0926113128662	-16.7416706085205	1161.28588867188	11.5524501800537	3.93330788612366	1155.04919433594	25.7587223052979	-34.0728797912598	1158.48095703125	12.3734455108643	-33.7173919677734	1168.77856445312	4.52425050735474	-40.6543769836426	1170.06079101562	4.2732572555542	-13.0106248855591	1166.00134277344	-12.616774559021	44.9995994567871	1181.08935546875	-13.6234979629517	44.1210136413574	1181.40478515625	-16.0938053131104	39.2019653320312	1182.470703125	-19.5447807312012	29.3827705383301	1183.330078125	-18.1840763092041	4.89978504180908	1180.30725097656	-14.5928630828857	1.94279193878174	1175.56713867188	-5.96478939056396	39.8303680419922	1156.71362304688	-4.56423568725586	22.4992027282715	1136.69934082031	-17.7493305206299	19.011604309082	1127.51098632812	-32.9377861022949	11.1595668792725	1138.08129882812	-46.6910285949707	-6.09315395355225	1160.86694335938	-38.6350135803223	-15.805534362793	1160.38159179688	-16.8494396209717	4.3227276802063	1154.7763671875	-33.9738960266113	-33.1184425354004	1157.90368652344	-19.6500091552734	-32.9185905456543	1169.07788085938	-11.9428310394287	-40.4611358642578	1170.29284667969	-10.3348894119263	-13.1168355941772	1166.43701171875
PRI-10693	-0.881326794624329	54.8656272888184	1181.90563964844	-0.594129264354706	49.7379341125488	1170.66235351562	-0.441636294126511	39.991455078125	1149.8701171875	-0.512849807739258	21.4139995574951	1125.20910644531	-0.400167405605316	19.2827663421631	1121.01745605469	-5.67750787734985	-62.1396751403809	1147.45874023438	-5.16245412826538	-45.5704231262207	1164.54907226562	-4.61704444885254	-29.3527488708496	1166.97253417969	-3.45347833633423	-7.86133193969727	1157.07067871094	-3.01876211166382	7.22889804840088	1167.51257324219	-1.62037253379822	40.691276550293	1173.91540527344	9.34868431091309	49.0828323364258	1180.24938964844	10.0426874160767	47.7501831054688	1180.61206054688	12.601315498352	42.3480339050293	1181.7431640625	15.3106489181519	31.3301849365234	1182.181640625	12.7457799911499	5.91520309448242	1179.02624511719	8.3690185546875	0.25728303194046	1173.72473144531	3.53476190567017	39.4459686279297	1153.74401855469	2.01041555404663	20.7236251831055	1132.984375	15.1200084686279	15.0720415115356	1124.08203125	31.1387176513672	10.1851472854614	1136.5478515625	38.8871078491211	-5.02384328842163	1159.39538574219	31.3950958251953	-15.3939380645752	1158.73022460938	10.6614971160889	2.76016974449158	1152.14050292969	24.743501663208	-32.743293762207	1155.96313476562	12.0352602005005	-32.619743347168	1167.1630859375	3.73224210739136	-38.5988540649414	1167.66235351562	3.40661478042603	-13.4418687820435	1162.4345703125	-12.3262367248535	50.2530174255371	1178.75073242188	-13.3107442855835	48.9960861206055	1179.29296875	-16.8706703186035	43.8867034912109	1180.29113769531	-21.456844329834	33.2097854614258	1179.99755859375	-19.7370128631592	7.832688331604	1177.89074707031	-15.0684795379639	1.74875199794769	1172.67651367188	-5.17193174362183	40.0091018676758	1153.50378417969	-4.23940992355347	20.7382278442383	1132.66418457031	-16.4428634643555	17.0043087005615	1122.05053710938	-34.4138107299805	12.5964078903198	1133.76843261719	-45.1191711425781	-1.82570195198059	1155.69104003906	-38.9953155517578	-12.5382032394409	1155.1591796875	-17.0146293640137	4.34487867355347	1150.44396972656	-33.0058403015137	-31.3644580841064	1152.63159179688	-19.6656913757324	-32.062313079834	1165.73168945312	-13.3398418426514	-37.9355163574219	1166.91271972656	-11.3908576965332	-13.0028085708618	1161.6875
PRI-10695	-0.569263815879822	58.6590118408203	1172.21154785156	-0.71494722366333	54.8390502929688	1164.33190917969	-2.5180823802948	45.3170166015625	1142.19702148438	-4.15971326828003	20.6493892669678	1119.41149902344	-4.41758441925049	17.216178894043	1115.00012207031	-5.36511659622192	-60.2828598022461	1147.13464355469	-4.63750505447388	-42.2860488891602	1164.22082519531	-4.39239978790283	-23.2994632720947	1166.037109375	-3.97882628440857	-1.59421646595001	1152.59558105469	-3.04609656333923	13.7179527282715	1161.11389160156	-1.42375421524048	44.5848045349121	1165.18786621094	9.88980770111084	51.9502716064453	1170.23168945312	9.99136066436768	51.2098655700684	1170.93811035156	12.1449279785156	47.1981468200684	1171.98522949219	15.2799549102783	36.9618644714355	1173.20849609375	13.1705865859985	13.008279800415	1171.59448242188	8.24247360229492	8.52581119537354	1166.91418457031	2.47652125358582	44.363697052002	1145.25415039062	-0.731921076774597	21.4653816223145	1126.83044433594	10.816764831543	15.7524175643921	1117.669921875	26.0492420196533	10.2048044204712	1129.93896484375	37.4999961853027	0.368123531341553	1153.41357421875	28.6989688873291	-9.88501644134521	1154.32971191406	9.40100002288818	7.12493133544922	1146.63061523438	24.1446952819824	-28.5538234710693	1154.01135253906	12.5616750717163	-26.3680725097656	1165.13757324219	3.41722702980042	-33.3387184143066	1167.85900878906	3.07000851631165	-7.4873514175415	1157.90698242188	-11.6002149581909	52.9791870117188	1170.37634277344	-12.1670112609863	52.4827575683594	1170.48156738281	-14.8049650192261	47.4962768554688	1172.30725097656	-17.2839241027832	37.3117561340332	1173.09301757812	-18.0299034118652	13.8445463180542	1172.44665527344	-14.2321395874023	8.32011032104492	1167.66333007812	-6.75826358795166	44.5714492797852	1145.69506835938	-6.57027912139893	21.6655941009521	1126.83898925781	-19.5948829650879	16.5453834533691	1118.95959472656	-33.9924163818359	13.0684728622437	1131.015625	-43.9755630493164	3.5445761680603	1156.43725585938	-35.775707244873	-8.08298969268799	1156.12268066406	-17.8182964324951	7.37052011489868	1147.22607421875	-34.3778610229492	-26.6917781829834	1155.39990234375	-21.4651927947998	-25.5261268615723	1166.19091796875	-12.5711240768433	-33.596549987793	1167.833984375	-10.7098808288574	-7.59640550613403	1159.42077636719
PRI-10700	0.502728760242462	63.1136512756348	1185.42175292969	0.69028228521347	59.9386215209961	1176.58032226562	0.535094559192657	47.6644134521484	1151.12463378906	-0.502904117107391	23.3787040710449	1124.18176269531	-0.684007942676544	21.3124980926514	1119.97424316406	-4.95862293243408	-66.3032379150391	1145.59143066406	-4.67161703109741	-53.9393310546875	1164.94409179688	-4.06389999389648	-35.2679595947266	1170.21984863281	-1.79661285877228	-5.7292914390564	1157.525390625	-1.78396713733673	8.29875469207764	1169.63671875	-0.332576245069504	45.0682258605957	1177.36535644531	11.4390077590942	56.124382019043	1183.67639160156	13.3841781616211	54.9346313476562	1184.29711914062	17.0170555114746	46.3659133911133	1184.84057617188	19.2104415893555	34.513729095459	1185.89050292969	13.6436109542847	7.4997444152832	1184.67993164062	8.38511180877686	1.47331213951111	1175.22741699219	4.99890279769897	46.618480682373	1155.76635742188	2.16867804527283	22.3992862701416	1133.19348144531	16.0931758880615	18.5346622467041	1122.59936523438	33.1692962646484	10.8625116348267	1134.39599609375	46.2308006286621	-7.8293776512146	1163.38208007812	34.8311729431152	-18.6863250732422	1163.07312011719	15.1153087615967	4.428635597229	1153.29895019531	28.3725852966309	-37.5780792236328	1158.76818847656	12.502758026123	-39.5344886779785	1168.87109375	4.01583671569824	-45.4970436096191	1170.29064941406	4.53030586242676	-16.2334213256836	1163.71081542969	-11.7055130004883	57.4380760192871	1182.77868652344	-13.671667098999	55.9317588806152	1183.39147949219	-17.6520576477051	48.2214622497559	1183.22082519531	-20.7430076599121	36.0045051574707	1184.37341308594	-18.7095203399658	9.4556770324707	1183.466796875	-13.7682962417603	2.75352787971497	1174.81311035156	-4.34989261627197	46.6659698486328	1154.75439453125	-4.11020946502686	22.1206398010254	1132.32055664062	-16.8910980224609	18.9526138305664	1122.17260742188	-34.8392181396484	14.4750785827637	1133.21020507812	-50.6442642211914	-4.02827882766724	1160.9248046875	-40.1091461181641	-14.5233821868896	1160.68957519531	-18.5658683776855	5.86795091629028	1152.55871582031	-36.7488441467285	-34.8620185852051	1156.09020996094	-21.7052478790283	-37.196590423584	1167.3193359375	-12.9454355239868	-44.7434425354004	1169.19201660156	-9.25624847412109	-15.7390470504761	1163.26611328125
PRI-10702	-2.78761315345764	63.0625839233398	1185.64697265625	-2.90949559211731	58.6274261474609	1178.56530761719	-2.9349160194397	45.9325752258301	1155.40942382812	-1.91420543193817	18.6565017700195	1126.37683105469	-1.90017938613892	14.6127004623413	1120.56066894531	-5.94433403015137	-76.8400955200195	1154.76574707031	-5.08196353912354	-57.268310546875	1174.8017578125	-5.32180166244507	-39.9813766479492	1177.98303222656	-3.95504379272461	-12.8346214294434	1163.25927734375	-3.94149589538574	4.04237222671509	1173.70568847656	-3.37704753875732	44.7624092102051	1180.38220214844	9.16289806365967	55.8202362060547	1186.08288574219	10.2991676330566	53.3110275268555	1187.96569824219	14.1108121871948	44.1712188720703	1188.22839355469	16.6668319702148	32.0557479858398	1189.04431152344	13.8993492126465	4.41996192932129	1188.43640136719	8.52420425415039	-1.92315900325775	1180.2548828125	2.38590550422668	44.1320953369141	1158.33166503906	0.966689050197601	18.1302700042725	1136.357421875	15.649510383606	12.3652572631836	1125.73449707031	32.337760925293	5.69682216644287	1136.62622070312	45.7181053161621	-7.9174370765686	1166.47290039062	35.3762016296387	-23.7179298400879	1167.16552734375	13.5745496749878	-1.42123198509216	1158.06982421875	30.9231948852539	-43.6075668334961	1164.32946777344	15.3706703186035	-44.1149139404297	1174.65307617188	3.0722484588623	-51.706241607666	1177.69067382812	4.86209630966187	-22.0109691619873	1169.46118164062	-15.1945323944092	56.6515121459961	1185.49450683594	-17.4159812927246	54.5334358215332	1185.61669921875	-20.6905784606934	46.0086975097656	1187.6962890625	-23.81520652771	33.7558517456055	1188.79943847656	-22.7340831756592	6.17784118652344	1187.78015136719	-16.9807472229004	-1.50899696350098	1179.35131835938	-8.24438762664795	43.7516479492188	1157.80603027344	-6.01167297363281	17.7594013214111	1135.09216308594	-19.8794403076172	13.791051864624	1124.60241699219	-38.0464668273926	7.20520925521851	1134.95544433594	-53.7575340270996	-6.55175256729126	1164.11596679688	-44.0605850219727	-21.7632503509521	1165.314453125	-20.2172069549561	-0.035430058836937	1156.61779785156	-40.6934928894043	-42.4624862670898	1162.76330566406	-25.7779731750488	-43.5620880126953	1174.056640625	-13.4405059814453	-50.8071937561035	1177.81091308594	-12.9297771453857	-21.6449222564697	1168.947265625
PRI-10703	-2.03784084320068	57.6109008789062	1183.80749511719	-1.65822720527649	54.1114921569824	1175.67797851562	NA	NA	NA	-2.17807078361511	23.9640636444092	1126.15612792969	-1.98414361476898	22.0927085876465	1121.96374511719	-5.45007467269897	-70.5115051269531	1144.49267578125	-5.46465158462524	-52.990909576416	1166.05456542969	-4.98087501525879	-35.3078079223633	1171.12634277344	-4.00252389907837	-7.0698356628418	1156.974609375	-3.90721797943115	7.69593477249146	1169.42041015625	-2.11611104011536	41.7234878540039	1176.39526367188	8.58718967437744	52.5541954040527	1183.20288085938	10.6892414093018	50.2243423461914	1183.51293945312	13.9910526275635	44.3053550720215	1182.1025390625	15.4421100616455	33.2131690979004	1184.10803222656	12.0120277404785	8.3293924331665	1182.21716308594	7.50720548629761	1.61941862106323	1176.08068847656	2.73351621627808	42.8385200500488	1155.38122558594	0.498582035303116	22.4931049346924	1132.88464355469	14.3622627258301	19.4631443023682	1125.18664550781	30.3802642822266	14.5031337738037	1132.68981933594	42.8817443847656	-2.66389775276184	1162.03601074219	32.8406715393066	-17.7037200927734	1161.86877441406	10.7170219421387	3.5996413230896	1153.95007324219	28.9965286254883	-37.0912971496582	1157.41979980469	12.3360424041748	-39.1651649475098	1168.52978515625	3.10790276527405	-45.8730850219727	1170.28381347656	3.26860022544861	-15.6334800720215	1163.50280761719	-12.7840452194214	53.2195854187012	1182.08850097656	-15.4639444351196	51.2386589050293	1182.79833984375	-18.5193004608154	46.2028198242188	1182.0185546875	-21.6096229553223	33.7147979736328	1183.42639160156	-19.9785861968994	8.85739135742188	1181.71228027344	-15.8388681411743	2.41246747970581	1176.41796875	NA	NA	NA	-4.88909578323364	22.6229133605957	1132.72253417969	-19.3001289367676	19.312707901001	1124.14367675781	-35.538215637207	15.7334451675415	1132.88623046875	-49.9341659545898	0.504160821437836	1160.46887207031	-41.4772758483887	-16.1761150360107	1160.98254394531	-18.8350791931152	4.78793001174927	1153.91418457031	-36.7746734619141	-35.5639801025391	1157.6064453125	-22.5558376312256	-37.3223075866699	1168.87255859375	-12.4823608398438	-45.8473281860352	1168.54699707031	-11.7773561477661	-14.877161026001	1163.59619140625
PRI-10704	-2.32737922668457	58.1927642822266	1184.716796875	-2.54213762283325	54.3641510009766	1175.8310546875	-2.22010731697083	44.4085998535156	1152.16906738281	-1.04736089706421	18.1491069793701	1124.52209472656	-0.793465852737427	15.2312536239624	1119.10339355469	-1.52387726306915	-70.4359893798828	1148.443359375	-1.68771064281464	-52.9851760864258	1167.89599609375	-1.68015336990356	-35.7170295715332	1170.03369140625	-1.45990669727325	-9.32130432128906	1156.29565429688	-1.62438225746155	6.33760786056519	1167.25476074219	-2.64566731452942	41.6691055297852	1175.85827636719	7.87926292419434	54.1312141418457	1183.41162109375	9.90423107147217	52.5611190795898	1183.15563964844	14.0933961868286	44.3851051330566	1184.82458496094	16.625129699707	34.1476364135742	1185.30297851562	16.0218257904053	7.18320608139038	1180.91284179688	11.0986557006836	0.425119996070862	1174.92443847656	2.91924428939819	42.765983581543	1155.69067382812	1.44606900215149	17.9189624786377	1132.06323242188	16.1493873596191	12.7149076461792	1123.87182617188	32.4484214782715	7.77620649337769	1135.87939453125	45.8070373535156	-9.23555755615234	1161.0341796875	37.8448066711426	-21.1903190612793	1159.92053222656	14.3026494979858	1.79395794868469	1153.4326171875	28.8717918395996	-39.3209114074707	1159.75805664062	16.2408828735352	-37.7948875427246	1169.07824707031	6.78326320648193	-45.6287269592285	1171.16821289062	6.60422658920288	-17.8969631195068	1163.23266601562	-14.049280166626	53.3923225402832	1181.99865722656	-15.7065277099609	51.2760162353516	1182.43249511719	-19.5023612976074	43.4211196899414	1183.28515625	-21.8347873687744	33.1538887023926	1182.43969726562	-19.3051738739014	5.00340175628662	1179.92553710938	-15.3303499221802	-1.16111052036285	1174.11987304688	-6.72735261917114	42.4080963134766	1155.14697265625	-3.88982510566711	17.7210102081299	1131.93859863281	-17.6516590118408	12.6794366836548	1122.46862792969	-33.803955078125	8.33787059783936	1133.55065917969	-49.6282424926758	-8.23009777069092	1159.32312011719	-41.0065574645996	-20.6014366149902	1158.09423828125	-16.7685623168945	2.3538715839386	1154.56909179688	-33.3079109191895	-39.9160995483398	1157.77087402344	-19.9246635437012	-39.053035736084	1167.74096679688	-10.5838222503662	-46.338191986084	1170.14868164062	-9.90221214294434	-18.2875022888184	1162.86059570312
PRI-10705	-1.45868027210236	65.1328430175781	1195.54638671875	-1.53971600532532	60.73388671875	1184.70129394531	-2.27466130256653	46.9591217041016	1161.53161621094	-2.84925103187561	22.8676948547363	1136.70520019531	-2.81404900550842	19.0070266723633	1131.91333007812	-7.91765928268433	-66.1439361572266	1160.00573730469	-6.85821485519409	-49.341365814209	1180.30773925781	-6.11390066146851	-31.2700443267822	1184.90686035156	-4.03450345993042	-5.16997909545898	1172.80590820312	-3.47815299034119	11.1049251556396	1181.03857421875	-2.33075761795044	48.9782295227051	1187.34680175781	10.5642175674438	59.2675552368164	1192.95129394531	12.7022953033447	56.924560546875	1194.39001464844	15.1338682174683	49.7415008544922	1196.01306152344	18.0331363677979	37.550178527832	1194.89953613281	11.8431177139282	9.71740531921387	1193.16467285156	7.18384218215942	5.03447389602661	1188.31481933594	3.11230206489563	46.9563102722168	1166.38012695312	0.0957069620490074	22.2957401275635	1143.51489257812	12.698616027832	17.0230407714844	1135.9931640625	29.4126071929932	13.3899354934692	1147.39770507812	42.015438079834	-4.09738492965698	1175.54296875	32.8374710083008	-15.5246696472168	1175.80395507812	11.5069494247437	6.8188328742981	1166.83093261719	27.4306564331055	-34.8792152404785	1172.47387695312	13.2074928283691	-36.3309326171875	1182.93823242188	2.13415050506592	-41.368480682373	1184.4111328125	3.2667818069458	-14.0614376068115	1179.19189453125	-13.9669809341431	60.261775970459	1192.23400878906	-16.2123870849609	58.5837860107422	1193.16564941406	-19.5546875	50.360107421875	1194.51257324219	-23.0696926116943	38.9716415405273	1194.15942382812	-19.5636749267578	10.674391746521	1192.28833007812	-15.6060953140259	6.25221538543701	1187.87524414062	-7.23930788040161	47.3432960510254	1166.2314453125	-6.22357130050659	22.4353351593018	1143.79406738281	-20.0788993835449	19.0598545074463	1136.2177734375	-36.1242561340332	16.5915489196777	1146.32067871094	-51.4579811096191	0.5766441822052	1174.45751953125	-42.0693206787109	-12.0540990829468	1175.15161132812	-19.470609664917	8.18890571594238	1166.36669921875	-38.9362297058105	-31.3417339324951	1172.14611816406	-24.894229888916	-34.763240814209	1182.20727539062	-15.2103366851807	-40.6273994445801	1183.72729492188	-13.1343221664429	-12.8574066162109	1178.40209960938
PRI-10710	0.20230907201767	58.248119354248	1179.7265625	0.134412050247192	53.7690238952637	1172.13793945312	-0.0898465365171432	44.1450691223145	1150.654296875	-0.910014927387238	24.4372692108154	1125.74206542969	-0.985776126384735	22.2765789031982	1120.99548339844	-4.31114482879639	-61.6627464294434	1152.36755371094	-3.73385858535767	-42.1845397949219	1167.75988769531	-3.80191612243652	-26.4916305541992	1170.37451171875	-2.04005265235901	-3.26635098457336	1156.79406738281	-1.38644897937775	11.7374639511108	1167.99169921875	-0.140266388654709	43.477409362793	1173.77026367188	10.5052251815796	52.3033409118652	1177.69165039062	11.2880954742432	51.705924987793	1178.27355957031	14.6159000396729	46.2796859741211	1179.75036621094	17.8934173583984	36.5447235107422	1180.89965820312	15.0924320220947	11.3802089691162	1179.37646484375	10.7264471054077	6.3030047416687	1172.68957519531	4.01500558853149	43.4371032714844	1154.7587890625	2.1816029548645	23.0335254669189	1133.77697753906	14.0650396347046	18.9373016357422	1125.12329101562	29.7978324890137	14.3271532058716	1136.80456542969	42.392951965332	-1.09226024150848	1159.01843261719	31.5186004638672	-10.7047996520996	1159.88757324219	12.7866230010986	6.57436800003052	1151.9677734375	26.7544021606445	-30.837121963501	1157.05798339844	14.0478286743164	-31.430326461792	1168.10107421875	4.34874629974365	-37.0623664855957	1170.40356445312	5.3973822593689	-9.34506511688232	1162.04187011719	-10.3981189727783	52.4506301879883	1178.35107421875	-11.5707149505615	51.6827697753906	1178.20361328125	-14.527717590332	46.6395149230957	1179.455078125	-18.3395023345947	36.8000602722168	1180.80310058594	-16.8016128540039	12.0379323959351	1179.04821777344	-13.4041662216187	7.17855739593506	1172.79956054688	-4.14046239852905	43.9034461975098	1154.0830078125	-4.15724611282349	23.2862949371338	1133.49365234375	-17.2489452362061	20.3541393280029	1124.82995605469	-32.7846794128418	15.7572231292725	1136.51171875	-46.218376159668	2.71312141418457	1159.67651367188	-37.0923347473145	-8.57140636444092	1159.7666015625	-16.5028324127197	8.2191333770752	1151.673828125	-33.3655548095703	-28.1054763793945	1157.12243652344	-21.3737239837646	-29.5335273742676	1168.85949707031	-11.373309135437	-36.3418006896973	1170.31701660156	-10.5962104797363	-8.85761451721191	1163.06774902344
PRI-10711	-1.10111105442047	56.386848449707	1187.99426269531	-1.53533792495728	53.5315589904785	1180.11083984375	-2.72199535369873	43.8646278381348	1155.45654296875	-2.23603391647339	19.2228469848633	1129.06506347656	-2.26601386070251	14.9782562255859	1123.61499023438	-3.34650707244873	-72.1180038452148	1152.14172363281	-2.62054514884949	-56.2427101135254	1172.93420410156	-2.81437754631042	-39.4247093200684	1176.78857421875	-3.03146433830261	-12.5069732666016	1164.86572265625	-2.29935622215271	4.57582378387451	1174.00085449219	-1.5242931842804	41.2771873474121	1180.22448730469	10.7795152664185	51.7622909545898	1185.32409667969	11.3521356582642	51.0198707580566	1185.74084472656	14.8274126052856	40.8487319946289	1187.61401367188	17.5244293212891	30.5688705444336	1188.23168945312	14.5365943908691	4.92259120941162	1187.10339355469	9.01324272155762	-1.48622512817383	1180.38708496094	3.47930955886841	42.4920082092285	1159.29113769531	1.07158923149109	18.3688163757324	1137.55908203125	15.2982311248779	12.2466468811035	1128.244140625	32.1831436157227	5.61382818222046	1138.07873535156	46.1739196777344	-11.996527671814	1164.12231445312	36.7727699279785	-21.1039333343506	1165.91162109375	12.2930965423584	-0.0165423154830933	1158.2021484375	29.7476558685303	-40.9962120056152	1162.63098144531	15.5963344573975	-42.5555992126465	1174.52258300781	5.63806438446045	-49.2953796386719	1176.79309082031	5.74470233917236	-21.0727062225342	1169.57775878906	-13.44677734375	51.565845489502	1186.67309570312	-15.3935222625732	50.9814834594727	1186.81359863281	-18.4757041931152	41.2264938354492	1187.55444335938	-21.1508407592773	31.1118507385254	1187.92724609375	-19.3650856018066	5.38539838790894	1187.01428222656	-14.4931945800781	-0.912238299846649	1179.88610839844	-8.06271934509277	42.4815063476562	1159.45263671875	-5.57779169082642	18.9209442138672	1138.10424804688	-20.0053520202637	13.7739629745483	1127.98168945312	-37.5117874145508	7.98924779891968	1138.73864746094	-52.1550941467285	-8.98439121246338	1164.48303222656	-42.0809631347656	-20.364143371582	1166.79931640625	-18.6832885742188	-0.229743599891663	1158.76525878906	-35.1888999938965	-40.2694778442383	1163.421875	-21.1823825836182	-42.6496543884277	1174.56726074219	-10.9341611862183	-49.5097351074219	1176.42724609375	-10.9345121383667	-21.2356758117676	1170.84045410156
PRI-10712	-0.625045657157898	54.9964294433594	1183.44604492188	-0.974698841571808	49.827766418457	1174.21826171875	-2.4928457736969	41.693229675293	1149.43090820312	-2.38479685783386	19.1102771759033	1124.73474121094	-2.49192309379578	17.075756072998	1120.55090332031	-5.52616167068481	-66.992073059082	1151.40856933594	-5.20694351196289	-47.8376884460449	1169.17932128906	-4.36095952987671	-33.4015998840332	1172.65222167969	-3.30902194976807	-8.80979824066162	1160.59545898438	-3.3106038570404	8.20540904998779	1169.06396484375	-1.29638028144836	40.6384239196777	1176.74743652344	9.74885940551758	49.6632385253906	1181.22094726562	10.8643856048584	48.7502975463867	1181.71948242188	14.471887588501	43.7232246398926	1183.37573242188	17.0817260742188	32.9652976989746	1183.99938964844	13.6858329772949	8.0150318145752	1182.72314453125	9.00685501098633	0.391689300537109	1176.63989257812	2.04986786842346	39.0407257080078	1153.55908203125	0.442917466163635	17.398099899292	1132.83776855469	13.2244758605957	13.369481086731	1124.59765625	28.5881690979004	9.50919437408447	1133.54895019531	42.1767539978027	-6.52277326583862	1157.3291015625	33.9595832824707	-20.3450584411621	1160.65490722656	12.4185638427734	2.0003936290741	1154.67077636719	25.083984375	-36.3524017333984	1158.40405273438	12.2452211380005	-37.0869522094727	1170.07006835938	2.54302191734314	-42.3812026977539	1171.95288085938	3.38504242897034	-15.1407594680786	1164.85070800781	-11.2226696014404	50.3697891235352	1181.83972167969	-12.9257497787476	49.5588226318359	1181.361328125	-16.4967422485352	44.4187698364258	1183.41442871094	-20.5265502929688	34.7179908752441	1184.0595703125	-19.5650405883789	9.32581996917725	1182.9609375	-15.1463718414307	1.23085904121399	1176.48071289062	-6.53925228118896	39.8005485534668	1153.35546875	-5.65605926513672	17.7066402435303	1133.00231933594	-18.072301864624	15.4632692337036	1123.67956542969	-33.7735900878906	12.0336284637451	1134.09057617188	-48.9423446655273	-2.50839495658875	1156.6826171875	-41.9936752319336	-17.4242992401123	1161.2275390625	-18.8700790405273	3.7397198677063	1154.2431640625	-34.0640106201172	-34.6469421386719	1158.45959472656	-21.2699890136719	-35.7125244140625	1170.40234375	-12.5204153060913	-41.8512229919434	1171.2373046875	-10.7751321792603	-15.058705329895	1165.57299804688
PRI-10713	-0.974724292755127	61.6763229370117	1175.57482910156	-1.58175885677338	55.3510627746582	1168.77917480469	-1.91575658321381	39.4015655517578	1142.10546875	-2.12007021903992	14.1959753036499	1117.74584960938	-2.44421887397766	10.3972053527832	1112.00744628906	-6.66819000244141	-74.9386825561523	1151.53784179688	-5.19808387756348	-55.8901557922363	1169.85168457031	-4.88809394836426	-36.6047515869141	1170.92590332031	-3.16856050491333	-10.7479906082153	1155.03869628906	-2.8262825012207	5.97901916503906	1164.56713867188	NA	NA	NA	10.5666856765747	55.5641746520996	1175.19897460938	13.5252132415771	52.9769630432129	1175.84790039062	16.3895092010498	46.1120147705078	1175.38635253906	18.721399307251	34.9458503723145	1177.35705566406	NA	NA	NA	9.51799488067627	0.113238245248795	1171.89404296875	3.22918224334717	39.7450141906738	1147.82836914062	1.00045025348663	13.7766370773315	1126.08569335938	14.2153444290161	8.86178779602051	1117.35522460938	31.1057300567627	5.25046157836914	1127.60180664062	46.7267303466797	-9.05987644195557	1157.43737792969	35.6930809020996	-22.5940856933594	1161.01391601562	12.9687690734863	-1.38640761375427	1148.45007324219	28.1239948272705	-41.8024826049805	1161.91967773438	12.7314748764038	-40.248836517334	1168.86596679688	3.103684425354	-46.8361549377441	1171.97729492188	3.95928287506104	-19.4677677154541	1161.45971679688	-13.28098487854	57.0245399475098	1175.7998046875	-16.0350112915039	54.4395141601562	1176.76477050781	-18.7642688751221	48.2531890869141	1176.79431152344	-21.5856475830078	36.8942527770996	1178.35913085938	-20.8794746398926	10.5950775146484	1179.26293945312	-16.5488548278809	1.28153252601624	1172.2822265625	-6.90030288696289	38.594970703125	1146.56140136719	-5.60263633728027	14.058690071106	1125.88513183594	-18.9298305511475	9.98575401306152	1116.54309082031	-35.5834922790527	8.23994636535645	1127.37963867188	-51.1768951416016	-4.52402687072754	1155.89111328125	-43.1122589111328	-19.1574172973633	1160.21215820312	-18.7990283966064	0.0172078087925911	1148.65942382812	-38.2401695251465	-40.0348854064941	1160.90417480469	-22.7177238464355	-39.5641403198242	1168.89953613281	-13.4477882385254	-45.6563529968262	1171.46313476562	-12.6695404052734	-18.3360157012939	1161.43823242188
PRI-10716	1.40704751014709	65.3164672851562	1200.72314453125	0.378180056810379	61.3919792175293	1192.94787597656	-0.457016199827194	49.2354774475098	1171.16833496094	-1.14159345626831	23.5188598632812	1144.67553710938	-1.26041173934937	20.9957809448242	1140.552734375	-4.76978778839111	-62.8047752380371	1172.93957519531	-3.14847278594971	-45.514232635498	1193.61926269531	-3.7689893245697	-28.6937561035156	1195.17456054688	-3.17218828201294	-1.95937550067902	1179.0927734375	-1.80774450302124	12.6097860336304	1188.93347167969	0.0874458700418472	49.1526145935059	1194.45471191406	11.4892520904541	59.6667861938477	1198.48352050781	13.7687606811523	58.4317169189453	1199.005859375	16.5131721496582	50.031005859375	1200.1181640625	18.5908184051514	39.8319206237793	1201.67028808594	16.1017074584961	14.2617387771606	1200.96276855469	9.93884372711182	7.31438302993774	1194.96557617188	4.73478984832764	48.7781639099121	1175.00378417969	1.52994859218597	23.7933444976807	1153.14245605469	13.7853260040283	18.3750495910645	1142.99658203125	30.1254844665527	13.1217985153198	1152.82604980469	44.5104446411133	-2.86170244216919	1178.87585449219	34.6457824707031	-13.9256076812744	1180.76391601562	12.7664966583252	6.96661567687988	1173.83947753906	28.1146335601807	-32.4767150878906	1179.87512207031	16.4603538513184	-32.3681030273438	1191.64221191406	5.65342807769775	-37.9063606262207	1196.27124023438	5.54182147979736	-10.499584197998	1186.31665039062	-10.7327470779419	60.8621292114258	1198.82238769531	-11.4750375747681	59.5138130187988	1198.884765625	-15.995792388916	51.8134994506836	1200.81164550781	-18.6511268615723	41.4686431884766	1202.99060058594	-19.0471687316895	15.8100719451904	1201.849609375	-14.663818359375	7.74402666091919	1195.60168457031	-6.04355001449585	48.3506507873535	1174.38330078125	-4.14274549484253	23.4903354644775	1154.00988769531	-17.7400302886963	19.3295993804932	1142.88928222656	-32.4533424377441	15.1029109954834	1151.64233398438	-49.3232116699219	1.86508023738861	1181.73547363281	-39.7529373168945	-10.9806289672852	1182.79150390625	-17.6574420928955	8.75078582763672	1174.4638671875	-36.0933494567871	-30.8113689422607	1181.85327148438	-24.1923866271973	-30.3409519195557	1193.46472167969	-12.4990882873535	-38.4714317321777	1196.46838378906	-11.73060131073	-10.8519687652588	1187.1689453125
PRI-10722	-4.16005229949951	66.5931167602539	1180.16271972656	-4.17381381988525	59.9850006103516	1169.70861816406	-4.43461894989014	47.361442565918	1145.8427734375	-4.685218334198	20.6520595550537	1119.3408203125	-4.70410251617432	17.5381736755371	1115.62670898438	-5.37393999099731	-65.2272567749023	1155.47009277344	-6.05302858352661	-44.4966583251953	1171.63317871094	-5.6979022026062	-26.8576793670654	1172.3408203125	-5.59492635726929	-3.82265043258667	1156.861328125	-5.65286254882812	11.8726644515991	1167.49877929688	-4.20485162734985	48.3480606079102	1172.36877441406	7.52477550506592	61.3415641784668	1177.38952636719	8.18428421020508	60.9895935058594	1177.74560546875	13.5762329101562	52.7948570251465	1179.22265625	16.2645053863525	41.6373329162598	1180.8798828125	12.7051973342896	15.117039680481	1180.16516113281	7.76297187805176	7.18331241607666	1175.15234375	0.860396981239319	46.0893363952637	1149.86633300781	-1.24468588829041	20.452880859375	1128.8447265625	12.6463556289673	15.2317266464233	1118.60363769531	30.122386932373	9.02530002593994	1130.70324707031	45.0797462463379	-1.72472727298737	1161.431640625	35.127613067627	-14.0088233947754	1160.12145996094	11.6537961959839	8.19148540496826	1151.46423339844	26.7295513153076	-33.3857574462891	1161.61547851562	11.9041757583618	-30.310583114624	1171.51513671875	1.80196094512939	-37.2361679077149	1173.82104492188	2.42001056671143	-9.34677600860596	1162.34460449219	-15.7677631378174	61.6246604919434	1176.68029785156	-16.1274166107178	60.9443168640137	1176.71533203125	-22.1605033874512	52.4544563293457	1178.67431640625	-24.7383728027344	41.4875297546387	1180.40283203125	-22.7016048431396	15.2595882415771	1179.52648925781	-18.5402221679688	7.66948366165161	1174.61303710938	-9.44930076599121	47.7177200317383	1149.8369140625	-7.92535781860352	21.2948665618896	1127.63952636719	-22.4893226623535	14.9403142929077	1118.31579589844	-40.1023101806641	9.88405990600586	1130.89416503906	-55.0835342407227	-1.2592306137085	1161.74731445312	-44.9583930969238	-12.134259223938	1160.23193359375	-21.1229362487793	7.62569427490234	1150.31469726562	-38.7698974609375	-32.5278663635254	1161.48352050781	-22.8900165557861	-30.9350051879883	1170.86181640625	-14.1151943206787	-37.0693054199219	1174.33605957031	-13.0467567443848	-9.7903995513916	1162.31481933594
PRI-10723	1.74751389026642	58.3928146362305	1172.50830078125	1.526895403862	53.3525695800781	1161.5634765625	0.777533888816833	43.9989128112793	1140.87524414062	-0.391705900430679	23.2301712036133	1117.44848632812	-0.388677626848221	20.545919418335	1112.9658203125	-2.04471898078918	-61.587329864502	1147.57934570312	-1.58531820774078	-45.9518241882324	1165.12622070312	-1.26151823997498	-30.9675045013428	1167.64562988281	-1.21695375442505	-4.20882606506348	1154.3212890625	-0.646462738513947	11.8079442977905	1160.93103027344	1.16435897350311	44.8063812255859	1165.2802734375	12.3044843673706	51.7390365600586	1170.61962890625	12.9290704727173	50.7243843078613	1171.234375	15.8143558502197	46.1334609985352	1172.27697753906	18.8518867492676	35.2845497131348	1173.66723632812	16.8971004486084	9.83444023132324	1172.67907714844	11.2574300765991	5.03115510940552	1167.32092285156	5.39159440994263	42.9037742614746	1143.72497558594	3.04132533073425	22.5378913879395	1124.43115234375	15.0486211776733	17.228343963623	1117.36169433594	30.210823059082	12.2521419525146	1127.9189453125	43.7679710388184	-0.698538899421692	1152.11120605469	34.3556251525879	-12.9698629379272	1154.75146484375	13.4507961273193	6.40389585494995	1147.83862304688	27.9905471801758	-30.7646999359131	1153.20288085938	14.666524887085	-32.6465721130371	1165.13403320312	6.66036939620972	-39.8338966369629	1167.30432128906	6.4063401222229	-12.4778814315796	1160.30920410156	-9.13216400146484	52.5506134033203	1170.77380371094	-10.5776252746582	51.3668479919434	1171.1796875	-13.3923530578613	46.8320579528809	1172.48596191406	-17.7672080993652	36.8828048706055	1173.44030761719	-17.2366352081299	10.7609424591064	1173.52014160156	-12.2455415725708	5.52410078048706	1167.60778808594	-4.16339635848999	44.16748046875	1144.60876464844	-4.13465023040771	22.1197509765625	1124.42578125	-17.1424026489258	17.6995620727539	1117.25122070312	-32.3726959228516	12.584264755249	1128.6025390625	-44.2042655944824	-1.16592967510223	1153.45275878906	-36.1570053100586	-13.2723026275635	1155.98828125	-16.0625629425049	5.59217119216919	1147.24340820312	-30.1336479187012	-33.1247749328613	1155.05615234375	-17.1771392822266	-33.0614204406738	1166.60327148438	-8.63294506072998	-40.5139389038086	1167.27258300781	-8.51662349700928	-12.8801708221436	1160.86584472656
PRI-10724	-0.6346515417099	60.7594337463379	1156.74963378906	-1.15616726875305	55.0571746826172	1150.51013183594	-1.11117589473724	42.9878921508789	1132.9775390625	-2.98771190643311	19.0348987579346	1113.64624023438	-3.11015391349792	16.2647609710693	1109.66748046875	-9.84051036834717	-60.6248397827148	1154.20751953125	-7.45966577529907	-39.9255142211914	1167.7138671875	-6.85995578765869	-21.6591453552246	1168.32958984375	-5.13515663146973	-0.115377940237522	1149.45031738281	-3.7694685459137	15.3282899856567	1156.60900878906	-1.96838402748108	46.3013153076172	1154.904296875	8.8090009689331	53.9685478210449	1157.99182128906	10.0702524185181	53.3897666931152	1158.43518066406	12.9241142272949	49.653678894043	1160.03784179688	16.1476993560791	39.4768257141113	1164.06286621094	12.5159454345703	14.7478580474854	1167.38513183594	7.69739723205566	9.94076442718506	1163.72619628906	3.13945460319519	42.8549270629883	1136.89990234375	-0.582596063613892	20.2389163970947	1121.2353515625	12.1389265060425	12.5658922195435	1112.67565917969	26.9027252197266	9.83227252960205	1123.38830566406	37.9142074584961	-0.578195035457611	1152.671875	29.4025249481201	-10.1491632461548	1152.87719726562	10.6807527542114	6.8201174736023	1143.7705078125	23.4236888885498	-28.6256446838379	1156.29541015625	9.83635139465332	-25.1951427459717	1166.79309082031	0.895200252532959	-30.7015514373779	1169.48999023438	0.678472459316254	-7.08716917037964	1156.98413085938	-11.2844076156616	55.2912445068359	1158.00378417969	-12.2467136383057	54.7872467041016	1158.26794433594	-15.8193187713623	50.6638412475586	1159.76623535156	-20.480712890625	40.8891181945801	1163.498046875	-18.8012199401855	15.3332605361938	1167.51086425781	-15.1690320968628	11.4536075592041	1163.55834960938	-5.68740224838257	43.528076171875	1137.1884765625	-5.17564535140991	19.9956169128418	1120.81018066406	-18.0271301269531	14.3472843170166	1112.42346191406	-33.418586730957	12.606333732605	1122.7021484375	-46.4397773742676	3.20102500915527	1151.58508300781	-38.9399147033691	-5.6214075088501	1153.39477539062	-19.1171607971191	8.88469886779785	1143.92407226562	-36.6148071289062	-25.5566387176514	1156.7890625	-23.9242057800293	-22.6378707885742	1167.25988769531	-15.3509521484375	-30.0828857421875	1169.22912597656	-12.0867490768433	-6.20855522155762	1157.16174316406
PRI-10726	-1.96775329113007	55.2748565673828	1186.49829101562	-1.94614601135254	51.4516067504883	1177.31689453125	-2.42873215675354	43.5375747680664	1156.17858886719	-3.16525721549988	19.0071811676025	1132.7568359375	-3.01009631156921	16.8204593658447	1128.71484375	-7.3502984046936	-64.7878799438477	1160.11840820312	-6.79703664779663	-48.4676475524902	1177.72509765625	-6.20921897888184	-31.0066680908203	1180.91430664062	-4.26006889343262	-6.12474870681763	1167.666015625	-3.26624584197998	9.44819259643555	1175.75524902344	-2.43896579742432	41.7503776550293	1179.13269042969	9.11312007904053	50.1360893249512	1183.78125	9.82185554504395	49.1509590148926	1184.41748046875	12.5082654953003	44.6483840942383	1186.0478515625	15.7625541687012	34.4572906494141	1187.67114257812	12.5544452667236	10.431939125061	1188.39086914062	6.4625973701477	3.7292845249176	1182.45397949219	2.58948397636414	39.9664878845215	1158.98010253906	-0.0756717696785927	18.0267295837402	1140.39208984375	12.7323722839355	13.1645698547363	1132.19860839844	27.6108722686768	8.7898998260498	1143.45629882812	40.7112922668457	-6.37473201751709	1168.46838378906	32.5368423461914	-18.4874382019043	1169.87634277344	11.272219657898	1.82549631595612	1160.73559570312	24.7346611022949	-34.4077224731445	1167.54235839844	11.7033176422119	-33.8783226013184	1178.59875488281	1.66191124916077	-40.6988067626953	1180.07739257812	2.26125502586365	-14.9466609954834	1173.58215332031	-13.4453172683716	50.7077827453613	1183.9658203125	-14.3919410705566	49.7975807189941	1184.44812011719	-17.5678234100342	45.4017295837402	1185.28076171875	-20.9668312072754	35.5379981994629	1187.69421386719	-19.1498622894287	11.340012550354	1188.73303222656	-14.2058439254761	4.69987297058105	1181.85192871094	-7.37516975402832	41.6233863830566	1158.92126464844	-6.07378816604614	18.5352172851562	1139.96569824219	-18.7826557159424	14.9593591690063	1132.08325195312	-34.5918502807617	11.491587638855	1141.53198242188	-49.1639518737793	-3.74015784263611	1168.13110351562	-41.4289321899414	-14.590443611145	1169.82775878906	-20.0510025024414	3.95634055137634	1161.5283203125	-36.0899124145508	-31.7544498443604	1167.67224121094	-21.7871570587158	-32.3185920715332	1178.94262695312	-14.3038549423218	-40.0059356689453	1180.55639648438	-11.5636758804321	-14.2815618515015	1174.11218261719
PRI-10727	-0.77686196565628	53.5190467834473	1186.22241210938	-0.761767208576202	49.223747253418	1179.57849121094	-1.98637521266937	40.6589660644531	1157.19616699219	-2.71371793746948	19.7320308685303	1130.87658691406	-2.90565705299377	16.9823703765869	1125.72692871094	-3.44630026817322	-66.3689041137695	1157.53063964844	-2.88655686378479	-49.9858856201172	1172.66857910156	-3.64288568496704	-32.5127944946289	1177.40625	-2.36528706550598	-7.0125994682312	1165.06665039062	-1.5171856880188	9.1845064163208	1176.01306152344	-1.02182257175446	39.0271034240723	1181.033203125	9.56900978088379	47.3072280883789	1185.07592773438	10.473536491394	46.6133346557617	1185.61706542969	13.7443294525146	42.0405807495117	1187.78771972656	18.23756980896	31.303295135498	1188.78796386719	15.3672008514404	5.75276136398315	1187.9814453125	10.364013671875	1.71595180034637	1181.65673828125	2.66904401779175	38.8325271606445	1160.18408203125	-0.0838656723499298	19.1792240142822	1139.72119140625	12.7437992095947	15.3492546081543	1129.36901855469	29.8454551696777	9.20283031463623	1140.97094726562	43.0004272460938	-5.37206792831421	1166.08947753906	34.2730979919434	-16.4706401824951	1165.27014160156	13.0899391174316	4.03058624267578	1159.49926757812	28.2715702056885	-34.6442947387695	1162.73046875	14.6040802001953	-34.8595924377441	1174.853515625	5.22240447998047	-42.074520111084	1176.49267578125	4.78139114379883	-14.6507472991943	1171.32373046875	-11.4180631637573	47.0364456176758	1185.62548828125	-13.1173477172852	46.0749969482422	1186.21264648438	-15.8270654678345	41.5215873718262	1188.16052246094	-20.5223941802979	31.254358291626	1189.88195800781	-19.0273742675781	5.62261772155762	1188.79052734375	-13.6472940444946	1.1734938621521	1182.900390625	-6.40375328063965	39.1807518005371	1161.64611816406	-5.51689386367798	18.5299491882324	1139.35900878906	-18.7717552185059	15.5101909637451	1130.12561035156	-35.394401550293	10.1942138671875	1143.58679199219	-47.368480682373	-6.5674090385437	1169.92956542969	-38.6382713317871	-15.4811897277832	1168.89587402344	-18.8121738433838	3.72561740875244	1160.04284667969	-33.8154563903809	-34.308422088623	1165.15466308594	-20.2691879272461	-35.6272964477539	1176.28540039062	-10.2817068099976	-42.0341644287109	1177.31909179688	-9.47583293914795	-15.1290903091431	1171.24584960938
PRI-10729	0.942017436027527	71.5205307006836	1121.47143554688	0.526450395584106	65.9405059814453	1112.29113769531	NA	NA	NA	-0.111530765891075	30.500560760498	1059.24719238281	-0.457180052995682	26.9026756286621	1054.06811523438	-5.9562873840332	-58.2269096374512	1079.39758300781	-5.03133678436279	-42.3113288879395	1103.08190917969	-4.85975217819214	-25.5322093963623	1106.6728515625	-3.53812074661255	0.19128392636776	1093.90661621094	-2.33373856544495	17.999080657959	1105.64514160156	-0.257415533065796	54.2943267822266	1115.03210449219	11.8639945983887	66.0204010009766	1119.84875488281	13.3519372940063	64.6727142333984	1120.68273925781	16.3583297729492	54.9791297912598	1122.552734375	18.3477878570557	45.0678939819336	1123.384765625	14.7676420211792	19.2102069854736	1119.99133300781	8.77700614929199	11.4696731567383	1111.46423339844	5.27431154251099	53.7912445068359	1092.43566894531	2.72925901412964	30.5275192260742	1067.52563476562	17.2742710113525	24.1107597351074	1058.48547363281	33.852180480957	18.1901168823242	1068.93115234375	44.7786254882812	3.13931250572205	1092.89965820312	35.9452438354492	-8.50350761413574	1093.34484863281	14.4063959121704	10.5020961761475	1086.3896484375	27.0112285614014	-28.4221153259277	1091.20617675781	13.3077239990234	-29.1549186706543	1103.88806152344	3.45980024337769	-36.6120147705078	1106.40930175781	3.52911043167114	-7.52932643890381	1098.69421386719	-11.4141426086426	67.3467178344727	1120.09069824219	-13.2138252258301	65.9144287109375	1120.33728027344	-16.9622688293457	57.2425804138184	1122.21313476562	-20.3850326538086	47.0764312744141	1122.46496582031	-20.330114364624	20.9935169219971	1119.64501953125	-15.0913467407227	12.6188631057739	1111.37805175781	-5.08956050872803	54.0631446838379	1091.6357421875	-3.50072765350342	30.992488861084	1068.697265625	-18.2353820800781	27.65256690979	1058.93627929688	-36.046558380127	21.9498767852783	1068.34326171875	-49.684268951416	6.20633745193481	1094.61486816406	-42.6594352722168	-5.88934421539307	1093.78356933594	-19.2972030639648	11.4022550582886	1086.29455566406	-36.639720916748	-28.0201663970947	1091.75598144531	-21.5445194244385	-27.8352737426758	1104.30358886719	-12.872142791748	-36.4567413330078	1106.10717773438	-11.9838085174561	-7.57226896286011	1098.95593261719
PRI-10731	-0.236874714493752	67.5110397338867	1116.61181640625	-0.63968026638031	60.9582023620605	1106.83898925781	-0.894784688949585	46.889347076416	1085.3369140625	-1.4353346824646	27.6423454284668	1059.98132324219	-1.33938491344452	25.1770896911621	1054.50561523438	-6.57905769348145	-58.1102600097656	1081.63891601562	-5.50612688064575	-43.1446533203125	1103.64868164062	-4.57931470870972	-27.9486637115479	1106.01428222656	-3.37958598136902	-1.39033734798431	1094.70239257812	-2.55950045585632	14.2469329833984	1104.76147460938	-1.74579799175262	50.9651489257812	1109.99255371094	11.1533012390137	61.5489540100098	1115.66333007812	13.2467613220215	58.9899597167969	1115.71533203125	16.3997936248779	50.2095756530762	1117.14282226562	19.6514301300049	38.232780456543	1116.87841796875	14.0307140350342	12.2246417999268	1116.14123535156	8.8467264175415	7.19978523254395	1109.96911621094	4.00991916656494	48.041259765625	1090.38952636719	1.62756061553955	26.1910419464111	1067.39599609375	13.9057378768921	22.4699840545654	1058.00854492188	32.228816986084	17.0646572113037	1069.40759277344	45.4480972290039	-2.24462175369263	1096.41955566406	35.251033782959	-14.2971839904785	1096.18530273438	12.2429265975952	9.54369735717773	1088.046875	26.9810791015625	-32.3722267150879	1094.00268554688	13.3341302871704	-30.9368515014648	1104.38989257812	3.26223063468933	-37.2620048522949	1106.33911132812	4.02378559112549	-10.154294013977	1099.61071777344	-12.2571611404419	62.6448860168457	1114.20336914062	-14.2742547988892	59.9836311340332	1115.11730957031	-18.2555847167969	52.3068351745605	1116.86535644531	-22.5461807250977	40.2736129760742	1116.00341796875	-19.8599262237549	14.4444408416748	1115.32641601562	-14.4855909347534	8.86383628845215	1109.6748046875	-6.17253828048706	48.5598068237305	1090.07397460938	-4.88529348373413	26.2425918579102	1067.98071289062	-18.7456855773926	24.8440608978271	1058.06860351562	-35.8697357177734	20.9427070617676	1069.19812011719	-51.0592880249023	2.36968016624451	1095.32788085938	-41.9442253112793	-9.80993366241455	1096.04467773438	-18.0934162139893	11.0051422119141	1088.5302734375	-36.4051055908203	-28.3339748382568	1093.23034667969	-22.5101871490479	-29.5172481536865	1104.61340332031	-13.2120752334595	-36.3764686584473	1106.31042480469	-11.707181930542	-9.60962009429932	1099.83752441406
PRI-10732	-2.53426957130432	69.2267532348633	1113.29028320312	-2.68157052993774	65.2269592285156	1104.19763183594	-1.9085099697113	50.4242286682129	1078.58911132812	-1.08587551116943	25.4150409698486	1053.591796875	-0.793698906898499	21.182954788208	1047.38635253906	-0.814895331859589	-62.7606086730957	1077.86669921875	-1.10644912719727	-47.8868675231934	1100.10949707031	-1.57712006568909	-30.709098815918	1103.0751953125	-1.6392902135849	-3.87585163116455	1090.78674316406	-1.91980683803558	13.7049226760864	1099.3828125	-2.63672733306885	50.7534599304199	1104.67858886719	8.79191398620605	64.206657409668	1111.94958496094	12.5442571640015	60.6296310424805	1113.03039550781	15.4466924667358	54.9454002380371	1113.69104003906	17.3718757629395	44.1634483337402	1113.16052246094	16.2102832794189	17.0174083709717	1113.9931640625	10.5056190490723	7.10170745849609	1107.18518066406	1.87214732170105	51.6294975280762	1084.65600585938	2.2908730506897	24.7612075805664	1061.97827148438	16.9033603668213	18.6176528930664	1052.96325683594	31.5660438537598	17.1806144714355	1060.45739746094	48.999340057373	0.11293238401413	1093.60571289062	37.4829521179199	-12.3701076507568	1093.32043457031	13.3363456726074	8.04943656921387	1084.21911621094	32.0835037231445	-32.0874862670898	1090.35107421875	16.2147941589355	-33.4348487854004	1100.69982910156	6.37560415267944	-39.9964866638184	1104.10375976562	5.86942434310913	-11.1465129852295	1094.96252441406	-14.3290500640869	64.1921310424805	1111.64306640625	-17.8453407287598	60.9903106689453	1112.42028808594	-19.950777053833	54.6035308837891	1112.85571289062	-22.1916656494141	43.1205291748047	1112.81713867188	-19.7844944000244	16.0572566986084	1114.29602050781	-15.3954992294312	7.03886032104492	1106.86450195312	-7.77929210662842	51.5238723754883	1085.45666503906	-4.74519205093384	23.8844928741455	1061.62780761719	-18.4887084960938	20.155445098877	1052.76635742188	-36.0054588317871	17.2811889648438	1062.56665039062	-50.6921691894531	-0.905717372894287	1091.01928710938	-40.195873260498	-12.9548950195312	1092.18249511719	-18.0044994354248	9.49840641021729	1083.92810058594	-35.0805702209473	-33.0791816711426	1089.75720214844	-18.5300216674805	-33.0867691040039	1100.39855957031	-8.91864967346191	-39.9119338989258	1103.24499511719	-8.84121704101562	-11.0452976226807	1095.27478027344
PRI-10734	-2.60445880889893	71.5132064819336	1110.52307128906	-2.37047672271729	67.5038833618164	1101.0224609375	-2.39296388626099	56.7506637573242	1075.79321289062	-1.98920965194702	26.9279727935791	1046.7255859375	-1.93642437458038	22.7468338012695	1040.66931152344	-4.50419139862061	-64.4117126464844	1075.01184082031	-3.27061986923218	-46.8881149291992	1095.35559082031	-3.20251321792603	-27.641077041626	1100.17626953125	-2.3029146194458	-1.4992241859436	1083.4794921875	-2.2603645324707	17.5866565704346	1094.69799804688	-1.97648787498474	55.2863807678223	1101.66931152344	8.03558158874512	65.8578720092773	1107.56494140625	11.6293716430664	63.7536468505859	1107.47326660156	14.8828477859497	57.0946960449219	1108.87268066406	17.2336502075195	44.871883392334	1109.37097167969	15.447319984436	19.3554286956787	1108.13696289062	10.4603147506714	11.2421607971191	1101.00927734375	2.37856554985046	53.7866973876953	1079.31127929688	0.768461227416992	26.4828357696533	1054.09899902344	14.1153879165649	19.9894733428955	1045.71899414062	31.6761932373047	15.02321434021	1057.85949707031	46.8299903869629	0.92657196521759	1084.3505859375	38.3091316223145	-13.0446815490723	1086.82531738281	12.071849822998	8.40066051483154	1076.6005859375	30.4600009918213	-32.3803901672363	1086.34521484375	15.3210010528564	-30.5764045715332	1097.53100585938	4.76394510269165	-38.2685928344727	1099.06396484375	5.24742078781128	-8.61325073242188	1090.35192871094	-13.5051126480103	64.3592147827148	1108.0341796875	-17.318790435791	62.5281753540039	1109.29113769531	-18.7881355285645	55.2451858520508	1111.46313476562	-21.8978481292725	44.2173500061035	1109.52465820312	-18.5417366027832	18.6764049530029	1107.86071777344	-14.2953205108643	10.5027227401733	1100.98071289062	-7.71724891662598	53.0119972229004	1079.82446289062	-4.93943452835083	26.6640319824219	1054.63928222656	-19.2475357055664	20.6397533416748	1045.44274902344	-35.9358711242676	16.2816638946533	1056.97839355469	-51.7684707641602	2.94326567649841	1085.38342285156	-43.3057327270508	-10.9242792129517	1086.27026367188	-18.3808364868164	9.21469402313232	1076.70263671875	-35.7433280944824	-32.163818359375	1086.27233886719	-19.8520641326904	-29.2999820709229	1097.12365722656	-11.0234451293945	-37.462646484375	1099.64538574219	-10.6369323730469	-8.85109901428223	1090.51928710938
PRI-10736	-2.33700132369995	67.1062774658203	1125.05700683594	-2.36681199073792	60.7500610351562	1116.5693359375	-1.79905664920807	47.9078140258789	1093.82885742188	-0.64414119720459	22.0290794372559	1065.13208007812	-0.518781125545502	19.4195384979248	1060.95520019531	-1.84071815013885	-68.1331405639648	1092.62329101562	-1.94700491428375	-51.6015205383301	1111.33679199219	-2.2694981098175	-33.0798721313477	1115.72155761719	-2.52173089981079	-6.96515464782715	1102.07836914062	-2.4672999382019	10.0752143859863	1111.5771484375	-2.28437995910645	47.6303558349609	1118.20263671875	9.6521635055542	60.71875	1122.79577636719	10.9819564819336	58.6995315551758	1123.27673339844	15.786506652832	50.353572845459	1123.37744140625	17.9908905029297	37.8971633911133	1125.91748046875	14.8428544998169	11.5674018859863	1124.62768554688	10.2574090957642	4.56419801712036	1118.92297363281	3.03021860122681	46.1992073059082	1097.62548828125	2.09519672393799	21.9141693115234	1073.22180175781	15.6023693084717	17.1736335754395	1065.38037109375	33.1089668273926	12.8094291687012	1075.63879394531	47.3072509765625	-5.24037790298462	1104.62805175781	34.8842124938965	-17.0460224151611	1103.06237792969	13.1375570297241	5.18477249145508	1096.42541503906	31.852222442627	-37.8210029602051	1101.837890625	14.1887226104736	-36.0626220703125	1112.86633300781	7.11683225631714	-43.3213272094727	1115.93286132812	4.77668380737305	-13.4834003448486	1108.36840820312	-14.1964712142944	60.1226387023926	1122.89831542969	-15.5485992431641	58.3988761901855	1123.03137207031	-20.5297622680664	49.229118347168	1123.30578613281	-22.7736644744873	38.326114654541	1125.79162597656	-20.0722999572754	12.0035390853882	1124.07092285156	-15.0404834747314	3.78550815582275	1117.95239257812	-7.16689348220825	46.7798881530762	1096.99060058594	-3.94604110717773	21.5363349914551	1072.87084960938	-16.8272151947021	17.7577037811279	1063.34826660156	-34.6900367736816	12.9163103103638	1073.58459472656	-50.8798370361328	-5.22025012969971	1102.41381835938	-38.5822105407715	-17.2526779174805	1101.64733886719	-16.9788017272949	4.12514019012451	1095.70300292969	-35.2517509460449	-38.4297981262207	1100.97814941406	-20.0191097259521	-37.4209518432617	1112.64538574219	-10.9270219802856	-42.9697380065918	1116.41259765625	-9.35951519012451	-13.9194869995117	1108.146484375
PRI-10737	-3.62318658828735	65.5008163452148	1121.05126953125	-2.73807120323181	60.0594825744629	1113.00134277344	-1.48203790187836	44.3243103027344	1089.68664550781	-1.75121593475342	19.2269268035889	1059.50256347656	-1.79136598110199	15.3830327987671	1054.12768554688	-2.32904243469238	-72.0136260986328	1084.32336425781	-2.39575958251953	-57.0240135192871	1107.48327636719	-3.5665853023529	-38.6644096374512	1111.72766113281	-3.07447481155396	-11.908052444458	1099.6845703125	-2.93737530708313	5.34771394729614	1109.18115234375	-3.00319600105286	46.4333076477051	1115.37158203125	7.78628921508789	59.9752998352051	1119.14392089844	11.0833644866943	56.8983497619629	1120.17224121094	15.2594404220581	50.3273391723633	1120.75732421875	18.0603160858154	39.6338043212891	1123.20092773438	16.5139503479004	14.4202308654785	1122.59191894531	10.7378330230713	0.7659752368927	1115.81274414062	3.04180288314819	43.4312477111816	1094.29699707031	1.3909238576889	18.58935546875	1069.30712890625	16.2034206390381	13.8688449859619	1059.02758789062	33.0710868835449	9.50211334228516	1068.65063476562	50.7167091369629	-7.80617904663086	1097.51513671875	39.4563217163086	-21.2958011627197	1098.92260742188	12.7430591583252	2.32568144798279	1092.80456542969	32.7480926513672	-41.7305946350098	1097.28002929688	16.8898849487305	-42.3789596557617	1108.80895996094	5.46681976318359	-50.9375419616699	1111.20104980469	5.68833160400391	-19.7009658813477	1104.42504882812	-14.4522094726562	59.0823516845703	1118.45581054688	-18.291374206543	55.9555816650391	1119.26306152344	-22.0372714996338	50.1384124755859	1121.09118652344	-24.1539554595947	38.7932090759277	1122.53198242188	-22.2138500213623	13.6309623718262	1121.82067871094	-15.8181581497192	-0.379625886678696	1115.37377929688	-7.16791152954102	43.607608795166	1093.85461425781	-5.4030294418335	18.3241996765137	1069.32885742188	-20.1004772186279	14.9048042297363	1058.62121582031	-36.7619018554688	9.01868724822998	1066.76086425781	-55.3398094177246	-8.78591632843018	1096.94287109375	-42.5304718017578	-22.3517112731934	1098.29443359375	-19.1501121520996	1.12690496444702	1091.73681640625	-37.7105255126953	-42.8131103515625	1096.92370605469	-21.2106399536133	-43.9006233215332	1109.50842285156	-10.9407873153687	-51.0946350097656	1110.74609375	-11.0277843475342	-20.565486907959	1104.93371582031
PRI-10739	-2.9583535194397	63.3148880004883	1117.7802734375	-2.72550702095032	57.8469123840332	1110.21301269531	-2.8599374294281	45.2545433044434	1087.84509277344	-2.79907751083374	22.4912796020508	1062.404296875	-2.51401138305664	19.0715885162354	1056.82202148438	-2.84272265434265	-67.25537109375	1088.54016113281	-3.29062700271606	-50.197826385498	1108.91662597656	-3.50795125961304	-31.7931480407715	1112.1875	-2.86267566680908	-7.38997936248779	1095.27221679688	-3.36258840560913	7.77344703674316	1107.53820800781	-3.12660145759583	45.8188171386719	1112.89782714844	8.99209785461426	57.2205963134766	1116.44592285156	9.55262851715088	55.2934265136719	1117.50415039062	13.3090257644653	47.7195930480957	1117.93859863281	15.4055461883545	35.8817138671875	1120.51928710938	13.2499961853027	9.45164108276367	1121.03442382812	7.75598621368408	2.66049456596375	1114.068359375	1.66536498069763	43.3792457580566	1091.36547851562	0.0639682561159134	21.3533706665039	1070.39440917969	13.259596824646	17.6154842376709	1061.46704101562	30.457389831543	11.4808893203735	1071.29895019531	45.2928085327148	-5.15265512466431	1101.79345703125	35.7308082580566	-16.3548336029053	1101.23645019531	11.4315671920776	3.69541668891907	1092.2197265625	29.4724369049072	-36.5445137023926	1098.4365234375	15.111439704895	-36.0227966308594	1110.68188476562	4.53758096694946	-43.2550430297852	1113.09521484375	4.73505878448486	-16.6931552886963	1103.94018554688	-14.7981119155884	57.1208610534668	1116.697265625	-16.0555229187012	55.5481224060059	1117.029296875	-19.8671340942383	48.2776374816895	1118.09143066406	-23.0522499084473	36.6283950805664	1120.10119628906	-21.0578346252441	10.0104331970215	1120.52270507812	-14.9114274978638	2.31621289253235	1113.48693847656	-7.6044225692749	44.1666450500488	1091.87341308594	-5.96363735198975	21.1181564331055	1070.609375	-19.101490020752	17.6064720153809	1060.87475585938	-35.8365631103516	11.4142818450928	1070.40734863281	NA	NA	NA	NA	NA	NA	-18.2826538085938	3.37487483024597	1090.91662597656	-36.1714134216309	-37.3567085266113	1096.46533203125	-20.5788879394531	-36.064525604248	1109.82238769531	-10.7168626785278	-43.9852447509766	1111.32165527344	-10.5384950637817	-16.1179065704346	1103.61303710938
PRI-10740	0.402199149131775	65.0726623535156	1082.79968261719	-0.256883263587952	59.0756072998047	1076.01977539062	-1.17358803749084	44.7707366943359	1054.66271972656	-0.804564833641052	21.7064571380615	1029.84216308594	-0.693490326404572	18.5626411437988	1025.10473632812	-3.05298662185669	-67.3255233764648	1055.41650390625	-1.65289235115051	-53.1674270629883	1077.71826171875	-2.1459813117981	-35.3105354309082	1081.46130371094	-1.37806475162506	-7.62693119049072	1066.84814453125	-1.38406085968018	9.49671936035156	1077.19897460938	-0.905515015125275	46.6956672668457	1078.87353515625	11.0900468826294	57.6905174255371	1082.42614746094	13.785120010376	55.420223236084	1083.48474121094	16.106653213501	48.642749786377	1085.26220703125	19.5091819763184	37.4915618896484	1088.24743652344	16.301326751709	12.1173610687256	1091.30627441406	10.3152122497559	4.08581924438477	1084.49963378906	3.83275437355042	42.9160652160645	1058.12268066406	2.2507643699646	19.8005390167236	1038.08532714844	16.1357555389404	15.3547706604004	1028.30053710938	33.2748908996582	10.7718257904053	1038.38366699219	48.2298316955566	-7.86677885055542	1067.58764648438	38.1322784423828	-17.7527160644531	1069.17749023438	12.6276578903198	3.47545480728149	1060.54467773438	29.6093978881836	-38.3537178039551	1067.68774414062	15.7677040100098	-37.5618286132812	1080.31164550781	6.03384780883789	-45.2411956787109	1081.30395507812	5.65175771713257	-17.5306911468506	1075.4248046875	-11.3945589065552	58.4020118713379	1082.00109863281	-14.2709722518921	55.5791549682617	1083.37817382812	-17.2510299682617	49.7855453491211	1085.27575683594	-21.0638275146484	38.5269393920898	1087.86340332031	-19.3775043487549	12.6577730178833	1090.93835449219	-13.5758466720581	5.28577518463135	1084.54052734375	-6.18838119506836	43.7062301635742	1058.50402832031	-4.16728639602661	19.7747573852539	1038.17724609375	-17.7677230834961	16.179141998291	1029.02880859375	-34.9743270874023	13.3127145767212	1038.06713867188	-49.4664497375488	-7.46448755264282	1067.86853027344	-40.5995826721191	-16.4402313232422	1068.97229003906	-16.0516872406006	4.82644701004028	1061.00622558594	-33.1014175415039	-37.4463920593262	1067.21032714844	-19.7906894683838	-36.3753662109375	1079.53552246094	-10.3778686523438	-45.0919952392578	1080.66052246094	-9.64871501922607	-17.9877986907959	1075.5615234375
PRI-10742	-0.451407819986343	56.1730880737305	1100.37292480469	-0.429215312004089	52.8104286193848	1092.23547363281	-0.980129063129425	43.4437294006348	1071.16821289062	-1.88509058952332	21.3875331878662	1046.49279785156	-2.17340993881226	18.3519668579102	1041.18896484375	-3.73595380783081	-63.324893951416	1073.501953125	-3.78373980522156	-47.0978088378906	1090.7412109375	-3.45797324180603	-31.170223236084	1091.26550292969	-2.7789134979248	-6.86291790008545	1080.83862304688	-1.45096743106842	9.52940368652344	1089.98229980469	-0.853135585784912	44.1602935791016	1095.01513671875	9.35813999176025	50.831298828125	1099.06188964844	10.1421194076538	50.0796890258789	1099.56420898438	13.0134906768799	45.6983108520508	1100.86743164062	16.7810516357422	35.6108856201172	1102.90209960938	14.7572755813599	11.1833772659302	1101.52844238281	10.0589742660522	4.20334053039551	1095.7646484375	3.23130536079407	41.3077392578125	1073.69799804688	0.905115187168121	20.4964160919189	1055.20532226562	13.5698909759521	15.430157661438	1045.89697265625	28.875093460083	10.0958318710327	1056.716796875	40.6750640869141	-2.61264061927795	1080.44677734375	33.3271713256836	-13.3942651748657	1080.32214355469	10.9937772750854	2.79361820220947	1074.15905761719	26.1398277282715	-30.5714912414551	1079.24584960938	13.4178152084351	-31.9745273590088	1089.82373046875	4.3527946472168	-39.0141677856445	1092.37536621094	4.6934494972229	-10.9177541732788	1085.16955566406	-11.2922859191895	52.1247253417969	1097.86315917969	-12.2358350753784	51.1893272399902	1098.1142578125	-15.2832746505737	46.1356468200684	1100.06115722656	-18.7954292297363	36.6089172363281	1102.52404785156	-17.7305374145508	12.022967338562	1101.7099609375	-13.5424184799194	4.55694723129272	1096.45727539062	-5.83663511276245	42.4807052612305	1074.22668457031	-4.15989685058594	20.7563972473145	1054.92541503906	-16.6111488342285	17.1775741577148	1046.79052734375	-32.7345771789551	12.3674573898315	1057.3212890625	-44.651798248291	-1.25379490852356	1082.64855957031	-37.7544898986816	-10.5857629776001	1082.49536132812	-16.6650485992432	5.3743748664856	1075.45715332031	-33.2010345458984	-29.6147613525391	1080.78552246094	-20.1871929168701	-31.2405242919922	1091.14758300781	-11.8088417053223	-38.7476577758789	1092.94445800781	-9.50097942352295	-11.8581638336182	1086.16967773438
PRI-10744	-1.63220798969269	57.1020088195801	1140.25756835938	-1.73757171630859	53.2855186462402	1132.27026367188	-1.86636793613434	45.5817184448242	1111.00231933594	-2.68523764610291	25.781852722168	1086.99560546875	-2.61522579193115	23.8400077819824	1082.90026855469	-4.51130199432373	-60.867015838623	1109.94702148438	-4.13219213485718	-44.2945671081543	1126.376953125	-3.81226849555969	-27.667444229126	1130.38586425781	-3.31301951408386	-3.40879702568054	1118.04467773438	-2.95506715774536	12.5150852203369	1129.33447265625	-1.71169137954712	43.2540512084961	1134.31359863281	8.90453433990479	50.9392318725586	1139.43115234375	9.59997940063477	49.8882827758789	1140.16247558594	12.7722063064575	45.4856300354004	1140.13647460938	16.1942081451416	35.533878326416	1140.63598632812	13.0966796875	10.8960409164429	1140.61804199219	9.36090660095215	6.16075706481934	1134.8779296875	2.41033554077148	44.3636207580566	1114.52917480469	0.193824350833893	24.8337593078613	1093.78771972656	12.5294513702393	21.8333721160889	1085.50866699219	29.1089992523193	16.2068424224854	1096.04077148438	41.3426704406738	-1.53969788551331	1120.62426757812	33.7639465332031	-10.8541269302368	1119.08044433594	11.9468383789062	8.14016532897949	1112.90539550781	25.3595237731934	-29.6825275421143	1116.44213867188	12.5586585998535	-29.6974754333496	1128.02172851562	4.09116172790527	-37.0140571594238	1130.02954101562	4.30863952636719	-9.55087375640869	1124.52795410156	-11.5714359283447	50.7012138366699	1139.42199707031	-12.6927480697632	49.6952705383301	1140.27404785156	-15.7889537811279	44.7044143676758	1140.64599609375	-19.6080570220947	35.2076187133789	1141.45947265625	-17.7299709320068	10.3789739608765	1140.62548828125	-14.7854471206665	5.83414554595947	1134.86145019531	-6.17680215835571	44.0356369018555	1114.62805175781	-5.22594976425171	24.5014038085938	1094.34692382812	-18.6613483428955	21.9537410736084	1086.04736328125	-34.1094284057617	18.094633102417	1097.45849609375	-47.2332801818848	0.958844482898712	1121.126953125	-39.2898445129395	-9.58589458465576	1120.23645019531	-18.1683559417725	8.61818695068359	1113.77307128906	-33.7536239624023	-28.9495964050293	1117.76208496094	-21.5130786895752	-29.9593486785889	1129.42053222656	-12.0991582870483	-36.9150695800781	1130.2255859375	-10.8125658035278	-9.1246452331543	1124.68225097656
PRI-10751	-2.9061017036438	52.3119049072266	1139.10681152344	-3.30973958969116	49.4398956298828	1128.67138671875	-3.48633909225464	41.0465202331543	1107.60717773438	-4.08746385574341	22.3018894195557	1085.28295898438	-3.97472715377808	20.462215423584	1081.15563964844	-0.809083759784698	-60.9375038146973	1111.54675292969	-1.23062026500702	-44.9094429016113	1127.28857421875	-2.19888806343079	-29.2802505493164	1130.18725585938	-2.50225687026978	-3.97500443458557	1116.541015625	-2.03980493545532	8.58639430999756	1126.31494140625	-3.10523104667664	39.1197929382324	1130.97229003906	7.90347957611084	48.3297958374023	1135.80102539062	8.88300800323486	47.0938301086426	1136.64392089844	12.237642288208	42.7236251831055	1137.2861328125	16.0707912445068	32.4258766174316	1138.54260253906	13.1515436172485	6.99937534332275	1136.72668457031	8.98879909515381	2.74321627616882	1132.49633789062	0.692957818508148	40.1450119018555	1111.03308105469	-0.428347706794739	21.4689674377441	1092.88000488281	13.8125257492065	17.634521484375	1084.00915527344	29.4877338409424	12.7733001708984	1095.78430175781	40.705924987793	-2.80674934387207	1119.79772949219	33.100399017334	-12.9051361083984	1119.17553710938	11.2339096069336	4.5020432472229	1111.94848632812	27.1436138153076	-28.899356842041	1117.63061523438	14.312671661377	-29.7481174468994	1127.947265625	6.44838714599609	-37.4419784545898	1129.3994140625	4.85295534133911	-10.9092321395874	1123.37329101562	-13.9099426269531	48.0436172485352	1136.64733886719	-14.8404865264893	46.6456146240234	1137.13269042969	-18.2433586120605	41.7482299804688	1138.50354003906	-20.3365173339844	31.735502243042	1140.125	-18.2238750457764	6.42936611175537	1137.5244140625	-13.2135362625122	2.1792733669281	1132.75439453125	-7.66561222076416	39.8422164916992	1110.92639160156	-6.68706130981445	21.6037559509277	1093.08630371094	-19.9226131439209	17.0342311859131	1085.0380859375	-36.0121955871582	11.3627014160156	1097.47619628906	NA	NA	NA	-37.4509124755859	-15.1969881057739	1121.52087402344	-17.07594871521	4.64994716644287	1112.40637207031	-31.8981399536133	-31.7980632781982	1120.23522949219	-18.0731735229492	-31.0920829772949	1129.32543945312	-9.82220363616943	-38.5368881225586	1129.97802734375	-9.74610042572021	-11.1568794250488	1122.93493652344
PRI-10765	126.547462463379	54.8611259460449	843.511169433594	126.297172546387	49.8094100952148	851.447570800781	126.534362792969	39.233325958252	870.682922363281	127.69686126709	16.4874114990234	895.035461425781	127.821891784668	12.773229598999	899.386840820312	128.768508911133	-67.6596450805664	865.943054199219	128.59846496582	-50.2624244689941	850.470581054688	128.557556152344	-32.199405670166	847.60986328125	128.477081298828	-9.67274856567383	862.378967285156	128.16667175293	2.63242554664612	850.725769042969	126.805221557617	39.3015022277832	849.660217285156	115.961479187012	48.2372627258301	843.739990234375	114.465942382812	45.7491455078125	842.864379882812	111.170333862305	38.6751327514648	841.880126953125	NA	NA	NA	112.309257507324	2.907954454422	841.756103515625	117.230361938477	-2.379727602005	846.204528808594	121.266143798828	36.6959915161133	867.797668457031	124.850364685059	15.2610387802124	887.269897460938	113.40998840332	12.6612644195557	894.573181152344	97.7204360961914	2.01506495475769	885.954040527344	86.3599853515625	-9.06020259857178	857.973449707031	93.3921966552734	-17.7485980987549	858.916076660156	114.702308654785	0.308912843465805	865.504821777344	99.2040710449219	-36.7563514709473	860.764770507812	112.248359680176	-37.5348777770996	851.259582519531	120.771697998047	-41.3035163879395	846.988830566406	121.246864318848	-18.1024646759033	857.297668457031	137.513656616211	48.386791229248	844.585388183594	139.509826660156	45.9907073974609	843.920532226562	NA	NA	NA	NA	NA	NA	142.397872924805	3.25323700904846	841.512573242188	139.140686035156	-3.22993111610413	845.98291015625	132.220809936523	37.0505523681641	867.659362792969	130.270919799805	15.7139911651611	887.110717773438	141.948165893555	12.532826423645	895.793579101562	158.098175048828	3.58217406272888	885.252868652344	168.943450927734	-7.79563570022583	857.81298828125	162.958877563477	-16.7056980133057	858.629760742188	141.944046020508	1.0663605928421	865.418518066406	159.16960144043	-37.3256034851074	860.087890625	144.993530273438	-38.8185958862305	850.072387695312	136.6396484375	-42.1448402404785	847.0390625	136.081039428711	-18.6949615478516	857.718994140625
PRI-10767	110.275131225586	42.8549118041992	848.160766601562	110.294143676758	38.473575592041	855.983093261719	110.91731262207	29.6140003204346	872.889282226562	111.828689575195	12.8008136749268	894.733154296875	111.862129211426	10.2371807098389	899.025329589844	111.590621948242	-63.7166519165039	871.147033691406	111.1162109375	-48.8274307250977	853.908813476562	110.881690979004	-35.7365379333496	850.595581054688	111.428985595703	-10.9672946929932	864.899536132812	110.918098449707	0.148172408342361	856.251525878906	110.810256958008	31.2927742004395	853.110290527344	100.123672485352	38.5448455810547	849.125915527344	98.8161239624023	36.6465263366699	848.741027832031	96.6779556274414	32.3178291320801	847.530517578125	92.9913024902344	22.5072803497314	847.431030273438	97.2535095214844	-2.22432374954224	849.324584960938	100.999969482422	-4.29301643371582	851.914794921875	106.28246307373	29.3197898864746	869.950866699219	109.014343261719	12.3901176452637	887.098205566406	97.0636444091797	9.07394504547119	896.65869140625	82.671760559082	0.519415438175201	887.146423339844	73.418586730957	-11.980884552002	864.165344238281	82.3528137207031	-20.8589782714844	863.686767578125	96.9656829833984	-3.1928219795227	869.718444824219	85.0574264526367	-36.9534645080566	864.932556152344	96.0260620117188	-38.1792030334473	854.954833984375	104.136047363281	-44.1401062011719	851.775939941406	105.510231018066	-20.158088684082	858.405334472656	120.183212280273	38.350269317627	848.9140625	121.493263244629	36.810302734375	848.532531738281	123.790306091309	32.6726417541504	847.292907714844	127.625053405762	22.4103088378906	846.788208007812	124.650344848633	-1.78946828842163	848.59130859375	120.384719848633	-4.35461568832397	851.495422363281	115.712066650391	29.1204700469971	869.922912597656	113.946624755859	12.7204437255859	886.835083007812	125.760269165039	9.61038208007812	895.343811035156	139.415512084961	0.571280479431152	885.891540527344	148.604507446289	-13.649209022522	861.607604980469	140.764389038086	-20.5377922058105	861.505432128906	126.142951965332	-3.45329403877258	868.565307617188	136.959854125977	-36.4457588195801	862.807983398438	125.515396118164	-37.4798812866211	853.517028808594	117.512733459473	-43.9694061279297	851.011108398438	117.054870605469	-19.9892654418945	858.23095703125
PRI-10771	112.431030273438	49.2173194885254	888.83740234375	112.402450561523	43.5554237365723	894.025451660156	113.045028686523	32.9116134643555	912.819152832031	112.660224914551	13.4169425964355	934.767761230469	112.714073181152	10.304856300354	938.420654296875	115.473052978516	-63.3477554321289	902.19873046875	114.882316589355	-45.0990753173828	889.129333496094	114.818084716797	-28.695348739624	886.858520507812	114.294044494629	-8.1968297958374	902.59033203125	113.932510375977	6.86496543884277	893.354431152344	112.817573547363	35.7154960632324	891.859802246094	103.334129333496	45.9155197143555	887.880615234375	101.896903991699	44.3302230834961	887.483276367188	98.5078582763672	40.3606185913086	886.572509765625	95.9391174316406	30.5143375396729	885.114318847656	98.2507553100586	6.20479440689087	887.947387695312	103.486236572266	0.638704180717468	888.134704589844	NA	NA	NA	110.637001037598	13.1245822906494	927.132507324219	98.4099960327148	7.55564737319946	936.53369140625	84.540412902832	2.46130061149597	925.816833496094	75.4999923706055	-6.73616218566895	901.982299804688	83.246955871582	-16.2565536499023	899.442077636719	100.031044006348	0.414220839738846	907.844543457031	87.2020492553711	-32.8926391601562	899.5517578125	99.6918182373047	-31.642032623291	888.947692871094	107.161407470703	-37.9779319763184	886.539489746094	107.862762451172	-15.5838251113892	895.933654785156	122.044486999512	45.793773651123	887.791687011719	123.619216918945	44.229076385498	887.574279785156	127.345176696777	40.3494987487793	887.403747558594	130.518127441406	30.1571140289307	885.856872558594	128.771057128906	5.88539695739746	888.38623046875	124.585273742676	1.33768033981323	888.612976074219	117.80403137207	33.9432067871094	909.188293457031	115.165512084961	13.8059463500977	927.012451171875	126.276916503906	7.41490507125854	936.871520996094	141.494079589844	3.71654009819031	926.814208984375	152.27880859375	-5.92132043838501	901.474060058594	145.31201171875	-15.0571899414062	899.945129394531	128.143814086914	0.693530738353729	908.275024414062	142.277420043945	-32.2930374145508	899.30224609375	129.904556274414	-31.2180709838867	888.638916015625	122.252952575684	-37.8116912841797	886.406860351562	120.754547119141	-15.6477003097534	895.844421386719
PRI-10789	131.114303588867	56.6375961303711	847.047241210938	130.445114135742	51.0794639587402	852.101257324219	129.740249633789	37.9302520751953	870.92822265625	129.244338989258	11.4943895339966	893.922241210938	129.10026550293	7.45007133483887	897.713745117188	137.02458190918	-69.5695571899414	857.714721679688	135.946731567383	-48.5088005065918	841.658874511719	135.7216796875	-33.0301284790039	839.97119140625	132.862609863281	-9.8095645904541	859.965454101562	132.880493164062	5.5542106628418	849.694885253906	131.304718017578	41.7672080993652	848.759704589844	120.05842590332	51.8826332092285	846.140869140625	118.085479736328	50.0066299438477	845.669494628906	114.922103881836	43.4203948974609	842.872375488281	112.421546936035	33.134105682373	840.256896972656	116.840141296387	7.00493049621582	838.077453613281	122.124229431152	0.848369538784027	844.242553710938	124.043617248535	37.0381698608398	867.429931640625	126.480461120605	10.6326122283936	887.029602050781	113.422050476074	5.13727426528931	895.513366699219	98.1724624633789	-1.09167325496674	884.620422363281	86.5315780639648	-14.4992370605469	856.946960449219	96.2640914916992	-23.0704345703125	853.509216308594	120.00463104248	-2.5563817024231	865.230590820312	104.621398925781	-41.9236259460449	853.927185058594	119.866958618164	-38.4376907348633	842.003967285156	128.120956420898	-42.6002731323242	838.874572753906	126.701721191406	-20.0933055877686	850.62890625	141.729827880859	52.6755065917969	846.69384765625	143.304290771484	51.9186706542969	846.761474609375	148.133926391602	43.919376373291	844.016662597656	151.320663452148	34.0058937072754	841.275085449219	148.591979980469	7.04163122177124	839.604309082031	143.603164672852	1.53084981441498	845.404724121094	135.111267089844	37.3439521789551	868.375732421875	132.529052734375	11.3060283660889	887.540649414062	143.847747802734	7.24628114700317	897.724792480469	161.887954711914	3.26457333564758	889.715148925781	177.465515136719	-9.51987266540527	861.76318359375	170.048522949219	-17.6357135772705	857.274780273438	145.724334716797	-0.771570324897766	866.235961914062	166.259063720703	-38.918586730957	856.822814941406	151.644302368164	-36.0441970825195	843.322814941406	143.097290039062	-42.6211090087891	840.59521484375	141.711273193359	-19.1761360168457	850.724792480469
PRI-10928	-4.91372537612915	61.8363609313965	1168.31616210938	-4.10595750808716	56.1488342285156	1157.9169921875	-3.45374059677124	46.552734375	1131.99572753906	-2.88794779777527	23.5207271575928	1098.90100097656	-2.82988619804382	18.9062080383301	1092.92858886719	-2.61869764328003	-70.0846099853516	1124.05993652344	-3.34745264053345	-50.5770645141602	1142.18200683594	-3.72081851959229	-33.8895263671875	1146.92492675781	-3.53746771812439	-5.60976886749268	1131.10791015625	-4.09096097946167	8.5526180267334	1145.35400390625	-3.87237977981567	45.2013740539551	1159.4765625	6.49547624588013	57.2213439941406	1165.91979980469	9.18611526489258	54.1360359191895	1166.92443847656	13.071478843689	47.399787902832	1167.44580078125	15.6313610076904	35.9034004211426	1165.64807128906	13.1969385147095	10.6029796600342	1161.10986328125	6.92834901809692	2.79315042495728	1153.00463867188	1.90394234657288	45.9992637634277	1133.60437011719	0.529233396053314	22.9600868225098	1108.17492675781	15.5551433563232	18.6168575286865	1098.56298828125	31.4740180969238	10.6107969284058	1107.98706054688	42.3483390808105	-6.5243616104126	1137.79992675781	35.319751739502	-16.7257270812988	1137.74291992188	10.2354288101196	3.30439519882202	1127.94836425781	30.2099380493164	-37.4649772644043	1132.89099121094	14.2540998458862	-39.1419448852539	1144.7392578125	3.66012263298035	-45.4931793212891	1145.70324707031	4.74118804931641	-15.0848865509033	1138.44165039062	-15.7211656570435	57.2775840759277	1164.7431640625	-18.7259368896484	54.2370681762695	1164.32763671875	-21.1959743499756	47.2850456237793	1166.115234375	-23.4466667175293	35.798942565918	1164.67395019531	-21.7160568237305	10.2426881790161	1160.17419433594	-14.6341190338135	1.82089447975159	1151.61291503906	-9.01995849609375	45.4657325744629	1133.64135742188	-6.71288633346558	21.9686908721924	1107.33642578125	-21.2323513031006	18.9918785095215	1097.45471191406	-37.5080490112305	10.8453569412231	1105.75732421875	-49.655086517334	-6.73075008392334	1135.17956542969	-42.7935180664062	-15.1180820465088	1135.21655273438	-18.490177154541	3.80136728286743	1127.50268554688	-37.230640411377	-38.2344665527344	1130.52453613281	-20.5880737304688	-37.3902206420898	1143.31201171875	-11.3426342010498	-44.4163818359375	1145.21704101562	-12.4706182479858	-17.2841453552246	1138.15209960938
PRI-11109	121.571617126465	55.3974189758301	841.917175292969	122.386238098145	49.6467819213867	848.900329589844	123.70263671875	37.3372688293457	867.241821289062	124.869491577148	20.0160751342773	890.242553710938	125.077819824219	17.1203517913818	895.292358398438	124.706604003906	-63.8261795043945	865.15380859375	124.089027404785	-46.2414474487305	847.387878417969	124.368072509766	-30.0666923522949	845.915832519531	124.199401855469	-8.25765132904053	858.830749511719	123.521690368652	6.83324861526489	849.905639648438	122.874687194824	39.4154663085938	847.146179199219	111.455238342285	50.6227607727051	845.032836914062	110.192268371582	48.6285781860352	844.517456054688	106.069267272949	43.0353355407715	843.747314453125	103.148391723633	32.3246002197266	842.569091796875	106.210235595703	5.81622457504272	841.715942382812	111.097595214844	1.71808004379272	844.465454101562	119.321746826172	37.0400505065918	865.046813964844	121.841941833496	19.0251579284668	883.320739746094	108.333381652832	16.0498466491699	892.172729492188	95.0831451416016	9.27463150024414	885.9755859375	80.0055160522461	-4.10752105712891	859.602172851562	87.635124206543	-16.8889198303223	857.598754882812	110.73991394043	2.24771523475647	863.36865234375	93.9026184082031	-34.1385078430176	858.986511230469	106.721855163574	-34.1661796569824	849.317993164062	116.41983795166	-39.13818359375	845.594421386719	116.996223449707	-13.5136947631836	853.117004394531	131.732971191406	49.7851181030273	842.923706054688	133.975921630859	49.0889053344727	842.971862792969	137.655822753906	43.2948875427246	841.146606445312	140.74430847168	32.6470336914062	839.808898925781	139.505004882812	6.54751586914062	838.8173828125	134.846481323242	1.68897938728333	843.278991699219	128.314010620117	37.1836166381836	864.642028808594	127.508460998535	18.9864540100098	883.535583496094	140.810928344727	16.1580333709717	890.429931640625	154.989562988281	11.0835599899292	881.967712402344	167.377212524414	-3.03139233589172	854.256530761719	160.911544799805	-15.7758026123047	853.696166992188	138.668121337891	2.92973685264587	862.299865722656	154.566604614258	-33.9496536254883	855.424560546875	140.901321411133	-34.8040962219238	846.879089355469	131.015625	-39.5256156921387	844.686279296875	131.526794433594	-13.4583911895752	852.846435546875
PRI-11285	106.579566955566	54.6068229675293	849.011840820312	106.591087341309	51.2038764953613	854.144165039062	107.135147094727	44.949592590332	870.356079101562	107.520935058594	25.9786777496338	893.449584960938	107.607879638672	23.6747951507568	897.060974121094	110.301895141602	-51.6847114562988	868.80029296875	109.104591369629	-35.0092620849609	854.442016601562	108.766563415527	-18.5780773162842	852.860900878906	108.296409606934	3.06697368621826	865.528686523438	108.004295349121	13.303427696228	855.441833496094	106.840713500977	43.4389305114746	852.276550292969	97.7337799072266	50.4659423828125	848.930114746094	96.1425704956055	49.1625823974609	848.105712890625	92.9966659545898	44.3112678527832	846.802917480469	89.2607192993164	34.1500091552734	846.243041992188	94.1460800170898	11.0604372024536	848.301635742188	96.8270645141602	8.26304054260254	850.609375	102.159942626953	42.9848747253418	868.7255859375	104.834671020508	25.7152194976807	886.026428222656	94.0820007324219	19.8865203857422	895.845031738281	79.7053298950195	13.6868963241577	887.395751953125	69.5212554931641	2.31866693496704	864.619079589844	79.5180130004883	-6.04209804534912	863.753845214844	94.1278305053711	10.9065980911255	869.212158203125	82.2228546142578	-22.2234115600586	865.502868652344	93.8304443359375	-21.6356430053711	855.02099609375	101.109657287598	-27.7912006378174	852.502685546875	102.577377319336	-5.04325532913208	860.310363769531	115.633529663086	51.5193252563477	848.705383300781	117.139785766602	49.8452377319336	848.083618164062	121.157852172852	45.2086181640625	847.029541015625	125.047973632812	35.1787147521973	846.971801757812	120.891006469727	11.9285135269165	848.577758789062	118.701919555664	9.46914196014404	850.6015625	111.259666442871	43.3739738464355	868.826965332031	109.945594787598	25.4077415466309	886.457458496094	121.533622741699	20.8509426116943	895.798950195312	135.693481445312	15.3165845870972	887.218505859375	146.118850708008	4.58190011978149	863.102783203125	137.923583984375	-4.92658996582031	862.927551269531	122.283332824707	10.8305864334106	869.613891601562	134.834915161133	-21.3539390563965	864.342651367188	123.678352355957	-22.1156120300293	853.775207519531	116.301605224609	-27.6614608764648	851.83642578125	114.785568237305	-4.95246601104736	859.87548828125
PRI-11318	121.767379760742	55.8918342590332	837.077758789062	121.695846557617	50.4152183532715	844.165466308594	122.847915649414	41.2646217346191	862.788330078125	123.313339233398	23.5430011749268	886.667846679688	123.355575561523	20.6238670349121	892.136352539062	128.409896850586	-66.4939270019531	853.757263183594	128.549621582031	-46.0989379882812	840.79296875	127.664543151855	-27.9837017059326	840.1591796875	126.081489562988	-5.85852098464966	855.046569824219	124.830558776855	8.41701221466064	845.701171875	122.730964660645	39.7912216186523	841.842956542969	110.962730407715	48.8711242675781	838.044799804688	110.459983825684	47.9263496398926	837.539306640625	108.165138244629	42.9577407836914	835.149841308594	105.09400177002	31.6994380950928	834.094421386719	108.233924865723	7.06230640411377	835.571105957031	112.886932373047	2.58877277374268	839.316528320312	117.261512756348	39.7214164733887	860.296264648438	119.983673095703	21.6634464263916	877.259948730469	107.354270935059	17.9849815368652	887.444580078125	92.5894088745117	7.8581280708313	877.901550292969	80.5276031494141	-4.98408842086792	854.018371582031	88.34814453125	-18.7485408782959	850.583618164062	111.106452941895	4.2842812538147	857.794555664062	97.162841796875	-34.7950057983398	851.068725585938	111.405242919922	-32.7763862609863	841.522399902344	120.68675994873	-37.6765480041504	839.140747070312	119.177604675293	-12.5010643005371	848.290466308594	131.670272827148	48.9757652282715	837.722778320312	133.848281860352	49.3514671325684	838.085510253906	136.746383666992	44.4129066467285	835.167053222656	141.730880737305	33.9887886047363	834.20703125	141.402755737305	8.96509552001953	835.435852050781	137.352966308594	3.55204820632935	839.323486328125	128.286315917969	39.9559211730957	859.218872070312	126.821960449219	22.1873970031738	878.310791015625	140.243774414062	20.0440235137939	887.562622070312	156.029876708984	12.3773527145386	878.044982910156	170.513519287109	-0.888345897197723	854.0146484375	164.55419921875	-13.9471855163574	850.536926269531	139.294143676758	5.94241046905518	857.721496582031	157.279449462891	-32.4044380187988	850.97802734375	143.717681884766	-30.4874458312988	841.30029296875	135.445938110352	-36.637451171875	838.733642578125	133.725372314453	-12.3459777832031	848.115112304688
PRI-11320	123.848640441895	56.1410751342773	834.471557617188	124.200340270996	51.3445205688477	841.374389648438	124.927238464355	42.3758354187012	861.978942871094	125.81128692627	23.8765678405762	885.638793945312	126.06575012207	21.2792205810547	890.324279785156	131.395233154297	-64.9860000610352	856.543090820312	129.263732910156	-47.7910995483398	841.037475585938	128.486465454102	-30.359655380249	839.199890136719	127.691970825195	-6.58394718170166	853.9580078125	126.379364013672	9.95351028442383	842.5029296875	124.490798950195	41.6083717346191	838.432861328125	113.566131591797	50.0260925292969	834.789306640625	112.463836669922	49.137035369873	834.514892578125	109.079811096191	43.2753944396973	833.428588867188	106.256019592285	31.8160438537598	832.986328125	109.772987365723	6.1164960861206	835.121643066406	114.468780517578	2.55432057380676	837.259826660156	120.308387756348	41.7496643066406	858.453857421875	122.383605957031	22.0858020782471	877.04052734375	110.308624267578	17.7867221832275	886.113464355469	94.5232849121094	8.44044399261475	877.43994140625	84.8757934570312	-6.02859163284302	851.663024902344	92.8347549438477	-15.9676885604858	852.60107421875	113.467826843262	2.6054413318634	858.17724609375	99.1680908203125	-34.4017715454102	852.671630859375	112.351318359375	-35.7999496459961	840.957763671875	121.174530029297	-40.8892059326172	838.300415039062	119.512214660645	-13.1624526977539	846.278625488281	135.016082763672	51.1407852172852	834.460571289062	136.334365844727	50.1757316589355	834.293212890625	140.353164672852	44.6443786621094	833.162658691406	143.771362304688	33.8260612487793	832.374145507812	142.798721313477	7.7860598564148	834.171203613281	139.226364135742	3.83890390396118	836.663391113281	130.095245361328	41.3723983764648	857.692443847656	129.02912902832	22.6092491149902	878.096374511719	142.219268798828	20.2193946838379	886.029357910156	158.685760498047	10.9196548461914	876.828857421875	169.586517333984	-3.71794962882996	850.796203613281	162.743316650391	-12.654806137085	851.184326171875	143.139312744141	4.86099529266357	857.519287109375	157.62712097168	-33.3038177490234	850.570922851562	145.962936401367	-34.7651634216309	839.867004394531	135.780334472656	-40.090160369873	837.453063964844	135.100067138672	-13.1570625305176	845.396057128906
PRI-11322	128.169540405273	60.899299621582	836.733215332031	128.266235351562	55.9302062988281	844.649230957031	129.159088134766	47.6995811462402	864.596618652344	130.312637329102	28.3359699249268	889.313293457031	130.311599731445	25.4526653289795	894.538146972656	133.034027099609	-65.1299819946289	861.711181640625	132.533584594727	-45.2472915649414	848.906921386719	132.398864746094	-27.8903636932373	844.891723632812	131.955703735352	-1.78820526599884	858.666442871094	130.690719604492	11.4969577789307	847.291381835938	128.879043579102	45.7124481201172	842.063781738281	117.503135681152	54.1886444091797	837.470581054688	116.334976196289	53.1376304626465	836.977600097656	113.050270080566	46.2592315673828	835.518432617188	110.24210357666	35.0442962646484	834.909912109375	114.757064819336	8.8074779510498	839.142456054688	117.670433044434	6.74347066879272	841.830322265625	124.664581298828	45.5909614562988	862.207885742188	126.782524108887	26.9170093536377	881.09912109375	112.506813049316	22.1299114227295	891.28955078125	97.2822418212891	13.9496374130249	881.362609863281	86.5206756591797	-1.05324161052704	856.175842285156	94.1826858520508	-14.0856924057007	856.640441894531	118.289764404297	8.34630393981934	862.112915039062	101.887519836426	-32.1326904296875	856.735595703125	113.436187744141	-32.7756996154785	847.897033691406	124.428352355957	-38.3766136169434	845.341186523438	124.236305236816	-9.72911930084229	851.684020996094	139.810974121094	55.0723114013672	838.024047851562	141.301818847656	53.5912971496582	837.180969238281	144.665084838867	46.9420738220215	835.169250488281	148.076187133789	35.7600860595703	833.813110351562	146.36067199707	9.66505813598633	838.833801269531	143.243469238281	7.20590972900391	841.321533203125	133.913299560547	46.1248397827148	861.974670410156	133.8330078125	27.1551303863525	881.950256347656	146.835556030273	24.1818294525146	891.633483886719	163.726745605469	16.8504219055176	881.157348632812	176.218811035156	2.74307560920715	855.17333984375	169.788452148438	-11.4653301239014	855.356628417969	144.426513671875	10.3676776885986	861.511352539062	163.563842773438	-30.7229480743408	856.4013671875	151.650833129883	-32.1181907653809	847.271362304688	140.471542358398	-37.5061988830566	844.26220703125	139.542510986328	-9.70336532592773	851.244934082031
PRI-11328	125.044052124023	55.1924324035645	836.788452148438	125.833953857422	51.4347267150879	842.750427246094	127.472389221191	43.5426139831543	862.270324707031	128.619476318359	21.423770904541	889.172302246094	128.638763427734	19.5295562744141	893.689575195312	130.535308837891	-67.7437973022461	866.442321777344	129.92692565918	-50.249340057373	849.39013671875	129.328903198242	-34.2495651245117	845.94384765625	128.327987670898	-8.29583644866943	859.934875488281	127.476387023926	5.96955919265747	847.758605957031	126.374305725098	41.6972122192383	840.700927734375	114.291847229004	48.4658164978027	838.64501953125	113.590469360352	47.8933334350586	838.332641601562	110.391021728516	41.8220863342285	836.476196289062	107.730407714844	29.9132785797119	834.769836425781	110.384460449219	3.32057785987854	838.046569824219	115.257476806641	-1.01354908943176	842.219604492188	121.801048278809	41.204963684082	860.361022949219	125.018310546875	19.6327667236328	881.252563476562	111.482048034668	15.4518136978149	889.937927246094	98.2082977294922	8.45636653900146	881.935302734375	86.1170883178711	-6.54497003555298	857.601684570312	92.9318771362305	-18.6103801727295	857.962097167969	115.132148742676	1.67392802238464	861.990539550781	98.8698425292969	-38.0241088867188	859.465454101562	110.99983215332	-38.9561462402344	848.975402832031	121.392303466797	-44.8060302734375	845.838745117188	120.891181945801	-17.2025337219238	852.644287109375	137.021301269531	50.4103775024414	838.124694824219	137.935134887695	49.8764724731445	837.99267578125	141.266998291016	44.2969169616699	835.306396484375	145.234298706055	33.344409942627	833.776916503906	144.89289855957	5.75816202163696	837.456359863281	139.923690795898	0.231468975543976	842.029541015625	132.297271728516	41.7799377441406	859.511962890625	131.438201904297	20.489574432373	880.644104003906	144.566757202148	18.1645965576172	889.170837402344	158.728408813477	11.654242515564	880.197448730469	170.423568725586	-2.57357549667358	855.591674804688	164.139770507812	-15.7793493270874	855.220825195312	142.589370727539	2.83600354194641	860.440002441406	160.123886108398	-35.5745620727539	857.232421875	147.47785949707	-36.5280570983887	847.424072265625	137.073333740234	-44.7500419616699	846.815002441406	136.461639404297	-15.2548427581787	852.440734863281
PRI-11373	126.556648254395	58.4961090087891	840.260803222656	126.854766845703	54.9683532714844	846.388427734375	128.199172973633	45.166862487793	867.712463378906	128.582855224609	25.8091411590576	891.98388671875	128.807174682617	22.220609664917	897.39892578125	129.988204956055	-65.4705276489258	865.130004882812	129.496673583984	-47.2098159790039	846.781494140625	128.804443359375	-28.7637233734131	844.946228027344	128.840072631836	-3.97804808616638	859.977722167969	128.328201293945	8.97555923461914	848.497375488281	127.123023986816	44.1590232849121	845.304504394531	115.121696472168	52.8243293762207	842.894470214844	114.422569274902	52.0494079589844	842.95556640625	110.827514648438	46.100341796875	840.803283691406	110.469665527344	35.168399810791	839.46484375	109.567474365234	8.51376819610596	839.516357421875	115.643730163574	3.51923513412476	842.986083984375	122.979965209961	43.6856689453125	864.542175292969	125.686981201172	23.943115234375	883.523132324219	113.111770629883	19.9476184844971	891.577026367188	97.927978515625	11.584114074707	883.385803222656	84.9739761352539	-0.467760145664215	858.696899414062	92.2664184570312	-14.454909324646	857.366638183594	115.215522766113	6.17920303344727	862.408264160156	98.6308898925781	-33.6030502319336	858.449951171875	110.709350585938	-33.1226654052734	847.961059570312	120.917030334473	-39.4315643310547	843.623901367188	120.423965454102	-12.8469676971436	853.103881835938	138.291946411133	53.503719329834	842.588134765625	138.711227416992	52.9427108764648	842.514038085938	142.590545654297	46.5525169372559	840.115112304688	145.6845703125	35.9744720458984	838.565490722656	145.425491333008	8.6095085144043	838.384521484375	140.722579956055	3.54933047294617	842.216369628906	132.699661254883	43.783088684082	864.8427734375	131.543762207031	23.8779602050781	883.748046875	144.393264770508	20.8854465484619	891.3818359375	159.533798217773	13.014817237854	883.132080078125	171.978042602539	2.08510446548462	856.406005859375	164.789596557617	-13.1013450622559	855.425415039062	142.64973449707	5.52139663696289	862.200744628906	159.653686523438	-32.6887741088867	856.832946777344	145.994171142578	-32.8094482421875	846.415954589844	137.161422729492	-39.4746170043945	843.913879394531	136.598663330078	-12.7970628738403	852.378234863281
PRI-11376	138.628219604492	70.9981536865234	829.249877929688	139.246353149414	62.8362159729004	839.837097167969	140.442535400391	49.7310943603516	861.598327636719	141.48486328125	26.4866428375244	885.556518554688	141.78337097168	22.0039978027344	891.47509765625	144.845611572266	-63.3247222900391	850.698913574219	143.02668762207	-42.5776519775391	831.80712890625	142.461349487305	-23.3944816589355	830.069274902344	141.938583374023	-0.0886739566922188	850.429931640625	141.052322387695	13.7218971252441	838.834533691406	139.601577758789	51.9278717041016	834.587646484375	127.895378112793	65.116081237793	831.491760253906	125.515830993652	62.7105140686035	830.444763183594	123.03604888916	55.247974395752	828.033081054688	120.25318145752	44.4129791259766	826.286499023438	123.255294799805	20.1984577178955	826.611328125	128.784133911133	9.8364372253418	833.367614746094	134.77001953125	48.3496398925781	857.787475585938	137.307098388672	25.6767101287842	876.353149414062	124.206169128418	20.208833694458	885.308410644531	105.95532989502	11.834342956543	875.432983398438	91.8732070922852	0.0166877582669258	844.0322265625	101.441535949707	-11.7272090911865	845.010864257812	126.905220031738	7.77325916290283	854.84423828125	111.816360473633	-31.1138153076172	844.468017578125	123.964286804199	-28.9131240844727	834.06591796875	134.978790283203	-33.6978988647461	828.783996582031	133.696105957031	-8.50859260559082	842.559997558594	149.931549072266	65.3791732788086	829.867004394531	152.862503051758	63.2305946350098	828.026977539062	155.307662963867	56.826114654541	827.251525878906	158.872756958008	45.7703285217285	825.768493652344	157.532165527344	20.8632583618164	825.623901367188	153.056716918945	10.0166397094727	832.053344726562	145.834579467773	49.0434875488281	857.012878417969	145.336120605469	25.151159286499	876.273864746094	160.348266601562	21.0348873138428	885.127380371094	177.859283447266	15.1521310806274	873.998046875	191.038879394531	1.91849100589752	842.187377929688	182.919067382812	-6.43656253814697	843.445983886719	157.308654785156	9.17341804504394	853.608642578125	174.981918334961	-29.3733596801758	842.615600585938	160.500640869141	-27.5184936523438	832.643676757812	150.981185913086	-33.7842788696289	828.690856933594	151.307144165039	-7.54953050613403	841.565368652344
PRI-11414	142.585861206055	77.8229141235352	831.357238769531	143.152770996094	67.0507125854492	842.077941894531	144.946197509766	51.7489204406738	860.908203125	147.271453857422	28.6212558746338	884.15380859375	147.391830444336	25.6610488891602	888.430358886719	149.244003295898	-61.8729782104492	848.522277832031	147.595413208008	-41.169921875	832.268432617188	146.903884887695	-20.4551086425781	830.568969726562	146.903991699219	4.13255643844604	847.059875488281	145.894683837891	19.1196174621582	836.559814453125	143.671600341797	58.7951240539551	835.703369140625	130.253234863281	71.4392852783203	832.628295898438	127.996719360352	70.0353775024414	831.660888671875	124.571128845215	61.9741630554199	828.784851074219	123.134460449219	50.1545677185059	825.467712402344	126.643013000488	23.7724113464355	823.424438476562	132.309112548828	15.1963920593262	828.502258300781	138.922729492188	52.2365760803223	856.664672851562	143.123397827148	27.520191192627	876.733825683594	128.340148925781	21.6568202972412	886.970581054688	110.975509643555	14.4040098190308	877.145874023438	93.8393478393555	2.75729846954346	847.375793457031	104.153755187988	-7.53214311599731	842.789184570312	130.166625976562	13.3942890167236	853.303894042969	114.071113586426	-28.2678413391113	843.389587402344	127.316612243652	-25.8355178833008	832.788452148438	138.73518371582	-31.3901786804199	829.732116699219	137.955184936523	-3.41036367416382	839.706909179688	154.830871582031	72.5733108520508	831.981628417969	156.6123046875	71.8842697143555	832.058044433594	161.68244934082	64.3401031494141	827.856628417969	163.931121826172	52.1448669433594	824.2744140625	163.642318725586	25.5708484649658	822.050842285156	159.004776000977	16.8171577453613	827.043151855469	150.9482421875	52.2326240539551	856.542358398438	151.209167480469	27.442943572998	876.7490234375	166.794006347656	23.0796871185303	885.406005859375	183.842330932617	15.906418800354	875.729736328125	199.732788085938	4.51988315582275	843.332641601562	190.856552124023	-4.19571018218994	840.573913574219	162.599899291992	13.6001348495483	852.60595703125	181.414352416992	-25.5319004058838	840.792114257812	168.017044067383	-24.8233833312988	830.502197265625	155.360137939453	-30.2281112670898	828.254821777344	156.268051147461	-2.86009812355042	838.875732421875
PRI-11415	136.444519042969	68.5360641479492	838.071472167969	136.449203491211	62.3199424743652	846.532653808594	136.963241577148	47.9463539123535	865.987060546875	137.060684204102	23.0645275115967	888.954223632812	137.162353515625	19.231164932251	893.685180664062	144.814590454102	-62.5769271850586	853.64208984375	142.165374755859	-42.0079803466797	832.585205078125	140.424926757812	-24.7132034301758	831.414428710938	138.663299560547	-1.33460676670074	849.473510742188	138.428588867188	14.6815567016602	841.601623535156	137.375427246094	50.4822616577148	840.97900390625	124.029731750488	61.6879043579102	839.854553222656	123.296005249023	61.0694313049316	839.395080566406	119.469741821289	52.3677406311035	835.535095214844	116.292556762695	40.6856155395508	832.588439941406	121.544982910156	14.6311979293823	830.412292480469	125.814613342285	9.87544631958008	834.193725585938	131.060852050781	46.5854911804199	862.500366210938	133.72900390625	22.6021709442139	879.751281738281	118.094795227051	15.8293180465698	888.127380371094	103.100212097168	7.57142972946167	878.4560546875	91.1301879882812	-4.16132020950317	849.265686035156	100.984321594238	-12.9603109359741	846.54833984375	122.975662231445	7.39448118209839	856.827758789062	108.444931030273	-33.2541007995605	846.141418457031	122.498291015625	-30.2938575744629	832.858459472656	133.984481811523	-36.2771644592285	830.513305664062	131.300384521484	-8.36920070648193	841.577270507812	149.231292724609	62.873176574707	839.775756835938	150.373519897461	62.1510810852051	839.785827636719	155.299621582031	54.6588020324707	836.441223144531	158.326919555664	43.5633125305176	832.724365234375	155.546661376953	16.6881122589111	830.826171875	151.862426757812	11.448016166687	834.233215332031	142.917724609375	47.7752876281738	862.302612304688	140.619873046875	23.4311771392822	880.383850097656	156.034652709961	19.3172283172607	888.614318847656	173.923629760742	14.093297958374	879.878112792969	188.020629882812	4.11494302749634	850.110778808594	178.77278137207	-6.58402633666992	847.337341308594	154.371505737305	9.82041358947754	856.707946777344	174.824920654297	-27.5295372009277	846.939453125	158.127288818359	-26.6685161590576	833.422424316406	148.65461730957	-33.9111824035645	829.612365722656	147.267669677734	-7.42739582061768	840.895324707031
PRI-11665	-4.5327033996582	43.6181793212891	1006.79907226562	-3.99260544776917	38.450252532959	1000.38647460938	-3.36348652839661	31.9571723937988	982.133117675781	-2.4899890422821	14.6490526199341	957.741149902344	-2.32143712043762	12.1946105957031	953.985290527344	-0.574835062026978	-62.4984931945801	983.980590820312	-2.43905806541443	-45.457576751709	998.418579101562	-2.72304511070251	-30.7407779693604	1001.32794189453	-2.86926102638245	-10.73717212677	989.128967285156	-3.26499056816101	1.26739466190338	998.68798828125	-4.18559217453003	32.5364112854004	1002.39105224609	5.50247049331665	39.7112236022949	1008.27093505859	6.97548151016235	38.6228828430176	1008.56658935547	9.69065380096436	34.5333518981934	1010.57397460938	13.8826456069946	24.5594635009766	1010.77221679688	11.3530969619751	-0.298114210367203	1006.78442382812	7.07802486419678	-2.47019457817078	1003.12878417969	1.39723694324493	31.6968784332275	985.692138671875	-0.0835469961166382	13.7798938751221	965.258544921875	11.8493928909302	10.9711809158325	956.54248046875	26.9413604736328	3.95687484741211	965.5859375	37.4513816833496	-8.2414083480835	990.262634277344	28.1850318908691	-17.0703105926514	990.280395507812	11.147087097168	-0.776424646377563	983.799072265625	24.9894409179688	-33.9990348815918	988.333801269531	12.0756425857544	-33.9235954284668	998.302856445312	4.81876420974731	-39.4069938659668	1001.24688720703	2.62147879600525	-17.4857845306396	993.601501464844	-14.6350774765015	39.2281799316406	1007.17083740234	-15.7065019607544	38.2172088623047	1007.51837158203	-18.6514854431152	33.444881439209	1009.61218261719	-21.9023170471191	23.5857086181641	1009.60504150391	-17.649787902832	-1.09610259532928	1005.8525390625	-13.3101062774658	-3.07303047180176	1002.83526611328	-8.04343128204346	31.5858154296875	984.745300292969	-5.3195743560791	13.8620185852051	965.400939941406	-17.0171985626221	9.5607967376709	955.925476074219	-31.3380584716797	2.18422603607178	964.23388671875	-43.0604209899902	-9.93274688720703	989.072204589844	-34.0038070678711	-19.0658874511719	989.934753417969	-17.0180568695068	-1.25830388069153	983.492370605469	-29.1816711425781	-35.7797088623047	988.422912597656	-17.4050407409668	-34.0642623901367	998.670715332031	-8.82894897460938	-40.5161018371582	1000.90081787109	-8.80271434783936	-17.7524604797363	993.441284179688
PRI-1571	-2.50820255279541	-27.2190456390381	1032.322265625	-1.83891463279724	-20.2663307189941	1026.55627441406	-1.50134825706482	-1.11222290992737	1014.97235107422	-1.16853094100952	23.8502674102783	992.800231933594	-1.17343950271606	28.6408519744873	989.522155761719	-1.1342705488205	3.59210681915283	904.518371582031	-1.1804416179657	-16.011043548584	921.43408203125	-1.23012554645538	-20.9919986724854	937.097778320312	-1.67805898189545	-7.54228019714355	963.51904296875	-1.70287477970123	-18.2431221008301	977.448669433594	-1.64339673519135	-22.5225677490234	1015.73040771484	7.95947122573853	-28.0611000061035	1028.11926269531	11.5146999359131	-28.1940231323242	1024.58520507812	15.0645551681519	-28.8096256256104	1018.41973876953	17.6568984985352	-30.2232627868652	1006.38732910156	14.9107112884521	-29.0672836303711	979.537841796875	10.4677457809448	-24.5021629333496	972.865295410156	4.02566432952881	-3.87220597267151	1013.68786621094	1.43225932121277	16.0372543334961	990.884521484375	14.0495319366455	26.4527778625488	987.241149902344	31.7668018341064	18.1299457550049	979.017028808594	42.645694732666	-9.27423763275146	964.902648925781	35.0059661865234	-10.1965751647949	957.065979003906	11.9008188247681	-2.17178153991699	973.693908691406	29.5667514801025	-6.22190475463867	936.366882324219	14.6744117736816	-18.1052837371826	935.653625488281	6.48718690872192	-19.5478019714355	927.619812011719	5.48904848098755	-12.3599481582642	954.771301269531	-12.1746215820312	-26.6251449584961	1027.44812011719	-16.1476497650146	-27.7689819335938	1024.30078125	-18.0438079833984	-28.5785694122314	1017.94049072266	-21.6254539489746	-28.7413139343262	1006.35491943359	-18.7970848083496	-29.1813068389893	979.194396972656	-13.8385648727417	-24.9407596588135	972.896179199219	-6.82550573348999	-3.1207218170166	1013.68469238281	-4.27040863037109	15.945818901062	991.583374023438	-16.2970542907715	28.1559219360352	987.174072265625	-34.5028991699219	18.7704200744629	978.672668457031	-47.4330863952637	-7.937340259552	967.555908203125	-40.2330513000488	-10.2795362472534	954.867431640625	-14.7229223251343	-2.09676241874695	974.123046875	-32.5552139282227	-6.63112831115723	934.112426757812	-16.7935733795166	-17.9568500518799	934.107177734375	-8.37588119506836	-19.1245994567871	926.916809082031	-7.94807720184326	-12.1565933227539	954.653930664062
PRI-1631	-1.90195989608765	51.3735198974609	999.848937988281	-1.98273098468781	45.7170791625977	994.478881835938	-2.59923243522644	33.2208137512207	973.188537597656	-3.10324549674988	14.8442258834839	951.420776367188	-3.2637996673584	13.1463174819946	947.442687988281	-3.27782416343689	-69.4607009887695	987.936767578125	-3.27114629745483	-50.9141464233398	999.501892089844	-3.30400633811951	-33.7469902038574	1002.23052978516	-2.29553961753845	-13.1873645782471	988.974975585938	-2.39106106758118	1.21964764595032	997.376281738281	-2.24571681022644	35.679443359375	996.850158691406	9.00970649719238	46.8658065795898	999.42236328125	10.1288766860962	45.2185668945312	999.550354003906	13.7335596084595	40.9537544250488	1000.87780761719	NA	NA	NA	14.8453750610352	4.76150894165039	1006.72943115234	9.3392333984375	-2.95772337913513	1002.09210205078	2.63069415092468	30.9806499481201	976.771362304688	-0.151929914951324	14.9350566864014	959.281616210938	13.9997339248657	10.0400018692017	950.634399414062	32.872875213623	2.0450930595398	963.238952636719	41.7043304443359	-10.7034864425659	991.79638671875	31.9792213439941	-20.066686630249	991.211120605469	9.98366928100586	-3.09135961532593	981.757934570312	28.1703281402588	-36.5762329101562	989.62158203125	13.6805810928345	-37.3515739440918	999.85595703125	4.40588569641113	-44.1746597290039	1002.18737792969	4.5762734413147	-18.4614715576172	993.147338867188	-12.6247024536133	47.0233001708984	1000.12316894531	-13.6351203918457	45.4000358581543	1000.56860351562	-17.9929313659668	40.767951965332	1002.09423828125	NA	NA	NA	-18.4390163421631	4.47559070587158	1007.03894042969	-13.5149822235107	-3.22440481185913	1002.54797363281	-7.36789703369141	32.2825813293457	976.307739257812	-6.06169271469116	14.0678367614746	959.212280273438	-20.831205368042	10.5415382385254	952.186218261719	-38.3270034790039	1.97660136222839	963.850708007812	-45.9877510070801	-9.74210357666016	992.521240234375	-37.3392372131348	-19.6597023010254	992.281372070312	-16.8891448974609	-2.6436128616333	982.057067871094	-33.082332611084	-37.2396125793457	990.0908203125	-19.4232749938965	-37.1036682128906	1000.16186523438	-10.4870128631592	-44.1329498291016	1001.96911621094	-10.115891456604	-19.2105197906494	993.842529296875
PRI-2133	1.14805936813354	68.3623504638672	1009.46771240234	0.348481148481369	57.7740936279297	998.480529785156	-1.45944511890411	44.0672340393066	974.824523925781	-3.18714165687561	19.0642185211182	947.512756347656	-3.51339244842529	15.8456583023071	941.831848144531	-5.56946325302124	-70.3345489501953	981.183837890625	-4.43135213851929	-52.003002166748	999.885681152344	-4.1105489730835	-34.7971801757812	1001.45050048828	-2.74870753288269	-11.0486135482788	986.818420410156	-1.95125555992126	8.09056282043457	997.651977539062	0.257478415966034	48.1000442504883	1003.52429199219	11.987771987915	62.261890411377	1007.66229248047	13.8192186355591	59.8051948547363	1007.8720703125	17.9070701599121	51.3725090026855	1010.3046875	18.7171974182129	39.8084106445312	1012.69708251953	17.7322425842285	14.3295993804932	1011.27886962891	10.4189167022705	2.6730809211731	1004.27740478516	4.25891923904419	39.9433135986328	979.592712402344	0.419647991657257	17.462703704834	954.610534667969	17.0587921142578	13.4076728820801	946.109191894531	34.8914451599121	3.25315356254578	956.769958496094	45.3735504150391	-13.2248201370239	986.723449707031	36.1437034606934	-20.3382663726807	988.161682128906	11.9929475784302	1.37064135074615	979.114685058594	29.5587329864502	-38.4209022521973	986.807250976562	13.9083309173584	-38.3531761169434	999.522399902344	3.15251040458679	-45.7088813781738	1001.81201171875	5.13709878921509	-15.7172975540161	992.068664550781	-10.4463958740234	62.3603935241699	1006.68127441406	-13.0833301544189	59.3041687011719	1008.06732177734	-16.232063293457	50.9727439880371	1009.53967285156	-19.9871635437012	40.9552841186523	1012.67492675781	-19.7134017944336	14.672360420227	1012.04827880859	-13.7901020050049	3.88048243522644	1004.97387695312	-6.87381744384766	42.8336448669434	977.88623046875	-6.12695837020874	17.190938949585	955.380126953125	-21.735689163208	14.7075500488281	947.887084960938	-39.7733306884766	6.80441188812256	959.175109863281	-49.9939842224121	-9.35588073730469	989.701538085938	-41.1998748779297	-17.2737293243408	991.099304199219	-17.8958473205566	3.70630598068237	980.514709472656	-37.5668258666992	-36.3057250976562	988.904357910156	-21.4456462860107	-37.386302947998	1000.54156494141	-11.4923706054688	-44.6075439453125	1002.54302978516	-11.1990871429443	-16.3791389465332	993.10009765625
PRI-2147	-1.7195451259613	61.9384269714355	1005.39685058594	-2.05472755432129	57.1764450073242	996.399353027344	-2.59143304824829	43.7917556762695	977.744201660156	-4.22961902618408	18.0374755859375	953.735656738281	-4.47798252105713	14.3543062210083	949.047790527344	-3.80394101142883	-65.7846069335938	980.498291015625	-3.63271689414978	-48.3529243469238	1000.38952636719	-3.03635334968567	-32.1209602355957	1003.80029296875	-3.35160756111145	-7.65476751327515	988.945556640625	-2.44188857078552	8.81935882568359	998.394653320312	-1.44818735122681	47.9561958312988	1000.66265869141	8.61501502990723	57.5050163269043	1003.78802490234	11.0686693191528	55.4522666931152	1004.44793701172	14.0205659866333	49.1490707397461	1005.95361328125	16.6925487518311	38.5888633728027	1006.79620361328	16.0786457061768	11.7351188659668	1008.22662353516	9.49165725708008	4.66856050491333	1003.6025390625	2.42623329162598	42.7105026245117	980.7353515625	-0.817554950714111	17.4734153747559	961.659301757812	10.1756525039673	13.4263954162598	951.80810546875	27.3125152587891	5.99599647521973	959.179565429688	42.1314392089844	-4.86881160736084	986.293823242188	34.3298377990723	-15.2091913223267	987.319030761719	10.6121463775635	2.74087929725647	982.380249023438	27.7448406219482	-35.9759902954102	985.555603027344	13.1892461776733	-35.2561378479004	999.298583984375	4.92520809173584	-41.966667175293	1002.55456542969	3.95648622512817	-15.5470924377441	993.812438964844	-12.1694087982178	56.5182495117188	1004.75061035156	-13.7076187133789	54.7146987915039	1005.75665283203	-16.8080368041992	48.0882873535156	1007.98474121094	-19.3681526184082	37.627010345459	1009.40124511719	-18.5104122161865	11.0088672637939	1010.99011230469	-14.0074167251587	4.12979459762573	1005.06365966797	-7.64609575271606	41.2741737365723	980.744750976562	-6.4767484664917	17.0869522094727	961.744201660156	-18.693265914917	14.6568393707275	952.691162109375	-35.1368370056152	6.86284875869751	961.901916503906	-48.91259765625	-3.70826387405396	991.491821289062	-41.4622383117676	-14.3158187866211	992.583679199219	-17.167329788208	2.54817414283752	983.188842773438	-35.4888153076172	-35.2121200561523	990.341613769531	-20.7093639373779	-34.7446250915527	1001.9970703125	-11.4338636398315	-40.4882202148438	1004.06134033203	-10.299901008606	-15.5609579086304	995.470397949219
PRI-2157	-1.8418425321579	66.340950012207	1018.2978515625	-1.95971214771271	57.1086235046387	1006.94927978516	-0.540274202823639	46.4920120239258	982.707397460938	-3.48353981971741	23.305908203125	951.746948242188	-3.14774680137634	19.72043800354	946.200500488281	-4.01349830627441	-71.8524169921875	978.361755371094	-3.15183067321777	-51.9417572021484	999.265808105469	-3.58332014083862	-33.4504814147949	1002.4375	-3.17290377616882	-9.25908088684082	988.950561523438	-2.57424879074097	7.73245668411255	1001.20037841797	-2.30616331100464	46.4508056640625	1009.29327392578	9.79416561126709	62.0917625427246	1016.31799316406	13.2212114334106	59.5823173522949	1015.91857910156	16.0133075714111	50.9964637756348	1018.72412109375	17.5899238586426	38.4830055236816	1018.74365234375	14.866340637207	12.0742130279541	1014.70587158203	8.96203422546387	3.4321129322052	1007.32720947266	4.2178430557251	45.1697196960449	986.131408691406	0.25515952706337	22.2642307281494	958.77490234375	16.4024963378906	18.2577724456787	950.8779296875	34.9389991760254	10.9866876602173	961.440307617188	46.2562675476074	-5.06042432785034	991.526550292969	36.3121871948242	-16.4423999786377	991.6484375	12.0763139724731	4.20945072174072	983.682495117188	32.3699760437012	-35.8241119384766	988.498413085938	14.3060054779053	-36.7454948425293	999.317749023438	5.31248760223389	-42.9213027954102	1002.98846435547	5.27659749984741	-14.0191135406494	993.255676269531	-13.4996175765991	61.7216186523438	1017.45635986328	-15.8502807617188	60.3958358764648	1017.35223388672	-18.8844375610352	51.6093254089355	1019.25531005859	-20.6663799285889	39.3980712890625	1019.85083007812	-19.8131694793701	12.9654531478882	1015.94024658203	-13.7773017883301	3.06096839904785	1008.41461181641	-7.55451107025146	45.1251068115234	985.030334472656	-6.42848491668701	22.240062713623	958.935668945312	-21.2794742584229	18.6401386260986	951.667541503906	-40.6970252990723	11.0298347473145	961.80517578125	-51.2796897888184	-5.95591592788696	991.914306640625	-41.7746353149414	-16.5480289459229	992.411010742188	-18.1754531860352	2.95119094848633	983.686462402344	-37.4207458496094	-36.6714286804199	988.724731445312	-21.9769401550293	-37.2123413085938	999.657470703125	-11.7783765792847	-43.5617561340332	1001.7294921875	-10.8889894485474	-14.6197843551636	994.265075683594
PRI-2168	-2.04126977920532	-28.6330947875977	1041.27893066406	-2.23857665061951	-20.7237739562988	1037.65014648438	-1.83045721054077	0.05311419069767	1023.82458496094	-1.99117505550385	24.5577850341797	999.370727539062	-2.3219621181488	30.3378410339355	995.307983398438	-0.12174616754055	3.83225846290588	913.626159667969	-1.16572570800781	-17.0144634246826	930.649841308594	-0.748299360275269	-21.3629760742188	946.770690917969	-1.29858326911926	-7.97364139556885	971.99755859375	-1.34377157688141	-18.3192749023438	988.039672851562	-1.47646641731262	-22.7949695587158	1027.02124023438	8.74268531799316	-26.4133911132812	1036.91101074219	11.4969396591187	-26.8958549499512	1034.63586425781	13.9210367202759	-28.7334213256836	1028.67309570312	17.0899505615234	-28.8328037261963	1018.17321777344	16.6564865112305	-28.9983863830566	991.114318847656	10.6349258422852	-23.6481628417969	983.340209960938	3.4943163394928	-2.56014490127563	1022.38116455078	1.19610631465912	18.0237693786621	997.774108886719	12.2278575897217	27.3925800323486	995.472839355469	29.2882804870605	19.9506511688232	987.410522460938	43.7545890808105	-7.43103361129761	976.239074707031	36.6666679382324	-7.31466293334961	965.365844726562	12.6503410339355	-2.36904716491699	983.827758789062	30.56201171875	-4.03197145462036	944.279968261719	15.2722225189209	-17.6379547119141	943.710815429688	7.67751026153564	-20.0754833221436	937.304382324219	5.54034614562988	-12.8444261550903	963.842651367188	-12.7328519821167	-26.9244022369385	1035.58935546875	-13.8565406799316	-27.9982757568359	1033.37426757812	-16.9663715362549	-29.6221351623535	1026.89233398438	-19.5337314605713	-29.8949909210205	1016.42547607422	-17.7822360992432	-30.4487743377686	989.481323242188	-12.6198596954346	-24.5286655426025	982.597839355469	-6.92947053909302	-3.06444954872131	1021.48455810547	-4.41695833206177	17.7845420837402	997.365600585938	-15.7771320343018	27.4246826171875	995.750610351562	-33.1056709289551	18.6391792297363	986.946228027344	-47.4084739685059	-8.87774276733398	973.600646972656	-38.2164001464844	-10.2786312103271	964.4404296875	-14.7643222808838	-2.32288217544556	982.209228515625	-32.8532409667969	-6.86377859115601	943.461608886719	-16.2314453125	-18.9707736968994	943.977722167969	-9.16779804229736	-19.9397716522217	937.599609375	-8.4559268951416	-14.1992616653442	963.396301269531
PRI-2584	-1.50595474243164	-29.4749698638916	1006.20379638672	-1.376589179039	-19.9931411743164	998.881530761719	-2.20153093338013	-0.751089870929718	985.162292480469	-1.73294949531555	22.5671463012695	959.777465820312	-1.60941302776337	27.5616989135742	955.467041015625	NA	NA	NA	0.645454466342926	-25.9601783752441	891.436950683594	-0.247936770319939	-29.8638744354248	907.785034179688	-0.230900764465332	-11.6855688095093	934.883911132812	-1.30531859397888	-23.1438674926758	950.517333984375	-1.14142203330994	-24.3931560516357	989.350708007812	9.55949211120605	-28.6753940582275	1000.77331542969	13.0002946853638	-30.5782814025879	997.740295410156	14.7798080444336	-32.3852272033691	991.346313476562	17.0335083007812	-34.8078498840332	980.152038574219	14.5694332122803	-35.0591850280762	953.165710449219	9.71698379516602	-29.2215366363525	947.131958007812	3.81567478179932	-3.74862480163574	983.600708007812	1.01709747314453	14.6542110443115	958.966247558594	16.7660274505615	26.484188079834	954.859436035156	32.1606712341309	17.2228298187256	946.86083984375	46.228271484375	-15.2288589477539	936.983520507812	37.5443496704102	-18.6724872589111	926.549865722656	12.5677900314331	-5.44453430175781	942.161071777344	32.0513648986816	-17.0705013275146	906.545654296875	16.2537651062012	-27.2684116363525	906.272033691406	8.15526580810547	-29.7809562683105	899.642028808594	6.39602375030518	-20.2332630157471	925.127990722656	-12.7320899963379	-29.4373092651367	1001.04675292969	-16.6979961395264	-30.2544231414795	998.2890625	-17.2131423950195	-34.0065803527832	992.165222167969	-19.4026966094971	-36.2456398010254	980.660217285156	-17.0037822723389	-36.0198822021484	953.561767578125	-11.6232318878174	-29.8271522521973	947.449157714844	-7.59015941619873	-3.23009967803955	983.254760742188	-4.63023567199707	13.9188079833984	957.770324707031	-18.8729591369629	25.7429027557373	954.733947753906	-34.3917236328125	15.8943023681641	948.065673828125	-48.7377624511719	-17.2405490875244	935.331848144531	-39.5007934570312	-19.0364799499512	925.478881835938	-14.5779113769531	-6.73274803161621	944.027587890625	-31.3346290588379	-16.6864910125732	903.78466796875	-15.1930131912231	-26.469274520874	904.994262695312	-7.27196455001831	-28.7419757843018	898.539733886719	-7.08033323287964	-19.9654006958008	924.927795410156
PRI-2585	NA	NA	NA	-1.20936167240143	51.4862785339355	1002.59558105469	NA	NA	NA	-1.60575139522552	16.0453643798828	957.544677734375	-1.77460777759552	12.7131538391113	953.160949707031	-7.69235038757324	-65.645751953125	983.875244140625	-5.6358642578125	-47.3837432861328	1000.33514404297	-5.33743810653687	-32.652717590332	1005.6259765625	-3.48742842674255	-8.27789783477783	990.038330078125	-2.85655784606934	6.9296236038208	1002.14782714844	-1.46588480472565	42.5543327331543	1005.14947509766	NA	NA	NA	10.8935565948486	49.0533599853516	1011.10864257812	13.8179960250854	44.2082748413086	1011.94848632812	15.739086151123	33.5586357116699	1013.86560058594	15.7035999298096	7.25640773773193	1013.76208496094	9.51655292510986	-0.223509252071381	1008.34283447266	4.89999675750732	39.7757186889649	986.828430175781	1.34499633312225	14.824969291687	964.771606445312	13.0678644180298	8.51811981201172	954.838317871094	28.6264820098877	2.82545351982117	964.530090332031	39.5835609436035	-11.2046337127686	991.708984375	34.6131019592285	-19.0266551971436	989.964111328125	10.7650213241577	-0.819595754146576	984.9013671875	24.8699436187744	-36.7641105651855	990.619750976562	10.2234144210815	-35.1626396179199	1001.56396484375	2.20883560180664	-40.732063293457	1004.00671386719	3.58678770065308	-17.0702629089355	995.291931152344	NA	NA	NA	-14.0696306228638	48.7641410827637	1008.91772460938	-17.2041912078857	43.5732841491699	1011.69036865234	-19.9608917236328	33.1683197021484	1013.05206298828	-19.7256469726562	6.93699884414673	1013.72747802734	-15.0965728759766	0.116107530891895	1006.60815429688	-5.45202112197876	40.343017578125	987.380432128906	-4.53053140640259	15.6311168670654	964.620849609375	-16.7341613769531	10.3759813308716	955.114868164062	-33.3937301635742	6.2388973236084	963.734008789062	-47.3308639526367	-4.89365673065186	990.566528320312	-40.41650390625	-15.2263679504395	991.387451171875	-16.6652297973633	0.811088979244232	984.488647460938	-34.6575469970703	-34.8293724060059	991.141357421875	-20.46067237854	-33.2070922851562	1001.79791259766	-13.4693803787231	-39.7935981750488	1002.99603271484	-11.8132743835449	-17.2848243713379	996.243713378906
PRI-2586	-1.75019705295563	-25.4385185241699	1019.58367919922	-0.609219133853912	-20.3942813873291	1015.26580810547	-1.43350851535797	-0.51201468706131	1001.27691650391	-1.49582481384277	22.460844039917	977.428100585938	-1.63189995288849	26.5734977722168	974.228271484375	-0.892651557922363	-2.03756594657898	892.39501953125	-0.716880440711975	-20.5270957946777	908.494140625	-0.437718778848648	-23.5422611236572	924.9453125	-0.583429455757141	-10.1695318222046	950.80322265625	-0.724633753299713	-21.1688995361328	965.317016601562	-0.735336720943451	-22.7964057922363	1005.21484375	8.55922031402588	-27.55908203125	1014.69592285156	12.0532131195068	-29.9648456573486	1010.03656005859	15.1378688812256	-30.2824878692627	1004.16253662109	17.4000473022461	-31.0615501403809	992.949951171875	15.2202205657959	-31.0395603179932	966.3271484375	10.3755302429199	-26.6414451599121	959.5703125	4.74210786819458	-5.19292497634888	1000.42254638672	1.08539390563965	12.5363216400146	976.646484375	13.5594215393066	24.6846446990967	971.933532714844	30.0848445892334	17.0624599456787	964.574157714844	44.2983055114746	-8.75418567657471	954.391540527344	36.1319236755371	-11.2019929885864	940.293395996094	13.4396066665649	-6.60062646865845	961.865112304688	29.7705707550049	-8.76590633392334	921.686584472656	14.9161062240601	-20.8366317749023	922.003540039062	7.17322254180908	-22.212459564209	915.615356445312	6.51215648651123	-16.4032001495361	940.403869628906	-10.9454526901245	-26.2782459259033	1015.25317382812	-15.8590230941772	-29.0139923095703	1009.99920654297	-17.5890560150146	-29.9712524414062	1003.31427001953	-20.0723896026611	-30.7732715606689	992.729248046875	-16.6809349060059	-31.4091510772705	966.418273925781	-11.475567817688	-27.1132850646973	959.874084472656	-6.73426580429077	-4.46277093887329	1000.96429443359	-3.4967896938324	12.9717540740967	977.170349121094	-16.430383682251	24.0874786376953	972.73779296875	-32.7475814819336	16.1361885070801	966.672607421875	-45.4469795227051	-10.3058643341064	954.496826171875	-37.4913482666016	-13.8191680908203	941.3447265625	-14.3560028076172	-6.32661294937134	962.480224609375	-31.6732425689697	-9.77682685852051	921.674621582031	-15.7895774841309	-21.4884395599365	922.258483886719	-8.79751586914062	-22.2696132659912	916.047180175781	-7.58338403701782	-16.606481552124	941.377197265625
PRI-2587	-1.96116769313812	56.2938690185547	1006.99114990234	-1.66079819202423	51.16796875	998.638366699219	-1.89962887763977	40.617805480957	980.088439941406	-2.43803787231445	16.0382976531982	953.587158203125	-2.55225586891174	11.9455423355103	948.431030273438	-5.6215181350708	-69.0504455566406	981.470336914062	-4.68682909011841	-50.4067802429199	999.30224609375	-4.48273420333862	-36.6049766540527	1002.12634277344	-3.33153080940247	-11.4949340820312	987.283630371094	-3.17160940170288	2.72163772583008	997.084289550781	-2.02513265609741	41.9365119934082	1001.87921142578	8.32315921783447	51.9343070983887	1005.64007568359	12.4090528488159	48.2784423828125	1006.32635498047	15.7795066833496	42.2786674499512	1007.65960693359	16.8896198272705	30.9685668945312	1009.70550537109	14.2526893615723	5.30218982696533	1009.72222900391	8.20783424377441	-1.43422889709473	1002.90515136719	3.599613904953	38.3267555236816	982.721008300781	0.693785130977631	14.3010091781616	961.059204101562	12.9779138565063	10.3631620407104	951.399658203125	31.4971256256104	3.4876971244812	961.729248046875	42.4870758056641	-6.68298435211182	986.637451171875	32.2902565002441	-19.3302364349365	989.257751464844	10.5498676300049	0.12969172000885	981.028564453125	27.0413303375244	-38.0327568054199	985.685546875	12.3666229248047	-37.5076141357422	997.722595214844	3.25174522399902	-43.8053894042969	1002.10382080078	3.13245987892151	-18.644645690918	992.432556152344	-12.4700803756714	52.2441635131836	1005.67822265625	-17.2508296966553	49.2398223876953	1006.36236572266	-19.7642135620117	42.9204750061035	1007.85595703125	-21.2618598937988	31.545093536377	1009.26568603516	-18.8000011444092	6.12099313735962	1008.82238769531	-13.1726818084717	-1.56829261779785	1002.90496826172	-6.95854377746582	38.555908203125	982.077575683594	-5.52596664428711	13.8472518920898	960.913024902344	-18.0545959472656	12.0099534988403	951.932983398438	-35.4938468933105	4.14028453826904	960.443481445312	-47.5048561096191	-6.44432163238525	986.65966796875	-39.1057510375977	-18.608512878418	989.901123046875	-16.2998847961426	0.870292484760284	981.676635742188	-35.5667457580566	-37.6260757446289	986.90283203125	-20.9430503845215	-36.0150489807129	998.626037597656	-11.8924541473389	-43.9811553955078	1002.01794433594	-10.2150545120239	-18.8729801177979	992.589477539062
PRI-2588	-1.63904023170471	51.0970153808594	1012.40179443359	-1.68705701828003	45.4746742248535	1003.91778564453	-2.15353870391846	33.8978118896484	984.971557617188	-2.85506653785706	14.6780633926392	960.460327148438	-2.75202870368958	12.4239902496338	956.315673828125	-5.42822694778442	-72.3406143188477	978.732299804688	-3.42367243766785	-56.0732421875	998.285949707031	-3.28024458885193	-40.3461685180664	1002.79016113281	-2.41330194473267	-13.9670362472534	989.485412597656	-2.3067729473114	-1.52601099014282	1003.72882080078	-1.65569698810577	37.0402755737305	1008.02960205078	7.7638144493103	47.6323585510254	1012.55877685547	12.6546268463135	42.0661010742188	1013.96569824219	15.2904367446899	35.8676795959473	1014.83221435547	17.6396827697754	24.2080745697021	1015.92425537109	15.5126056671143	-0.197030365467072	1014.44555664062	9.19606399536133	-7.63947916030884	1008.53369140625	3.20926737785339	31.995231628418	987.374328613281	0.480875313282013	13.171685218811	968.389587402344	13.2827386856079	9.89137744903564	956.844421386719	29.5070533752441	1.54559910297394	964.652099609375	NA	NA	NA	32.6755867004395	-24.6594581604004	994.201782226562	10.8062314987183	-6.35159873962402	985.821166992188	27.270959854126	-42.6669273376465	987.693603515625	13.184910774231	-43.4146308898926	999.687194824219	4.18731594085693	-49.6026954650879	1002.39794921875	2.8742024898529	-25.2079448699951	995.68359375	-11.000373840332	47.6579170227051	1010.69964599609	-15.658278465271	43.1561851501465	1011.41381835938	-19.1975593566895	37.0325508117676	1016.02014160156	-21.6250514984131	25.1445388793945	1017.48028564453	-19.7467575073242	0.99015349149704	1014.03771972656	-13.9844694137573	-6.82961511611938	1009.02758789062	-7.31691551208496	32.4461135864258	987.518981933594	-4.90433216094971	13.3480443954468	968.202392578125	-18.3811054229736	9.80928039550781	958.090148925781	-34.7345085144043	2.70547533035278	964.814880371094	-45.3792572021484	-11.0190181732178	993.327819824219	-38.6709823608398	-23.2062206268311	994.091064453125	-16.6119728088379	-5.26175928115845	986.57763671875	-33.6479301452637	-42.2689170837402	988.255126953125	-19.0453186035156	-42.6648559570312	1000.20556640625	-10.4990224838257	-50.2206611633301	1001.30450439453	-9.17393684387207	-25.0918579101562	995.986267089844
PRI-2592	1.81909096240997	57.0347709655762	1013.02661132812	1.41144597530365	51.0548515319824	1005.15100097656	-0.510425209999084	38.6537628173828	984.691040039062	-2.09220361709595	16.4260559082031	958.257385253906	-2.47348833084106	12.6131038665771	953.281127929688	-8.6769437789917	-71.5231399536133	978.375244140625	-6.88600206375122	-54.0769309997559	999.794189453125	-5.79623603820801	-37.984977722168	1003.68835449219	-3.47865056991577	-12.2264337539673	992.828918457031	-1.98646950721741	1.98064005374908	1004.18371582031	1.16078877449036	41.2530784606934	1009.39001464844	11.0431680679321	52.1131629943848	1013.11682128906	14.765908241272	47.5031890869141	1014.57897949219	17.7421226501465	41.7850074768066	1016.01580810547	19.7155265808105	30.4910736083984	1016.81488037109	15.4484748840332	4.55329465866089	1015.03851318359	8.70327758789062	-3.70764231681824	1009.43542480469	5.52296495437622	37.0023345947266	987.600952148438	1.21338200569153	14.940281867981	966.247375488281	13.6665735244751	11.022102355957	957.1435546875	30.9612483978271	-0.427865564823151	964.955688476562	NA	NA	NA	33.8966522216797	-25.2802791595459	993.577758789062	11.3912515640259	-1.8510547876358	986.971496582031	24.9934406280518	-44.0960731506348	990.349731445312	10.2058162689209	-41.1372108459473	1000.93103027344	1.37987887859344	-47.5470237731934	1003.30316162109	2.88174152374268	-22.4315147399902	997.274536132812	-8.20757865905762	52.3874969482422	1012.17437744141	-13.0757970809937	48.2606773376465	1014.36413574219	-16.1352577209473	43.4574584960938	1016.25689697266	-19.4131374359131	31.188138961792	1017.07922363281	-18.6895732879639	6.31145524978638	1014.97619628906	-14.0635566711426	-3.6561586856842	1009.20050048828	-5.18792152404785	37.9243202209473	987.705505371094	-4.75695610046387	15.1701030731201	966.481811523438	-18.6710567474365	13.3946647644043	956.9326171875	-35.8066864013672	5.14555597305298	964.559936523438	-49.902172088623	-9.74962329864502	994.956665039062	-41.5640487670898	-20.0279731750488	994.886108398438	-15.7465476989746	-0.0508377403020859	987.250244140625	-37.9979934692383	-40.7146110534668	991.352722167969	-22.738597869873	-39.1916809082031	1001.70166015625	-14.2826309204102	-47.3527412414551	1003.34826660156	-12.0537672042847	-21.7308940887451	997.053771972656
PRI-2595	-0.0535433813929558	52.0291290283203	1004.69653320312	-0.281847774982452	47.6493148803711	998.066955566406	-0.145878955721855	41.2585716247559	980.199523925781	-1.06310963630676	23.1644439697266	957.307678222656	-1.2165789604187	20.8589248657227	953.100830078125	-4.87453079223633	-56.6328544616699	985.019836425781	-4.94087505340576	-39.2086486816406	999.177429199219	-4.55608987808228	-24.1854114532471	1001.19219970703	-2.79907059669495	-2.34794235229492	986.137084960938	-2.74193239212036	10.0294952392578	996.276794433594	-0.671959757804871	39.6840209960938	1000.14306640625	10.418646812439	47.8672256469727	1004.88256835938	10.8273649215698	46.5660400390625	1005.08892822266	13.8762693405151	41.6001968383789	1006.21124267578	16.3537120819092	30.7031478881836	1006.63745117188	10.7376699447632	5.45014190673828	1003.31231689453	7.64256620407104	4.23618412017822	1000.81689453125	4.70878124237061	39.8928031921387	982.969055175781	1.53847241401672	21.7790699005127	962.534240722656	13.0839176177979	18.657377243042	954.7841796875	27.3264961242676	9.94250679016113	965.065063476562	34.9105262756348	-2.18370485305786	986.943054199219	28.3228454589844	-12.2668581008911	989.593200683594	10.7406616210938	5.57612180709839	981.982971191406	22.4939975738525	-28.5751094818115	988.369018554688	11.0184755325317	-28.7595062255859	998.402770996094	2.91909265518188	-33.3983726501465	1001.01068115234	2.64999938011169	-10.1891670227051	991.776733398438	-10.4510698318481	48.0538597106934	1004.88909912109	-11.6830224990845	47.5453605651855	1005.02838134766	-14.7213621139526	43.0492134094238	1006.63409423828	-18.7478370666504	31.8196983337402	1006.96533203125	-15.8410577774048	6.62894773483276	1003.05657958984	-12.7080392837524	5.1809344291687	1001.1416015625	-5.19769906997681	40.1398506164551	983.388793945312	-3.75833559036255	21.7160797119141	963.43408203125	-15.3367977142334	20.2435035705566	954.533020019531	-30.3997745513916	13.0662546157837	964.686096191406	-40.5974998474121	1.08312022686005	986.976989746094	-35.6442947387695	-8.66956996917725	989.330322265625	-16.189661026001	7.63726568222046	981.825256347656	-31.3651943206787	-25.6626529693604	987.733215332031	-18.7675132751465	-27.2440338134766	997.880493164062	-12.1262950897217	-32.9550018310547	1000.95196533203	-9.65504264831543	-9.53157711029053	991.709594726562
PRI-2596	-3.20114874839783	61.4087905883789	983.8193359375	-2.98086071014404	56.9335823059082	976.951354980469	-2.63604426383972	48.2135162353516	959.095458984375	-1.65132260322571	29.9982070922852	937.496398925781	-1.54552459716797	27.7233829498291	933.722290039062	-1.53852558135986	-50.1319351196289	961.979187011719	-2.70075440406799	-33.1376800537109	977.7822265625	-3.62689733505249	-18.1963710784912	980.8955078125	-3.07493042945862	4.57769870758057	968.023132324219	-3.47632694244385	16.9207077026367	977.910522460938	-3.51287961006165	49.4487228393555	979.855773925781	6.31746912002563	57.545482635498	983.405334472656	7.51839113235474	56.7543067932129	983.850036621094	10.8789796829224	51.9644432067871	984.980895996094	13.6198959350586	42.900505065918	987.358215332031	12.6717538833618	18.706485748291	986.099487304688	7.17397975921631	13.1926488876343	982.514709472656	2.60709404945374	47.4291114807129	962.784301757812	0.942844986915588	28.8984832763672	944.478576660156	13.1180038452148	25.8198833465576	935.537475585938	28.2348403930664	19.1581859588623	945.928649902344	36.6853332519531	10.6581344604492	970.042053222656	30.7813816070557	-0.865866661071777	970.759033203125	10.1705150604248	13.7807159423828	964.074584960938	25.8387336730957	-17.9790878295898	968.631958007812	13.0530796051025	-19.7621383666992	979.095275878906	4.48321771621704	-27.06569480896	979.815185546875	2.89133620262146	-2.43260097503662	973.291076660156	-12.9161643981934	58.714958190918	983.130065917969	-14.4565944671631	57.5130844116211	983.037109375	-18.163761138916	52.7529640197754	983.703796386719	-21.5325736999512	42.8541870117188	985.17919921875	-19.6443996429443	19.2949752807617	984.760803222656	-14.4764585494995	12.5681276321411	981.694702148438	-7.37526512145996	47.9255027770996	961.933898925781	-4.44909477233887	29.4081058502197	944.410034179688	-16.0276489257812	25.2279071807861	934.910339355469	-31.6798992156982	18.6055870056152	943.818908691406	NA	NA	NA	-35.9660263061523	-2.27967000007629	969.245727539062	-15.9350147247314	13.764123916626	962.880737304688	-30.3100395202637	-20.3707485198975	967.249572753906	-19.5601215362549	-19.7543640136719	978.046936035156	-10.0541381835938	-27.4718208312988	979.557006835938	-8.82700347900391	-3.62000966072083	973.205078125
PRI-2597	-1.80247151851654	47.3262748718262	999.418884277344	-1.89776945114136	43.2926177978516	993.097900390625	-1.37611782550812	35.7281455993652	975.411865234375	-0.918120265007019	15.8472261428833	950.604064941406	-0.714102268218994	14.0117330551147	946.59423828125	0.187894716858864	-63.8241310119629	972.253845214844	-0.971458494663239	-47.8922843933105	989.183715820312	-1.93028950691223	-33.6033973693848	992.43798828125	-1.92816257476807	-9.96457195281982	980.318359375	-2.50268769264221	2.38168287277222	990.746765136719	-2.07959461212158	34.1503067016602	994.022338867188	8.87679958343506	42.0871429443359	997.455078125	10.2837209701538	40.5984840393066	998.010131835938	12.9389867782593	36.4190406799316	998.422058105469	15.5575733184814	24.9450035095215	1000.99468994141	12.2518129348755	0.624748647212982	995.758911132812	8.65096569061279	-2.81609869003296	995.478942871094	3.65771770477295	33.3719596862793	978.205505371094	1.09240639209747	14.342472076416	959.061157226562	14.7379484176636	12.3695774078369	948.754272460938	29.6733379364014	4.97636222839355	959.860778808594	38.2793350219727	-7.83456182479858	981.478271484375	31.2915935516357	-17.1595573425293	983.235717773438	11.9183855056763	-1.22265529632568	977.435546875	25.8394680023193	-33.1778335571289	980.3701171875	13.3830280303955	-36.4591979980469	990.68701171875	5.66203355789185	-42.4538955688477	992.384582519531	4.69023752212524	-18.6171188354492	986.085571289062	-12.5226974487305	42.7999954223633	998.290344238281	-13.8037986755371	40.493724822998	998.601440429688	-16.496431350708	35.3084564208984	1000.44396972656	-19.8412666320801	24.655855178833	1000.94183349609	-17.026388168335	0.291104704141617	995.700500488281	-13.1846084594727	-3.52819561958313	995.292541503906	-7.44710874557495	33.6713371276855	978.046264648438	-3.62366986274719	14.1323175430298	957.863647460938	-15.6547813415527	11.0954275131226	947.723571777344	-30.4760513305664	3.55641222000122	957.151611328125	-39.7842788696289	-8.00592708587646	978.988952636719	-31.9749374389648	-19.0346794128418	981.191467285156	-16.5156574249268	-2.05394887924194	976.120971679688	-27.7019100189209	-34.8174629211426	979.35546875	-16.7469921112061	-37.9358711242676	990.268249511719	-8.3863353729248	-43.841381072998	991.984436035156	-8.75136852264404	-18.9897994995117	985.804931640625
PRI-2601	-1.0400003194809	-26.6169242858887	1041.92626953125	-1.07512998580933	-18.5180358886719	1035.51159667969	-0.757577061653137	-1.55115818977356	1025.66796875	-1.37502551078796	21.0626792907715	1004.95025634766	-1.25923573970795	24.3257217407227	1001.99395751953	-1.66328537464142	-12.7174882888794	930.226135253906	-1.93706715106964	-24.7684764862061	950.264221191406	-1.86166894435883	-25.7305717468262	965.90234375	-1.66405701637268	-12.4610261917114	983.857666015625	-1.48369204998016	-18.8284130096436	996.904479980469	-1.14847767353058	-21.1704235076904	1027.67822265625	7.2525839805603	-26.2342185974121	1038.55859375	9.2236967086792	-26.2415542602539	1036.78393554688	12.0740909576416	-28.4228954315186	1033.33215332031	15.3130321502686	-29.7874641418457	1024.44567871094	15.435115814209	-29.3558521270752	1001.55261230469	8.95934867858887	-24.2648162841797	992.430236816406	3.39751291275024	-3.8250367641449	1024.6123046875	1.52510094642639	12.0784301757812	1005.05560302734	13.1350154876709	22.6116104125977	998.8154296875	27.452075958252	10.3488082885742	995.312194824219	37.6526069641113	-13.4220886230469	987.167785644531	30.7765483856201	-15.9236087799072	977.815246582031	12.1039876937866	-7.15555238723755	993.597229003906	26.0889358520508	-14.3563051223755	961.361877441406	12.1327238082886	-23.5041332244873	963.076232910156	5.68666553497314	-26.0093688964844	957.599182128906	4.42009830474854	-16.5166511535645	978.299987792969	-10.0101222991943	-26.3057708740234	1038.28503417969	-11.6879196166992	-26.3951110839844	1037.01953125	-14.6067838668823	-28.8547420501709	1033.478515625	-17.7589092254639	-30.4003410339355	1024.69177246094	-17.8681907653809	-29.6704330444336	1001.79565429688	-11.4641647338867	-24.6880760192871	992.768737792969	-5.04094409942627	-3.08535194396973	1023.62786865234	-3.61839699745178	11.9603414535522	1005.35601806641	-15.4938135147095	22.8385257720947	999.009887695312	-29.8064155578613	11.1670255661011	996.094177246094	-39.008472442627	-13.9469146728516	985.498474121094	-32.6298904418945	-15.7652921676636	978.511108398438	-14.1556987762451	-6.44028854370117	992.909484863281	-29.2320194244385	-14.6797494888306	961.711242675781	-15.3234996795654	-23.7318878173828	962.405151367188	-8.68988990783691	-25.949634552002	957.00927734375	-7.11319732666016	-16.6233329772949	978.49462890625
PRI-3123	0.0256659090518951	51.6605377197266	1010.91802978516	-0.658003687858582	46.1384620666504	1002.2705078125	-1.85895001888275	34.0009803771973	982.647888183594	-2.68378520011902	13.4968576431274	959.860778808594	-2.87757182121277	11.1213798522949	955.635009765625	-6.92624759674072	-72.5404510498047	980.311828613281	-5.87862634658813	-55.8579597473145	998.299255371094	-5.24169874191284	-40.7800559997559	1004.43872070312	-4.17194175720215	-16.6464538574219	990.846313476562	-3.4146933555603	-0.679073989391327	1000.84069824219	-0.935110032558441	36.3788909912109	1005.08972167969	10.2564630508423	47.0411567687988	1009.20306396484	12.6252326965332	44.0886878967285	1008.94830322266	15.8892107009888	36.0996589660645	1011.65563964844	19.3018283843994	24.858793258667	1012.361328125	13.3339614868164	-1.21635150909424	1012.04583740234	7.49809694290161	-5.93705701828003	1006.47302246094	3.88452863693237	33.5367774963379	985.789184570312	0.253344535827637	11.6309642791748	966.619567871094	11.9436883926392	8.65062522888184	957.370544433594	29.4450149536133	0.402396261692047	965.5234375	42.1140213012695	-12.1130619049072	990.63134765625	31.7410488128662	-24.717435836792	991.872253417969	9.67034244537354	-5.77542352676392	985.422119140625	24.2293567657471	-42.4141540527344	988.922607421875	11.3534774780273	-43.8540458679199	1000.44720458984	1.97379529476166	-49.4096832275391	1002.79187011719	2.70656728744507	-24.441125869751	995.853454589844	-10.2709503173828	47.7023124694824	1009.62255859375	-14.5509004592896	44.6325531005859	1010.60827636719	-18.0847835540771	38.4877510070801	1011.57037353516	-22.4099273681641	27.5890579223633	1013.03472900391	-19.4327583312988	1.01727771759033	1012.74609375	-14.2153062820435	-4.83993625640869	1006.42144775391	-6.87070274353027	33.2384567260742	985.420715332031	-5.69923543930054	12.2252149581909	967.106689453125	-18.3075561523438	9.71070766448975	956.906982421875	-35.4286155700684	4.31216144561768	965.4326171875	-49.1892318725586	-6.99122381210327	990.241149902344	-38.7095375061035	-21.6424217224121	992.580505371094	-17.5760517120361	-4.05887222290039	985.4912109375	-34.672981262207	-41.0054092407227	989.671813964844	-21.5417594909668	-41.9175796508789	1001.25006103516	-13.3055000305176	-49.2288436889648	1002.77459716797	-11.7871713638306	-23.9905128479004	995.93603515625
PRI-3125	-2.19987773895264	63.5680389404297	1001.13421630859	-2.55719041824341	58.528678894043	994.290588378906	-2.3832848072052	44.6630630493164	973.341735839844	-1.61946880817413	20.7935657501221	949.460144042969	-0.99362850189209	16.5423278808594	944.738220214844	1.36858820915222	-65.9550933837891	984.320190429688	-0.860130727291107	-46.941291809082	996.872009277344	-1.34770321846008	-29.9452018737793	998.743469238281	-1.93500185012817	-4.49168348312378	982.181945800781	-2.13889479637146	7.90318489074707	994.104858398438	-2.56587386131287	48.9809379577637	997.069458007812	8.91518020629883	57.4868392944336	1000.61029052734	11.3934364318848	55.9816970825195	1001.03570556641	15.5456638336182	47.9810218811035	1003.25415039062	17.4692630767822	37.8556213378906	1005.49481201172	13.1455879211426	9.49378967285156	1005.34313964844	8.43173313140869	3.65474891662598	1000.36077880859	3.66956877708435	46.3538436889648	976.729187011719	1.56885886192322	20.5926380157471	957.674560546875	14.090856552124	15.7221355438232	948.203063964844	30.4608535766602	8.23516464233398	959.06396484375	42.4151458740234	-2.85143709182739	989.764892578125	33.4842643737793	-13.1283054351807	989.506225585938	11.0090818405151	5.22232103347778	980.50390625	29.60764503479	-32.420654296875	986.966247558594	13.8325157165527	-32.8134651184082	996.776428222656	6.18749237060547	-37.3096237182617	998.337097167969	5.84464311599731	-16.2278728485107	989.059936523438	-13.4467277526855	58.1776733398438	1001.06280517578	-16.7460765838623	54.9177131652832	1001.14202880859	-20.39231300354	47.6091957092285	1002.63934326172	-22.4912166595459	35.9535369873047	1003.73883056641	-18.5388851165771	9.75102519989014	1003.9814453125	-13.107871055603	3.32308912277222	1000.10119628906	-6.88303565979004	42.9011611938477	975.321838378906	-4.43535661697388	20.7443199157715	958.032409667969	-16.5651073455811	14.5833225250244	947.515014648438	-31.4257736206055	6.69057559967041	957.267028808594	-44.3310508728027	-5.25002861022949	987.858337402344	-35.612232208252	-15.2575416564941	987.981689453125	-14.1416969299316	4.32242584228516	979.685241699219	-31.4293346405029	-35.3369903564453	985.593566894531	-17.2670154571533	-33.0009078979492	996.51171875	-8.10586643218994	-38.8292007446289	997.978698730469	-9.08417797088623	-17.2301731109619	988.76318359375
PRI-3126	1.07435441017151	59.074462890625	1004.09674072266	0.421033442020416	52.9829864501953	996.194458007812	-0.211667731404305	43.6750068664551	976.065185546875	-1.16385626792908	19.7775745391846	949.326049804688	-1.35153234004974	15.7003107070923	943.907531738281	-3.989098072052	-64.4154968261719	981.221740722656	-3.38052892684937	-44.8819999694824	994.937072753906	-2.59250402450562	-29.4863967895508	998.150817871094	-1.57008266448975	-6.58604574203491	980.491516113281	-1.3199371099472	7.02115058898926	992.446838378906	0.0777399241924286	42.4154853820801	998.077392578125	11.1065082550049	54.0171775817871	1002.58386230469	14.2247018814087	50.5020484924316	1003.30981445312	15.9827919006348	43.5813598632812	1005.01715087891	18.7446594238281	32.0331039428711	1005.11737060547	13.5552816390991	8.04219245910645	1003.34423828125	9.16591548919678	1.83655083179474	998.085144042969	5.8070216178894	41.4076538085938	978.353942871094	1.87552225589752	18.4294586181641	955.640014648438	14.9542255401611	15.4477052688599	947.492065429688	31.1594715118408	3.02996850013733	955.023071289062	43.6609115600586	-5.7889461517334	983.092102050781	36.4098091125488	-17.9804458618164	985.169616699219	11.680290222168	2.35648250579834	976.92822265625	27.5575122833252	-36.3489685058594	982.750122070312	13.3273258209229	-34.2266273498535	995.169616699219	4.44445180892944	-38.8227272033691	998.201110839844	5.6980938911438	-15.4240522384644	988.535583496094	-9.84670543670654	54.4629402160645	1002.27673339844	-13.9459781646729	51.0602149963379	1002.84674072266	-16.0566120147705	44.7424240112305	1005.42028808594	-19.1354465484619	33.0560646057129	1006.02044677734	-16.3720760345459	8.84190368652344	1004.12133789062	-11.6255178451538	1.95696532726288	998.877746582031	-6.76845693588257	42.328685760498	978.246215820312	-4.42081546783447	18.3065567016602	956.549255371094	-17.360445022583	17.6390609741211	947.156494140625	-34.986946105957	5.62658548355103	955.463439941406	-47.9597434997559	-4.46521186828613	985.479248046875	-39.2181434631348	-13.636344909668	986.263122558594	-15.9449710845947	2.44398260116577	977.678955078125	-34.0481986999512	-33.1819648742676	983.733947753906	-19.9435501098633	-29.7335872650146	994.287048339844	-10.5765228271484	-38.8144226074219	997.536865234375	-8.81874561309814	-14.7484035491943	987.765441894531
PRI-3128	8.1799840927124	61.8066139221191	946.644836425781	7.83973598480225	54.104362487793	952.601928710938	6.31823110580444	37.6810607910156	967.962158203125	2.28011655807495	11.852201461792	987.043212890625	1.99548804759979	8.21276664733887	990.340393066406	-1.63246917724609	-63.2014350891113	940.410766601562	-1.27435648441315	-42.2818222045898	930.388244628906	-0.291509240865707	-25.3104782104492	931.138061523438	1.41009247303009	-7.25306606292725	950.79052734375	3.08341264724731	10.1657218933105	942.854370117188	6.6159520149231	44.4370574951172	946.771057128906	-2.75374817848206	57.251522064209	945.7509765625	-5.95868968963623	54.5205039978027	944.696044921875	-8.75287437438965	50.2522163391113	940.215148925781	-12.5134124755859	40.3635635375977	936.796936035156	-11.9071006774902	15.9078044891357	933.969604492188	-7.90671491622925	7.80499696731567	937.094604492188	1.23783111572266	38.7946281433105	965.059204101562	-0.446349710226059	13.3087921142578	978.755981445312	-12.6676931381226	7.92033433914185	987.588073730469	-29.0080318450928	5.44982051849365	976.922241210938	-40.5513801574707	-1.2331554889679	946.882690429688	-34.5713195800781	-9.9934663772583	943.519958496094	-12.0002317428589	3.71087455749512	957.026123046875	-28.5749645233154	-28.3491382598877	941.758544921875	-14.7552642822266	-28.6649723052979	931.966735839844	-8.44334125518799	-33.6561431884766	929.590515136719	-5.6394853591919	-13.2015895843506	942.340270996094	18.0247898101807	55.8961982727051	945.505432128906	21.0124759674072	51.9093322753906	944.098693847656	22.9447784423828	46.512565612793	940.028625488281	24.1571598052979	36.4827346801758	936.22216796875	18.8959178924561	12.5340003967285	933.406127929688	12.3791618347168	5.29222297668457	937.773254394531	11.5333194732666	37.1295013427734	964.961791992188	5.16851186752319	12.1929807662964	979.885559082031	16.9560813903809	6.049729347229	987.552429199219	32.2815933227539	-0.922284066677094	977.849853515625	43.9288864135742	-7.72047233581543	948.537170410156	36.0481948852539	-15.9965124130249	944.324768066406	16.4666404724121	0.597239851951599	956.553100585938	28.2992630004883	-33.987247467041	942.376831054688	14.1899709701538	-30.904239654541	932.17822265625	6.5718822479248	-35.6176223754883	930.336242675781	7.90996408462524	-14.1476268768311	943.016540527344
PRI-3134	0.973024427890778	63.0749435424805	998.125793457031	0.969018816947937	59.6432228088379	992.90380859375	-1.01431751251221	43.755786895752	973.400024414062	-2.16348099708557	22.0219020843506	950.756958007812	-2.22888469696045	19.2486190795898	946.740844726562	-6.13584852218628	-63.2170257568359	980.322875976562	-3.72882294654846	-45.8291130065918	995.195739746094	-3.22783160209656	-29.0930976867676	998.396728515625	-2.17057681083679	-4.51804399490356	983.447692871094	-1.25667095184326	11.000002861023	994.469177246094	0.274129897356033	48.5371475219727	995.5869140625	10.3507432937622	57.895191192627	997.707702636719	12.8729963302612	54.6742744445801	997.7490234375	16.413969039917	49.2565536499023	999.280822753906	19.5440616607666	38.0745964050293	1002.08557128906	15.0192136764526	12.9935283660889	1003.79614257812	9.5711030960083	7.60918045043945	1000.73522949219	3.80790257453918	43.3399505615234	976.293884277344	0.879576563835144	20.4848480224609	959.064514160156	12.8331699371338	16.575174331665	949.176330566406	29.3211212158203	9.34467315673828	957.508117675781	42.3910827636719	-5.52220344543457	982.972717285156	32.1873817443848	-17.9071273803711	985.773742675781	10.4608001708984	4.67907667160034	979.247680664062	24.4581470489502	-34.4652519226074	985.150390625	11.138768196106	-32.2537574768066	996.345764160156	4.39940881729126	-36.7988891601562	998.517822265625	4.2381010055542	-14.6138162612915	989.6298828125	-9.41541290283203	58.5047569274902	999.341857910156	-11.5837717056274	55.9991226196289	1000.44458007812	-14.7747564315796	50.7645683288574	1002.08154296875	-18.1646022796631	39.051097869873	1004.53002929688	-15.5745315551758	14.391583442688	1004.81799316406	-11.238883972168	6.71627759933472	1000.14916992188	-5.75706148147583	43.8072776794434	976.822387695312	-4.75197982788086	21.2424011230469	959.106750488281	-17.2366428375244	18.5686855316162	949.9384765625	-33.0965118408203	12.6807842254639	958.10400390625	-47.0031814575195	-2.88770413398743	987.0546875	-37.1259346008301	-15.2232189178467	987.778076171875	-14.6855058670044	5.43167161941528	979.79638671875	-32.6289367675781	-32.8084945678711	985.619384765625	-18.5993766784668	-31.0071201324463	995.986572265625	-11.1241579055786	-36.3008575439453	998.280517578125	-9.7124080657959	-14.4110355377197	989.469055175781
PRI-3135	-1.04895985126495	45.0596046447754	991.268432617188	-1.05562114715576	39.6985015869141	985.188720703125	-1.95894646644592	31.721263885498	968.135192871094	-3.49682474136353	12.1062316894531	946.245056152344	-3.73055624961853	9.58868503570557	942.201843261719	-2.83926701545715	-66.8150024414062	976.332946777344	-2.46918725967407	-49.6639556884766	988.702880859375	-1.756920337677	-32.2862815856934	990.209716796875	-2.66168665885925	-12.1116695404053	976.529479980469	-1.65231704711914	-0.0938565135002136	985.725891113281	-1.01409828662872	31.4296550750732	988.017272949219	8.87172508239746	40.0042953491211	990.801513671875	9.97318267822266	37.5029602050781	991.906799316406	13.4072380065918	33.6544799804688	993.094604492188	16.2328433990479	23.1996250152588	993.93212890625	13.0610704421997	-1.8122718334198	992.193420410156	8.61712837219238	-4.50163078308105	990.257202148438	2.4122474193573	27.6464576721191	969.001159667969	-0.849030911922455	10.8720998764038	951.781005859375	10.8088607788086	7.00060749053955	942.580078125	25.6975059509277	0.921634256839752	952.356750488281	36.3361282348633	-12.4702758789062	973.772216796875	29.4969215393066	-19.192081451416	975.533081054688	10.5300235748291	-4.6442813873291	970.496887207031	24.2199459075928	-35.7095108032227	976.028015136719	12.3580665588379	-36.3324775695801	987.558837890625	5.0599250793457	-41.0455436706543	990.166931152344	3.70760202407837	-20.1548843383789	982.763061523438	-10.2363567352295	39.9294853210449	991.627563476562	-12.1731967926025	38.1201629638672	992.459106445312	-14.9676351547241	33.630558013916	994.068115234375	-18.7942943572998	22.9814739227295	995.174621582031	-16.1333026885986	-1.80556535720825	994.039367675781	-11.4095649719238	-4.62198448181152	991.333801269531	-6.25112247467041	29.1315364837646	969.351196289062	-5.72086954116821	10.8722152709961	953.145385742188	-17.9523696899414	7.3558988571167	944.483581542969	-32.4228248596191	0.170365393161774	955.460205078125	-40.4229049682617	-10.1142253875732	978.878295898438	-34.090274810791	-18.5885696411133	980.706298828125	-15.8401679992676	-4.51976680755615	971.940551757812	-30.175630569458	-36.8953552246094	980.471313476562	-17.0317039489746	-35.3815994262695	990.302368164062	-8.81859588623047	-41.6063995361328	991.170349121094	-8.59992122650146	-20.1868438720703	983.208557128906
PRI-3153	1.31484043598175	59.1759338378906	990.3642578125	1.81429553031921	51.6274757385254	984.29833984375	NA	NA	NA	-1.91285252571106	10.0851602554321	942.514770507812	-2.05411720275879	7.16902542114258	939.236633300781	-2.17976880073547	-73.1087417602539	977.142700195312	-1.87645351886749	-53.0655708312988	991.169982910156	-1.91522145271301	-34.7870101928711	993.067626953125	-0.386657476425171	-10.3295831680298	977.346374511719	0.36338597536087	6.17181825637817	988.239440917969	0.584700405597687	43.4906463623047	987.725891113281	11.3990573883057	53.261661529541	989.690185546875	15.2687931060791	50.4004859924316	992.097473144531	17.9443435668945	44.820384979248	995.753723144531	20.1781730651855	34.6298217773438	996.49853515625	18.1023178100586	9.36626815795898	996.986450195312	12.7303476333618	0.414630591869354	992.7158203125	NA	NA	NA	1.13889515399933	10.7591762542725	949.748962402344	13.1779546737671	4.55731630325317	940.382446289062	31.0728340148926	-2.49138784408569	949.70166015625	46.0682754516602	-10.1393556594849	975.930908203125	39.338451385498	-21.8694076538086	978.781555175781	12.1791143417358	-3.14693236351013	971.21044921875	29.5956058502197	-41.8210258483887	977.711303710938	14.6169033050537	-38.9504318237305	989.537170410156	6.00088357925415	-44.8472747802734	992.768676757812	7.34568548202515	-21.1987266540527	982.6171875	-8.34011363983154	53.2533874511719	991.145874023438	-11.5495357513428	50.9703788757324	994.291198730469	-15.0283584594727	45.8058471679688	996.935852050781	-17.1151123046875	35.639949798584	998.282897949219	-15.224928855896	9.57701301574707	999.263366699219	-11.1279983520508	-0.0208083502948284	994.515991210938	NA	NA	NA	-4.63974094390869	9.94359016418457	950.543762207031	-17.5755882263184	5.75893974304199	940.681457519531	-34.1981201171875	-0.705560386180878	951.186645507812	-48.4679870605469	-9.83277702331543	980.959228515625	-40.072696685791	-19.3660430908203	983.309509277344	-15.3632211685181	-1.40115559101105	972.414916992188	-33.7363624572754	-40.7609367370605	980.506469726562	-17.8956851959229	-39.0024719238281	991.374084472656	-9.00296115875244	-44.2160949707031	993.483947753906	-7.99191570281982	-20.7420330047607	983.628479003906
PRI-3159	-1.56030929088593	-20.3549861907959	1056.52136230469	-1.61947631835938	-15.1866292953491	1052.98046875	-1.56585478782654	1.29780721664429	1042.99157714844	-0.755576550960541	21.4319972991943	1021.17138671875	-0.780584037303925	24.6039066314697	1018.72424316406	-2.78710675239563	-12.0743198394775	947.553588867188	-2.92746353149414	-22.9157657623291	965.543212890625	-2.91413426399231	-24.2088928222656	982.351684570312	-2.04403781890869	-6.94670724868774	1001.16278076172	-2.2785153388977	-18.036039352417	1014.33129882812	-1.69694924354553	-17.7841148376465	1045.54382324219	8.01021862030029	-20.9124126434326	1050.78247070312	8.91406631469727	-20.6330661773682	1049.79602050781	11.6080522537231	-22.7131767272949	1044.65869140625	14.8476114273071	-24.1774749755859	1035.27783203125	10.8673410415649	-23.2525234222412	1011.56829833984	7.52711963653564	-22.4520225524902	1010.39398193359	3.89025139808655	-1.72084403038025	1041.45031738281	1.49263322353363	15.6628179550171	1020.41418457031	12.7255182266235	23.3572940826416	1015.57690429688	26.0930423736572	11.1383085250854	1009.09417724609	33.9937438964844	-12.0822925567627	1002.0830078125	27.7604274749756	-11.7828722000122	994.151611328125	10.8091344833374	-2.60670971870422	1007.91278076172	22.8156490325928	-12.7938451766968	978.192077636719	12.3526477813721	-22.3671913146973	979.194946289062	4.96945142745972	-24.9414882659912	973.645629882812	3.80326652526855	-14.4944677352905	994.838256835938	-10.9511156082153	-20.7857551574707	1051.32983398438	-12.4475679397583	-20.9180297851562	1050.03588867188	-15.4600610733032	-21.8647594451904	1045.12475585938	-18.5792713165283	-23.8187217712402	1036.14379882812	-15.6507358551025	-21.729248046875	1012.03430175781	-12.7068586349487	-21.6193771362305	1009.70770263672	-6.52931880950928	-1.06745851039886	1041.55285644531	-3.4338493347168	14.9092569351196	1021.13293457031	-13.9792938232422	24.3365173339844	1016.6259765625	-28.2982864379883	13.6909475326538	1010.29858398438	-38.7607192993164	-10.5345869064331	1002.74060058594	-33.8668899536133	-11.2750663757324	994.789978027344	-14.8569250106812	-1.89605164527893	1008.53509521484	-29.0062236785889	-11.9858388900757	977.982482910156	-17.5340213775635	-21.7260456085205	979.352905273438	-10.8764362335205	-24.86865234375	973.839477539062	-9.47938442230225	-14.2002086639404	994.324279785156
PRI-3161	0.670914709568024	45.2437782287598	996.108825683594	0.725215971469879	41.1522331237793	988.449157714844	1.21919393539429	34.0017242431641	970.9814453125	1.10332369804382	14.4182939529419	949.311950683594	1.0656236410141	11.853796005249	945.3291015625	-5.43851900100708	-64.9794158935547	974.481506347656	-4.74384880065918	-47.7905426025391	987.925659179688	-4.45110750198364	-32.2249183654785	990.2265625	-2.54203104972839	-9.81034088134766	976.69677734375	-2.4418454170227	0.651563405990601	986.307739257812	-0.270036458969116	33.899097442627	990.147766113281	9.2662878036499	40.0938186645508	996.130004882812	10.039454460144	37.6830291748047	996.586853027344	12.7961492538452	33.8401679992676	996.721801757812	15.7710227966309	23.2298641204834	998.340026855469	12.550389289856	-0.870217800140381	996.253173828125	7.69776010513306	-4.8073935508728	991.4443359375	5.19463491439819	30.1224117279053	973.667541503906	3.22563815116882	13.5204544067383	956.171813964844	15.7770929336548	9.51805877685547	948.222961425781	29.1562881469727	1.97591328620911	957.828002929688	36.9541473388672	-10.9337387084961	979.924865722656	30.2177066802979	-20.7613086700439	980.500793457031	10.4842796325684	-2.10035395622253	974.889953613281	23.148380279541	-36.0984764099121	978.59619140625	10.3643159866333	-35.4502487182617	988.423645019531	2.85823941230774	-40.7828521728516	990.008605957031	3.31354260444641	-19.5322322845459	982.283996582031	-9.38345432281494	41.6925315856934	994.188049316406	-11.164680480957	39.3686561584473	994.828491210938	-14.4377498626709	35.3383178710938	995.924072265625	-18.8697528839111	25.5916652679443	996.498168945312	-18.033576965332	1.40306043624878	994.200073242188	-13.0651254653931	-3.89770936965942	990.588806152344	-4.15423202514648	31.3144302368164	973.048583984375	-2.02141809463501	13.5175828933716	956.195739746094	NA	NA	NA	-29.8358497619629	5.58221960067749	955.573059082031	-41.833553314209	-6.81570863723755	978.719360351562	-35.9273414611816	-17.3380432128906	978.252075195312	-14.9381523132324	-0.323794066905975	974.121948242188	-31.5773181915283	-34.2543487548828	976.775024414062	-19.1035137176514	-34.264232635498	986.833679199219	-11.9195995330811	-40.5312805175781	989.34130859375	-9.29275417327881	-19.0626354217529	981.6005859375
PRI-3162	-2.65376329421997	57.0486145019531	1009.77429199219	-3.06979942321777	51.2513999938965	1002.28570556641	-2.39555525779724	40.3134078979492	980.3623046875	-1.14869618415833	16.5740242004395	951.645812988281	-0.878332257270813	13.3699531555176	947.193298339844	-1.01877152919769	-69.0364608764648	980.550476074219	-1.94013392925262	-52.0566635131836	997.629577636719	-2.59407305717468	-35.4406929016113	1002.31927490234	-1.86869359016418	-9.38085651397705	986.673461914062	-2.30376839637756	3.97247838973999	997.894348144531	-3.13518357276917	41.877555847168	1005.390625	5.73171234130859	52.9474754333496	1009.59075927734	8.88688087463379	48.1986236572266	1010.31475830078	13.1555814743042	44.1134452819824	1012.75689697266	NA	NA	NA	14.0664043426514	8.73307991027832	1011.12957763672	8.78681755065918	-0.66782009601593	1004.33471679688	2.66036677360535	38.3034744262695	982.726440429688	1.82659065723419	15.5511264801025	960.581420898438	15.5170450210571	10.3409242630005	949.666442871094	32.6195335388184	3.86830496788025	962.916442871094	44.6974067687988	-10.0949897766113	991.197143554688	35.8194694519043	-20.2271976470947	993.397705078125	11.7269086837769	0.175987601280212	981.8046875	30.1780891418457	-38.6559562683105	989.528686523438	12.9111595153809	-37.4727630615234	999.657897949219	5.69203758239746	-44.2505264282227	1001.33801269531	5.24283075332642	-19.6986522674561	992.672119140625	-12.1380996704102	52.7441101074219	1007.52423095703	-17.4467105865479	47.7511520385742	1007.54443359375	-20.1860771179199	43.3956031799316	1011.48431396484	-22.3818130493164	31.6616096496582	1012.10028076172	-20.1823501586914	7.93893814086914	1008.501953125	-14.5403480529785	-0.63823652267456	1003.73156738281	-7.55118417739868	38.1469116210938	982.271057128906	-4.56440496444702	14.7234773635864	961.294067382812	-16.4318313598633	9.04967975616455	948.934875488281	-34.6820030212402	1.82258856296539	959.645874023438	-48.4690132141113	-11.0320253372192	990.881591796875	-41.2311935424805	-19.5582008361816	991.657348632812	-15.8053541183472	0.330559134483337	981.781494140625	-33.3162612915039	-40.4041938781738	986.550659179688	-18.198844909668	-38.8124847412109	998.456359863281	-9.90925025939941	-44.3279113769531	1000.64538574219	-9.3976879119873	-20.0454254150391	991.99267578125
PRI-3438	-0.421584635972977	-22.4378547668457	1052.13110351562	-0.207617670297623	-16.9332313537598	1048.47912597656	-0.723887979984283	0.641283273696899	1039.61694335938	-1.76130378246307	24.4543781280518	1019.23181152344	-1.95616805553436	28.3797130584717	1016.35205078125	1.6992199420929	-7.52008390426636	940.567810058594	1.47092998027802	-21.8344268798828	959.991455078125	0.943916141986847	-22.2711620330811	975.615661621094	-0.613817989826202	-8.21788120269775	996.177978515625	-0.0208489987999201	-17.5029907226562	1008.41662597656	-0.313657850027084	-19.0559425354004	1040.27722167969	9.14810752868652	-21.8899250030518	1048.41198730469	11.1094827651978	-21.8498191833496	1047.28039550781	14.1924018859863	-23.9772453308105	1042.39306640625	17.6323299407959	-25.4630813598633	1033.66979980469	16.6496315002441	-25.4726219177246	1010.52465820312	11.5458707809448	-21.8365306854248	1004.80969238281	3.85631060600281	-0.902727603912354	1037.30651855469	1.11388409137726	16.5795612335205	1018.5927734375	13.2858266830444	27.6414623260498	1012.60931396484	28.9704704284668	16.7168712615967	1008.16644287109	41.5685043334961	-9.76898860931396	998.370422363281	33.8725433349609	-11.5504770278931	989.510620117188	11.6538362503052	-3.25382947921753	1005.55322265625	29.0426731109619	-10.3481407165527	972.754760742188	16.2662372589111	-20.4616641998291	971.370849609375	9.0489616394043	-23.0873527526855	967.769287109375	5.9100022315979	-12.8609647750854	989.495788574219	-9.17499732971191	-22.0784854888916	1047.58972167969	-11.229733467102	-22.040563583374	1046.52160644531	-13.9613094329834	-23.9291000366211	1041.79663085938	-16.1244773864746	-26.166187286377	1032.30444335938	-15.2844972610474	-26.3358192443848	1009.02514648438	-10.9348678588867	-22.5562858581543	1003.48468017578	-5.54136228561401	-1.01475298404694	1036.80297851562	-3.93495345115662	16.7606639862061	1018.02087402344	-15.5635547637939	28.0230445861816	1012.25317382812	-30.3975944519043	16.4070529937744	1006.75640869141	-40.7367935180664	-12.3532285690308	996.18798828125	-31.91796875	-13.4783220291138	987.986999511719	-14.1588554382324	-3.25485992431641	1004.73815917969	-27.5975532531738	-11.7154407501221	970.232543945312	-13.6995067596436	-20.7851448059082	971.206665039062	-5.67853927612305	-22.9217014312744	965.732421875	-5.78348779678345	-12.8643865585327	988.8828125
PRI-3444	-1.7631413936615	61.785327911377	1001.33813476562	-1.89838743209839	58.5354194641113	996.537902832031	-2.87180399894714	45.0212554931641	974.92431640625	-3.58972525596619	22.928955078125	950.141906738281	-3.76633834838867	19.6413154602051	945.146057128906	-5.29231643676758	-66.3916625976562	973.985412597656	-3.15804600715637	-50.7593116760254	994.759460449219	-3.92479109764099	-33.2777671813965	997.990173339844	-3.29337692260742	-5.67148923873901	984.0009765625	-2.7235791683197	9.12430667877197	994.642272949219	-2.09215521812439	47.4849624633789	998.434814453125	7.44887399673462	56.3721542358398	1000.36944580078	9.96102809906006	53.1877212524414	1000.5673828125	14.2784109115601	47.0842018127441	1001.77770996094	17.480131149292	35.4764709472656	1003.75170898438	13.8166952133179	10.3328895568848	1003.91070556641	8.11989688873291	3.28988742828369	999.699951171875	1.94987106323242	43.0603446960449	977.224243164062	-0.72600531578064	21.3909454345703	958.44189453125	11.0794658660889	18.1696624755859	948.611572265625	29.4936656951904	10.2070217132568	957.153503417969	NA	NA	NA	NA	NA	NA	11.1609869003296	4.36621713638306	977.999694824219	27.490140914917	-36.3895034790039	981.886962890625	12.9540948867798	-37.3992500305176	995.089660644531	4.46314287185669	-42.1792144775391	997.624633789062	3.81997561454773	-15.1840715408325	988.856384277344	-11.5280866622925	55.460262298584	1000.88970947266	-14.4962530136108	52.401481628418	999.510070800781	-19.7560367584229	48.1096000671387	1001.84161376953	-22.0778026580811	35.2847785949707	1004.96966552734	-18.8327789306641	9.94183444976807	1004.80114746094	-13.6959552764893	2.80088019371033	1000.18225097656	-8.07417869567871	43.7758674621582	978.490295410156	-6.19834995269775	21.9072933197021	959.552612304688	-18.2590503692627	18.3167247772217	949.811584472656	-35.9695510864258	10.131290435791	957.979675292969	-48.7882080078125	-4.03354597091675	987.198181152344	-40.0668792724609	-15.0249366760254	987.670837402344	-19.1865139007568	4.27081727981567	978.467529296875	-35.724967956543	-35.8683891296387	983.285583496094	-19.6525592803955	-37.8896942138672	995.614379882812	-11.4990243911743	-43.038143157959	997.475341796875	-9.80945873260498	-15.6914329528809	989.149658203125
PRI-3446	-2.75102663040161	55.3246650695801	988.301574707031	-2.41510343551636	49.4962120056152	981.372924804688	-1.96491181850433	38.728328704834	962.897827148438	-1.45360195636749	21.9461574554443	943.161682128906	-1.4539440870285	19.7959842681885	939.677062988281	0.929771542549133	-53.7772102355957	979.531372070312	0.00909717660397291	-35.680549621582	990.398193359375	-0.986008882522583	-20.8432064056396	992.479064941406	-1.23998832702637	-0.644317030906677	974.756286621094	-1.80325043201447	10.941442489624	983.724487304688	-2.26582074165344	42.5773506164551	983.449279785156	7.43703699111938	50.8394584655762	988.031433105469	9.09671974182129	48.7665824890137	988.423828125	11.7573738098145	44.6748313903809	989.842956542969	NA	NA	NA	11.6114902496338	11.7440738677979	990.884338378906	8.65018653869629	8.10406017303467	988.913024902344	3.5189414024353	40.1652336120605	966.921691894531	1.21304726600647	20.680061340332	949.551513671875	12.3096485137939	19.6175060272217	944.032470703125	27.4809322357178	11.3346195220947	953.464416503906	34.6757736206055	4.61601686477661	976.6953125	30.0767936706543	-7.22907018661499	978.348999023438	12.2171392440796	7.02746486663818	970.077758789062	26.3342170715332	-22.9917488098145	979.114135742188	14.5848979949951	-23.5541858673096	989.90087890625	7.2313551902771	-29.0005779266357	992.980407714844	4.43941640853882	-6.94309759140015	982.188598632812	-12.771035194397	50.1567344665527	987.508056640625	-14.2399053573608	47.9518623352051	988.490844726562	-16.0650825500488	44.2769393920898	990.016967773438	-20.2728977203369	34.9661636352539	990.141723632812	-15.7075595855713	10.6267852783203	990.709533691406	-12.2537727355957	7.23996782302856	988.159606933594	-6.54272699356079	38.507209777832	966.055725097656	-4.36768007278442	19.6469078063965	950.263000488281	-14.9536142349243	18.7239646911621	943.989318847656	-29.3984603881836	9.07436847686768	953.332336425781	-37.4623985290527	2.05814027786255	976.511352539062	-31.3769683837891	-9.8976936340332	979.111206054688	-15.859543800354	5.8432674407959	969.568298339844	-27.4011459350586	-25.4909019470215	980.232177734375	-15.8242139816284	-25.5988311767578	990.672302246094	-7.35277891159058	-29.7985439300537	992.838928222656	-6.67557668685913	-7.99257516860962	982.090759277344
PRI-3447	-0.60415929555893	42.5567665100098	995.601318359375	-0.678072690963745	38.1094741821289	988.797546386719	-1.92216110229492	30.8957672119141	972.021728515625	-3.78612780570984	12.3932075500488	949.004638671875	-4.07433128356934	10.1375312805176	944.961730957031	-6.8210620880127	-66.5173797607422	977.280029296875	-3.83619856834412	-48.3623809814453	990.1396484375	-2.9741542339325	-32.6324348449707	991.621398925781	-3.56188130378723	-11.3551597595215	977.367309570312	-2.32147717475891	0.317746251821518	988.323669433594	-0.943838477134705	31.2847843170166	990.622802734375	8.56825256347656	38.4983253479004	994.201171875	10.322995185852	35.41845703125	994.988220214844	13.1491508483887	30.6104621887207	995.675598144531	16.2560138702393	21.1025943756104	996.510681152344	12.779541015625	-1.76881968975067	994.099426269531	8.35504245758057	-5.04734897613525	991.514953613281	2.83228850364685	29.4240779876709	973.6611328125	-1.17187213897705	11.7076797485352	956.573120117188	9.49667644500732	7.46679830551147	944.971557617188	24.6810474395752	-0.913787603378296	953.751281738281	34.5991516113281	-11.8054084777832	977.583923339844	28.6805820465088	-20.1796588897705	978.694946289062	9.4674072265625	-3.73292231559753	972.562683105469	22.3787364959717	-37.3091468811035	978.2109375	11.2156496047974	-36.4536056518555	988.912658691406	4.22803735733032	-39.9825325012207	992.805786132812	2.91224670410156	-19.3875102996826	982.978637695312	-9.75182151794434	38.6077842712402	994.454650878906	-11.5831594467163	36.6814002990723	995.149291992188	-15.2475032806396	31.9060077667236	997.311340332031	-18.159839630127	22.256139755249	998.786926269531	-16.6898632049561	-0.657175242900848	996.232360839844	-13.2172727584839	-4.80816793441772	993.378723144531	-7.10258150100708	29.8122005462646	974.648254394531	-6.04104137420654	11.6230115890503	956.185119628906	-17.9676914215088	8.42808151245117	946.189575195312	-32.5368957519531	1.50079500675201	956.753112792969	-40.7729568481445	-9.10689163208008	982.223754882812	-35.3723640441895	-17.3932876586914	982.983703613281	-16.8783531188965	-3.6551947593689	973.967834472656	-30.9935302734375	-35.0487060546875	981.168090820312	-18.0068473815918	-35.2188949584961	990.362182617188	-10.0544099807739	-40.7656097412109	992.271911621094	-9.23995113372803	-19.1064796447754	983.71044921875
PRI-3448	-1.53480541706085	-22.795238494873	1048.51574707031	-1.54125344753265	-16.251953125	1041.388671875	-1.75946307182312	-0.0343543365597725	1033.28466796875	-1.97116732597351	24.3196868896484	1011.22418212891	-1.90062427520752	28.0178833007812	1008.16851806641	-1.26426780223846	-11.876766204834	934.402099609375	-1.70126748085022	-24.6952095031738	954.761169433594	-1.97492051124573	-25.3515110015869	970.150634765625	-1.19814836978912	-8.8233003616333	990.310180664062	-1.97207605838776	-17.9854316711426	1003.92279052734	-1.76032245159149	-19.0780735015869	1034.97961425781	7.42683029174805	-23.3677082061768	1045.05322265625	9.47298431396484	-24.2244968414307	1043.26977539062	12.4940233230591	-24.7424602508545	1039.818359375	16.0989646911621	-26.4500198364258	1029.7734375	13.8945951461792	-26.681266784668	1005.45593261719	9.2558422088623	-22.856351852417	999.729614257812	2.58275175094604	-1.84884893894196	1031.49645996094	0.63088870048523	17.8736324310303	1011.3857421875	12.3906211853027	26.4554080963135	1006.46472167969	27.6281967163086	16.1821136474609	998.532836914062	37.7280960083008	-10.1683502197266	993.6787109375	32.579761505127	-13.1763124465942	982.424133300781	11.9819412231445	-2.9556725025177	998.80126953125	26.0283470153809	-14.0361757278442	965.771911621094	12.9218034744263	-23.100004196167	966.356628417969	5.2816801071167	-26.4812278747559	961.26123046875	4.63651466369629	-15.5654668807983	982.981750488281	-10.8936977386475	-23.4610710144043	1045.2119140625	-13.1298866271973	-23.7504024505615	1044.12194824219	-16.032133102417	-24.8415813446045	1040.32531738281	-19.6041450500488	-26.1099891662598	1030.23168945312	-17.8533554077148	-26.6288585662842	1005.41400146484	-12.6320676803589	-23.2501678466797	999.015686035156	-6.26241827011108	-1.9047269821167	1031.72021484375	-3.93770718574524	17.3289108276367	1011.45379638672	-16.1814746856689	25.8522872924805	1006.59149169922	-30.5980396270752	16.2589340209961	998.762390136719	-41.7368659973145	-10.8079147338867	992.9404296875	-35.9497985839844	-14.6963090896606	982.723815917969	-16.2969131469727	-3.16988849639893	999.226318359375	-30.861026763916	-14.2303848266602	965.296447753906	-16.884407043457	-24.0077800750732	965.994934082031	-8.76207637786865	-26.092493057251	960.730712890625	-7.78400754928589	-15.976676940918	983.057006835938
PRI-3957	-4.63234567642212	49.4929504394531	995.710205078125	-3.86571884155273	45.8559989929199	989.839599609375	-3.60637211799622	37.3071441650391	973.07177734375	-3.05947113037109	17.5027046203613	950.48779296875	-3.06503295898438	15.1852388381958	946.851806640625	-0.506163597106934	-58.7788925170898	979.890869140625	-1.50869405269623	-41.3756408691406	992.520568847656	-2.65434002876282	-25.4905395507812	994.886657714844	-2.78686714172363	-3.831711769104	980.8388671875	-2.88047456741333	6.56792783737183	990.200500488281	-3.23030114173889	38.1215171813965	992.331604003906	6.02889013290405	46.9329299926758	995.886474609375	7.3214259147644	45.7187271118164	996.258117675781	10.6269273757935	41.8467597961426	998.05615234375	15.0922002792358	31.3392906188965	999.060913085938	12.0437994003296	7.52208089828491	996.504699707031	7.84934663772583	3.06247591972351	995.124877929688	1.472527384758	36.1560401916504	975.651977539062	-0.176853030920029	17.1992645263672	958.534301757812	10.4404306411743	12.8022022247314	948.316223144531	26.8151721954346	7.61571931838989	956.985168457031	37.0135879516602	-2.14737319946289	981.0029296875	31.2613506317139	-11.9600467681885	981.51513671875	10.5172357559204	3.1553463935852	975.791320800781	24.7639026641846	-27.6648025512695	980.683715820312	12.6963396072388	-27.7292652130127	992.616271972656	5.21112012863159	-33.7924537658691	994.729431152344	4.12888669967651	-11.3360633850098	986.288452148438	-11.8430643081665	46.7427291870117	996.027893066406	-13.5172777175903	45.1400756835938	996.704284667969	-15.9639205932617	41.7394065856934	997.8408203125	-20.1116390228271	30.8499851226807	999.189453125	-18.57102394104	7.42650938034058	996.559936523438	-14.1895904541016	1.83632147312164	995.550720214844	NA	NA	NA	-5.34890604019165	16.8601055145264	958.613891601562	-17.0634765625	12.0063953399658	949.127685546875	-31.3678245544434	5.17152738571167	957.649108886719	-42.4971961975098	-5.71001291275024	982.603088378906	-35.5440788269043	-15.197546005249	981.936706542969	-15.7190418243408	2.5117404460907	975.729736328125	-28.382173538208	-31.8003025054932	981.531127929688	-16.4920749664307	-29.6371669769287	993.391967773438	-8.82457733154297	-35.1879234313965	995.13134765625	-9.45878219604492	-12.2770919799805	986.901733398438
PRI-3958	-0.492359727621078	46.1181907653809	993.344299316406	-0.532804191112518	43.3980598449707	988.899536132812	-1.83342027664185	35.1937866210938	971.702941894531	-3.14951086044312	16.6062602996826	948.895141601562	-3.19481801986694	13.9765119552612	944.098449707031	-3.86997365951538	-62.9203643798828	975.127990722656	-2.5779538154602	-46.451774597168	988.327392578125	-2.16720867156982	-29.6542472839355	991.986145019531	-1.97967302799225	-7.41328382492065	978.975280761719	-1.84564709663391	4.87553119659424	987.767822265625	-0.737920045852661	35.0292167663574	990.75830078125	8.88220405578613	43.3054695129395	992.797302246094	10.7939929962158	41.3695907592773	992.581237792969	13.7848930358887	36.9897689819336	994.415222167969	17.2244472503662	26.586353302002	995.327575683594	12.7694110870361	2.17415356636047	992.379089355469	9.75259304046631	-0.692046225070953	991.614501953125	2.6157398223877	33.6642112731934	973.180786132812	-0.322050392627716	15.6612119674683	956.262573242188	10.5246324539185	10.9032506942749	944.928100585938	25.830472946167	4.344557762146	954.210083007812	37.3322067260742	-6.50448846817017	975.992980957031	29.8350982666016	-16.7245063781738	978.432067871094	10.4173336029053	0.10858565568924	972.55419921875	24.2906894683838	-33.1263313293457	976.818115234375	12.6010580062866	-33.236644744873	988.934143066406	5.45486164093018	-38.5470008850098	991.801513671875	4.37202262878418	-16.3322257995605	983.629577636719	NA	NA	NA	-9.9302864074707	42.2566261291504	994.356140136719	-13.1852359771729	38.0081253051758	996.546569824219	-16.9677276611328	27.5769214630127	997.267639160156	-14.7686576843262	3.61409997940064	993.56884765625	-12.1066026687622	0.141426026821136	992.740112304688	-5.89674472808838	33.9499473571777	973.953247070312	-4.88347291946411	15.8348531723022	956.748779296875	-17.3913059234619	11.4265804290771	946.290649414062	-31.5432281494141	6.07481098175049	957.898315429688	-40.9170074462891	-4.775390625	981.956787109375	-34.878662109375	-14.3743143081665	981.947631835938	-15.1864585876465	1.60687863826752	974.101989746094	-29.7903270721436	-32.2254600524902	979.84716796875	-17.0054836273193	-31.7382221221924	990.044738769531	-9.9554271697998	-37.6298294067383	992.523620605469	-8.28369522094727	-15.7761535644531	984.189392089844
PRI-4076	-1.6585773229599	62.1158866882324	1178.09790039062	-2.03592014312744	54.4519577026367	1171.03393554688	-2.23157668113708	42.2863273620605	1150.80505371094	-1.27762389183044	18.5586910247803	1122.84729003906	-1.18809795379639	15.6745080947876	1117.7978515625	-0.900626718997955	-75.0294876098633	1149.17456054688	-0.35607972741127	-57.048267364502	1170.0908203125	-0.915198624134064	-39.7695007324219	1175.50402832031	-1.30177748203278	-10.3968276977539	1158.68994140625	-2.07388210296631	4.81295013427734	1168.60998535156	-2.59755039215088	42.9780349731445	1173.0966796875	8.9697961807251	54.6457061767578	1176.634765625	12.1629085540771	53.8438110351562	1177.20788574219	16.6620693206787	44.4937477111816	1181.16833496094	17.5649795532227	35.1115264892578	1183.11401367188	16.8197402954102	8.47636795043945	1182.87951660156	11.3740119934082	-0.533584356307983	1178.12548828125	3.43984270095825	40.2019844055176	1152.67687988281	2.11352872848511	17.7742576599121	1129.74230957031	17.2624549865723	14.1540260314941	1121.83776855469	35.5062675476074	4.94378614425659	1134.48107910156	47.4271926879883	-10.7175636291504	1165.07666015625	39.2655372619629	-21.6703662872314	1162.62219238281	13.0794610977173	0.870697140693665	1155.43774414062	32.0929985046387	-40.5375175476074	1159.04113769531	17.4577388763428	-41.2946853637695	1171.392578125	8.11365699768066	-48.7714920043945	1175.92431640625	7.90882444381714	-20.1581249237061	1165.66333007812	-13.8655061721802	56.5237159729004	1177.2392578125	-16.7032775878906	53.9270706176758	1177.19262695312	-20.8580341339111	46.1897163391113	1179.81494140625	-22.4778232574463	35.297004699707	1181.73291015625	-18.7615089416504	6.88898468017578	1182.78308105469	-15.131402015686	-1.21273565292358	1177.39013671875	-7.62266969680786	40.0834197998047	1152.1318359375	-4.891037940979	17.4294300079346	1130.38037109375	-19.5066738128662	11.8873138427734	1121.60290527344	-37.5784492492676	2.86482787132263	1133.49670410156	-50.0660820007324	-11.2254247665405	1162.94458007812	-41.7010917663574	-22.0573616027832	1161.37023925781	-16.3472938537598	0.48938250541687	1154.97583007812	-31.853687286377	-42.585391998291	1157.21264648438	-20.233678817749	-41.3351898193359	1170.56726074219	-9.22437858581543	-49.0966911315918	1174.52978515625	-9.95817852020264	-19.7551307678223	1164.4638671875
PRI-4113	-1.42970323562622	62.3571853637695	1165.49926757812	-1.03810501098633	57.2952880859375	1155.79089355469	-1.22872507572174	43.6378059387207	1133.14672851562	-0.884036481380463	22.5933780670166	1107.29907226562	-0.937496960163116	18.0677146911621	1099.55908203125	-2.87017631530762	-70.9594573974609	1131.55236816406	-2.85336637496948	-51.6646194458008	1148.73779296875	-2.44799661636353	-34.6007652282715	1154.57788085938	-2.17448878288269	-6.83450889587402	1137.88610839844	-1.82174456119537	7.19983673095703	1152.54663085938	-1.03066694736481	43.4104690551758	1157.59008789062	9.99650192260742	57.4895439147949	1161.56237792969	12.2835874557495	55.2232398986816	1161.52685546875	15.8775882720947	47.3892517089844	1165.04370117188	18.3859329223633	36.0932769775391	1166.94714355469	15.935736656189	8.95299625396729	1164.87890625	9.50816345214844	3.1511435508728	1158.33764648438	4.68183612823486	41.6285934448242	1135.39965820312	2.45864462852478	20.5027847290039	1116.10607910156	18.3954296112061	16.4008274078369	1105.66552734375	35.1646270751953	7.31692409515381	1118.00573730469	44.457088470459	-10.0541591644287	1148.35986328125	37.0058822631836	-18.9723529815674	1144.53759765625	13.5203294754028	6.34657907485962	1138.5673828125	32.5567626953125	-39.8798408508301	1140.75122070312	15.645318031311	-37.7690162658691	1152.39709472656	5.34302997589111	-44.2888259887695	1153.85705566406	6.93503332138062	-14.9093227386475	1145.96545410156	-12.5249948501587	57.2462043762207	1161.62573242188	-14.8646059036255	55.5990409851074	1161.77209472656	-18.740026473999	46.7188720703125	1165.11669921875	-20.7069225311279	36.3600082397461	1166.17858886719	-19.4059524536133	9.44022274017334	1164.46032714844	-13.1655788421631	2.81997466087341	1157.81030273438	-6.86589002609253	41.9475479125977	1135.21313476562	-4.51973676681519	21.4922733306885	1116.47265625	-19.7746887207031	17.8837757110596	1105.09069824219	-37.1646385192871	8.8230562210083	1117.30310058594	-47.491382598877	-9.60773468017578	1148.77954101562	-39.2427635192871	-16.4874668121338	1144.85168457031	-17.3015842437744	6.33815813064575	1138.60888671875	-37.1350975036621	-38.9445762634277	1141.65563964844	-20.3008136749268	-36.7709159851074	1151.70947265625	-9.9832878112793	-44.0254783630371	1153.51940917969	-10.1928215026855	-14.0152082443237	1145.828125
PRI-4335	-1.00747287273407	60.9895401000977	1163.306640625	-1.16307234764099	55.4001197814941	1153.56567382812	-1.82743215560913	41.8309631347656	1132.61938476562	-1.35721850395203	20.6190795898438	1109.53393554688	-1.27499997615814	16.4516849517822	1103.95544433594	-0.65189117193222	-72.3638610839844	1131.59899902344	-1.32202005386353	-53.8817977905273	1155.96826171875	-1.74872815608978	-37.2183837890625	1160.15124511719	-1.46053647994995	-11.3055782318115	1144.55615234375	-1.12256574630737	4.98086643218994	1152.46484375	-1.28955149650574	43.2394943237305	1157.45104980469	10.5696887969971	54.8199729919434	1161.74475097656	12.3163280487061	51.8529205322266	1162.91320800781	16.3324527740479	43.4973983764648	1164.90063476562	18.6257648468018	32.8731384277344	1166.52612304688	15.5417737960815	5.71688604354858	1166.37731933594	10.3656339645386	-0.603614866733551	1160.43005371094	3.5626425743103	41.7803573608398	1136.55334472656	2.38689708709717	19.389720916748	1115.93603515625	17.2581653594971	15.6369342803955	1109.83715820312	36.1728134155273	6.82941627502441	1118.26037597656	49.6504669189453	-8.43140983581543	1147.04565429688	38.9143753051758	-20.8657741546631	1147.77258300781	12.4847755432129	1.36872458457947	1140.77185058594	34.673999786377	-39.7769088745117	1144.50903320312	16.9375381469727	-41.3191413879395	1156.38049316406	7.5171799659729	-48.4652099609375	1159.66076660156	6.9623236656189	-20.0024738311768	1150.30297851562	-13.0359439849854	54.8183212280273	1162.26574707031	-16.0263500213623	51.4234275817871	1162.67993164062	-18.5438766479492	43.5966415405273	1165.52185058594	-20.1858100891113	32.6594543457031	1166.81213378906	-17.2162647247314	6.04689836502075	1166.08728027344	-12.0333795547485	-0.476715207099915	1160.37768554688	-6.05947923660278	41.6477546691895	1135.96472167969	-4.82811975479126	19.0661067962646	1116.92590332031	-19.3472671508789	15.5906257629395	1109.06616210938	-37.2710418701172	5.7036304473877	1117.58825683594	-51.3056907653809	-10.7446479797363	1147.12646484375	-41.2260856628418	-21.1962757110596	1147.15856933594	-15.8134536743164	2.13489699363708	1141.16430664062	-35.8645210266113	-40.8338394165039	1143.38427734375	-19.7817440032959	-42.1282615661621	1155.78100585938	-9.38302230834961	-47.7945594787598	1159.73681640625	-9.73951530456543	-19.3072662353516	1149.03723144531
PRI-4338	-1.978888630867	62.3105583190918	1168.67785644531	-1.61805582046509	57.1590118408203	1160.08715820312	-1.51696586608887	45.5465660095215	1135.90441894531	-1.03342998027802	20.3262672424316	1109.58654785156	-0.900935292243958	15.7605180740356	1102.32092285156	1.42193520069122	-72.7844009399414	1135.83996582031	1.04800629615784	-53.5296401977539	1154.36938476562	0.82028478384018	-36.996509552002	1158.53381347656	0.178310662508011	-11.1045713424683	1145.75903320312	-0.604422330856323	4.94974851608276	1156.11022949219	-1.60679173469543	43.7459945678711	1160.51342773438	9.85171985626221	56.0393180847168	1165.84875488281	10.8965921401978	55.0349617004395	1166.095703125	16.1605396270752	45.4026069641113	1168.08935546875	19.2090244293213	35.1598968505859	1169.20385742188	16.4884052276611	8.37448024749756	1166.61938476562	10.6805629730225	0.758893668651581	1161.18615722656	3.55717873573303	43.3809432983398	1138.15026855469	2.18478775024414	18.9836311340332	1117.64721679688	16.7430820465088	15.3625049591064	1109.30981445312	35.8735618591309	8.16837882995605	1119.701171875	45.7503700256348	-4.69348621368408	1148.32678222656	39.6774826049805	-19.2865886688232	1147.552734375	15.3179922103882	4.94391012191772	1141.02758789062	33.6519393920898	-39.6955413818359	1143.38793945312	18.1696395874023	-40.269947052002	1155.77880859375	8.58590221405029	-47.6553840637207	1157.33386230469	8.5514612197876	-18.8982963562012	1150.81262207031	-13.5997104644775	55.3060836791992	1165.73999023438	-16.8326950073242	52.3669700622559	1166.00402832031	-19.9944686889648	44.4628639221191	1167.7333984375	-22.1273574829102	33.9865760803223	1168.72814941406	-17.8395576477051	7.5203104019165	1166.27563476562	-12.1905317306519	0.239388063549995	1161.03991699219	-6.42015695571899	42.0610313415527	1136.47521972656	-4.3154730796814	19.1464042663574	1118.197265625	-17.8778629302979	15.0808391571045	1108.4482421875	-36.6221542358398	7.15119743347168	1119.50378417969	-46.2343292236328	-8.08968830108643	1146.802734375	-39.0183448791504	-20.3847160339355	1146.54113769531	-16.2584857940674	3.92481994628906	1141.15002441406	-32.2288246154785	-41.9381484985351	1142.77734375	-17.3207950592041	-40.4979782104492	1154.97302246094	-7.51489639282227	-48.1684150695801	1156.70361328125	-7.41684198379517	-19.3039093017578	1150.46520996094
PRI-4341	-1.05149376392365	61.7205581665039	1162.33203125	-1.08004128932953	56.0035781860352	1156.00891113281	-1.86994552612305	39.9266738891602	1132.90063476562	-0.545663356781006	15.2842683792114	1104.603515625	-0.662426948547363	10.6445598602295	1097.79284667969	-0.103431798517704	-77.2463760375977	1133.96765136719	-0.866973638534546	-56.674617767334	1152.31762695312	-0.585276484489441	-39.4222106933594	1154.55847167969	-0.391073763370514	-14.1359043121338	1139.17944335938	-0.780353963375092	3.1242344379425	1151.81433105469	-1.25001049041748	42.6271133422852	1157.55505371094	10.0608892440796	59.0292434692383	1162.49853515625	13.2589225769043	55.8189125061035	1163.15832519531	17.8229923248291	49.6124038696289	1164.80139160156	NA	NA	NA	17.5335121154785	12.3742341995239	1165.962890625	11.2988882064819	-2.1729040145874	1158.12023925781	4.99074077606201	39.9213371276855	1136.62878417969	2.47438549995422	14.2620077133179	1111.95581054688	16.3434658050537	8.0911283493042	1103.791015625	35.7240104675293	2.39588475227356	1115.73376464844	48.9749603271484	-12.7716655731201	1145.41430664062	39.8535957336426	-22.6180400848389	1144.54064941406	13.1006832122803	-3.62036657333374	1135.26831054688	33.205436706543	-43.1763191223145	1141.30078125	16.7422676086426	-42.3864898681641	1151.48376464844	6.95026254653931	-48.9746017456055	1155.38562011719	7.08976745605469	-21.6830463409424	1145.02685546875	-12.0998859405518	59.2032012939453	1162.79284667969	-15.3839206695557	55.8251533508301	1164.04663085938	-19.347375869751	50.1491203308105	1165.91845703125	NA	NA	NA	-19.4967193603516	12.2917289733887	1165.77185058594	-12.6713762283325	-2.7995548248291	1158.88891601562	-8.31911468505859	38.2809181213379	1136.11315917969	-3.36679244041443	14.6205835342407	1112.55322265625	-17.8220844268799	8.07075214385986	1104.4150390625	-36.0474395751953	1.33833932876587	1115.45422363281	-50.5976638793945	-14.2190561294556	1146.80407714844	-41.4459457397461	-23.9645862579346	1144.92431640625	-14.8130483627319	-2.85160207748413	1135.96435546875	-34.3912200927734	-44.5179138183594	1141.845703125	-18.2479190826416	-43.1414489746094	1153.19396972656	-8.24988460540771	-49.5183410644531	1155.05798339844	-8.79010963439941	-21.3219547271729	1146.087890625
PRI-4360	-1.39746022224426	59.5158042907715	1151.72204589844	-1.17491745948792	55.6020011901855	1145.701171875	-1.6980642080307	42.1686363220215	1124.22998046875	-1.05085623264313	16.6285839080811	1101.736328125	-1.15825772285461	12.9852638244629	1097.68872070312	-1.95181512832642	-64.3730926513672	1140.06433105469	-1.65669465065002	-42.7265434265137	1154.04943847656	-1.71908903121948	-27.0890617370605	1155.103515625	-1.43005394935608	-6.04924392700195	1136.47412109375	-0.907272458076477	9.09597682952881	1146.54211425781	-1.19833898544312	46.1696128845215	1148.99182128906	9.2326192855835	56.9611663818359	1153.18994140625	9.55127716064453	56.0630035400391	1153.39721679688	13.162446975708	51.2353248596191	1155.73413085938	17.6378002166748	41.7043037414551	1157.08728027344	16.841064453125	16.426570892334	1155.25085449219	11.2283172607422	6.39435195922852	1152.88696289062	4.05721569061279	40.9717063903809	1127.23352050781	2.20742225646973	16.6199531555176	1108.94775390625	14.6024227142334	10.040472984314	1101.05639648438	31.562370300293	5.74251985549927	1111.64929199219	44.0302543640137	-6.00633430480957	1137.76916503906	35.3947868347168	-14.2286567687988	1138.67077636719	12.2905654907227	4.90116500854492	1132.02917480469	31.1998844146729	-32.1754035949707	1141.52990722656	15.9522657394409	-31.0637168884277	1152.08227539062	6.07346773147583	-37.3571701049805	1155.57116699219	6.22403955459595	-11.1636590957642	1142.75122070312	-11.9227533340454	56.0990257263184	1154.12390136719	-12.6278581619263	56.0309104919434	1154.18737792969	-16.3508987426758	51.5180816650391	1155.17346191406	-20.7643032073975	41.1224937438965	1156.5537109375	-20.1640319824219	15.7997541427612	1156.82116699219	-13.0115013122559	5.32882452011108	1152.57360839844	-7.10291576385498	41.3386421203613	1127.88293457031	-4.19411945343018	17.3939533233643	1109.43237304688	-17.0274562835693	10.2328071594238	1102.54772949219	-33.7751960754395	5.97148609161377	1111.43090820312	-46.6362686157227	-5.20651149749756	1137.03381347656	-38.7852592468262	-14.2373447418213	1139.5400390625	-17.4452514648438	5.09655714035034	1132.23937988281	-33.9348449707031	-32.9140930175781	1141.79528808594	-18.8352870941162	-31.8931884765625	1153.37951660156	-9.27598190307617	-36.9179344177246	1156.00927734375	-9.0481367111206	-12.4939413070679	1143.61572265625
PRI-4370	-1.93630278110504	49.259593963623	1165.82263183594	-1.46557974815369	45.8931274414062	1157.38452148438	-1.57805871963501	37.6787910461426	1138.29650878906	-2.01423788070679	19.8591156005859	1115.28747558594	-2.06959533691406	15.6565065383911	1108.16735839844	-1.21268737316132	-64.8025817871094	1138.06677246094	-1.12627232074738	-49.1363296508789	1153.24597167969	-1.43293750286102	-31.1239070892334	1157.41748046875	-1.8499448299408	-6.10217761993408	1144.64306640625	-1.28617191314697	6.65087795257568	1154.20922851562	-1.37423932552338	36.7678031921387	1159.16857910156	8.91681289672852	44.8168106079102	1164.31286621094	10.4983196258545	42.8399047851562	1164.58447265625	13.0062170028687	37.4596328735352	1165.541015625	17.1592712402344	26.8466758728027	1166.70178222656	15.1936750411987	2.72469329833984	1163.52099609375	11.6324434280396	0.133033066987991	1160.57556152344	3.09948706626892	36.8248023986816	1139.68286132812	0.95067548751831	19.1405029296875	1121.47204589844	13.1009902954102	14.5552577972412	1112.52941894531	28.3251800537109	8.49517917633057	1121.18530273438	41.3397445678711	-8.42758846282959	1145.66772460938	34.8114013671875	-16.1133117675781	1145.36462402344	11.6892776489258	2.56953072547913	1141.71337890625	29.2137985229492	-33.3565254211426	1144.45300292969	17.1011009216309	-36.2735290527344	1155.67248535156	7.50216102600098	-41.1891250610352	1158.19885253906	5.34059476852417	-14.6310663223267	1152.01916503906	-11.9510107040405	44.219898223877	1163.98693847656	-13.4727344512939	42.432315826416	1164.23937988281	-15.8171949386597	36.3092994689941	1165.94470214844	-19.2527294158936	26.0763568878174	1166.75451660156	-17.0893478393555	2.22226667404175	1163.39587402344	-14.2616586685181	-0.432297766208649	1160.22229003906	-6.19300222396851	36.7139930725098	1139.7138671875	-4.71295022964478	18.5878925323486	1122.0556640625	-17.2285060882568	14.5749406814575	1113.2509765625	-32.3582801818848	7.71004867553711	1122.3779296875	-43.8099479675293	-9.92100429534912	1147.2119140625	-37.3883743286133	-17.4120655059814	1146.27600097656	-17.4997119903564	2.45400953292847	1142.55432128906	-32.2636260986328	-35.4781494140625	1145.00378417969	-18.9105644226074	-37.7298240661621	1156.32495117188	-9.33289337158203	-42.1559257507324	1157.0791015625	NA	NA	NA
PRI-4374	-0.64592856168747	55.0314483642578	1152.89135742188	-0.743627965450287	51.3613777160645	1145.13427734375	-1.46772599220276	40.4791259765625	1126.60437011719	-2.00800061225891	18.6636047363281	1105.79016113281	-1.83986175060272	15.7470483779907	1102.09020996094	-2.8181414604187	-63.2606163024902	1146.43054199219	-2.60201478004456	-42.9324913024902	1157.26354980469	-1.92873692512512	-28.2514553070068	1159.0380859375	-1.90651917457581	-5.50250148773193	1143.16064453125	-1.32903587818146	8.15233516693115	1149.4560546875	-1.12446248531342	40.9354362487793	1147.720703125	8.66172504425049	50.8424987792969	1150.96154785156	9.97342205047607	49.3375473022461	1151.21594238281	13.9166059494019	44.7657318115234	1153.49938964844	16.7480964660645	34.8223876953125	1155.05432128906	13.2463235855103	9.2777509689331	1157.38684082031	9.83176612854004	3.77302813529968	1155.91772460938	3.09452748298645	39.0089530944824	1129.33325195312	1.65059959888458	18.2393798828125	1113.34936523438	14.7375564575195	12.8110837936401	1104.59143066406	30.9384784698486	6.96771669387817	1117.00646972656	40.2242965698242	-1.35666573047638	1143.93762207031	32.8257789611816	-12.1212368011475	1144.34899902344	12.5221853256226	4.58555603027344	1136.93078613281	29.4067554473877	-28.7995910644531	1143.830078125	16.3122806549072	-30.4925632476807	1155.32153320312	6.89602279663086	-35.6152038574219	1160.27856445312	6.33135175704956	-12.0416231155396	1148.67895507812	-10.588830947876	51.3690490722656	1151.42077636719	-13.0089721679688	49.550724029541	1152.00793457031	-17.2466583251953	44.0954093933105	1154.00170898438	-20.0463829040527	34.3709373474121	1155.68896484375	-17.8146495819092	9.87259292602539	1157.90673828125	-13.1405897140503	4.06779050827026	1156.07775878906	-6.40097761154175	39.3061256408691	1129.76538085938	-5.55415344238281	18.0614738464355	1113.34875488281	-18.8034839630127	12.7250328063965	1103.64221191406	-35.0846252441406	8.30058479309082	1118.42993164062	-44.1094665527344	-2.11687254905701	1144.55041503906	-37.6152114868164	-11.4447269439697	1145.59387207031	-17.1214389801025	5.23634195327759	1138.73620605469	-33.767147064209	-29.3193378448486	1144.5205078125	-20.465841293335	-29.7014007568359	1156.35314941406	-10.1824884414673	-36.5734329223633	1159.54455566406	-9.86533546447754	-11.8867168426514	1148.578125
PRI-5184	-1.56161260604858	61.0919570922852	1167.20446777344	-0.983051180839539	56.6894378662109	1157.52905273438	-1.3403092622757	44.7582206726074	1134.75036621094	-0.30513134598732	23.0305213928223	1109.84631347656	-0.0532558411359787	19.0051288604736	1103.25427246094	-1.88495218753815	-68.3321838378906	1138.46545410156	-1.78317844867706	-48.5884971618652	1154.96423339844	-1.31118106842041	-31.8873443603516	1157.91833496094	-0.518560230731964	-7.30044174194336	1142.10913085938	-0.734237790107727	8.90079307556152	1153.65441894531	-0.882598400115967	44.7100410461426	1159.30920410156	8.97314929962158	57.685733795166	1163.62268066406	12.2531795501709	55.2602310180664	1163.57678222656	15.2300262451172	47.6335105895996	1165.81945800781	17.6569309234619	36.2970275878906	1166.19189453125	14.7244186401367	11.9883975982666	1166.71362304688	9.6348466873169	3.04043507575989	1160.7080078125	3.53431224822998	43.2047920227051	1137.86828613281	2.76166939735413	22.3460674285889	1118.46813964844	17.6545639038086	17.4756164550781	1107.43383789062	33.6676330566406	12.0769348144531	1117.92565917969	46.6358795166016	-5.01822757720947	1146.4658203125	38.0459861755371	-16.8233318328857	1146.33837890625	13.3508033752441	5.58865785598755	1140.36633300781	32.504451751709	-35.2387237548828	1143.28979492188	16.9886016845703	-35.7143936157227	1155.923828125	6.05115604400635	-42.4389991760254	1158.4296875	6.94629669189453	-15.5099153518677	1149.794921875	-10.6103706359863	56.6813201904297	1164.48034667969	-13.7535390853882	55.3872604370117	1164.42993164062	-17.2142505645752	47.5966529846191	1165.87683105469	-19.0333366394043	35.9767723083496	1166.6357421875	-17.239767074585	11.7828712463379	1166.07666015625	-11.6414928436279	2.89682984352112	1160.25305175781	-6.25165891647339	43.2006416320801	1138.40869140625	-3.49462151527405	21.6509494781494	1118.7275390625	-17.1940879821777	18.0533695220947	1107.04553222656	-34.3239250183105	12.3908681869507	1117.64978027344	-48.6832466125488	-3.45729041099548	1144.99133300781	-40.5382461547852	-16.3054161071777	1145.35095214844	-14.8824186325073	6.50497436523438	1140.11486816406	-35.1317329406738	-34.8702545166016	1142.08666992188	-19.1776599884033	-35.5686378479004	1155.35974121094	-9.15170097351074	-42.4059600830078	1157.93286132812	-8.81842994689941	-15.2589569091797	1148.77954101562
PRI-5194	-1.31250131130219	55.7686347961426	1156.17761230469	-1.53926694393158	51.7062149047852	1146.47534179688	-1.74247765541077	40.5777740478516	1126.34948730469	-1.42585563659668	18.2431144714355	1104.94226074219	-1.35017442703247	14.0966577529907	1099.67822265625	0.279423892498016	-63.0663108825684	1144.89245605469	-0.493698209524155	-42.4763679504395	1156.08850097656	-0.665480196475983	-26.7603435516357	1156.77612304688	-1.41369616985321	-5.66439819335938	1139.69311523438	-1.13901257514954	8.28855133056641	1147.98962402344	-1.68798446655273	42.4639511108398	1149.86657714844	9.06430244445801	52.4427795410156	1153.79272460938	9.84502029418945	51.3701477050781	1154.41857910156	13.2297220230103	46.2459564208984	1156.69226074219	17.2513885498047	36.5973434448242	1157.78186035156	15.3961877822876	10.251914024353	1156.912109375	8.94679164886475	4.0684609413147	1153.93627929688	NA	NA	NA	1.73226177692413	18.3448677062988	1111.568359375	13.1801605224609	10.6955919265747	1104.96118164062	29.2905158996582	6.16671228408813	1115.51806640625	40.2043342590332	-3.47061204910278	1143.25891113281	33.758716583252	-13.7546825408936	1142.45043945312	12.6257667541504	4.65220546722412	1135.28051757812	29.6841888427734	-30.5897102355957	1142.73815917969	15.9173059463501	-30.4757347106934	1154.50427246094	7.04579877853394	-36.064395904541	1158.23608398438	6.11842441558838	-11.7641868591309	1146.50891113281	-11.6769752502441	52.4821357727051	1154.71240234375	-12.6079626083374	51.5268859863281	1155.01953125	-15.9617853164673	46.954948425293	1157.009765625	-19.8993873596191	37.0142402648926	1157.60571289062	-17.6646423339844	10.3135871887207	1157.1259765625	-11.5885705947876	4.02311372756958	1154.14709472656	-5.33179473876953	38.6932983398438	1128.55297851562	-4.40627431869507	17.4128284454346	1111.92846679688	-16.5700550079346	10.4207601547241	1105.21398925781	-33.062629699707	6.24065208435059	1117.619140625	-41.9985656738281	-3.5025680065155	1144.60095214844	-36.1484260559082	-14.7988138198853	1144.0908203125	-15.9304933547974	4.61650371551514	1135.19970703125	-30.9324722290039	-31.3573436737061	1144.34594726562	-17.6417617797852	-31.1770000457764	1155.61450195312	-7.90190839767456	-36.4772567749023	1158.25500488281	-8.3468828201294	-12.0377321243286	1147.21887207031
PRI-5425	-0.390930026769638	57.2330017089844	1009.72131347656	-0.613604247570038	53.0552940368652	1002.61169433594	-0.844952464103699	43.9090995788574	984.14794921875	-1.16442728042603	24.5137634277344	958.022155761719	-1.46701848506927	21.3709449768066	952.479919433594	-5.9858717918396	-59.9525566101074	979.074035644531	-4.5849494934082	-43.2636528015137	998.129821777344	-3.94220948219299	-27.1693592071533	1003.25378417969	-2.72071218490601	-1.84190130233765	987.433471679688	-2.57424068450928	8.92859649658203	999.763000488281	-1.24950218200684	42.236385345459	1004.79437255859	9.4420337677002	51.5598373413086	1008.76702880859	11.255916595459	49.5195808410645	1009.46569824219	15.258674621582	43.4836959838867	1010.38977050781	16.7215118408203	31.4342422485352	1011.88342285156	11.6498708724976	5.79314374923706	1007.13983154297	8.39999103546143	2.82016849517822	1004.84802246094	4.98934698104858	42.3895950317383	986.659362792969	1.74730491638184	22.8373241424561	965.608947753906	13.0536985397339	19.6563339233398	955.742126464844	29.7505397796631	8.93154525756836	964.295471191406	NA	NA	NA	32.321834564209	-12.6133060455322	992.09814453125	11.0298185348511	5.33705759048462	983.463500976562	26.8484992980957	-30.9207229614258	988.191833496094	10.7422647476196	-31.0174255371094	999.713439941406	3.33765029907227	-36.3593330383301	1002.16424560547	2.82179260253906	-11.6232109069824	993.364379882812	-11.0602321624756	52.523609161377	1008.68005371094	-14.0000677108765	50.4075813293457	1008.80157470703	-17.7142467498779	44.069507598877	1010.64007568359	-20.2030372619629	32.590690612793	1011.99438476562	-17.4612007141113	6.91264200210571	1007.23944091797	-12.999508857727	2.97644424438477	1004.94500732422	-6.76993370056152	42.6162071228027	986.401977539062	-4.31901741027832	23.0841064453125	965.323974609375	-16.776927947998	21.5448760986328	956.725769042969	-32.0875129699707	12.6655874252319	963.26171875	-44.896842956543	-0.402275502681732	991.8896484375	-40.072883605957	-9.42114543914795	992.232360839844	-16.8549041748047	6.0466103553772	983.542175292969	-34.4330749511719	-29.0667819976807	988.488403320312	-18.998104095459	-29.9661483764648	1000.19006347656	-11.4805669784546	-35.3901176452637	1001.51806640625	-10.2326812744141	-11.3919811248779	993.627502441406
PRI-5731	-2.65212440490723	56.0931282043457	1165.52307128906	-1.99549102783203	52.2025566101074	1157.64147949219	-1.87602484226227	41.2603187561035	1138.81701660156	-0.390688925981522	19.4099006652832	1114.86804199219	-0.344145447015762	16.0222091674805	1110.07568359375	-1.04470992088318	-64.0969543457031	1146.1435546875	-1.25784206390381	-45.5444374084473	1158.46215820312	-1.70332968235016	-30.3643417358398	1162.96179199219	-1.06343758106232	-7.33373022079468	1149.29772949219	-1.32494401931763	8.26937580108643	1157.28588867188	-1.84748756885529	42.0076370239258	1159.5146484375	8.81114864349365	50.3186264038086	1162.79455566406	9.53542995452881	49.1577529907227	1163.15954589844	12.79625415802	43.8046073913574	1164.09814453125	16.395845413208	32.7102966308594	1164.79345703125	14.2207927703857	5.99371147155762	1162.80358886719	9.66708087921143	3.65735769271851	1161.91552734375	3.29232692718506	40.0781898498535	1141.21643066406	2.19824409484863	19.5493774414062	1123.21447753906	16.7533283233643	14.8420906066895	1114.32312011719	31.1558246612549	7.48620939254761	1125.67297363281	40.5438690185547	-4.8841814994812	1151.083984375	32.393856048584	-14.727596282959	1150.27111816406	11.5229978561401	3.15499591827393	1143.78161621094	27.8968563079834	-32.5427551269531	1149.30871582031	15.1128311157227	-33.1999893188477	1160.302734375	6.05642652511597	-39.2137031555176	1163.40783691406	6.255042552948	-14.2040729522705	1155.23815917969	-13.7346153259277	49.9390106201172	1162.23815917969	-15.093409538269	48.7880439758301	1162.14794921875	-17.493185043335	42.8699760437012	1163.7080078125	-20.3022060394287	31.7231731414795	1163.99169921875	-16.8257808685303	5.26938486099243	1162.42614746094	-12.6859645843506	3.30093431472778	1161.50061035156	-6.11476898193359	40.5119705200195	1140.45751953125	-3.09558939933777	19.1993675231934	1122.93627929688	-16.7130470275879	14.8493232727051	1113.81103515625	-32.0052642822266	6.96808767318726	1125.14562988281	-43.3786239624023	-7.83310890197754	1149.86535644531	-35.6718673706055	-16.2999305725098	1149.47009277344	-14.2432794570923	3.87549996376038	1143.3818359375	-29.6992301940918	-34.272819519043	1148.46520996094	-17.7935333251953	-34.4459915161133	1159.98620605469	-8.18928241729736	-40.0277824401855	1161.943359375	-9.05358505249023	-14.4613609313965	1154.64013671875
PRI-5736	-1.25766861438751	50.6445770263672	1175.06237792969	-1.28953754901886	47.3956871032715	1166.6669921875	-0.973803043365479	37.1901664733887	1147.73913574219	-0.953184425830841	22.3867034912109	1126.30065917969	-1.07363700866699	20.6102676391602	1122.5126953125	-1.22692060470581	-63.7884483337402	1144.95678710938	-1.44855546951294	-45.9252777099609	1159.4072265625	-1.29948556423187	-28.7850246429443	1164.66955566406	-1.36545264720917	-6.18976640701294	1154.96130371094	-1.80900657176971	6.26928758621216	1163.97387695312	-1.12872087955475	37.2254447937012	1168.79077148438	9.49728298187256	47.1705093383789	1173.67456054688	10.4239292144775	45.9937019348145	1173.86511230469	13.9265365600586	40.8614120483398	1175.142578125	17.0628490447998	30.2505683898926	1176.15600585938	14.086085319519	5.45843553543091	1173.62036132812	9.11580181121826	2.56703782081604	1169.62243652344	3.29537463188171	36.4079246520996	1149.556640625	2.0166187286377	20.8317317962646	1130.962890625	15.5356502532959	16.8878879547119	1123.85437011719	30.884672164917	9.90054035186768	1132.61511230469	40.7539520263672	-5.83523416519165	1157.73461914062	33.0680084228516	-12.6265020370483	1156.09814453125	12.3267793655396	2.99335980415344	1150.39440917969	29.5933380126953	-29.331672668457	1150.16088867188	15.1034526824951	-32.3252754211426	1162.10119628906	6.49253082275391	-38.3170623779297	1163.73315429688	6.11117362976074	-13.3284826278687	1159.03344726562	-11.5419330596924	46.921817779541	1173.88098144531	-13.1974964141846	45.2351608276367	1173.88842773438	-16.081241607666	40.1812515258789	1175.30517578125	-18.9495964050293	30.2807674407959	1176.45764160156	-17.8946800231934	5.77893781661987	1174.31323242188	-12.6575193405151	1.64449095726013	1169.46740722656	-6.0565447807312	35.815975189209	1149.5654296875	-4.34610986709595	20.4420700073242	1131.48352050781	-17.9867610931396	17.3567142486572	1123.57397460938	-33.0124168395996	10.9139795303345	1132.57202148438	-44.2067070007324	-4.70362567901611	1158.19702148438	-37.0553588867188	-12.5349826812744	1156.38757324219	-15.7611131668091	4.02773714065552	1150.92822265625	-32.7306327819824	-30.0111045837402	1151.24841308594	-18.5209426879883	-33.0903472900391	1162.75939941406	-9.60629653930664	-39.0652313232422	1163.3251953125	-8.63160037994385	-13.5777082443237	1159.03576660156
PRI-5737	-1.76108634471893	61.1818885803223	1158.83557128906	-1.95130586624146	55.874454498291	1149.19299316406	-2.49392628669739	40.8841934204102	1127.8828125	-0.48970627784729	14.1016473770142	1104.08825683594	-0.191211074590683	10.3469371795654	1098.73291015625	-6.89365243911743	-71.8909454345703	1135.94482421875	-5.83830690383911	-52.5188789367676	1153.86352539062	-5.0805606842041	-36.100399017334	1156.41662597656	-3.56526470184326	-11.0974416732788	1140.09655761719	-3.16630411148071	6.07187271118164	1149.58435058594	-2.57137155532837	45.5156326293945	1152.76794433594	10.0223426818848	55.5977172851562	1156.29663085938	11.8622388839722	52.1147918701172	1157.37182617188	14.8463134765625	45.0625076293945	1158.54919433594	NA	NA	NA	12.8953542709351	7.96619272232056	1160.78076171875	7.34371995925903	-0.106759034097195	1155.64831542969	3.22406721115112	40.677562713623	1130.87060546875	2.0100564956665	12.8889226913452	1112.78393554688	16.1759948730469	7.5491361618042	1103.20190429688	32.6266326904297	3.03476071357727	1113.76904296875	42.7221641540527	-13.2616710662842	1146.61962890625	33.7749290466309	-20.9329662322998	1145.76440429688	12.3742666244507	-1.48647832870483	1135.12719726562	29.2003917694092	-40.9754257202148	1143.74377441406	11.6725196838379	-40.4205284118652	1154.9609375	1.6893059015274	-46.4611129760742	1156.00170898438	4.4169807434082	-19.1901626586914	1147.06262207031	-13.9544839859009	56.8679008483887	1155.97778320312	-17.8215713500977	52.9734687805176	1156.71154785156	-19.9200897216797	46.7514152526855	1158.44580078125	-21.7027702331543	34.9891738891602	1160.01989746094	-20.6633071899414	9.90365600585938	1160.0546875	-14.2038450241089	0.781023263931274	1155.41296386719	-6.94534969329834	40.7982978820801	1130.73010253906	-4.424072265625	14.1952257156372	1111.591796875	NA	NA	NA	NA	NA	NA	-50.5360374450684	-8.7489824295044	1144.04516601562	-43.4048767089844	-18.5774879455566	1145.29528808594	-17.7823848724365	0.27195793390274	1135.91088867188	-38.9471702575684	-38.5009498596191	1143.53637695312	-23.1580352783203	-38.9821014404297	1154.21923828125	-13.5381460189819	-45.3503074645996	1156.17736816406	-12.8928728103638	-19.0849857330322	1147.53381347656
PRI-5859	-0.940490067005158	50.1033515930176	1063.71801757812	-1.03161466121674	45.7123641967773	1057.79565429688	-1.62099742889404	34.4935569763184	1038.11889648438	-1.7673327922821	15.5644226074219	1018.38824462891	-1.6664422750473	12.5261268615723	1014.36535644531	-0.790615081787109	-64.2822265625	1049.78759765625	-0.80316036939621	-46.0332221984863	1063.94921875	-0.805978775024414	-28.9810771942139	1066.51330566406	-1.67841756343842	-7.28888845443726	1051.21459960938	-1.39685845375061	7.30032730102539	1059.61279296875	-1.01595461368561	37.581672668457	1061.01550292969	9.10884094238281	47.474292755127	1064.15893554688	9.62610530853272	45.4335899353027	1064.56567382812	12.8622074127197	41.2533111572266	1065.29138183594	15.0760746002197	30.5589714050293	1067.95690917969	12.4258880615234	6.6204514503479	1067.65808105469	9.69005393981934	3.39372849464417	1064.59997558594	3.97912335395813	34.8575096130371	1041.75207519531	0.985504925251007	16.3303146362305	1026.48791503906	13.6710968017578	11.7857427597046	1017.78607177734	28.8504791259766	6.81191444396973	1027.72497558594	38.7448234558105	-4.53637790679932	1053.72277832031	32.9368095397949	-14.7210540771484	1054.30261230469	12.204381942749	3.49127388000488	1046.56079101562	28.4720268249512	-31.286018371582	1052.79321289062	15.2304439544678	-33.7762336730957	1064.18505859375	7.30611562728882	-38.4879493713379	1067.53869628906	5.21146821975708	-12.5823078155518	1057.322265625	-10.924635887146	46.1263427734375	1063.53918457031	-12.2956504821777	44.5959091186523	1064.32458496094	-14.4874658584595	39.881420135498	1066.07104492188	-17.6058349609375	29.9234523773193	1068.0712890625	-14.2947206497192	5.83854389190674	1067.380859375	-11.5381622314453	2.32196259498596	1064.56994628906	-6.77165460586548	34.9925842285156	1041.95275878906	-4.1820592880249	15.9440269470215	1026.5341796875	-16.2360725402832	11.8424739837646	1017.73431396484	-31.5002155303955	5.79520511627197	1028.29296875	-40.7713203430176	-6.32817602157593	1054.65979003906	-34.5305442810059	-15.7149314880371	1055.43518066406	-15.6587266921997	1.93617689609528	1046.19396972656	-30.4047241210938	-33.1167221069336	1053.66088867188	-17.7314186096191	-34.1626892089844	1064.77124023438	-8.00136852264404	-39.2939414978027	1066.96240234375	-7.98410749435425	-13.1456384658813	1057.15637207031
PRI-5866	0.269137859344482	63.5088157653809	1071.95568847656	-0.422386586666107	58.2453651428223	1062.89404296875	-1.74456095695496	46.9485931396484	1041.00109863281	-1.79502999782562	19.3200492858887	1011.54132080078	-1.85795640945435	15.3233623504639	1005.36651611328	-3.43228673934937	-68.4621276855469	1045.78271484375	-1.12470722198486	-47.8516426086426	1062.13049316406	-1.74385595321655	-29.1949787139893	1065.48046875	-1.79616570472717	-5.98414182662964	1048.90637207031	-1.38038814067841	10.7748622894287	1060.67272949219	-0.670159637928009	47.1788749694824	1066.21655273438	11.0557136535645	59.3400459289551	1070.08410644531	13.7478647232056	55.8532905578613	1070.33081054688	15.7507009506226	47.3339958190918	1072.86999511719	18.8674793243408	36.4516563415527	1073.58874511719	16.6543312072754	11.8168058395386	1072.20483398438	10.7371969223022	4.21617317199707	1065.19909667969	4.77326774597168	46.4456977844238	1043.42199707031	1.36935245990753	19.6481113433838	1020.80517578125	15.1608419418335	13.7248077392578	1010.08135986328	34.0163497924805	6.90870046615601	1022.98889160156	46.3828468322754	-3.92566537857056	1051.65856933594	39.0847320556641	-16.2805728912354	1051.98254394531	13.7963085174561	4.82248973846436	1043.99353027344	34.1849136352539	-35.0088424682617	1049.59143066406	16.9879913330078	-33.4374618530273	1061.81225585938	6.61023664474487	-41.7928657531738	1065.66174316406	7.14925289154053	-12.5045003890991	1055.40246582031	-11.5922136306763	58.7280120849609	1070.93640136719	-14.3037185668945	55.5271377563477	1072.19445800781	-17.0019092559814	48.0258293151855	1073.33325195312	-19.8909168243408	36.9459495544434	1074.08850097656	-17.5837326049805	12.9665641784668	1073.6513671875	-13.1957578659058	4.41352128982544	1065.82043457031	-7.41436243057251	46.122875213623	1043.87158203125	-5.21239423751831	18.9247245788574	1019.43060302734	-21.2175617218018	12.9735565185547	1010.01550292969	-37.9211158752441	6.31631278991699	1023.69445800781	-48.6141929626465	-4.14319133758545	1053.21301269531	-42.1274375915527	-16.8600540161133	1053.80017089844	-18.0882358551025	4.63151741027832	1044.80676269531	-35.8760452270508	-36.7240409851074	1051.4658203125	-19.1298389434814	-33.9055976867676	1063.13720703125	-9.08086967468262	-41.8318939208984	1065.47155761719	-10.3232870101929	-13.1047172546387	1055.99743652344
PRI-5867	-0.559786558151245	57.2236824035645	1367.30712890625	-0.930121064186096	51.885181427002	1360.10852050781	-2.16040825843811	38.6040267944336	1340.73181152344	-1.97609198093414	22.0763683319092	1316.98303222656	-1.81199812889099	19.3667678833008	1312.83239746094	-3.35894894599915	-63.9073600769043	1343.67163085938	-3.00325393676758	-47.0247230529785	1358.06359863281	-2.58769631385803	-28.8915367126465	1362.61547851562	-2.10403203964233	-6.59530353546143	1348.91882324219	-1.70052421092987	8.07639503479004	1359.11730957031	-1.05322074890137	43.5587387084961	1363.46923828125	9.78654956817627	54.0774993896484	1366.60412597656	10.6119451522827	52.1399230957031	1366.6982421875	13.7668237686157	47.1124496459961	1368.6884765625	17.281494140625	36.272403717041	1370.01293945312	14.7239084243774	8.75181579589844	1368.30578613281	9.62161731719971	3.62767457962036	1364.49450683594	3.81587028503418	39.6779327392578	1344.18518066406	1.21496939659119	20.3519191741943	1324.76550292969	14.6023874282837	16.8590450286865	1315.79406738281	31.0753383636475	9.75140857696533	1325.75280761719	41.3346786499023	-3.09806561470032	1350.27893066406	33.5207061767578	-14.168553352356	1351.00244140625	12.3198089599609	5.09269094467163	1344.58483886719	29.9161014556885	-31.1071701049805	1348.30859375	13.7018661499023	-32.0190544128418	1359.06884765625	5.87920951843262	-39.6809692382812	1362.51477050781	4.33683395385742	-12.9564847946167	1354.70080566406	-10.9866466522217	53.9346809387207	1366.91381835938	-12.8211126327515	52.6704177856445	1367.52685546875	-15.9271841049194	47.2889633178711	1369.06372070312	-19.549352645874	36.4448623657227	1371.07165527344	-16.8215999603271	8.77374744415283	1369.05187988281	-12.8658514022827	3.64078903198242	1364.55505371094	-6.89799118041992	39.0904006958008	1344.09985351562	-5.03195762634277	20.7001819610596	1324.57592773438	-18.5737228393555	17.8038673400879	1315.58288574219	-34.5597457885742	11.2073793411255	1326.68872070312	-44.8702087402344	-2.82286691665649	1350.78332519531	-37.1475563049316	-12.7471103668213	1352.23913574219	-15.8815689086914	5.92096614837646	1344.20080566406	-35.0229187011719	-31.050142288208	1349.39038085938	-19.8873882293701	-31.2573833465576	1359.70434570312	-10.864556312561	-39.4341621398926	1362.80114746094	-9.07294273376465	-12.6107692718506	1354.76110839844
PRI-5868	-0.175380423665047	59.787841796875	1395.04125976562	-0.0488031469285488	55.4073219299316	1386.81066894531	-1.03020489215851	41.5446586608887	1363.85217285156	-1.45081889629364	19.4121780395508	1340.62365722656	-1.72910845279694	14.3817205429077	1333.36950683594	-6.04703140258789	-75.560302734375	1358.16479492188	-5.07441854476929	-58.3770713806152	1383.07360839844	-3.84429478645325	-42.0001411437988	1386.53881835938	-3.00146007537842	-15.2919645309448	1372.68627929688	-2.11213397979736	3.05403089523315	1382.03747558594	-0.603750705718994	43.0873107910156	1388.82482910156	12.0355882644653	54.7570495605469	1393.181640625	15.5122718811035	50.6078758239746	1393.85412597656	18.2981491088867	42.9476509094238	1395.56665039062	18.8557872772217	30.8283653259277	1395.87097167969	14.5224447250366	4.69674587249756	1394.05822753906	8.99779891967773	-3.54335069656372	1388.69494628906	4.66270589828491	39.2216529846191	1366.87841796875	1.69591248035431	17.6019077301025	1346.96691894531	16.4299468994141	12.307427406311	1338.60131835938	34.9796180725098	4.40356874465942	1347.61108398438	44.1393394470215	-12.4452877044678	1376.451171875	32.433780670166	-26.9263572692871	1375.27563476562	12.4225082397461	-1.86197102069855	1369.16394042969	30.9676399230957	-45.6421012878418	1373.14978027344	13.1845436096191	-46.2895965576172	1384.04345703125	3.07792282104492	-52.9215660095215	1386.07702636719	4.80288553237915	-23.8633060455322	1377.49401855469	-11.61985206604	54.8622856140137	1393.4228515625	-15.9275121688843	52.1943206787109	1393.80603027344	-18.9922199249268	43.8011169433594	1395.34899902344	-20.9685020446777	32.449836730957	1395.40942382812	-18.4801483154297	6.48503637313843	1393.63024902344	-13.9529514312744	-2.28674077987671	1388.0791015625	-6.84240865707397	40.3774490356445	1367.30065917969	-5.04800844192505	16.9466075897217	1347.47546386719	-19.4230041503906	14.2014265060425	1338.81274414062	-37.8558120727539	7.50123834609985	1346.5185546875	-50.4744071960449	-8.54763221740723	1374.12280273438	-41.1235466003418	-22.8279075622559	1374.52978515625	-17.543285369873	-2.31905555725098	1367.92529296875	-39.9848022460938	-43.0155181884766	1371.57104492188	-22.1132125854492	-43.5718269348145	1383.45397949219	-12.1073551177979	-52.1333198547363	1385.46740722656	-11.5782089233398	-22.8452110290527	1377.67822265625
PRI-6142	-0.468028366565704	55.650016784668	1035.80932617188	-0.189492702484131	52.5288619995117	1030.26062011719	-0.75592827796936	41.3220443725586	1010.40484619141	-0.287077009677887	17.6261196136475	987.909912109375	-0.0862988457083702	14.9493370056152	983.016784667969	-0.552610516548157	-61.307201385498	1023.16876220703	-0.122590646147728	-42.0757637023926	1035.62854003906	0.0890142992138863	-27.4920883178711	1037.58349609375	-0.200174912810326	-6.36045265197754	1022.33349609375	-0.382861971855164	9.0148344039917	1029.40185546875	-0.158639639616013	42.1987075805664	1030.90295410156	9.72191715240478	51.6537055969238	1034.33459472656	10.5805587768555	49.7298812866211	1035.10632324219	13.74671459198	44.5099754333496	1035.99951171875	16.2044486999512	34.5589332580566	1037.28515625	15.1221656799316	10.2395782470703	1037.72985839844	10.9238538742065	5.50289058685303	1035.29260253906	4.5066819190979	40.4780044555664	1012.92681884766	2.12631726264954	17.2299175262451	994.970153808594	15.1408042907715	11.9622478485107	986.636779785156	30.7748947143555	6.7193431854248	995.492553710938	40.8396949768066	-5.43963670730591	1024.23852539062	33.8572044372559	-12.8922348022461	1023.21850585938	14.0698089599609	3.4518404006958	1016.26495361328	29.25758934021	-30.2801513671875	1023.70581054688	14.6522932052612	-29.9314460754395	1034.65966796875	7.51066637039185	-36.3725280761719	1038.09411621094	7.82602643966675	-11.7285861968994	1028.0732421875	-10.1029853820801	51.00732421875	1035.23706054688	-11.8145999908447	49.7195854187012	1035.74621582031	-14.4985933303833	44.4558525085449	1035.95935058594	-17.0785655975342	34.2333145141602	1037.64477539062	-15.6419973373413	9.64615726470947	1038.00207519531	-11.8317031860352	3.5124785900116	1035.96264648438	-5.49670457839966	41.1730270385742	1013.69226074219	-2.79781675338745	17.3559169769287	995.095886230469	-15.8515329360962	13.1873836517334	985.344116210938	-30.7040386199951	7.3147120475769	994.301696777344	-40.3935279846191	-5.56427907943726	1025.2705078125	-31.8315715789795	-13.6374645233154	1023.87481689453	-14.8074159622192	3.31972169876099	1015.955078125	-29.2962551116943	-31.4914283752441	1023.78973388672	-14.8517942428589	-29.9733352661133	1035.21752929688	-7.29109144210815	-36.6572608947754	1037.79858398438	-7.24515771865845	-12.5673265457153	1029.08959960938
PRI-6162	-2.72388434410095	66.7619857788086	1364.92358398438	-1.62448382377625	60.312858581543	1356.55139160156	-1.6930695772171	43.945255279541	1333.82934570312	-0.783135235309601	18.1470127105713	1304.56323242188	-0.71758645772934	14.125340461731	1298.20202636719	-3.87646245956421	-75.85498046875	1331.10620117188	-3.77652978897095	-56.8111419677734	1355.64208984375	-4.27421951293945	-39.3205070495605	1360.93090820312	-3.97931265830994	-12.1734485626221	1344.63586425781	-3.39974570274353	4.95282793045044	1355.52893066406	-2.21768975257874	47.4199028015137	1360.29541015625	10.1779003143311	61.9517707824707	1364.57202148438	14.3163909912109	57.8544235229492	1366.58508300781	15.7013387680054	48.8953247070312	1369.42224121094	17.5509738922119	37.7241249084473	1369.97387695312	14.7958717346191	10.780818939209	1370.31958007812	8.24205207824707	1.34014892578125	1362.31188964844	4.33736038208008	42.553768157959	1336.26953125	2.49693894386292	16.9280395507812	1312.91040039062	16.3390731811523	10.8264961242676	1305.06811523438	35.5750427246094	3.60479331016541	1315.99145507812	46.9864234924316	-6.73580598831177	1347.72583007812	37.5526161193848	-20.3846454620361	1347.41784667969	13.1547040939331	0.258209973573685	1339.73950195312	32.4765701293945	-42.6616401672363	1343.310546875	13.9785680770874	-40.8592987060547	1357.44055175781	4.59972333908081	-48.3477439880371	1359.44030761719	4.3122820854187	-18.8664073944092	1350.39965820312	-15.0074949264526	60.0217590332031	1362.98327636719	-19.0212821960449	56.7248573303223	1364.33605957031	-20.5242214202881	48.1254005432129	1368.09497070312	-22.8548908233643	37.1700820922851	1369.26477050781	-20.9975643157959	10.2414903640747	1369.97619628906	-15.0236759185791	1.11640024185181	1362.27294921875	-7.73546028137207	42.8232269287109	1336.62133789062	-4.63246726989746	16.6664123535156	1313.70446777344	-19.5591220855713	11.0896120071411	1304.41320800781	-37.9621849060059	4.70624208450317	1313.03210449219	-53.640552520752	-6.91033411026001	1345.50317382812	-43.5476341247559	-20.3130912780762	1345.7392578125	-19.4980525970459	1.40096628665924	1339.11840820312	-39.4402618408203	-42.5885887145996	1342.61022949219	-22.6244831085205	-42.038745880127	1356.84057617188	-12.8177576065063	-49.1671028137207	1358.6923828125	-12.4529609680176	-20.2511253356934	1350.91003417969
PRI-6168	-0.693821787834167	54.4912872314453	1459.45080566406	-0.373624712228775	47.926929473877	1450.77416992188	-1.86669993400574	36.3427124023438	1429.62719726562	-1.57703673839569	16.7188529968262	1406.93017578125	-1.54010832309723	12.8775882720947	1401.20886230469	-0.165116623044014	-68.3970794677734	1436.56713867188	-0.385550171136856	-50.1271667480469	1452.85559082031	-1.10509181022644	-32.7032279968262	1453.94763183594	-1.52488434314728	-12.5520029067993	1440.05810546875	-1.46969830989838	3.8518373966217	1449.91687011719	-0.151375517249107	37.1842079162598	1453.92932128906	9.68604183197021	48.2593383789062	1458.61486816406	11.0710334777832	45.8144416809082	1458.87365722656	13.3512363433838	40.7542343139648	1461.37463378906	17.0313205718994	30.9257373809814	1462.2080078125	16.8569869995117	4.39239072799683	1461.52990722656	11.219970703125	-1.89161741733551	1456.01843261719	3.26885342597961	36.1489105224609	1433.07360839844	1.33557534217834	15.2485857009888	1413.87341308594	14.4230012893677	11.3606824874878	1405.65502929688	29.8383979797363	5.16165494918823	1415.73706054688	41.2690048217773	-8.85159969329834	1441.13696289062	32.9950141906738	-18.8151569366455	1441.18420410156	13.9628372192383	-1.38371622562408	1434.4482421875	30.5121364593506	-37.3431243896484	1441.11047363281	15.9451322555542	-36.4690971374512	1451.82934570312	7.65102767944336	-43.7051162719727	1454.85571289062	6.06430244445801	-17.6440563201904	1445.91687011719	-10.1434268951416	48.6200675964355	1459.75830078125	-11.810133934021	46.3217849731445	1460.53662109375	-14.333963394165	41.5266723632812	1462.3154296875	-17.5131931304932	31.8021450042725	1463.31225585938	-18.0887584686279	5.58665418624878	1461.80261230469	-12.3987741470337	-1.93001294136047	1455.81604003906	-6.20110750198364	36.3619728088379	1433.732421875	-4.53146982192993	15.0400886535645	1414.28466796875	-18.3273544311523	10.1433162689209	1405.72033691406	-32.7216720581055	4.76448392868042	1416.40698242188	-42.8350105285645	-9.2183027267456	1442.48681640625	-36.6122550964355	-20.0607013702393	1442.21423339844	-17.04953956604	-1.5109076499939	1434.84020996094	-32.4257926940918	-39.0559959411621	1441.59033203125	-18.3324375152588	-38.5459060668945	1452.26342773438	-9.27992630004883	-43.2387657165527	1454.93981933594	-8.71091175079346	-18.1429042816162	1446.21691894531
PRI-6242	-1.59185349941254	49.967098236084	1456.40319824219	-1.7948145866394	44.7306632995605	1450.39501953125	-1.89838695526123	32.954532623291	1429.07385253906	-2.14831018447876	18.8569107055664	1411.83447265625	-2.38164639472961	16.6381778717041	1406.42553710938	-2.8463134765625	-63.3660697937012	1439.66650390625	-2.59424901008606	-46.1964263916016	1454.38159179688	-2.31883454322815	-29.7560863494873	1457.79052734375	-2.14069747924805	-8.12157726287842	1442.19494628906	-1.60406017303467	6.38065910339355	1450.78552246094	-1.6212865114212	34.1845474243164	1452.58959960938	7.81045055389404	44.2841110229492	1455.53698730469	9.09186553955078	43.3105621337891	1455.91674804688	11.6456308364868	39.1985092163086	1457.35107421875	15.2782468795776	28.9292984008789	1459.41015625	15.2960052490234	4.00734663009644	1459.28942871094	10.4035015106201	-0.400655031204224	1457.42407226562	2.2576105594635	34.4130897521973	1434.13110351562	0.934527456760406	16.4288444519043	1417.52490234375	12.5386161804199	13.7829303741455	1410.22680664062	28.5068969726562	7.05864715576172	1421.27709960938	37.5830841064453	-9.59134292602539	1445.79333496094	31.5276679992676	-15.734169960022	1444.62316894531	12.9530487060547	2.20098924636841	1439.7373046875	25.9692325592041	-33.7918853759766	1443.2578125	13.572790145874	-33.1873817443848	1454.37023925781	4.791579246521	-39.3154106140137	1456.48449707031	5.15262937545776	-14.2287340164185	1448.24047851562	-11.4387102127075	44.6429405212402	1455.65808105469	-12.3361978530884	43.4100456237793	1455.9482421875	-15.4646577835083	38.9331932067871	1457.24560546875	-19.0221405029297	29.1272392272949	1459.06726074219	-18.1996402740479	3.93074584007263	1458.87951660156	-14.5947456359863	0.400254100561142	1457.14575195312	-6.69809007644653	33.8934288024902	1434.49670410156	-5.03862762451172	16.6830291748047	1417.96667480469	-17.8350143432617	12.5851354598999	1410.6884765625	-32.7096900939941	6.54364967346191	1421.94763183594	-41.6314277648926	-9.35288619995117	1447.60986328125	-35.9200439453125	-15.8211526870728	1446.23376464844	-15.7845487594604	0.934188485145569	1438.09411621094	-30.7086448669434	-33.7737998962402	1444.71276855469	-17.9276351928711	-32.9994354248047	1455.39172363281	-9.83492279052734	-39.3643455505371	1457.32104492188	-9.2047643661499	-14.1982889175415	1448.39880371094
PRI-6470	-1.59661436080933	63.0749015808105	1463.74072265625	-2.11948752403259	59.0741386413574	1455.83154296875	-2.92586231231689	46.4974021911621	1433.14489746094	-3.05516409873962	21.6894245147705	1410.32312011719	-2.88391637802124	18.0690498352051	1404.06433105469	-1.56693756580353	-71.0836868286133	1435.81103515625	-1.6325204372406	-53.2938537597656	1455.10888671875	-2.6678512096405	-35.9826736450195	1457.22973632812	-2.15809917449951	-9.45963668823242	1442.783203125	-2.09539198875427	7.37328243255615	1452.96411132812	-1.94354677200317	47.5714492797852	1457.51025390625	9.15697765350342	58.5723838806152	1461.48645019531	12.8677597045898	53.6533088684082	1462.66748046875	15.9707870483398	46.4210243225098	1464.54455566406	18.2775039672852	35.6363563537598	1465.44213867188	15.6450252532959	10.7888174057007	1467.013671875	10.8869314193726	1.12945020198822	1460.27734375	2.61142611503601	45.1947860717773	1436.15026855469	0.855806946754456	20.1680374145508	1415.9716796875	15.5581932067871	17.5489044189453	1408.35852050781	33.2364120483398	9.15571117401123	1417.64147949219	46.3542137145996	-5.39391040802002	1446.48059082031	36.7742919921875	-16.7468395233154	1446.09240722656	11.8055858612061	2.3291745185852	1439.35510253906	30.8106327056885	-36.9040946960449	1443.54052734375	17.2279014587402	-39.6218566894531	1454.48767089844	5.69957256317139	-46.9869499206543	1457.41687011719	6.79851198196411	-19.2797164916992	1450.30798339844	-12.6097288131714	58.4410514831543	1462.169921875	-16.0146808624268	54.3447952270508	1463.69140625	-18.5291957855225	46.969409942627	1466.53259277344	-21.4872093200684	36.6736907958984	1467.54309082031	-20.3538951873779	11.5069026947021	1466.74389648438	-14.9437742233276	0.54555881023407	1460.52587890625	-7.90558433532715	44.5410499572754	1436.01025390625	-6.72196912765503	20.3718032836914	1416.548828125	-21.969051361084	16.6585807800293	1409.16687011719	-38.658332824707	9.48158550262451	1418.32153320312	-50.4993782043457	-6.65070390701294	1448.32287597656	-40.8754119873047	-18.1244449615479	1446.34887695312	-16.6159896850586	2.65035319328308	1440.80554199219	-35.9187049865723	-39.7771453857422	1443.87646484375	-21.5367794036865	-41.0556182861328	1454.77331542969	-10.4732799530029	-47.7189636230469	1457.080078125	-10.9493169784546	-19.5085334777832	1449.44775390625
PRI-6474	-1.01428806781769	59.2658500671387	1429.55908203125	-1.67971360683441	54.1817626953125	1421.82080078125	-2.43190336227417	42.8964729309082	1400.22998046875	-2.16289162635803	16.123966217041	1376.40881347656	-2.29695582389831	12.0433130264282	1370.90991210938	-3.74403166770935	-70.529655456543	1396.58996582031	-3.37743210792542	-54.3897361755371	1419.2783203125	-2.90996241569519	-38.125057220459	1424.05737304688	-3.01285147666931	-11.4005641937256	1410.46643066406	-2.65609264373779	5.24071025848389	1419.01586914062	-1.86152124404907	42.6979446411133	1423.93518066406	11.4764671325684	53.3188247680664	1427.08178710938	13.7813549041748	50.0719451904297	1427.81567382812	16.7134380340576	41.6790771484375	1429.37023925781	20.0054492950439	30.7107982635498	1431.0986328125	16.6427993774414	5.69889974594116	1430.63024902344	9.62379550933838	-0.859823763370514	1425.51086425781	3.29945707321167	38.8254013061523	1401.88647460938	1.04490339756012	14.8356380462646	1383.16455078125	13.2891044616699	10.926775932312	1373.98193359375	32.2398796081543	2.43589544296265	1382.22790527344	45.5995178222656	-11.8970928192139	1410.021484375	36.1654090881348	-23.1048336029053	1410.80725097656	11.5345516204834	-3.13942098617554	1405.203125	31.336706161499	-41.1406593322754	1405.56591796875	14.9940614700317	-39.9955368041992	1420.36791992188	5.43190860748291	-47.5906219482422	1421.46484375	4.93473339080811	-20.1649837493896	1416.07165527344	-13.8690700531006	51.9087753295898	1428.04821777344	-16.355525970459	50.1495742797851	1429.39074707031	-19.5296764373779	42.2896385192871	1430.87158203125	-21.5685539245605	31.8032417297363	1433.14611816406	-20.3658256530762	5.89339256286621	1431.53857421875	-14.3279247283936	-1.45024847984314	1425.61730957031	-8.01398468017578	39.0954513549805	1402.59643554688	-5.20708084106445	15.50648021698	1383.07153320312	-20.2563247680664	11.538948059082	1374.81298828125	-36.423267364502	4.94898176193237	1382.36779785156	-51.2558555603027	-10.4906921386719	1410.49438476562	-42.3268013000488	-21.3064651489258	1411.98889160156	-17.7361011505127	-3.27961230278015	1405.25024414062	-37.9659080505371	-39.795051574707	1407.10302734375	-20.9241371154785	-39.9205131530762	1421.49621582031	-10.9873924255371	-47.5265045166016	1421.34558105469	-9.88790416717529	-19.448356628418	1416.29309082031
PRI-6480	-0.865333318710327	52.0762634277344	1053.78381347656	-1.10017335414886	46.8481636047363	1047.66149902344	-1.26602184772491	34.8902740478516	1028.07312011719	-1.8383287191391	17.9886016845703	1007.86859130859	-1.48817908763885	15.8565893173218	1003.62683105469	0.086159735918045	-69.4219436645508	1042.87817382812	-0.590528428554535	-50.8001670837402	1053.12927246094	-1.53850555419922	-33.8594131469727	1055.05493164062	-1.15404510498047	-8.32769393920898	1039.34350585938	-0.831329524517059	5.05194807052612	1047.41491699219	-1.48965656757355	38.7261047363281	1050.3017578125	8.31647682189941	48.2761192321777	1053.78344726562	9.79436779022217	46.204029083252	1054.56420898438	13.2194089889526	41.7532615661621	1057.66516113281	16.3162708282471	32.5355987548828	1058.32495117188	15.508469581604	9.98186302185059	1060.60974121094	10.7469110488892	0.76905345916748	1055.74865722656	4.35302591323853	31.3086605072021	1030.05090332031	2.49869966506958	16.6337566375732	1015.36724853516	15.0576267242432	11.3255853652954	1006.04620361328	31.7095375061035	5.02427911758423	1016.89916992188	43.5458106994629	-6.48193264007568	1045.18225097656	36.0518264770508	-17.7882766723633	1044.83947753906	12.872260093689	0.170461893081665	1038.1083984375	31.03684425354	-34.4365119934082	1043.92260742188	15.1142768859863	-36.3757133483887	1053.79638671875	7.31970071792603	-43.2687911987305	1055.45434570312	6.3797607421875	-17.4503517150879	1046.80187988281	-11.1599950790405	48.390869140625	1053.91625976562	-13.1004323959351	45.8208885192871	1054.83959960938	-16.3838844299316	41.0932197570801	1056.45849609375	-19.9879779815674	31.7945957183838	1058.05590820312	-19.1128234863281	9.84360694885254	1060.11853027344	-13.0781555175781	0.314319789409637	1055.77941894531	-5.90701961517334	34.1956596374512	1030.89306640625	-5.03630590438843	16.9818744659424	1015.44317626953	-17.5369434356689	11.185788154602	1006.81604003906	-34.201587677002	4.05967569351196	1017.25079345703	-43.6717529296875	-9.59196090698242	1044.1865234375	-35.8941955566406	-19.3983764648438	1044.33374023438	-15.4841508865356	0.160458967089653	1038.35498046875	-32.2140159606934	-35.9707832336426	1044.34191894531	-17.0857639312744	-38.587818145752	1053.6162109375	-8.43721675872803	-43.8531532287598	1055.20068359375	-8.23265171051025	-17.6711330413818	1046.81127929688
PRI-6494	-0.564712584018707	51.1862297058105	1062.85241699219	-0.277392208576202	46.6616058349609	1057.40649414062	-1.37175130844116	34.0531005859375	1043.40563964844	-1.00337183475494	19.1056632995605	1024.57800292969	-1.01515471935272	16.9464855194092	1020.48883056641	-1.93748950958252	-64.928108215332	1053.99182128906	-1.16179025173187	-44.4256629943848	1067.07861328125	-1.6498236656189	-28.6748847961426	1069.20397949219	-0.723631620407104	-7.53397846221924	1056.61254882812	-0.905929923057556	4.55636167526245	1063.17272949219	-0.966119825839996	36.5306625366211	1059.96447753906	9.83881187438965	47.1929817199707	1064.43286132812	12.019923210144	45.0849113464355	1064.99780273438	14.3980617523193	40.1765899658203	1068.35119628906	17.7265396118164	30.4131698608398	1070.56762695312	15.4698638916016	6.29342937469482	1071.54772949219	9.55892276763916	0.599543392658234	1069.04650878906	4.07569885253906	33.1346244812012	1044.98522949219	2.03940773010254	17.2971820831299	1030.98461914062	15.3686323165894	14.0445156097412	1022.81634521484	31.2662811279297	6.18034076690674	1034.77136230469	40.0272483825684	-3.73889255523682	1059.99548339844	32.4934349060059	-13.8202123641968	1057.83410644531	11.490535736084	2.89354753494263	1053.23266601562	29.1135749816895	-29.7523956298828	1056.15356445312	14.521728515625	-29.8748416900635	1065.70227050781	6.92183589935303	-36.5632209777832	1069.40283203125	5.79922676086426	-13.4836177825928	1060.73254394531	-11.020845413208	46.6602439880371	1064.09692382812	-13.4149150848389	44.7200088500977	1066.00817871094	-16.0449409484863	40.4065437316895	1068.47021484375	-18.2603454589844	30.3760547637939	1070.9638671875	-16.2822418212891	6.82904672622681	1071.93701171875	-10.8197898864746	0.467384427785873	1069.63854980469	-6.80959796905518	33.1796493530273	1045.28405761719	-4.31933879852295	17.6634387969971	1031.06494140625	-17.8372364044189	14.3375291824341	1023.71948242188	-33.9491386413574	6.8342432975769	1036.31628417969	-40.7835998535156	-3.06200122833252	1061.87426757812	-34.3210182189941	-13.3260850906372	1059.99426269531	-13.0244646072388	3.13514852523804	1054.17858886719	-31.2530841827393	-30.1621341705322	1056.66723632812	-16.4197006225586	-30.332447052002	1066.60681152344	-8.88527679443359	-36.932186126709	1069.14001464844	-7.39135646820068	-13.2038135528564	1061.05920410156
PRI-6497	-0.982120156288147	51.2322883605957	1402.53674316406	-1.36393523216248	45.0064086914062	1396.12524414062	-2.27944707870483	34.6711311340332	1376.65307617188	-2.55819487571716	18.4616146087646	1355.26953125	-2.45195984840393	15.7584848403931	1349.55407714844	-2.86768579483032	-61.768611907959	1382.90063476562	-2.50623273849487	-44.1701698303223	1395.365234375	-2.22189974784851	-30.4296169281006	1397.908203125	-1.84905314445496	-7.14225959777832	1383.28076171875	-2.17323017120361	5.64867544174194	1394.58215332031	-1.79607141017914	35.4700813293457	1398.03332519531	9.16697311401367	46.4165000915527	1402.27221679688	9.99485206604004	44.4254188537598	1402.85595703125	12.3430109024048	40.572265625	1403.75695800781	15.364260673523	30.2743396759033	1405.04284667969	14.8000659942627	4.73508167266846	1402.78698730469	9.61624336242676	0.247623294591904	1399.20031738281	3.00521492958069	35.1435203552246	1380.72094726562	0.942223429679871	15.9610719680786	1361.18688964844	12.5766086578369	13.6346492767334	1353.96875	29.4217166900635	6.83162212371826	1363.33166503906	38.1706924438477	-6.21946239471436	1387.94384765625	31.0932903289795	-15.9305744171143	1388.18737792969	12.0944938659668	0.661588668823242	1380.06604003906	26.0267677307129	-32.9120826721191	1385.27294921875	14.158031463623	-33.735481262207	1395.61889648438	4.94741153717041	-38.833797454834	1398.38793945312	5.07942962646484	-14.5459136962891	1389.99426269531	-11.2022771835327	47.2933654785156	1402.26000976562	-12.7721042633057	45.7952461242676	1402.48461914062	-15.5101041793823	41.7317237854004	1403.798828125	-18.7664890289307	31.6087398529053	1404.86181640625	-17.9359302520752	5.83410120010376	1402.85131835938	-13.3042974472046	0.878129839897156	1399.57238769531	-6.64209651947021	35.1067314147949	1380.64172363281	-5.37800741195679	16.6959896087646	1361.3720703125	-18.2897663116455	14.327597618103	1353.76745605469	-33.4565277099609	7.15602684020996	1363.88696289062	-41.6972694396973	-5.80391883850098	1389.59375	-35.5028991699219	-14.8362007141113	1388.05407714844	-15.3279390335083	2.7932722568512	1381.0908203125	-30.5697803497314	-31.4356269836426	1385.27124023438	-17.7006664276123	-32.8107299804688	1395.66333007812	-9.27769184112549	-39.3605308532715	1397.63000488281	-9.21411418914795	-14.3144121170044	1389.99243164062
PRI-6498	-0.385660767555237	57.9780654907227	1441.96887207031	-0.605756342411041	52.2288131713867	1433.06579589844	-1.83470070362091	40.5091094970703	1413.96032714844	-2.87606334686279	22.3651790618896	1391.68090820312	-3.14183568954468	19.3761558532715	1385.84509277344	-4.12149715423584	-64.5580520629883	1421.09411621094	-2.63408470153809	-46.477653503418	1434.06530761719	-2.4789617061615	-30.7983798980713	1437.95104980469	-2.29379558563232	-8.15271377563477	1425.1708984375	-2.02463865280151	9.01524066925049	1432.9111328125	-0.700690984725952	42.1717491149902	1436.88684082031	10.1166915893555	52.5746688842773	1440.33166503906	11.0594758987427	49.7068061828613	1440.74914550781	15.0391807556152	42.245174407959	1441.86950683594	16.6178779602051	31.9996089935303	1443.43969726562	14.5729675292969	7.38438892364502	1442.94299316406	10.2372579574585	3.34238791465759	1439.43041992188	2.73662662506104	40.1449584960938	1417.14880371094	0.758207261562347	20.2456035614014	1397.41674804688	13.03284740448	16.8923530578613	1389.40380859375	30.0293960571289	8.49507331848145	1398.74853515625	40.727466583252	-5.47187805175781	1424.56591796875	34.295825958252	-13.8851165771484	1425.37451171875	11.9024600982666	4.09712839126587	1420.47912597656	27.6594142913818	-33.4647636413574	1423.54260253906	14.9637269973755	-32.4987449645996	1434.73913574219	4.65204429626465	-39.0486297607422	1437.26452636719	5.66189575195312	-12.8090839385986	1429.18835449219	-10.5214166641235	52.4419898986816	1440.8759765625	-12.0708713531494	50.0386543273926	1441.35034179688	-15.999942779541	42.7854881286621	1441.89184570312	-18.7094631195068	33.200855255127	1443.31530761719	-17.3119449615479	7.89907741546631	1444.16418457031	-13.9295949935913	3.46932029724121	1439.77673339844	-6.0799503326416	40.192569732666	1417.31640625	-6.09723615646362	20.1120662689209	1397.65173339844	-20.5470676422119	17.1900672912598	1390.56823730469	-35.7642669677734	10.1974287033081	1401.2763671875	-45.3771362304688	-3.225919008255	1427.23278808594	-39.6626243591309	-12.6718587875366	1427.07287597656	-16.6057510375977	3.61423635482788	1420.76342773438	-33.2862968444824	-32.636402130127	1426.39514160156	-18.6131973266602	-32.4595336914062	1436.90710449219	-9.83895778656006	-39.689151763916	1437.52404785156	-10.0412521362305	-12.7009391784668	1430.41735839844
PRI-6503	-0.780076920986176	55.7043876647949	1469.97021484375	-1.21080410480499	49.284912109375	1462.52038574219	-2.4331738948822	36.564884185791	1441.08154296875	-3.86781811714172	17.3218212127686	1416.85717773438	-4.17412900924683	15.0661296844482	1412.17150878906	-3.11048150062561	-69.3083114624023	1449.04650878906	-1.58604836463928	-51.7305679321289	1461.86047363281	-1.72123670578003	-35.9233665466309	1465.76489257812	-1.86999177932739	-10.3456983566284	1448.56970214844	-1.40322053432465	3.35986924171448	1459.93273925781	-1.13476753234863	37.7103309631348	1464.93981933594	10.260274887085	49.9788856506348	1468.99279785156	12.2090873718262	48.7805633544922	1470.09460449219	15.8878049850464	41.2574195861816	1470.30407714844	18.9874019622803	30.2050228118896	1471.8828125	16.5658473968506	3.57311415672302	1470.4775390625	11.2542953491211	-2.13560390472412	1465.33508300781	2.95289707183838	36.4844245910645	1445.15441894531	0.151819497346878	15.446928024292	1424.09326171875	13.2652444839478	11.6120080947876	1414.65539550781	31.449520111084	3.57889175415039	1424.09875488281	44.1072540283203	-12.6005811691284	1450.97375488281	36.1126251220703	-20.8689231872559	1451.4404296875	12.9251022338867	-1.67004680633545	1444.83374023438	28.6305446624756	-39.8698768615723	1449.67919921875	15.318151473999	-39.1147842407227	1461.00756835938	5.22276782989502	-45.0919799804688	1464.65417480469	6.72820901870728	-20.3381519317627	1455.18371582031	-11.9136142730713	50.8645095825195	1470.26013183594	-14.257399559021	49.1559982299805	1471.32470703125	-16.9071044921875	42.3811302185059	1472.72717285156	-20.1893863677979	30.5160903930664	1475.01513671875	-18.1186561584473	4.08660936355591	1473.314453125	-13.8058242797852	-1.94862008094788	1467.36584472656	-7.22175121307373	36.4862403869629	1445.505859375	-7.03914833068848	15.8172006607056	1424.99353027344	-21.4437923431396	12.5277004241943	1417.12902832031	-37.7306823730469	4.86431217193604	1428.00378417969	-47.3929176330566	-12.1677589416504	1457.53979492188	-39.6723594665527	-19.5510101318359	1456.76794433594	-19.22509765625	0.120469950139523	1448.48522949219	-34.0923500061035	-38.6660118103027	1454.16748046875	-18.7033405303955	-38.2843475341797	1463.52111816406	-8.81479549407959	-45.6414642333984	1465.30261230469	-8.72091484069824	-19.9007968902588	1456.724609375
PRI-6504	-1.65796530246735	52.4020690917969	1414.47485351562	-1.60215127468109	47.2534980773926	1407.25415039062	-2.21047234535217	35.1177749633789	1386.65344238281	-2.71425485610962	12.6717300415039	1363.69104003906	-2.794997215271	9.40592002868652	1358.19091796875	-0.301185458898544	-67.5017395019531	1397.76477050781	-1.18825781345367	-49.8407173156738	1410.80151367188	-1.87110936641693	-34.7462425231934	1411.77954101562	-1.77672445774078	-12.1320886611938	1393.73120117188	-1.82120883464813	3.55424046516419	1404.79797363281	-1.4160647392273	35.1946678161621	1409.31628417969	9.18292713165283	49.1772308349609	1413.07458496094	10.0005559921265	46.8837394714355	1413.47021484375	13.7523889541626	40.7775726318359	1414.61352539062	15.3796443939209	30.0251312255859	1415.57739257812	14.8572216033936	3.91436576843262	1414.20141601562	10.3690214157104	-1.23058891296387	1410.43493652344	2.90752577781677	34.5803871154785	1391.56359863281	0.539602816104889	11.3620615005493	1369.05187988281	13.2213897705078	6.62991094589233	1361.49389648438	30.1215343475342	3.87765121459961	1372.72387695312	41.8153381347656	-10.9308567047119	1400.27746582031	35.9128150939941	-18.1253623962402	1398.74682617188	12.9026365280151	-3.33059287071228	1390.7353515625	29.4919490814209	-38.1467437744141	1397.11682128906	16.0834083557129	-38.2283668518066	1408.42797851562	6.23517942428589	-44.019359588623	1412.47998046875	6.14210605621338	-18.0581684112549	1401.81799316406	-12.2192811965942	47.796630859375	1413.20324707031	-13.5492553710938	46.5577163696289	1413.75561523438	-16.8619041442871	40.0658988952637	1415.72485351562	-19.4041938781738	29.3089485168457	1414.94006347656	-18.1759567260742	3.72084045410156	1412.98986816406	-14.0783929824829	-1.26583659648895	1410.18701171875	-6.74344730377197	34.6946220397949	1390.37744140625	-5.88405799865723	11.2430295944214	1369.01232910156	-19.3355541229248	7.33003377914429	1361.69018554688	-34.229808807373	2.12015175819397	1372.78454589844	-44.8442687988281	-12.7829742431641	1402.31481933594	-38.764476776123	-19.2408180236816	1399.91821289062	-15.5207195281982	-2.77837562561035	1390.29516601562	-31.986780166626	-38.7649230957031	1398.36047363281	-18.0641269683838	-38.577709197998	1409.83569335938	-9.45445919036865	-44.0530433654785	1412.63977050781	-9.62163352966309	-18.1774387359619	1401.62451171875
PRI-6627	122.043968200684	54.7595062255859	887.2392578125	122.104675292969	50.7814407348633	892.0859375	123.186950683594	39.9362754821777	910.939453125	123.746070861816	19.5144729614258	934.065185546875	124.067947387695	15.7217149734497	939.232116699219	126.046798706055	-62.6245880126953	906.752258300781	124.925987243652	-44.6873092651367	889.110107421875	124.464584350586	-28.2587966918945	886.457336425781	124.050010681152	-6.24267482757568	902.236755371094	123.031349182129	7.60326290130615	892.517272949219	122.435302734375	40.5283393859863	889.636901855469	111.274421691895	49.4998321533203	886.969299316406	109.908836364746	47.685905456543	886.447998046875	106.149169921875	41.6476097106934	884.629699707031	104.320663452148	30.9005870819092	882.807922363281	108.638969421387	6.51835346221924	884.327270507812	112.213752746582	2.46175622940063	887.151794433594	117.036033630371	39.1352691650391	907.061218261719	120.920516967773	18.7775707244873	925.816589355469	109.910064697266	15.2032804489136	934.829650878906	94.4797973632812	5.84673976898193	927.918273925781	83.368522644043	-6.84357595443726	900.469604492188	88.1502914428711	-14.743631362915	900.641784667969	109.494018554688	2.51618909835815	907.782592773438	95.9912109375	-32.806324005127	901.798217773438	108.282356262207	-32.5075149536133	890.643371582031	116.405281066895	-38.4878120422363	887.3095703125	117.866622924805	-13.5682401657104	896.727233886719	132.479263305664	49.5319976806641	885.965515136719	133.973052978516	48.4101371765137	885.834167480469	137.387878417969	42.9975280761719	883.240478515625	139.82844543457	31.7710018157959	880.630981445312	136.161544799805	6.56249475479126	884.174255371094	133.907028198242	2.37004804611206	886.496826171875	128.675003051758	39.5403633117676	907.073303222656	126.229537963867	19.0111255645752	926.006286621094	138.356140136719	16.5279369354248	933.679443359375	153.844177246094	8.08143997192383	926.636047363281	165.149368286133	-4.21482229232788	898.6513671875	159.788513183594	-13.3932294845581	897.592407226562	137.801849365234	4.01497077941895	906.794311523438	152.966705322266	-31.9850215911865	899.306396484375	139.373336791992	-32.0518760681152	888.422424316406	132.35693359375	-37.3248748779297	886.350402832031	130.474899291992	-13.7269430160522	895.518798828125
PRI-6628	-0.975229740142822	57.5937080383301	1021.11651611328	-0.542900085449219	50.8112297058105	1010.86566162109	-0.197586759924889	42.3647766113281	991.19482421875	-0.150646701455116	20.484935760498	964.3603515625	-0.042239923030138	16.5168628692627	959.293212890625	-4.39399242401123	-65.4324493408203	986.191650390625	-4.15607738494873	-47.7842216491699	1004.18402099609	-4.18191432952881	-31.0431346893311	1009.13159179688	-2.64936304092407	-8.10461044311523	995.049438476562	-1.77846193313599	5.61766386032104	1008.14978027344	-0.989985227584839	41.2670249938965	1014.68640136719	9.54248905181885	51.6803703308105	1020.29541015625	12.8243370056152	48.8414039611816	1021.62518310547	15.6789598464966	42.3315773010254	1023.10003662109	17.0600185394287	30.9594478607178	1022.25769042969	12.2891473770142	4.52383995056152	1020.06829833984	8.33971786499023	0.733936488628387	1013.67541503906	5.4598593711853	39.5573616027832	993.402709960938	2.68517780303955	19.4167213439941	972.935607910156	14.3015785217285	16.5563907623291	963.150146484375	30.0470695495605	6.97399520874023	970.999572753906	41.4412651062012	-5.09771299362183	999.165771484375	33.9520378112793	-16.5003700256348	999.783264160156	12.4710559844971	2.12424540519714	991.859313964844	26.9105930328369	-35.7632637023926	996.72119140625	12.0973014831543	-35.1609115600586	1006.43371582031	3.85648488998413	-41.0901718139649	1008.04998779297	4.08265066146851	-15.8638305664062	1000.22528076172	-11.1756448745728	52.4281692504883	1019.92572021484	-14.4143218994141	50.4899215698242	1020.35552978516	-18.2445507049561	43.6874237060547	1021.80065917969	-21.2094192504883	31.6853103637695	1020.17541503906	-16.8750972747803	5.14290285110474	1019.37384033203	-13.1623945236206	0.0764097049832344	1013.57025146484	-5.77761077880859	39.3623085021973	992.837646484375	-3.10704779624939	19.1926860809326	973.070556640625	-14.5700664520264	17.6676082611084	962.361938476562	-31.2209815979004	8.43377208709717	969.012390136719	NA	NA	NA	-36.4852409362793	-15.5169172286987	998.610656738281	-16.916202545166	3.74837779998779	991.031982421875	-33.8081016540527	-33.3860359191895	995.619079589844	-20.6201362609863	-34.8518028259277	1005.84478759766	-11.6922369003296	-41.3878135681152	1007.70788574219	-10.1482305526733	-16.155782699585	999.974853515625
PRI-6631	-2.93749141693115	44.4862251281738	978.481994628906	-2.94340419769287	40.0939102172852	971.904968261719	-2.91820096969604	33.1486206054688	953.382629394531	-2.55366230010986	17.1399898529053	929.946228027344	-2.7176239490509	14.4410152435303	924.707885742188	-4.37862300872803	-67.5589981079102	947.581359863281	-3.63808012008667	-51.651481628418	963.755798339844	-3.48378777503967	-36.1719970703125	967.826782226562	-2.61078143119812	-12.5576419830322	957.229858398438	-2.46346545219421	1.10322272777557	967.361389160156	-2.89445328712463	32.6649360656738	972.759094238281	6.85481977462769	40.5741386413574	977.389770507812	8.11649322509766	39.2074890136719	977.859497070312	12.2434577941895	35.9864883422852	979.41943359375	15.4235935211182	25.265926361084	979.006469726562	14.2119417190552	1.67527210712433	972.640197753906	9.11478328704834	-4.93663597106934	972.101501464844	2.88857340812683	31.0405101776123	956.177124023438	0.342542797327042	14.9008331298828	936.772583007812	11.3259563446045	11.7475452423096	925.915954589844	26.8998146057129	1.98337817192078	933.944152832031	NA	NA	NA	29.8749294281006	-20.8303279876709	956.8046875	9.5623197555542	-2.01805472373962	953.2431640625	24.8104572296143	-37.1479225158691	954.866882324219	10.9768848419189	-39.6172294616699	966.586242675781	4.12019777297974	-45.6259765625	967.269836425781	2.28633284568787	-21.13063621521	961.742065429688	-12.6956052780151	40.3677368164062	977.828186035156	-15.1667470932007	38.1905364990234	978.380859375	-17.847770690918	34.7498512268066	979.917785644531	-20.8734855651855	24.4749946594238	979.156005859375	-18.1794033050537	0.558688342571259	972.5654296875	-13.9957799911499	-5.00261497497559	972.018371582031	-8.10431385040283	30.7885704040527	955.689086914062	-5.52924156188965	14.931245803833	937.469909667969	-17.0552997589111	12.529354095459	926.622619628906	-32.5744094848633	4.81001091003418	935.775329589844	-43.283576965332	-10.9770183563232	959.229370117188	-35.0732078552246	-21.3468971252441	959.09033203125	-16.1422958374023	-2.72603988647461	953.768737792969	-31.3281745910645	-37.7213325500488	956.032165527344	-17.1118392944336	-39.4319305419922	966.319702148438	-10.1546945571899	-45.9248275756836	967.399047851562	-8.78934478759766	-21.3312244415283	961.640747070312
PRI-6638	-2.09500169754028	51.9505424499512	1143.74145507812	-2.12073230743408	47.0205841064453	1137.85681152344	-1.35648167133331	38.1088409423828	1120.63110351562	-1.37334823608398	18.1750068664551	1096.37390136719	-1.41607081890106	15.4904356002808	1092.35815429688	-1.41298449039459	-58.7294654846191	1119.6611328125	-1.53560769557953	-41.8687400817871	1135.03625488281	-1.87335014343262	-25.9743194580078	1137.17053222656	-1.37175333499908	-4.00106525421143	1126.23132324219	-1.91488599777222	7.89228391647339	1135.91455078125	-2.7549889087677	38.3600959777832	1139.369140625	6.36697673797607	47.6975402832031	1144.75671386719	7.4669361114502	46.5429573059082	1144.31982421875	11.8657369613647	42.315990447998	1145.16333007812	14.4351072311401	32.5042114257812	1145.7353515625	12.6940011978149	8.88228702545166	1142.05334472656	8.63249969482422	2.65439248085022	1139.23840332031	3.53438973426819	36.0072135925293	1122.78063964844	0.80825674533844	16.9436893463135	1104.17224121094	11.5304002761841	14.3667449951172	1094.99450683594	26.9185924530029	7.20536613464355	1102.89685058594	35.1146659851074	-3.28733253479004	1130.94262695312	30.4081554412842	-12.2908325195312	1128.63830566406	12.1526651382446	3.77280330657959	1120.88061523438	25.4209938049316	-29.0774173736572	1124.62683105469	13.1466016769409	-30.2998962402344	1135.06530761719	5.40083312988281	-35.7690887451172	1136.90966796875	4.77140331268311	-12.1204795837402	1130.16540527344	-11.4767169952393	48.3779678344727	1143.52111816406	-13.6052207946777	46.573169708252	1143.6416015625	-16.6197872161865	42.6430358886719	1144.66943359375	-20.1766319274902	32.6022796630859	1145.09387207031	-18.0547847747803	8.81408882141113	1141.93591308594	-12.1326389312744	2.08797931671143	1140.02673339844	-6.4743504524231	36.3347358703613	1122.34716796875	-4.28761625289917	17.4558525085449	1105.11962890625	-16.0376205444336	13.4251756668091	1094.93908691406	-30.0567150115967	6.28743839263916	1101.36633300781	-40.8149757385254	-5.39926147460938	1126.98278808594	-33.8907356262207	-13.6268720626831	1126.82800292969	-14.6238603591919	3.57818746566772	1120.33911132812	-29.3638877868652	-29.9124717712402	1123.47497558594	-16.7406883239746	-31.7155208587646	1135.33471679688	-8.37487983703613	-36.4466514587402	1136.74731445312	-7.95905160903931	-12.3192863464355	1130.73278808594
PRI-6639	118.091957092285	61.1735382080078	878.256469726562	118.54354095459	56.5589447021484	886.7431640625	120.289588928223	46.6332092285156	906.782897949219	122.184547424316	26.6281070709229	931.351623535156	122.390411376953	23.917854309082	935.616333007812	127.372634887695	-56.4268035888672	908.107238769531	126.331207275391	-40.6189842224121	892.533874511719	125.081901550293	-25.3042755126953	887.831970214844	123.128265380859	-1.40765774250031	902.378540039062	122.467811584473	10.1801643371582	887.698669433594	119.353294372559	46.8724517822266	883.4833984375	108.525817871094	54.2992401123047	879.607238769531	107.285308837891	52.4633255004883	879.299072265625	103.69506072998	43.5653839111328	877.312805175781	102.471382141113	32.0730514526367	878.062377929688	NA	NA	NA	111.372734069824	4.59972333908081	884.723083496094	114.615287780762	43.7623100280762	903.96337890625	119.043037414551	24.5508041381836	922.622009277344	107.303558349609	22.4288845062256	931.7587890625	91.8115539550781	10.5018682479858	924.550903320312	NA	NA	NA	NA	NA	NA	110.206176757812	6.67517900466919	906.803833007812	95.7696380615234	-28.0301551818848	901.919250488281	109.671485900879	-28.3351955413818	891.947326660156	118.355369567871	-33.6128005981445	889.847351074219	116.847999572754	-10.2939825057983	897.172241210938	128.632705688477	55.7195663452149	879.316284179688	130.04296875	54.2273025512695	879.172729492188	135.54362487793	46.0168380737305	876.89453125	138.261871337891	35.9991760253906	876.811096191406	136.460433959961	10.2629070281982	881.372131347656	133.709320068359	6.19467687606812	884.413818359375	126.338729858398	45.1969108581543	903.518127441406	125.078750610352	25.4935855865479	922.291809082031	137.404998779297	24.406005859375	931.523803710938	153.745010375977	15.025803565979	924.726440429688	165.91423034668	1.87827861309052	897.747436523438	157.732467651367	-7.04472255706787	897.179077148438	136.774505615234	9.54946708679199	906.0498046875	155.639602661133	-25.1180038452148	900.615966796875	141.244812011719	-26.8654632568359	890.866882324219	133.691909790039	-33.2718772888184	889.701843261719	131.835891723633	-9.86047554016113	897.058654785156
PRI-6640	113.101257324219	53.5906715393066	891.271057128906	112.971389770508	48.6165084838867	898.2109375	113.098831176758	40.6971549987793	914.296813964844	112.53596496582	22.4886341094971	936.711364746094	112.567672729492	18.9274120330811	941.078735351562	NA	NA	NA	112.425079345703	-36.53076171875	892.092407226562	113.021682739258	-22.9699287414551	890.27685546875	112.764839172363	-0.31116583943367	907.543395996094	113.13623046875	11.8663005828857	897.537231445312	113.346092224121	41.1050682067871	895.903991699219	104.007522583008	48.9761123657227	891.586364746094	103.392158508301	48.6209144592285	891.356262207031	99.8907089233398	44.6339874267578	890.170288085938	96.0146255493164	35.2066612243652	888.599487304688	99.3710632324219	11.1735391616821	889.874694824219	102.798614501953	6.41927576065063	891.639343261719	108.068801879883	39.983699798584	912.825317382812	110.165618896484	22.2876892089844	929.274230957031	97.9845962524414	17.1612682342529	938.149719238281	85.0372848510742	10.5277099609375	929.726623535156	74.721435546875	-0.183108508586884	903.470153808594	82.3898010253906	-8.5088005065918	903.762084960938	98.9668655395508	7.17885637283325	909.281433105469	84.5932846069336	-25.3836536407471	903.489074707031	96.6889495849609	-25.6526889801025	893.384643554688	105.549209594727	-31.8128223419189	890.111389160156	107.089691162109	-9.05802249908447	901.582824707031	122.760940551758	48.9605369567871	891.987548828125	123.290069580078	48.2202835083008	891.802368164062	126.725944519043	44.2479705810547	890.69970703125	130.666641235352	34.5801391601562	888.9970703125	126.968559265137	11.2468461990356	890.444580078125	123.775085449219	6.5619387626648	891.607421875	118.619003295898	40.0312576293945	912.040710449219	115.069999694824	22.2551918029785	929.27685546875	125.897277832031	17.0370101928711	939.046203613281	140.975631713867	10.1818361282349	929.184204101562	150.36164855957	-0.00364804011769593	903.804138183594	143.062393188477	-9.3512773513794	903.980712890625	126.72883605957	8.38223934173584	909.467407226562	140.90966796875	-26.1084365844727	904.307800292969	127.140716552734	-25.8145713806152	892.862060546875	119.244476318359	-31.9027652740479	890.165100097656	119.118392944336	-8.58462238311768	901.408142089844
PRI-6641	NA	NA	NA	117.273597717285	43.0905113220215	895.836059570312	118.302925109863	33.2319831848145	912.467102050781	119.532150268555	12.1298713684082	932.412658691406	119.86466217041	8.61718940734863	937.436401367188	121.688262939453	-63.9641380310059	900.327331542969	121.3232421875	-45.600212097168	888.601745605469	120.550140380859	-29.9481391906738	887.781494140625	119.858032226562	-9.5649299621582	902.202880859375	119.087028503418	3.05037093162537	893.059509277344	117.805320739746	34.4710578918457	893.392028808594	107.73210144043	42.9333763122559	890.017028808594	106.67000579834	41.1768913269043	889.377685546875	104.208267211914	37.1027145385742	886.842834472656	100.662521362305	27.4221363067627	885.448608398438	103.975547790527	4.00149011611938	885.11376953125	108.811698913574	-1.38326346874237	888.800170898438	112.989410400391	32.2860298156738	909.756225585938	116.666641235352	12.1606769561768	925.611511230469	106.578147888184	6.67923974990845	935.735290527344	91.1724472045898	1.12991762161255	925.686828613281	81.3752975463867	-6.58247995376587	902.228454589844	88.5729446411133	-17.9845485687256	900.124145507812	106.626312255859	-2.32393860816956	907.049377441406	93.5744705200195	-35.506233215332	899.38916015625	106.056274414062	-33.8244781494141	889.422424316406	114.094741821289	-38.9768562316895	887.363098144531	113.86784362793	-16.9900569915771	896.111755371094	125.722412109375	43.7151489257812	889.8603515625	128.165802001953	42.1598739624023	889.678161621094	131.464004516602	38.2309341430664	887.7451171875	134.742767333984	28.63232421875	885.670288085938	133.790771484375	5.37455034255981	885.008361816406	129.772415161133	-0.277901500463486	888.303283691406	122.744079589844	32.790771484375	910.010498046875	121.646202087402	12.8174180984497	925.206909179688	133.965240478516	7.18032741546631	935.445068359375	148.161270141602	2.88127994537354	924.8525390625	158.212936401367	-3.42368316650391	900.185424804688	151.785537719727	-15.827657699585	897.791687011719	132.806411743164	-0.717552661895752	905.997009277344	149.167007446289	-33.4497108459473	898.280212402344	134.341354370117	-33.474063873291	888.437194824219	127.946006774902	-38.9779968261719	887.25537109375	125.612380981445	-16.8602161407471	894.757690429688
PRI-6809	-1.69400477409363	51.8201522827148	1485.94079589844	-1.03482866287231	47.1656684875488	1476.59802246094	-2.0833592414856	34.7257919311523	1455.14453125	-2.77904272079468	14.7810955047607	1434.712890625	-2.81832146644592	11.7214136123657	1429.56689453125	-2.42746686935425	-68.2764282226562	1464.14367675781	-1.96620988845825	-50.2273101806641	1478.36169433594	-2.00360035896301	-34.5058479309082	1479.92004394531	-2.65352845191956	-12.7918577194214	1467.33630371094	-2.08733367919922	3.17001295089722	1475.99841308594	-1.33431136608124	37.0192756652832	1479.21459960938	9.32086181640625	46.8265838623047	1483.40759277344	10.3338975906372	45.2496070861816	1484.19152832031	12.6132621765137	40.8263053894043	1485.32348632812	16.3679752349854	31.2502288818359	1486.3544921875	16.0043487548828	5.21760702133179	1487.00012207031	10.2363872528076	-2.3834400177002	1481.85241699219	2.69993758201599	33.453857421875	1459.220703125	0.45837727189064	13.4141855239868	1441.83374023438	13.0671606063843	9.46122360229492	1432.54736328125	31.2607746124268	1.14517080783844	1443.6806640625	40.9778366088867	-12.4476528167725	1465.04565429688	34.0303421020508	-19.4086685180664	1466.69104003906	11.1817836761475	-2.409508228302	1462.3701171875	28.4989566802979	-37.5933532714844	1465.82751464844	15.0568971633911	-37.7733535766602	1477.16723632812	5.93669939041138	-44.2842178344727	1480.85205078125	5.78412389755249	-18.6678009033203	1471.81115722656	-11.6280040740967	46.4650268554688	1484.14721679688	-12.8453979492188	45.1461791992188	1484.3193359375	-15.3326721191406	39.7410011291504	1486.68701171875	-18.6120872497559	30.0868911743164	1487.79602050781	-18.6882839202881	4.06417655944824	1488.4345703125	-13.932222366333	-3.10986161231995	1482.60241699219	-7.2312650680542	32.894718170166	1459.64575195312	-5.96848297119141	12.8981122970581	1442.14038085938	-18.5251007080078	9.93565559387207	1433.25903320312	-35.9541778564453	2.36072063446045	1445.31164550781	-45.8646965026855	-12.2531652450562	1468.44482421875	-37.4244155883789	-18.7372398376465	1468.91906738281	-17.2307739257812	-2.19554567337036	1462.10900878906	-33.2531852722168	-36.9738540649414	1467.44555664062	-18.8681774139404	-38.0970115661621	1478.4296875	-9.90722846984863	-44.51025390625	1480.98510742188	-10.1831350326538	-19.2323112487793	1473.14184570312
PRI-6833	-1.59740686416626	58.8239936828613	1436.25476074219	-1.18697452545166	54.168212890625	1429.43786621094	-0.544886767864227	41.3661193847656	1406.65100097656	-1.2360725402832	18.4213962554932	1381.26818847656	-1.34518527984619	13.9364013671875	1374.24938964844	-1.51450562477112	-70.975456237793	1407.63146972656	-2.82424545288086	-54.7698516845703	1425.57800292969	-3.13245224952698	-38.6575355529785	1428.80139160156	-3.07691311836243	-11.7140731811523	1414.79846191406	-2.02884316444397	2.14611124992371	1426.51794433594	-1.32318639755249	41.698356628418	1432.55090332031	10.0359411239624	54.7944297790527	1435.70581054688	13.1060094833374	51.3210716247559	1436.59558105469	17.0508575439453	43.9240798950195	1439.30102539062	19.0693740844727	33.2200202941895	1442.04382324219	16.5837326049805	7.23870468139648	1440.30078125	9.35086822509766	-3.06859755516052	1433.7685546875	4.23347949981689	39.2088584899902	1410.26171875	2.15056467056274	16.4801330566406	1389.27233886719	16.2462673187256	12.7317361831665	1380.9619140625	34.8602752685547	1.67953288555145	1389.88220214844	45.7304191589355	-15.7658271789551	1417.76965332031	36.4766731262207	-24.6833820343018	1418.19519042969	12.5262279510498	-2.04900646209717	1412.03784179688	29.041784286499	-42.7821464538574	1415.57312011719	13.7733631134033	-41.6486282348633	1426.28759765625	5.04986953735352	-48.0960350036621	1429.01708984375	4.76810884475708	-21.8544216156006	1421.58630371094	-13.1768035888672	54.632682800293	1435.68603515625	-15.8404607772827	52.0103302001953	1436.44836425781	-19.2957420349121	43.6631088256836	1439.03918457031	-21.8270969390869	33.2827644348145	1441.36157226562	-20.1528930664062	7.00653123855591	1439.86462402344	-14.4022216796875	-3.29236268997192	1432.9482421875	-6.10452365875244	38.379467010498	1409.18823242188	-5.07782077789307	15.9806098937988	1389.28076171875	-18.8724822998047	12.6860990524292	1380.27429199219	-37.4646301269531	2.05554485321045	1388.98522949219	-49.9301300048828	-12.8292398452759	1418.11047363281	-41.2975692749023	-24.0903873443604	1417.54187011719	-18.3047733306885	-2.85481786727905	1410.7646484375	-34.532829284668	-43.1610374450684	1414.53637695312	-18.7868766784668	-41.9102516174316	1425.67993164062	-10.9420261383057	-48.6743927001953	1427.7900390625	-9.75348949432373	-22.2290725708008	1421.64392089844
PRI-6955	119.078987121582	58.3243408203125	886.468505859375	120.081039428711	51.7169456481934	892.708068847656	122.00855255127	39.667308807373	910.742065429688	124.117881774902	21.1432285308838	933.274291992188	124.320381164551	18.9968719482422	936.389587402344	122.993942260742	-56.4974594116211	904.887451171875	122.77986907959	-39.0904769897461	888.620544433594	122.586479187012	-23.7688865661621	887.246276855469	122.847373962402	-1.7389543056488	901.054504394531	121.883277893066	10.9351301193237	890.413146972656	120.594879150391	44.4655838012695	889.327941894531	110.606369018555	54.0728569030762	886.133972167969	107.835563659668	51.1667289733887	885.447448730469	104.674270629883	47.1629829406738	882.437316894531	102.129486083984	37.6408157348633	881.739807128906	103.710098266602	12.9210166931152	879.986999511719	109.625793457031	5.84211683273315	885.217468261719	116.394737243652	40.7794647216797	906.022399902344	121.061851501465	20.9951610565186	924.146057128906	110.083213806152	16.674409866333	935.486022949219	94.2990875244141	11.0571584701538	927.699401855469	82.3419189453125	-1.3555793762207	902.555541992188	88.1357574462891	-10.382303237915	899.143798828125	108.222442626953	8.02663993835449	906.401794433594	94.760627746582	-26.236234664917	900.337829589844	108.233917236328	-27.0032711029053	889.761474609375	115.505180358887	-32.768871307373	887.334045410156	116.31477355957	-9.97343063354492	895.276977539062	128.226699829102	55.0014953613281	885.652221679688	130.462463378906	52.3303489685059	883.606506347656	133.656097412109	48.5798645019531	881.37255859375	137.608917236328	38.2724647521973	880.137756347656	138.602554321289	14.5691795349121	877.809448242188	132.968765258789	6.78998565673828	884.145324707031	127.452774047852	41.4926986694336	905.396545410156	126.224159240723	21.025577545166	924.291076660156	NA	NA	NA	NA	NA	NA	NA	NA	NA	154.905853271484	-7.57198715209961	895.903747558594	136.66877746582	7.01379299163818	903.783752441406	151.141891479492	-25.7457122802734	897.700866699219	137.27375793457	-26.0622520446777	887.81982421875	129.795593261719	-32.4183959960938	887.155517578125	128.664916992188	-9.48586654663086	893.927917480469
PRI-7109	113.997695922852	47.5161781311035	893.511169433594	114.188529968262	42.6897163391113	899.451110839844	115.224464416504	32.880256652832	916.037292480469	116.540916442871	11.5436277389526	936.40283203125	116.845581054688	7.830894947052	940.885498046875	117.948127746582	-65.1843109130859	902.760314941406	116.801635742188	-48.3885269165039	893.439208984375	116.188316345215	-31.5204601287842	891.693176269531	116.305068969727	-8.13772869110107	907.537658691406	115.537582397461	4.46365070343018	898.094116210938	114.590965270996	35.5302200317383	897.316162109375	104.431083679199	42.5896186828613	893.586486816406	103.715278625488	41.6130981445312	893.068176269531	100.26229095459	38.1382293701172	893.782409667969	97.3974151611328	27.8559036254883	890.617309570312	100.367530822754	3.83673906326294	892.991943359375	105.064842224121	-0.366958141326904	892.956237792969	110.05298614502	31.6879100799561	913.313415527344	113.900177001953	11.7588310241699	930.549682617188	104.446250915527	5.20627880096436	940.09130859375	88.5760040283203	0.170781373977661	930.320129394531	78.0021820068359	-8.49514579772949	905.641723632812	84.5711517333984	-17.8151302337646	904.752807617188	103.735153198242	-1.4451470375061	911.000244140625	89.3209381103516	-34.3874473571777	904.45556640625	101.157600402832	-32.069637298584	894.438781738281	109.070732116699	-38.1393280029297	891.62744140625	110.079902648926	-17.0496520996094	901.233581542969	123.811134338379	43.1114959716797	893.02197265625	125.052688598633	41.539436340332	892.40478515625	128.275695800781	38.0872688293457	892.191162109375	132.776107788086	28.9322319030762	890.23046875	130.149398803711	4.87902069091797	891.413330078125	126.198181152344	0.381029337644577	892.558654785156	119.853797912598	31.6967353820801	913.720764160156	119.018653869629	11.6110162734985	930.176208496094	130.555236816406	6.42607975006104	938.926330566406	144.600677490234	3.05952143669128	929.487060546875	154.504135131836	-8.222243309021	903.250915527344	148.781295776367	-15.6104974746704	902.264404296875	130.323944091797	-0.624585390090942	910.439758300781	144.563095092773	-32.7010726928711	902.602722167969	131.236862182617	-32.0774879455566	893.345825195312	123.45524597168	-38.7971229553223	892.01708984375	122.217994689941	-16.3454704284668	900.717834472656
PRI-7209	114.189727783203	42.5211563110352	882.859680175781	114.896354675293	37.5327110290527	890.724670410156	115.50390625	28.4219379425049	909.750671386719	116.272933959961	10.0272226333618	931.560363769531	116.32625579834	7.43665552139282	935.924438476562	118.108276367188	-67.4237899780273	902.389343261719	117.69019317627	-50.4476623535156	889.606079101562	117.78987121582	-36.2425155639648	886.115051269531	116.622550964355	-12.7453765869141	901.532409667969	116.104049682617	-0.405914455652237	892.162719726562	115.079742431641	30.0640354156494	888.880981445312	106.234550476074	38.8870010375977	883.964416503906	104.564331054688	36.933048248291	883.244445800781	102.179092407227	33.3834190368652	882.374328613281	98.5938262939453	23.7735118865967	881.530517578125	99.9847946166992	0.0526939071714878	881.717468261719	105.397186279297	-5.50340032577515	887.22802734375	111.119140625	27.9508228302002	906.719421386719	113.700157165527	9.9507999420166	923.26513671875	101.779663085938	4.47552156448364	935.49853515625	87.8949203491211	-3.12205648422241	924.950988769531	76.5219345092773	-14.462703704834	899.958923339844	82.5484237670898	-22.9822597503662	899.495056152344	102.003890991211	-6.42766427993774	906.697265625	89.1537094116211	-40.2666511535645	900.944396972656	101.795631408691	-38.2832565307617	889.505798339844	110.762107849121	-43.9148750305176	887.042541503906	110.092102050781	-20.5860939025879	895.875793457031	123.220016479492	38.6742897033691	883.446899414062	124.525497436523	37.1564826965332	882.970825195312	128.076766967773	33.2736549377441	880.899230957031	131.795440673828	23.9885139465332	880.3798828125	131.130767822266	0.533446669578552	880.651550292969	126.343856811523	-5.77514743804932	886.948364257812	119.841537475586	28.0408153533936	907.012451171875	118.892402648926	9.60445880889893	923.774475097656	130.621566772461	4.59966087341309	934.352905273438	145.543579101562	0.192315176129341	924.222961425781	156.820358276367	-12.3060932159424	898.468933105469	151.155288696289	-20.3820934295654	898.385437011719	132.140563964844	-5.03475952148438	906.924560546875	145.837615966797	-38.2808418273926	899.86962890625	132.762405395508	-37.0389366149902	889.736083984375	124.383506774902	-44.3673400878906	887.534973144531	123.70191192627	-21.2705593109131	895.203735351562
PRI-7314	-1.25548934936523	77.7811737060547	1195.46032714844	-1.81628966331482	69.3278350830078	1185.60693359375	NA	NA	NA	-3.92391920089722	21.9264640808105	1138.58251953125	-3.91654062271118	18.0543975830078	1133.60119628906	-9.31050491333008	-67.233024597168	1167.443359375	-8.57171440124512	-47.164119720459	1189.95300292969	-7.70851755142212	-30.826171875	1192.30993652344	-6.8263988494873	-6.84040355682373	1178.54565429688	-5.76259565353394	13.6983699798584	1187.94177246094	-2.45850348472595	58.8912925720215	1191.41162109375	9.85745143890381	71.7249145507812	1194.37902832031	12.5929679870605	66.9281158447266	1196.68542480469	16.1068859100342	60.7978324890137	1196.87841796875	17.5597133636475	48.4676055908203	1199.00891113281	13.7956523895264	19.3231906890869	1200.11926269531	6.46979331970215	9.06169128417969	1194.20068359375	NA	NA	NA	-0.651837170124054	21.2002601623535	1146.796875	12.9667520523071	14.0797452926636	1138.80578613281	31.6104297637939	6.33863973617554	1150.58679199219	41.9473152160645	-5.49616765975952	1178.48706054688	31.3886680603027	-14.7167367935181	1180.80334472656	8.91024208068848	4.64247417449951	1172.58679199219	26.9511451721191	-35.3647270202637	1176.60046386719	10.6432275772095	-33.0693664550781	1190.77807617188	-0.617972016334534	-41.8139915466309	1192.07543945312	0.959465861320496	-13.4108324050903	1183.31323242188	-12.5204582214355	73.6809005737305	1193.18920898438	-17.4134178161621	69.6206741333008	1194.39392089844	-21.0518131256104	63.7234573364258	1197.77062988281	-24.4769630432129	51.3876304626465	1199.28405761719	-23.8917579650879	22.5610256195068	1200.47192382812	-18.0842819213867	10.8483562469482	1193.66955566406	NA	NA	NA	-7.69153785705566	21.8675537109375	1145.80505371094	-22.2195167541504	17.4690341949463	1138.42883300781	-42.1513137817383	11.9291162490845	1149.40612792969	-54.6896286010742	-1.05789422988892	1179.39086914062	-45.2853584289551	-10.2353935241699	1181.07421875	-21.7052307128906	6.86688041687012	1173.02038574219	-42.8348731994629	-32.9212265014648	1177.0869140625	-25.2786636352539	-33.466854095459	1190.49206542969	-16.626953125	-41.2997283935547	1192.25219726562	-15.5227975845337	-12.3234634399414	1183.34692382812
PRI-7315	-1.47958040237427	54.9019050598145	1233.32983398438	-2.4983081817627	49.8067588806152	1227.70324707031	-2.97988486289978	40.4178504943848	1207.52514648438	-3.12000584602356	21.0328388214111	1185.85559082031	-3.0978741645813	18.4331607818604	1181.48278808594	-3.16251254081726	-65.0073013305664	1211.64599609375	-3.56809115409851	-44.1243705749512	1230.00915527344	-2.97522306442261	-28.9791221618652	1232.10913085938	-3.28645205497742	-7.71574974060059	1219.18774414062	-2.78009176254272	7.8359522819519	1227.75122070312	-2.25460529327393	41.3954925537109	1230.41931152344	7.38239526748657	49.9291725158691	1233.18615722656	8.63210296630859	47.6610527038574	1233.29943847656	11.7832860946655	43.3254737854004	1234.17944335938	NA	NA	NA	13.650782585144	10.2042961120605	1237.04431152344	8.25914669036865	3.64736032485962	1233.3857421875	2.38924407958984	39.3953628540039	1211.15759277344	0.0882879868149757	20.1682662963867	1193.513671875	13.5238389968872	15.6987352371216	1183.45056152344	30.4851398468018	7.62157487869263	1194.27502441406	38.5300445556641	-4.94737529754639	1222.22766113281	31.4120616912842	-15.0768022537231	1220.76721191406	11.7437572479248	2.52736163139343	1213.74523925781	26.9405136108398	-32.1740036010742	1219.76159667969	12.6977005004883	-30.7175674438477	1229.78332519531	3.54827094078064	-38.0013618469238	1232.37829589844	3.4106776714325	-12.1469116210938	1223.4501953125	-10.7945528030396	50.5240859985351	1234.28588867188	-12.7569284439087	48.447826385498	1234.44519042969	-15.4295501708984	44.6179580688477	1234.75561523438	-20.6513404846191	34.3418006896973	1235.60217285156	-19.0282688140869	10.633749961853	1238.19116210938	-13.7006978988647	4.09968757629395	1234.2333984375	-8.60529804229736	39.5608329772949	1211.39392089844	-6.13336372375488	20.0171756744385	1192.9970703125	-20.0267314910889	16.3586025238037	1182.8740234375	-36.7825317382812	9.0795087814331	1194.23693847656	-45.7906951904297	-5.00829696655273	1221.93017578125	-37.2578735351562	-14.760838508606	1221.13745117188	-18.035530090332	2.49908804893494	1214.61608886719	-34.4823341369629	-31.1506423950195	1219.609375	-19.7357711791992	-32.0720100402832	1230.31506347656	-10.2352361679077	-38.1574554443359	1232.57653808594	-10.273889541626	-12.0711307525635	1223.64306640625
PRI-7316	-0.67186963558197	73.1441268920898	1216.77136230469	-0.222413063049316	66.2419891357422	1210.26062011719	-0.930008947849274	53.0620765686035	1186.85424804688	-2.67488384246826	28.6540794372559	1161.74865722656	-3.03719162940979	24.6579971313477	1155.63317871094	-8.7718915939331	-60.0723915100098	1189.50756835938	-7.31660842895508	-39.6244888305664	1206.23840332031	-6.10624980926514	-24.4288082122803	1209.70739746094	-4.70487356185913	-1.30471348762512	1195.95959472656	-3.30745053291321	16.6052589416504	1208.515625	-0.978604972362518	56.2791709899902	1212.11389160156	10.0744533538818	68.0213088989258	1216.72741699219	12.1483707427979	64.8366165161133	1217.24462890625	15.4048566818237	57.7098388671875	1219.09826660156	18.1019039154053	45.8602294921875	1219.9228515625	14.9936895370483	17.684907913208	1219.37963867188	6.96106147766113	8.58747959136963	1213.88403320312	4.14473867416382	50.4031181335449	1190.20886230469	0.729722797870636	27.2400321960449	1168.42614746094	14.8087635040283	22.0624351501465	1160.42041015625	32.0929641723633	14.8052883148193	1171.05737304688	42.1190376281738	0.780507564544678	1198.57592773438	33.9119682312012	-10.3136444091797	1198.27001953125	9.63862228393555	10.2834119796753	1192.86962890625	25.8920555114746	-29.01487159729	1195.39074707031	10.3433485031128	-28.0476875305176	1208.29626464844	0.215068101882935	-34.2500648498535	1209.03198242188	2.53640937805176	-7.9161057472229	1200.72436523438	-11.8014907836914	68.6428833007812	1216.76110839844	-14.7925233840942	66.3252792358398	1217.32739257812	-17.6681652069092	59.218433380127	1218.51196289062	-21.8265209197998	46.8821907043457	1219.19177246094	-20.6616458892822	18.0991363525391	1218.44409179688	-15.2316207885742	9.85350704193115	1213.57507324219	-7.46624898910522	52.3807106018066	1190.67468261719	-6.67632007598877	27.9412746429443	1169.15075683594	-21.8851547241211	24.4522399902344	1159.99548339844	-38.6730537414551	19.6961231231689	1169.45727539062	-50.6066703796387	6.08753252029419	1197.80212402344	-42.878849029541	-5.28457021713257	1197.63330078125	-16.927526473999	11.5632305145264	1192.63623046875	-38.1749610900879	-25.4796600341797	1194.07385253906	-23.5329074859619	-25.209680557251	1206.44470214844	-14.1028318405151	-33.6853370666504	1208.66345214844	-12.5582246780396	-7.11426496505737	1200.25891113281
PRI-7317	-0.345133811235428	79.946891784668	1041.00329589844	-0.5874884724617	72.0879974365234	1028.548828125	NA	NA	NA	-0.705243647098541	27.4479789733887	984.588073730469	-0.871115863323212	23.3289775848389	980.178833007812	-0.00229169614613056	-61.0040626525879	1012.69671630859	-1.58002412319183	-41.6814270019531	1033.599609375	-1.50088238716125	-24.4348468780518	1036.82507324219	-1.52639210224152	0.498781025409698	1021.93621826172	-1.23666274547577	20.9401092529297	1030.90637207031	-1.0749192237854	62.9260406494141	1032.53771972656	11.414514541626	73.526969909668	1037.7255859375	12.3758554458618	71.8733520507812	1038.63073730469	15.4200143814087	64.7795562744141	1039.72863769531	19.1465644836426	52.4968376159668	1041.90698242188	16.2194080352783	26.2434215545654	1043.16174316406	9.76038455963135	15.9165859222412	1036.96142578125	4.60950374603271	55.692081451416	1009.74420166016	2.85662293434143	27.6921615600586	992.128051757812	17.0420112609863	21.7627067565918	984.390686035156	34.5445747375488	17.4905319213867	993.651489257812	46.0083961486816	6.5675458908081	1024.56677246094	36.73681640625	-8.82416343688965	1024.70935058594	13.1078033447266	13.472204208374	1017.1767578125	32.9464454650879	-27.9539966583252	1023.25439453125	16.13232421875	-28.328483581543	1034.388671875	5.64563083648682	-34.6569290161133	1036.65393066406	5.66385793685913	-5.9634165763855	1025.25134277344	-12.9284105300903	73.7083206176758	1038.56530761719	-14.8425989151001	72.2712173461914	1038.64025878906	-17.4220352172852	64.7104721069336	1039.48583984375	-19.867280960083	52.6586990356445	1041.58386230469	-17.9615573883057	25.4919338226318	1042.59814453125	-12.6816253662109	15.0086936950684	1037.94421386719	-6.95028734207153	55.543758392334	1010.13482666016	-4.2234320640564	27.2280750274658	991.957885742188	-19.6174068450928	21.812572479248	984.557922363281	-35.719409942627	17.7703247070312	993.938537597656	-47.6120643615723	5.66488456726074	1023.71795654297	-39.3287467956543	-8.61804962158203	1024.47131347656	-16.6446495056152	11.6414861679077	1016.7861328125	-35.3431625366211	-28.3603668212891	1023.05944824219	-19.5941696166992	-28.2451629638672	1034.27355957031	-8.87796020507812	-34.8867301940918	1036.294921875	-8.7943868637085	-7.82347440719604	1026.51489257812
PRI-7318	-3.17445802688599	64.915283203125	1269.08508300781	-2.88112735748291	61.5205307006836	1263.55737304688	NA	NA	NA	-4.44273519515991	18.9853324890137	1221.32348632812	-4.48610019683838	15.731951713562	1215.84985351562	-6.8979082107544	-61.9139289855957	1247.64770507812	-4.94620561599731	-41.3644599914551	1267.1953125	-4.16003656387329	-26.9209480285645	1268.64916992188	-4.13950395584106	-6.48460292816162	1255.52612304688	-3.70001482963562	9.79978656768799	1263.541015625	-2.60754776000977	49.2269477844238	1265.52514648438	6.87805986404419	58.4783515930176	1268.07312011719	9.67258453369141	57.0544586181641	1268.36950683594	12.879243850708	48.7055511474609	1269.41491699219	15.8994293212891	38.2769088745117	1271.50952148438	12.8886165618896	11.9068365097046	1272.22485351562	8.06399917602539	4.96067237854004	1269.22888183594	0.605770230293274	44.6244163513184	1245.02429199219	-1.63417088985443	18.2958145141602	1227.42504882812	12.2573680877686	10.8363189697266	1218.07495117188	27.1551685333252	6.45029354095459	1225.61474609375	39.4576148986816	-7.29839181900024	1257.29187011719	30.7092418670654	-14.9817428588867	1256.13623046875	9.40956974029541	3.85473442077637	1249.67150878906	25.410343170166	-31.1408786773682	1256.07409667969	11.7591819763184	-28.808277130127	1266.42236328125	2.09487390518188	-36.1585006713867	1269.40893554688	3.31104016304016	-11.8094291687012	1259.19848632812	-13.2927560806274	59.7529792785645	1267.89599609375	-15.2903623580933	57.0821228027344	1269.10327148438	-18.6113777160645	49.0818862915039	1269.72583007812	-21.5395107269287	38.555103302002	1272.35473632812	-19.5116119384766	12.3529834747314	1273.39306640625	-15.1982870101929	5.47504568099976	1269.474609375	-8.63386154174805	44.3883209228516	1245.23156738281	-7.33545303344727	18.2106056213379	1227.203125	-21.449520111084	13.6282682418823	1218.34655761719	-36.1891555786133	7.94806146621704	1227.55444335938	-48.4635124206543	-3.63189625740051	1259.32995605469	-39.516487121582	-13.1578006744385	1257.361328125	-17.370397567749	3.52776956558228	1250.02685546875	-36.0078582763672	-30.4353656768799	1257.083984375	-21.1437129974365	-28.5594005584717	1267.416015625	-11.6534452438354	-35.5096549987793	1269.517578125	-11.6340112686157	-11.5187911987305	1258.63891601562
PRI-7319	-1.42535758018494	54.9356117248535	1283.2431640625	-1.66685426235199	51.489128112793	1275.28503417969	-2.77484822273254	44.1063957214355	1254.17956542969	-4.37534379959106	25.6614322662354	1230.71899414062	-4.53754425048828	23.8838901519775	1226.92297363281	-6.82936477661133	-63.8604698181152	1251.03991699219	-6.11556768417358	-46.5380592346191	1269.69750976562	-5.74004554748535	-29.6782073974609	1272.83813476562	-4.85224056243896	-6.51212024688721	1262.06274414062	-3.79011487960815	7.65860986709595	1272.17321777344	-2.06752514839172	41.7968063354492	1276.54382324219	8.53921318054199	50.8645133972168	1282.54528808594	9.0225133895874	49.5647010803223	1282.47521972656	12.1380310058594	44.7265930175781	1282.57348632812	16.0424003601074	33.4107093811035	1283.18481445312	12.7966747283936	7.81662130355835	1280.79516601562	6.56050395965576	1.56814742088318	1277.20581054688	2.07631134986877	42.1632080078125	1256.9013671875	-0.402096748352051	24.1298561096191	1239.966796875	11.0919494628906	19.8524723052979	1229.51611328125	29.2186069488525	10.3992881774902	1240.265625	38.5596694946289	-7.52260732650757	1261.76318359375	29.3041820526123	-16.4132919311523	1261.3388671875	9.52747917175293	3.54265117645264	1257.68212890625	24.497371673584	-34.0717277526855	1258.02612304688	11.6244602203369	-32.8869247436523	1270.490234375	1.62878227233887	-39.5673217773438	1273.08129882812	2.47052526473999	-12.671272277832	1265.19836425781	-11.5859336853027	50.7647361755371	1282.44213867188	-12.3088808059692	49.9268379211426	1282.58666992188	-15.793737411499	45.3701553344727	1283.22888183594	-20.1559715270996	35.0464134216309	1283.05065917969	-19.1817436218262	9.22809028625488	1281.7177734375	-14.64914894104	2.61152839660645	1278.02770996094	-7.793701171875	41.7568359375	1257.65686035156	-7.53296375274658	25.0934467315674	1239.93835449219	-21.6364479064941	20.0149707794189	1231.03295898438	-37.557918548584	12.5623474121094	1241.634765625	-47.1269187927246	-5.29424810409546	1264.67956542969	-39.9199295043945	-14.5819444656372	1263.06945800781	-18.4110527038574	4.4125189781189	1258.96215820312	-36.2028198242188	-33.4377670288086	1259.43615722656	-22.547700881958	-32.3853645324707	1271.29907226562	-13.8130111694336	-38.7414703369141	1273.20874023438	-12.263692855835	-12.8666248321533	1265.63342285156
PRI-7320	-0.383982568979263	52.9165458679199	1219.68981933594	-0.968840718269348	49.4689865112305	1212.52282714844	-1.70265877246857	39.9135093688965	1194.29443359375	-2.32808136940002	20.5138645172119	1173.56494140625	-2.34993433952331	18.2828998565674	1169.57153320312	-2.08305525779724	-60.0838661193848	1201.01904296875	-2.41163802146912	-42.0613288879395	1217.51013183594	-2.31318736076355	-25.5267772674561	1219.07141113281	-2.16731524467468	-4.44579410552979	1204.14074707031	-1.44219934940338	8.92627620697021	1213.74145507812	-1.20707452297211	42.2334175109863	1215.89477539062	9.4110221862793	47.7967910766602	1217.97326660156	10.6056957244873	47.1272087097168	1218.80444335938	13.0210647583008	42.9725723266602	1219.67492675781	17.6376056671143	32.1856422424316	1221.77258300781	12.2135753631592	6.89295673370361	1220.91125488281	9.6973123550415	3.3705050945282	1218.81323242188	2.91126656532288	38.7734642028809	1196.59643554688	0.603841364383698	19.2610931396484	1179.98034667969	12.9728755950928	15.1449069976807	1171.17614746094	28.8127918243408	8.44131660461426	1180.82287597656	38.4376487731934	-3.92507767677307	1205.42333984375	31.8229923248291	-13.6776685714722	1206.3623046875	10.8643379211426	3.35581517219543	1200.1328125	26.1062068939209	-29.1412220001221	1204.12048339844	14.1069583892822	-27.9290885925293	1216.42028808594	5.46631860733032	-35.3700294494629	1219.94104003906	5.07822704315186	-11.5787105560303	1209.31640625	-10.0753879547119	48.7051582336426	1219.4560546875	-10.8316297531128	48.3415870666504	1219.73205566406	-13.4303283691406	44.3058891296387	1220.85791015625	-18.4146404266357	32.9364624023438	1222.58203125	-15.9561815261841	7.78761291503906	1220.73974609375	-12.6353702545166	4.00223398208618	1218.91625976562	-5.89960432052612	39.7252731323242	1197.3662109375	-4.74002408981323	19.1302490234375	1180.53259277344	-16.93017578125	15.514256477356	1172.08728027344	-32.8838081359863	9.07582187652588	1181.38879394531	-41.4641380310059	-1.37053287029266	1207.20935058594	-35.1944236755371	-13.3025016784668	1207.69799804688	-15.4820175170898	4.34149122238159	1201.51794433594	-30.3781070709229	-28.8408203125	1205.54895019531	-18.3707695007324	-28.7552280426025	1216.81359863281	-9.62440776824951	-34.9722175598145	1220.30041503906	-8.98287200927734	-11.3415832519531	1209.62548828125
PRI-7323	-0.129316955804825	77.4857330322266	1152.51135253906	-0.543639063835144	71.7284774780273	1142.02514648438	-0.849006593227386	57.3300132751465	1121.03967285156	-2.28382205963135	33.5122032165527	1098.89501953125	-2.25097584724426	30.2829055786133	1093.53076171875	-7.21184635162354	-54.078971862793	1119.72631835938	-5.95946455001831	-36.8253021240234	1139.24230957031	-5.32232236862183	-21.0478630065918	1143.04943847656	-3.46991419792175	4.04876470565796	1130.59814453125	-1.82488942146301	22.3770408630371	1141.87573242188	-1.29013752937317	62.65673828125	1145.50646972656	10.6163644790649	72.1864471435547	1148.994140625	12.0549602508545	68.8565673828125	1149.30651855469	14.7511520385742	61.5315475463867	1149.0732421875	NA	NA	NA	16.0290203094482	23.3054523468018	1152.06579589844	9.58576011657715	15.4347448348999	1146.83312988281	2.97346663475037	56.9275856018066	1124.35205078125	1.0236234664917	32.9738388061523	1106.17687988281	14.2598037719727	26.2546558380127	1095.83825683594	29.8056182861328	17.8359775543213	1105.30261230469	39.4563140869141	5.78830528259277	1130.2255859375	31.2803440093994	-7.58404397964478	1130.13195800781	10.3375282287598	12.8182811737061	1127.28723144531	26.77903175354	-25.2474479675293	1129.04565429688	13.1772794723511	-23.8234958648682	1140.89721679688	1.70358991622925	-31.0303764343262	1142.35144042969	3.44872379302979	-4.78829860687256	1135.60693359375	-11.1633968353271	72.63037109375	1150.49011230469	-13.392596244812	69.9635009765625	1150.70947265625	-16.3225593566895	63.0095481872559	1150.92138671875	NA	NA	NA	-19.5656967163086	24.6735534667969	1152.95739746094	-13.6980953216553	16.7641220092773	1147.38818359375	-5.31225490570068	56.962760925293	1124.61450195312	-5.13899850845337	33.252571105957	1105.66638183594	-20.2141246795654	27.8687152862549	1096.64892578125	-35.7822341918945	22.7317581176758	1107.1162109375	-46.938533782959	10.358962059021	1131.42016601562	-39.4202766418457	-3.36280107498169	1131.19189453125	-16.0766582489014	15.2973623275757	1129.0712890625	-36.9578247070312	-21.6029014587402	1129.83825683594	-24.0808582305908	-22.1498851776123	1141	-13.6475982666016	-29.8299217224121	1142.63342285156	-11.4837579727173	-3.87899518013	1135.18823242188
PRI-7324	-1.79567527770996	65.5868911743164	1148.89892578125	-2.06485605239868	60.481517791748	1138.56127929688	-1.82334399223328	49.5675926208496	1119.5244140625	-2.47743940353394	27.582950592041	1096.32092285156	-2.34166526794434	25.4391441345215	1093.173828125	-4.51247978210449	-56.4181098937988	1126.31018066406	-4.21263885498047	-36.6053695678711	1140.60571289062	-4.10227251052856	-18.5066299438477	1143.21704101562	-3.33977556228638	1.58257246017456	1131.47058105469	-2.72953844070435	17.4431190490723	1141.02282714844	-2.45141386985779	51.818000793457	1140.79125976562	8.32255363464355	60.3525390625	1146.86584472656	9.0529317855835	58.8391990661621	1146.80358886719	11.9287366867065	53.3413238525391	1149.05932617188	NA	NA	NA	13.4224472045898	17.0585994720459	1149.47644042969	7.93503713607788	11.0985918045044	1145.58984375	2.79277968406677	48.547248840332	1121.93884277344	0.524227440357208	27.3177452087402	1103.47570800781	11.745020866394	21.488353729248	1093.43530273438	28.8460311889648	16.3350963592529	1105.52319335938	40.2742652893066	7.84169960021973	1131.47131347656	32.635383605957	-8.25724601745605	1132.48608398438	10.8242168426514	11.6576824188232	1126.51525878906	26.6543025970459	-23.990743637085	1130.25415039062	13.2128305435181	-23.4400959014893	1140.591796875	3.29378533363342	-28.4233875274658	1142.88391113281	3.5152223110199	-4.60584354400635	1135.10034179688	-11.8787603378296	59.7931442260742	1147.30883789062	-13.0173053741455	59.3945808410645	1147.5146484375	-16.4328575134277	53.0982780456543	1148.60949707031	NA	NA	NA	-18.8682079315186	17.6289463043213	1150.16540527344	-14.0526113510132	12.2579650878906	1146.23181152344	-6.74381828308105	47.6307945251465	1121.22644042969	-4.91878986358643	27.3384265899658	1103.82275390625	-19.0676403045654	21.4223766326904	1094.65832519531	-34.6708488464355	18.5147590637207	1106.51538085938	-45.4441032409668	8.71241092681885	1132.18859863281	-38.3037338256836	-5.64746570587158	1133.26477050781	-17.0385303497314	13.0194301605225	1126.53173828125	-34.6958351135254	-23.4350624084473	1131.35144042969	-21.4086818695068	-22.4532318115234	1141.40405273438	-11.063214302063	-28.4146995544434	1143.111328125	-10.9771194458008	-3.79171705245972	1134.85949707031
PRI-7325	0.346752256155014	53.2771224975586	1148.62756347656	0.0391605086624622	49.064151763916	1141.13000488281	-0.506112158298492	42.4159545898438	1120.15246582031	-1.38217532634735	21.1151504516602	1096.12683105469	-1.43020462989807	18.7420253753662	1091.85888671875	-4.78065872192383	-59.5517272949219	1120.83532714844	-4.61114501953125	-43.1329689025879	1139.61389160156	-4.0447998046875	-26.9056224822998	1142.12414550781	-2.14319729804993	-6.68271923065186	1127.71459960938	-1.63809382915497	7.48606777191162	1138.45422363281	-0.295696347951889	41.1842994689941	1142.81042480469	9.72833824157715	47.5982475280762	1147.01794433594	10.8247213363647	45.9903526306152	1146.62915039062	13.3114948272705	40.8105201721191	1148.1904296875	16.8486728668213	29.6724376678467	1149.60559082031	13.6496601104736	5.44434070587158	1147.51062011719	9.21189975738525	1.01970732212067	1143.29174804688	4.78662872314453	40.6693534851074	1123.81201171875	1.12783432006836	20.4829387664795	1104.26196289062	12.9155578613281	15.0862522125244	1094.27648925781	29.3790092468262	7.78293418884277	1105.8125	36.973560333252	-6.04331254959106	1130.94323730469	30.2390613555908	-15.0412731170654	1131.21838378906	10.8957595825195	1.49852097034454	1124.84912109375	25.5325374603271	-30.7465400695801	1128.61267089844	13.2540683746338	-30.805570602417	1139.74377441406	2.95551490783691	-37.3087768554688	1142.59545898438	3.40854573249817	-12.7830829620361	1133.21594238281	-9.48567199707031	48.4508590698242	1147.3828125	-10.2447872161865	47.7464141845703	1147.76843261719	-14.2153930664062	42.6533203125	1147.60168457031	-17.1999835968018	32.148853302002	1148.10314941406	-17.9953765869141	7.75969409942627	1146.99487304688	-13.6692419052124	2.78619909286499	1143.56359863281	-5.35153818130493	41.0039176940918	1123.65747070312	-3.7033998966217	20.1451759338379	1104.33435058594	-16.3865871429443	17.2127532958984	1094.94384765625	-32.5458068847656	10.4564723968506	1105.52038574219	-42.3900375366211	-2.08644533157349	1129.9619140625	-35.9861297607422	-11.7791194915771	1130.31518554688	-14.9900712966919	3.40969085693359	1124.3466796875	-34.0314750671387	-28.3564872741699	1128.068359375	-22.1110954284668	-29.2129535675049	1139.03869628906	-11.9736757278442	-37.1472816467285	1141.79956054688	-9.38171577453613	-11.5098142623901	1132.57641601562
PRI-7326	-2.02702689170837	65.2219619750977	1205.71643066406	-2.04034304618835	59.4245452880859	1196.95275878906	-2.18060803413391	48.8771133422851	1174.34765625	-3.25357460975647	25.2174034118652	1150.97534179688	-3.62069082260132	22.8606128692627	1145.94519042969	-4.69759702682495	-61.880615234375	1170.2001953125	-4.74987030029297	-45.1387519836426	1189.97119140625	-4.77339935302734	-28.3924160003662	1194.34252929688	-4.52307605743408	-4.62235355377197	1181.55017089844	-3.73784971237183	10.1507472991943	1193.94091796875	-2.59355640411377	48.9087677001953	1198.30212402344	8.38068866729736	59.9756851196289	1204.30627441406	11.4961500167847	55.5581932067871	1204.95764160156	13.6681985855103	48.4686431884766	1205.70837402344	NA	NA	NA	14.6553936004639	10.4815015792847	1205.84326171875	7.69803237915039	3.49303531646729	1199.462890625	2.62865161895752	47.3833656311035	1178.42248535156	-0.328395456075668	25.3963165283203	1158.36560058594	12.5186748504639	20.0442314147949	1149.83959960938	30.2667007446289	13.3605718612671	1160.72399902344	43.0956611633301	-1.8917955160141	1184.20031738281	33.8060646057129	-15.2068481445312	1184.77294921875	11.432110786438	6.70040798187256	1180.50317382812	27.1581249237061	-30.4533290863037	1180.32702636719	12.9025802612305	-30.8267230987549	1191.01062011719	2.8788890838623	-39.5044937133789	1192.44848632812	2.68327760696411	-11.7290258407593	1185.3056640625	-12.7718133926392	58.8627395629883	1205.20031738281	-14.954348564148	56.2169532775879	1206.23767089844	-17.6548252105713	49.5159034729004	1206.7421875	NA	NA	NA	-21.4057159423828	11.8917322158813	1206.03784179688	-15.6002674102783	3.94737720489502	1199.80651855469	-7.16007089614868	47.5071754455566	1178.22009277344	-6.27746629714966	24.3003177642822	1158.94580078125	-20.2543087005615	19.9579219818115	1149.64208984375	-36.609920501709	13.4143571853638	1159.25769042969	-49.5762023925781	-1.30295872688293	1182.64013671875	-41.4011421203613	-14.7240037918091	1185.36877441406	-19.1419906616211	6.72298336029053	1180.62585449219	-36.9309234619141	-30.7012100219727	1180.79382324219	-20.8060569763184	-31.1262435913086	1191.51586914062	-11.717041015625	-39.3000640869141	1193.32153320312	-11.61217212677	-12.8063974380493	1186.02209472656
PRI-7328	-0.503837168216705	61.3883590698242	1043.70422363281	-0.179100751876831	57.5990715026855	1037.05700683594	-0.0747265368700027	47.569637298584	1019.197265625	-0.551162421703339	29.597318649292	999.968444824219	-0.389240920543671	27.8206920623779	996.320861816406	-3.41273832321167	-53.0039405822754	1023.66186523438	-2.5260066986084	-34.1991081237793	1039.97229003906	-2.35094094276428	-17.9264602661133	1043.24963378906	-0.972197830677032	3.12466406822205	1029.63940429688	-0.962630927562714	16.6259746551514	1039.51599121094	-0.814105153083801	47.5171394348145	1037.71911621094	9.1811466217041	56.6783065795898	1042.28405761719	9.98916149139404	55.548397064209	1042.44702148438	13.0802001953125	51.3724136352539	1044.33728027344	18.7309379577637	40.9596290588379	1046.43835449219	14.6754550933838	17.3154487609863	1046.40759277344	10.2288913726807	11.7019529342651	1043.99865722656	4.07431697845459	45.0149841308594	1020.96508789062	2.31618857383728	28.6632499694824	1006.39636230469	15.1362142562866	22.8863067626953	997.798828125	28.746374130249	18.6796970367432	1004.55010986328	40.1667671203613	3.62594795227051	1033.13830566406	33.0899353027344	-6.99888134002686	1031.36401367188	12.0265369415283	10.8810157775879	1025.76550292969	27.1557579040527	-23.4864482879639	1030.45385742188	14.4787721633911	-22.0257740020752	1041.23779296875	4.95918560028076	-28.076847076416	1042.84643554688	5.81975793838501	-3.46743083000183	1034.69311523438	-10.2386837005615	57.219596862793	1041.84460449219	-11.1809129714966	56.1891632080078	1041.96484375	-14.2362670898438	51.436939239502	1043.91845703125	-19.1185817718506	42.1145668029785	1045.32434082031	-16.9942817687988	17.947452545166	1046.25622558594	-12.3213567733765	12.4062347412109	1043.9033203125	-4.38423776626587	45.4424591064453	1020.59478759766	-3.03600072860718	28.5477447509766	1006.67681884766	-16.0424289703369	25.9849834442139	997.530883789062	-30.5268669128418	20.5048694610596	1005.55340576172	-42.0275115966797	6.45133399963379	1032.28295898438	-34.8781280517578	-4.78619766235352	1031.17199707031	-15.128565788269	12.8876056671143	1025.87097167969	-30.7852001190186	-21.6980476379395	1029.58056640625	-18.4576721191406	-20.7930679321289	1040.93237304688	-10.0233612060547	-27.1200828552246	1042.60510253906	-7.9457573890686	-3.64000606536865	1034.76708984375
PRI-7330	-1.02269876003265	55.3109703063965	1193.14587402344	-1.41947507858276	50.5323143005371	1187.20886230469	-2.34158682823181	40.3916511535645	1168.64489746094	-3.60568714141846	21.8402462005615	1148.15637207031	-3.48544788360596	19.250467300415	1144.0478515625	-6.09032535552979	-58.8411254882812	1176.75769042969	-4.73897457122803	-38.9725608825684	1190.86267089844	-4.23294639587402	-22.3800983428955	1192.79736328125	-3.63341498374939	-3.68714833259583	1179.45983886719	-3.08204865455627	10.2977075576782	1188.87475585938	-2.02386736869812	42.8661003112793	1189.79675292969	7.92460107803345	49.2491111755371	1193.4326171875	8.85737419128418	47.747859954834	1193.84301757812	11.0612716674805	44.6860008239746	1193.81591796875	NA	NA	NA	12.9632472991943	11.4725294113159	1195.890625	8.26446151733398	6.60677909851074	1192.9052734375	2.10990357398987	39.665153503418	1171.80859375	-1.00899231433868	21.4225234985352	1154.57690429688	11.7713756561279	16.8947410583496	1145.7177734375	27.5046424865723	10.4988059997559	1157.35534667969	36.9115676879883	-1.12463676929474	1181.63903808594	29.4272022247314	-11.4094085693359	1180.64233398438	10.5607194900513	6.06375408172607	1176.14050292969	24.6059265136719	-27.6292552947998	1181.54858398438	12.3122911453247	-25.1532821655273	1191.482421875	2.28857731819153	-30.8742141723633	1193.9228515625	3.08858251571655	-9.19049072265625	1184.19458007812	-11.0355253219604	50.2738075256348	1193.76867675781	-12.2877626419067	49.0927734375	1193.93139648438	-14.8638620376587	45.5407485961914	1195.0322265625	-19.5414619445801	34.5520057678223	1196.443359375	-18.0962600708008	11.5407476425171	1196.90014648438	-14.2102146148682	6.29563665390015	1193.62976074219	-7.41879463195801	39.5562553405762	1171.85949707031	-6.2884521484375	20.8648738861084	1154.4658203125	-18.7900791168213	17.223087310791	1146.60314941406	-33.9055824279785	13.1299314498901	1158.1826171875	-44.4916572570801	0.743178725242615	1182.11791992188	-36.5608901977539	-9.33055019378662	1181.17333984375	-17.8986721038818	7.23504734039307	1176.83129882812	-33.4021263122559	-26.172534942627	1181.76574707031	-19.813346862793	-24.6270446777344	1191.40319824219	-11.9721059799194	-30.6230621337891	1192.7099609375	-11.0699472427368	-9.28157615661621	1184.44458007812
PRI-7371	-1.78211510181427	47.9734992980957	1199.80004882812	-1.8774037361145	44.7375984191895	1194.16284179688	-2.03087544441223	36.9856147766113	1173.36743164062	-2.98845982551575	16.4948616027832	1148.94165039062	-2.88275742530823	13.6999797821045	1144.71606445312	-1.7301162481308	-68.9403839111328	1173.03662109375	-1.53940093517303	-50.8596000671387	1189.09521484375	-2.42188429832458	-35.1503715515137	1192.28125	-2.549729347229	-13.5961771011353	1179.28161621094	-2.12872838973999	1.34725677967072	1191.14392089844	-1.5658483505249	35.9251441955566	1195.57421875	8.27214431762695	43.6978759765625	1199.26428222656	8.97756958007812	41.6588935852051	1199.85424804688	11.7143239974976	37.552791595459	1199.08386230469	NA	NA	NA	14.3354358673096	2.06220841407776	1198.42663574219	9.33294105529785	-3.15739154815674	1195.64013671875	2.31580662727356	33.6499557495117	1175.36376953125	-0.0726609081029892	15.2832794189453	1154.90393066406	14.5541753768921	9.55019950866699	1146.47729492188	30.6470584869385	3.25569105148315	1156.70336914062	39.352855682373	-11.7844839096069	1180.40124511719	32.1319732666016	-20.0785980224609	1180.10070800781	12.0130853652954	-1.93630647659302	1176.95690917969	27.0034503936768	-36.0388374328613	1178.10693359375	14.7851009368896	-36.5807495117188	1189.21496582031	5.46930360794067	-44.3092155456543	1192.01416015625	5.05450105667114	-18.5418338775635	1183.38244628906	-11.1877202987671	42.3128929138184	1199.47021484375	-12.4737586975098	40.6416244506836	1199.85949707031	-14.6611318588257	36.8172645568848	1199.892578125	-19.2860488891602	25.7773151397705	1200.36669921875	-18.3823184967041	0.860746204853058	1200.33630371094	-12.695652961731	-3.78647804260254	1196.05065917969	-6.82545900344849	33.7590789794922	1174.55639648438	-6.04982089996338	14.6678867340088	1154.26232910156	-19.2303981781006	10.4446210861206	1147.150390625	-36.1072845458984	2.6765398979187	1157.98693847656	-43.9533843994141	-11.0544137954712	1183.3173828125	-37.1699295043945	-20.4468536376953	1182.17980957031	-16.256591796875	-2.89928603172302	1177.45556640625	-31.5574512481689	-37.1604270935059	1179.12268066406	-19.4159145355225	-38.3692626953125	1190.12890625	-8.97932243347168	-44.647647857666	1192.11450195312	-9.53501892089844	-19.0153369903564	1183.98913574219
PRI-7372	-4.69699954986572	59.9135513305664	1200.89965820312	-4.43671703338623	54.1712036132812	1192.52026367188	-4.43590545654297	42.2397727966309	1168.80444335938	-2.29438400268555	17.1158027648926	1146.58325195312	-2.10309314727783	14.4071912765503	1142.26623535156	-1.45394420623779	-67.4215545654297	1165.57885742188	-2.13916206359863	-50.8399658203125	1188.34460449219	-3.10165119171143	-37.028491973877	1192.05920410156	-3.01072931289673	-12.7307729721069	1180.26110839844	-3.89658665657043	4.6950945854187	1189.5185546875	-4.8955864906311	43.8006858825684	1194.65588378906	6.46403694152832	55.2570610046387	1199.83666992188	9.37113571166992	50.2697448730469	1200.76513671875	12.2445974349976	44.0517692565918	1200.86059570312	15.1278505325317	32.4695243835449	1201.90905761719	15.7072124481201	6.03796863555908	1201.32983398438	9.07928371429443	-1.22103869915009	1196.10668945312	1.092613697052	38.5536499023438	1171.93115234375	1.60101425647736	15.461856842041	1153.29235839844	16.4882755279541	12.9435567855835	1146.38195800781	32.9994583129883	4.22331523895264	1156.12841796875	42.8404312133789	-9.77957439422607	1184.00036621094	34.4160614013672	-19.4263744354248	1183.12023925781	10.8704299926758	-2.12064528465271	1176.26281738281	30.2140464782715	-37.5290184020996	1180.35620117188	12.9388132095337	-38.6399154663086	1191.43139648438	4.02202129364014	-45.1307220458984	1192.75390625	4.50690460205078	-18.4382209777832	1183.81909179688	-15.4937858581543	54.5675735473633	1199.65808105469	-17.9455852508545	50.4076957702637	1200.87902832031	-20.6700706481934	43.1996955871582	1200.99853515625	-22.9308300018311	31.5047473907471	1202.71337890625	-22.8149642944336	5.25357627868652	1200.62817382812	-14.9676723480225	-2.2921347618103	1195.03149414062	-9.1268424987793	39.8440246582031	1172.19177246094	-7.05774641036987	15.1779632568359	1153.32604980469	-21.7240467071533	11.5585250854492	1144.88500976562	-37.1476593017578	2.90562152862549	1153.39221191406	-47.2477989196777	-11.7356729507446	1181.19506835938	-38.6917762756348	-21.4903678894043	1180.60278320312	-17.8301563262939	-2.1387984752655	1175.18627929688	-34.803524017334	-39.8948135375977	1177.29431152344	-18.8583793640137	-39.134593963623	1189.63891601562	-9.32641696929932	-46.2834663391113	1191.36962890625	-10.2210369110107	-19.780912399292	1183.16796875
PRI-7373	-1.82015192508698	64.4875335693359	1092.42102050781	-1.38039135932922	60.5442695617676	1086.34643554688	-0.65861314535141	51.2010803222656	1068.06799316406	-0.37394705414772	32.0715827941895	1049.111328125	-0.135626643896103	29.5236473083496	1045.50390625	-5.07332515716553	-51.4952239990234	1075.06970214844	-4.98105955123901	-33.5613479614258	1088.89221191406	-4.23857069015503	-15.068675994873	1091.1318359375	-3.04219317436218	8.34014225006104	1077.25073242188	-2.53799319267273	20.6302833557129	1087.64489746094	-2.16564249992371	53.2879295349121	1088.21801757812	8.0592451095581	58.8792877197266	1092.00927734375	8.8481330871582	57.3575057983398	1092.53186035156	11.2937841415405	52.1958541870117	1094.19372558594	14.4497966766357	41.8196792602539	1094.97143554688	12.5031671524048	17.5530910491943	1096.84338378906	7.41430902481079	13.5572872161865	1093.07946777344	2.59840846061707	50.0703277587891	1070.51806640625	1.73797512054443	31.5682048797607	1056.02087402344	13.9473247528076	26.2729473114014	1047.84606933594	27.9073505401611	21.0523319244385	1057.84606933594	37.1551170349121	7.28687953948975	1081.79174804688	31.0810012817383	-5.07744407653809	1081.92419433594	8.88953876495361	15.1819562911987	1076.29418945312	26.7067947387695	-20.5209217071533	1079.50927734375	12.5869493484497	-18.8578014373779	1089.19689941406	2.97166633605957	-25.8277225494385	1092.34265136719	3.93915557861328	-1.54657220840454	1082.7607421875	-12.035041809082	59.3150520324707	1090.83374023438	-12.898588180542	58.1359329223633	1091.21520996094	-16.2987670898438	52.9537239074707	1092.45947265625	-20.8891696929932	43.1475448608398	1092.95434570312	-18.7805366516113	18.8422164916992	1095.181640625	-13.925950050354	14.8520183563232	1092.06921386719	-5.32836723327637	50.3134994506836	1069.88293457031	-3.60778498649597	31.7705097198486	1055.50952148438	-16.3505630493164	27.2136516571045	1047.09448242188	-31.1843814849854	23.1705741882324	1054.90881347656	-43.3704528808594	9.59188365936279	1080.60290527344	-38.3921890258789	-3.42937183380127	1079.83325195312	-14.3962669372559	16.3881454467773	1075.80444335938	-34.1842422485352	-19.8136463165283	1078.1298828125	-20.8099937438965	-18.4688911437988	1088.044921875	-13.2648000717163	-23.9070949554443	1092.21142578125	-10.8230104446411	-1.25143277645111	1082.18640136719
PRI-7374	0.673249900341034	61.6726951599121	1043.279296875	0.316973328590393	57.5112648010254	1034.97998046875	-0.76304167509079	48.1199684143066	1014.44610595703	-1.31113648414612	27.2618236541748	993.302978515625	-1.36421632766724	25.6772708892822	989.175048828125	-2.44146227836609	-56.7892417907715	1021.38171386719	-2.39916014671326	-36.6828956604004	1037.65258789062	-1.67408204078674	-20.4005794525146	1038.76782226562	-1.3106849193573	2.5759768486023	1025.6435546875	-0.904433488845825	16.5986824035645	1035.31359863281	0.135970056056976	50.0118408203125	1038.07409667969	9.43578243255615	56.8917427062988	1042.83459472656	10.280463218689	55.3945732116699	1042.77648925781	NA	NA	NA	NA	NA	NA	15.1259469985962	17.6015892028809	1043.65002441406	10.221381187439	11.4036140441895	1040.24426269531	4.36984729766846	46.5541114807129	1018.12097167969	1.86085188388824	26.6512489318848	999.260559082031	14.8061246871948	20.7193202972412	990.978271484375	30.8449230194092	16.895055770874	1001.71398925781	40.9967498779297	0.274524033069611	1025.40295410156	34.249210357666	-8.70802116394043	1025.92980957031	12.1144313812256	10.2522134780884	1021.17431640625	29.1081523895264	-24.5092926025391	1024.82604980469	15.271782875061	-22.8142585754395	1037.0029296875	5.01911687850952	-30.7002582550049	1038.90087890625	5.20026016235352	-4.86824226379395	1030.39074707031	-8.53234958648682	57.3507041931152	1043.15844726562	-9.93109035491943	56.0469017028809	1043.30029296875	-12.947865486145	51.7674522399902	1043.86828613281	NA	NA	NA	-16.5059375762939	19.2428817749023	1044.79162597656	-11.7168006896973	12.7351341247559	1041.48937988281	-4.84005212783813	45.2639122009277	1016.53918457031	-4.2839035987854	26.7438583374023	999.743713378906	-17.2576885223389	21.6697959899902	991.685119628906	-33.5572128295898	16.5691795349121	1003.26373291016	-43.7999725341797	2.48155379295349	1027.126953125	-36.8418655395508	-7.82684230804443	1028.16967773438	-16.0861148834229	11.774245262146	1021.86511230469	-31.8251132965088	-23.4004535675049	1026.50280761719	-19.0769634246826	-21.9219665527344	1037.75219726562	-9.02756214141846	-29.6555557250977	1039.57849121094	-8.55155181884766	-4.36420202255249	1030.62805175781
PRI-7375	-0.634154736995697	56.322868347168	1148.97680664062	-0.934624791145325	51.9738121032715	1141.50769042969	-1.24739873409271	43.2848052978516	1123.60559082031	-1.25746524333954	23.0195407867432	1102.57849121094	-1.14948761463165	21.2670783996582	1097.54138183594	-5.48849487304688	-55.1305465698242	1127.09130859375	-4.62628841400146	-38.8708076477051	1145.4423828125	-3.3191864490509	-22.3191547393799	1147.54907226562	-2.23597145080566	-1.26966154575348	1132.76000976562	-1.42889952659607	12.1245269775391	1141.67687988281	-1.558021068573	43.1115112304688	1143.72338867188	8.4721794128418	51.0413970947266	1147.83471679688	9.77943515777588	48.947940826416	1147.98498535156	12.2972965240479	44.2704391479492	1148.40466308594	17.6011047363281	32.5672798156738	1148.46618652344	12.5061473846436	8.66361808776855	1148.48962402344	8.82888221740723	6.0036301612854	1146.59521484375	2.64966177940369	41.1284561157227	1125.98449707031	2.14290809631348	21.5680484771729	1109.32385253906	14.683648109436	18.316593170166	1100.90222167969	29.0331840515137	13.0921583175659	1110.62316894531	37.0887985229492	0.165482848882675	1134.76647949219	30.180212020874	-10.7222776412964	1135.08911132812	10.0184526443481	7.00424146652222	1129.66845703125	24.5261402130127	-27.4134616851807	1134.35327148438	14.0642232894897	-26.4218158721924	1145.02783203125	3.059903383255	-32.9058418273926	1147.986328125	3.90649843215942	-8.0530891418457	1138.41040039062	-10.9440135955811	51.6157836914062	1148.5205078125	-12.462854385376	49.9625282287598	1148.86596679688	-15.0979309082031	45.5910873413086	1149.90295410156	NA	NA	NA	-15.5549592971802	9.77369976043701	1148.32788085938	-12.1584014892578	7.269606590271	1146.34729003906	-6.31432485580444	41.1606101989746	1125.45031738281	-4.32571411132812	21.8325424194336	1109.04223632812	-16.3853015899658	21.2515449523926	1100.63244628906	-32.1244430541992	14.9118022918701	1110.82495117188	-41.9825172424316	2.31644082069397	1133.48669433594	-35.1890029907227	-7.38974332809448	1134.73022460938	-14.2795600891113	9.22521877288818	1129.85998535156	-32.6336936950684	-23.3320388793945	1133.64404296875	-20.4565467834473	-24.0609016418457	1144.61962890625	-11.1277360916138	-31.752965927124	1148.16625976562	-8.82340621948242	-7.37723922729492	1138.00842285156
PRI-7376	-1.44061923027039	81.916015625	1085.97399902344	-1.64997434616089	79.7251205444336	1079.48901367188	-1.9293315410614	70.1699295043945	1058.6650390625	-1.89111924171448	41.5034523010254	1031.82531738281	-1.86474847793579	38.1553115844727	1025.72937011719	-3.34854650497437	-47.8927726745605	1056.84020996094	-3.28574347496033	-28.8181076049805	1075.77453613281	-3.9918224811554	-10.104097366333	1077.48962402344	-3.41513347625732	14.0919542312622	1063.53515625	-2.41312074661255	28.4345455169678	1074.37768554688	-1.73057508468628	67.4925003051758	1080.44860839844	8.17371654510498	75.2362747192383	1083.3603515625	10.2698879241943	72.2419891357422	1083.24584960938	12.3164758682251	66.7107238769531	1084.13916015625	NA	NA	NA	13.0790014266968	30.6658744812012	1082.97937011719	8.03952407836914	23.5078296661377	1078.88073730469	2.77271628379822	67.944709777832	1060.32019042969	1.39075577259064	40.5224914550781	1038.15051269531	15.0386581420898	35.8946304321289	1029.68481445312	30.5544471740723	31.905876159668	1039.408203125	42.0983276367188	15.3082237243652	1065.54943847656	35.5531921386719	4.00244951248169	1066.60375976562	9.27892017364502	24.3062133789062	1061.11901855469	28.755895614624	-13.7116756439209	1064.49780273438	13.1354398727417	-13.3907899856567	1075.86254882812	4.59626817703247	-20.5205459594727	1078.46716308594	3.70687174797058	6.26228141784668	1068.7958984375	-12.0295639038086	75.3118057250977	1083.54150390625	-13.7425699234009	73.2298049926758	1084.408203125	-16.4271049499512	66.6979446411133	1084.7568359375	NA	NA	NA	-18.1928100585938	31.4645156860352	1083.2001953125	-14.4044256210327	23.4009952545166	1079.64624023438	-7.93813276290894	67.8057098388672	1060.44067382812	-5.26909589767456	41.1189460754395	1037.90356445312	-19.6299209594727	35.3481674194336	1029.58862304688	-35.1759376525879	32.4929466247559	1039.57678222656	-47.3880157470703	17.4201850891113	1065.65625	-40.9691505432129	4.26723480224609	1066.30187988281	-15.4297885894775	23.5227565765381	1059.80041503906	-34.4643058776855	-14.4379348754883	1064.42260742188	-20.2566051483154	-14.1704092025757	1076.57556152344	-11.7322692871094	-20.6098937988281	1078.22863769531	-10.8430614471436	6.62482213973999	1069.25500488281
PRI-7377	-0.473297238349915	60.9980812072754	1046.15930175781	-0.762201607227325	55.7027168273926	1039.17663574219	-1.53452003002167	46.4395599365234	1020.56817626953	-1.10458314418793	27.6017208099365	996.984069824219	-0.979031085968018	26.0335731506348	993.677001953125	-1.38153100013733	-56.2727699279785	1025.71630859375	-1.17317497730255	-35.1634216308594	1039.66784667969	-1.89470398426056	-19.3238697052002	1041.82788085938	-1.67898523807526	0.864472508430481	1028.60266113281	-1.53216588497162	14.7452793121338	1039.43737792969	-1.04312634468079	46.2411346435547	1041.08349609375	9.46273708343506	56.2712936401367	1045.54260253906	10.3467969894409	54.4592475891113	1046.01696777344	13.2845478057861	49.6020736694336	1047.71411132812	17.4230346679688	39.4239768981934	1048.4775390625	14.2499237060547	14.9862651824951	1048.23474121094	10.5818614959717	9.43376064300537	1043.13903808594	4.24350357055664	44.6731224060059	1023.04943847656	1.2554829120636	26.760103225708	1003.6630859375	14.8669338226318	22.1700019836426	994.990905761719	29.6590766906738	17.8070278167725	1004.74255371094	39.7077026367188	5.4925971031189	1030.33178710938	32.2980499267578	-5.06804132461548	1028.9287109375	12.4047985076904	10.3874464035034	1023.53149414062	29.5584754943848	-24.118501663208	1027.31311035156	14.636176109314	-22.1246490478516	1038.60693359375	5.6674108505249	-27.932825088501	1041.82983398438	5.18488454818726	-3.76609683036804	1029.6806640625	-10.6253328323364	56.0913047790527	1045.39697265625	-11.9490365982056	54.2116279602051	1045.99169921875	-14.7297887802124	49.2777328491211	1046.98681640625	-19.7300872802734	39.8739013671875	1047.09716796875	-16.8218288421631	14.1633558273315	1048.06286621094	-12.3022260665894	8.97531986236572	1043.35424804688	-6.13159322738647	45.0215454101562	1022.32147216797	-3.5204770565033	26.6456203460693	1004.06182861328	-17.6356391906738	21.6314487457275	994.23974609375	-31.8691215515137	16.4716625213623	1004.59265136719	-41.8788642883301	4.09862899780273	1029.07287597656	-33.9442405700684	-6.03294277191162	1028.63098144531	-14.9635190963745	10.666995048523	1023.82086181641	-31.5911197662354	-24.6844158172607	1028.20043945312	-17.8080196380615	-23.1260585784912	1039.58715820312	-8.15204620361328	-29.0531482696533	1041.21081542969	-8.26389122009277	-4.77877283096313	1032.19616699219
PRI-7378	-2.58708834648132	60.771183013916	1150.04858398438	-2.30504870414734	56.5753860473633	1143.0478515625	-2.40830969810486	47.0356750488281	1125.50524902344	-2.6626398563385	28.9449100494385	1106.3896484375	-2.71007084846497	26.9364566802979	1102.5654296875	-4.79566335678101	-53.6922264099121	1129.62646484375	-3.75493097305298	-34.6391830444336	1146.11755371094	-3.74272918701172	-18.9423084259033	1149.041015625	-2.88630175590515	2.37787461280823	1136.12646484375	-2.63980531692505	15.8277215957642	1145.54602050781	-2.56802010536194	47.0482902526855	1144.01013183594	7.1851019859314	56.1076011657715	1149.32116699219	7.53380107879639	54.7640953063965	1149.66333007812	10.6113986968994	50.3793106079102	1150.87719726562	16.1356201171875	40.7251205444336	1152.05456542969	12.8285694122314	16.4091148376465	1152.0830078125	8.60420036315918	11.3613948822021	1149.84851074219	1.75070285797119	44.7129707336426	1126.97253417969	-0.0195740312337875	27.421745300293	1112.10339355469	12.8209772109985	22.9654750823975	1103.80187988281	26.9279899597168	17.899263381958	1111.13916015625	38.270191192627	2.18544673919678	1138.42687988281	31.0256099700928	-7.48018789291382	1137.08129882812	9.62553119659424	10.1105108261108	1131.64599609375	25.1682949066162	-23.88698387146	1136.09875488281	13.0038814544678	-22.118143081665	1146.54638671875	3.2523763179779	-28.8949031829834	1148.46081542969	3.67513108253479	-4.14570713043213	1140.64880371094	-12.318398475647	56.4034118652344	1148.873046875	-13.3178844451904	55.4334526062012	1148.77624511719	-15.9247512817383	50.5031967163086	1150.62451171875	-21.0616703033447	41.1870536804199	1152.076171875	-18.5050449371338	17.0808696746826	1152.66052246094	-13.730504989624	11.2659196853638	1150.17956542969	-6.85458421707153	45.1483535766602	1127.59106445312	-5.40150117874146	27.985818862915	1112.79553222656	-18.2441234588623	25.4350109100342	1104.04772949219	-32.3343696594238	19.745756149292	1111.37463378906	-44.3734397888184	4.56902599334717	1138.35852050781	-36.7211036682129	-5.59649515151978	1137.71374511719	-16.5312881469727	11.0132884979248	1132.00402832031	-33.1795959472656	-22.6427726745605	1136.02478027344	-20.4163608551025	-21.7824993133545	1147.32971191406	-11.0526180267334	-27.9044990539551	1148.47534179688	-10.0948066711426	-3.98393154144287	1140.21936035156
PRI-7379	-0.11829774081707	56.8657684326172	1212.66284179688	-0.480064690113068	53.6910552978516	1205.98461914062	-1.09666228294373	42.5594825744629	1185.38146972656	-1.47551214694977	24.4990634918213	1165.02697753906	-1.70007193088531	21.7407569885254	1160.26428222656	-4.64101028442383	-61.4634399414062	1186.37915039062	-3.4924578666687	-42.7678833007812	1202.98413085938	-3.63193917274475	-25.3460445404053	1206.53833007812	-2.35618948936462	-1.40873980522156	1193.72387695312	-1.48770105838776	12.6307563781738	1205.03454589844	-1.06792008876801	44.4099655151367	1207.24047851562	8.1067361831665	52.6343154907227	1212.212890625	9.8452787399292	50.047477722168	1212.37768554688	11.856198310852	45.0131416320801	1213.46765136719	16.2037792205811	35.4091606140137	1212.87927246094	12.7708148956299	11.1088085174561	1211.34094238281	9.64614772796631	5.7041449546814	1208.966796875	3.93722081184387	42.6097221374512	1189.53723144531	1.30401587486267	23.8498821258545	1171.14819335938	14.1890916824341	17.1447372436523	1162.208984375	29.5073680877686	13.5013179779053	1173.13293457031	38.8050270080566	-4.24855756759644	1195.12072753906	32.6818695068359	-13.9454536437988	1195.623046875	10.9520959854126	7.81539964675903	1191.96203613281	25.9985790252686	-29.1647644042969	1192.80078125	13.1916160583496	-28.0731029510498	1203.82934570312	3.88942694664001	-35.1871948242188	1206.73034667969	4.33862638473511	-9.06630802154541	1198.33764648438	-9.50075149536133	52.6126136779785	1212.439453125	-11.1419429779053	50.742992401123	1213.04992675781	-13.7007246017456	45.4204635620117	1213.92749023438	NA	NA	NA	-17.0555610656738	11.6959238052368	1213.02099609375	-12.9781637191772	6.8745903968811	1210.49096679688	-6.0946798324585	42.5822067260742	1189.11267089844	-4.48966789245605	23.576078414917	1171.31457519531	-18.4371910095215	20.0865478515625	1163.20983886719	-33.3480987548828	15.2083263397217	1174.33923339844	-43.0288314819336	0.44933432340622	1196.25476074219	-37.4622344970703	-10.5896701812744	1197.27966308594	-15.7929124832153	9.03798580169678	1192.7783203125	-33.007999420166	-27.1728916168213	1194.04602050781	-19.8825263977051	-26.7988529205322	1204.95288085938	-11.0494194030762	-35.3500328063965	1205.91845703125	-9.79637622833252	-8.72220802307129	1199.326171875
PRI-7381	NA	NA	NA	-1.09574127197266	54.6110572814941	1021.49047851562	-1.20497465133667	43.9429931640625	1000.55358886719	-0.559530258178711	17.0972728729248	974.161499023438	-0.411328911781311	14.0528764724731	969.604797363281	-0.0737848952412605	-69.8978881835938	1004.21856689453	-0.802077889442444	-51.4373245239258	1019.79241943359	-2.07351875305176	-32.8411979675293	1022.57739257812	-1.48021364212036	-9.87466812133789	1006.55114746094	-1.53838610649109	5.4357271194458	1018.99865722656	-1.22280251979828	43.5486946105957	1023.59924316406	9.89465999603272	55.986328125	1029.74609375	13.0568084716797	52.8291816711426	1029.1484375	15.1600255966187	45.7079238891602	1031.26647949219	19.5322303771973	33.1230392456055	1030.61938476562	16.4776344299316	4.48103427886963	1030.15795898438	9.839111328125	-0.490817040205002	1023.39697265625	4.41796827316284	42.0390281677246	1002.68835449219	2.655592918396	17.1601791381836	981.92822265625	16.6294727325439	12.6834945678711	974.12548828125	31.7058010101318	8.65444564819336	984.070190429688	43.4659156799316	-4.75392293930054	1013.65881347656	34.7340278625488	-17.5374412536621	1013.27789306641	11.5270099639893	1.53253221511841	1004.53643798828	30.0524253845215	-35.7811737060547	1011.17523193359	15.046238899231	-36.1928520202637	1019.92840576172	6.58470487594604	-42.4639358520508	1023.60919189453	5.37206840515137	-17.5176448822021	1011.72265625	-11.4238748550415	55.0208892822266	1030.48852539062	-15.4581708908081	51.528148651123	1030.68188476562	-16.723913192749	45.1274948120117	1031.30700683594	-21.1633720397949	32.808837890625	1031.27600097656	-19.1147766113281	4.85818958282471	1030.80041503906	-12.384446144104	-0.222102895379066	1023.30084228516	-6.21635341644287	41.7840156555176	1002.87646484375	-3.94313621520996	17.288501739502	982.509948730469	-18.3616752624512	12.2697257995605	974.013366699219	-34.270881652832	7.90899276733398	985.716430664062	NA	NA	NA	-37.7487869262695	-17.9300556182861	1013.71173095703	-15.003155708313	0.54255998134613	1005.56433105469	-32.2719573974609	-37.5279159545898	1010.8193359375	-18.5014495849609	-37.4142913818359	1020.33099365234	-8.91725254058838	-43.6531105041504	1022.63171386719	-8.95822429656982	-18.3148918151855	1012.05102539062
PRI-7382	-0.837319195270538	58.5056915283203	1042.51904296875	-0.672690629959106	54.9437599182129	1035.60168457031	-1.10322976112366	44.7488327026367	1014.25103759766	0.382325410842896	18.3672885894775	990.507934570312	0.477338492870331	16.2252197265625	985.0859375	8.27670192718506	-70.7934875488281	1014.3251953125	6.14337730407715	-51.5097427368164	1033.55004882812	4.33128547668457	-35.3096237182617	1035.93701171875	2.68324995040894	-11.6981639862061	1023.97772216797	1.90936291217804	4.78054809570312	1033.27819824219	-0.684263408184052	43.442943572998	1036.31066894531	9.47739028930664	53.8497886657715	1039.34094238281	11.3396501541138	50.5567626953125	1040.43957519531	15.8212738037109	43.5770988464355	1040.85778808594	NA	NA	NA	18.5079689025879	7.99790239334106	1044.67492675781	13.9022855758667	0.160081788897514	1039.40222167969	4.67892742156982	41.935977935791	1017.48260498047	3.28545331954956	17.1899089813232	996.527770996094	16.6462078094482	14.6669034957886	988.912719726562	35.0144004821777	10.5226726531982	996.745544433594	49.7270698547363	-6.44229650497437	1021.52728271484	40.981330871582	-16.2406635284424	1023.90710449219	16.4316997528076	1.52830111980438	1018.78411865234	37.5734977722168	-34.3170356750488	1020.89056396484	22.3160018920898	-35.4954299926758	1033.34558105469	12.9022254943848	-43.6313056945801	1035.41198730469	10.2799768447876	-17.2208194732666	1026.10144042969	-10.4654130935669	51.5062637329102	1041.12915039062	-13.3926973342896	48.3574562072754	1040.73022460938	-16.2507648468018	41.3664894104004	1041.39697265625	NA	NA	NA	-14.1622333526611	5.31587314605713	1044.65466308594	-8.11047172546387	-1.15070080757141	1039.17407226562	-5.1005687713623	41.8758354187012	1018.0888671875	-2.49720573425293	17.1003570556641	997.222290039062	-15.6210203170776	12.5525760650635	989.153625488281	-32.6069030761719	5.64162731170654	997.890014648438	-43.0435409545898	-12.8116693496704	1023.13159179688	-33.2856407165527	-21.2613353729248	1024.70812988281	-12.7186002731323	-0.166340976953506	1018.54876708984	-27.7662944793701	-40.2238426208496	1021.84234619141	-11.9540786743164	-38.3669853210449	1033.42883300781	-2.09745502471924	-45.1069869995117	1035.6796875	-3.47687911987305	-18.2268180847168	1026.12097167969
PRI-7383	-0.838090002536774	59.0489807128906	1209.13415527344	-1.34709966182709	54.4597434997559	1199.73681640625	NA	NA	NA	-3.27997803688049	26.5484428405762	1159.21923828125	-3.4794282913208	24.7078819274902	1153.77624511719	-5.88623809814453	-60.3162307739258	1187.44445800781	-5.03769302368164	-40.812931060791	1202.46911621094	-4.62727832794189	-23.3466949462891	1204.9365234375	-4.03957176208496	-1.54815137386322	1190.71203613281	-3.16084599494934	10.6627063751221	1200.97119140625	-1.58248746395111	46.3519668579102	1202.63928222656	9.31585884094238	53.0272636413574	1207.81970214844	10.2316541671753	51.6877136230469	1207.24731445312	12.9184827804565	47.2736473083496	1207.85961914062	17.6416988372803	36.6235237121582	1207.69482421875	12.5320081710815	10.8606014251709	1209.34936523438	7.73251676559448	5.42787981033325	1205.29260253906	2.19509148597717	42.778564453125	1183.37365722656	-0.258455634117126	25.3964710235596	1166.84851074219	11.8074979782104	19.3982200622559	1156.27307128906	28.6274280548096	13.6541814804077	1164.95263671875	39.3339080810547	-3.5540280342102	1190.76672363281	30.8481330871582	-12.9990568161011	1191.07043457031	10.5846757888794	6.75827217102051	1186.21655273438	25.4556827545166	-29.0691089630127	1189.19934082031	13.3406858444214	-26.212984085083	1202.13623046875	3.16887617111206	-32.6813888549805	1205.38610839844	2.36629438400269	-9.22782707214356	1193.43762207031	-11.8836317062378	53.6821517944336	1207.80432128906	-13.110071182251	52.0920677185059	1207.85485839844	-15.964485168457	48.0047225952149	1208.80541992188	-20.0702037811279	37.6285552978516	1210.0009765625	-19.1955909729004	12.2740564346313	1209.62805175781	-14.5722980499268	6.59261989593506	1206.31274414062	-7.75723552703857	43.237606048584	1183.93212890625	-6.16514301300049	25.410135269165	1166.8095703125	-19.6540622711182	21.7823104858398	1156.56176757812	-35.8565330505371	15.3550481796265	1166.93579101562	-48.7368240356445	-1.7819128036499	1195.04016113281	-39.6625823974609	-10.6805725097656	1193.60986328125	-17.8586406707764	6.69414234161377	1186.95178222656	-35.3528518676758	-27.4418315887451	1192.25109863281	-22.4103813171387	-25.9483127593994	1204.26013183594	-12.4333686828613	-32.1822547912598	1205.83654785156	-12.0704345703125	-9.37887001037598	1196.33032226562
PRI-7384	NA	NA	NA	4.25106859207153	61.5013732910156	1184.48083496094	2.86257791519165	47.2085990905762	1164.74487304688	2.5363335609436	22.414134979248	1143.2490234375	2.2543625831604	18.3659820556641	1138.82495117188	-4.80685758590698	-60.0303649902344	1178.99475097656	-3.51021480560303	-37.6435585021973	1195.73852539062	-3.39200210571289	-22.5761318206787	1196.13061523438	0.0548280216753483	-3.08556890487671	1178.92419433594	0.308902531862259	14.4561109542847	1190.37951660156	3.60670208930969	53.6323394775391	1188.41857910156	NA	NA	NA	14.3236179351807	63.346851348877	1192.35729980469	17.2530975341797	56.5583915710449	1195.46496582031	21.3695964813232	45.0197525024414	1197.833984375	18.1959915161133	19.0393810272217	1202.51782226562	11.6740732192993	9.49440288543701	1196.06872558594	7.37598943710327	45.7480354309082	1167.65844726562	6.12383317947388	21.7993278503418	1149.86791992188	18.5683937072754	15.1543188095093	1142.70043945312	35.0110778808594	9.60083866119385	1154.2978515625	44.4197616577149	-1.92100763320923	1183.5537109375	37.5294456481934	-9.49005126953125	1184.2880859375	14.0044279098511	8.48562145233154	1175.54138183594	28.4229621887207	-29.1052780151367	1185.22766113281	14.7022542953491	-25.8884258270264	1196.18994140625	3.14230060577393	-31.9677352905273	1198.03686523438	6.60305833816528	-8.2431526184082	1183.80029296875	-7.21913576126099	63.7090110778809	1190.88317871094	-11.1359968185425	62.4164276123047	1191.62756347656	-13.9902925491333	55.3491249084473	1193.73999023438	NA	NA	NA	-17.1194190979004	18.9957809448242	1200.36889648438	-12.0907459259033	8.33006954193115	1195.89660644531	-2.25919198989868	46.4673500061035	1168.19519042969	-0.556307196617126	22.0969924926758	1149.94641113281	-14.7256736755371	17.3446025848389	1143.03918457031	-30.9407978057861	13.5402688980103	1152.76452636719	-42.9849319458008	4.30014705657959	1178.6318359375	-37.5705070495605	-4.49503183364868	1180.18249511719	-12.9359846115112	7.94873809814453	1176.84313964844	-33.1970825195312	-25.942008972168	1180.546875	-19.447717666626	-23.1738510131836	1191.08947753906	-10.2691354751587	-31.0090198516846	1196.42639160156	-8.86708354949951	-8.98874759674072	1182.64880371094
PRI-7385	-1.09843456745148	63.561653137207	1042.32604980469	-0.934193253517151	58.7544860839844	1035.29431152344	-1.02031910419464	47.4434089660645	1014.82672119141	-0.141221955418587	19.0585403442383	991.361877441406	-0.0669712796807289	16.3634147644043	987.079040527344	1.18395113945007	-64.1333312988281	1018.83697509766	1.85303354263306	-45.4800071716309	1037.87609863281	0.661615490913391	-30.1349449157715	1039.96887207031	0.66224193572998	-8.34484767913818	1025.52502441406	0.829009771347046	9.51272773742676	1036.97595214844	-0.552491962909698	50.5260047912598	1038.34020996094	9.51697158813477	59.1408615112305	1040.20202636719	11.3662252426147	57.3307342529297	1039.27893066406	15.9431276321411	48.9006652832031	1040.89538574219	21.2289695739746	38.3524703979492	1044.82995605469	19.679235458374	11.4365816116333	1045.5341796875	13.0013284683228	3.78505158424377	1041.04797363281	4.27017164230347	44.0402908325195	1016.21417236328	2.90211391448975	19.3239192962646	999.938781738281	17.7277812957764	13.0411357879639	989.423889160156	33.6732444763184	6.37067651748657	1001.41174316406	42.984188079834	-3.70106744766235	1026.49548339844	35.457202911377	-14.0083379745483	1024.66345214844	14.3473043441772	3.09630823135376	1021.20123291016	32.3171730041504	-31.8000812530518	1023.77355957031	18.4972343444824	-32.3989524841309	1036.80090332031	9.15159606933594	-40.9771995544434	1039.58764648438	8.23670959472656	-11.9462938308716	1029.30700683594	-10.4081621170044	57.9675445556641	1041.06311035156	-10.7328844070435	56.6436882019043	1041.56848144531	-15.3338613510132	47.5968818664551	1042.45849609375	-17.6415042877197	36.0544052124023	1046.83325195312	-17.3242874145508	10.488748550415	1047.50952148438	-10.8276634216309	2.29971218109131	1042.76196289062	-6.34603309631348	44.3413543701172	1017.44982910156	-3.22862553596497	19.0654392242432	999.812133789062	-18.0017356872559	12.9705991744995	990.466796875	-32.9421501159668	5.0898928642273	1003.79638671875	-40.1158103942871	-6.53530359268188	1030.70300292969	-33.8122215270996	-15.8293132781982	1028.08508300781	-12.9960985183716	1.2566602230072	1022.12725830078	-30.0080318450928	-33.9435997009277	1026.20007324219	-14.9673118591309	-33.667106628418	1038.14135742188	-6.04944229125977	-41.4654083251953	1040.55505371094	-6.54933214187622	-13.0283832550049	1030.16442871094
PRI-7386	-2.11949419975281	63.349796295166	1229.39208984375	-2.10345792770386	59.9026145935059	1225.02380371094	-2.84756779670715	47.0280227661133	1205.10925292969	-2.56490349769592	23.8907241821289	1183.13061523438	-2.59211707115173	20.9343681335449	1178.63049316406	-7.15145254135132	-64.1635437011719	1201.83374023438	-6.49805688858032	-47.2854385375977	1224.79638671875	-5.94722414016724	-31.7524433135986	1228.28088378906	-4.55000019073486	-6.57104635238647	1214.64636230469	-3.95252966880798	9.32055950164795	1227.10559082031	-2.52324604988098	47.8123970031738	1227.33166503906	9.69762706756592	58.3342399597168	1230.82666015625	11.8543186187744	56.0008926391602	1231.98620605469	14.8261833190918	49.2406616210938	1232.97863769531	NA	NA	NA	13.3622713088989	10.8553323745728	1235.71508789062	7.96052646636963	3.95480275154114	1232.1630859375	3.83155417442322	46.0210380554199	1208.8271484375	0.636961042881012	23.3881931304932	1189.9443359375	15.8707818984985	17.6374816894531	1181.78955078125	33.0547714233398	9.49678993225098	1192.67028808594	40.0946350097656	-5.83120155334473	1219.83288574219	30.8548603057861	-15.7469491958618	1217.27478027344	10.8705043792725	3.86389374732971	1211.46911621094	24.6980438232422	-33.248462677002	1213.60729980469	13.0774393081665	-34.2961845397949	1224.86779785156	1.03731787204742	-42.4828872680664	1228.0166015625	3.26864576339722	-13.7012042999268	1219.31201171875	-12.6117839813232	59.0452461242676	1231.48168945312	-15.4983854293823	56.996166229248	1232.74340820312	-18.6094627380371	50.4384765625	1233.50524902344	-22.5879096984863	40.1114692687988	1235.81396484375	-21.0795307159424	12.2152948379517	1236.47338867188	-15.7826194763184	5.26083660125732	1231.43823242188	-8.77099227905273	46.3440361022949	1209.02160644531	-5.76186800003052	23.4599056243896	1189.08215332031	-21.4073390960693	19.4315452575684	1181.11071777344	-39.4101524353027	12.7758741378784	1192.41735839844	-48.8266868591309	-3.60337162017822	1218.79833984375	-39.8406143188477	-12.4286623001099	1215.40283203125	-19.668176651001	4.60796451568604	1211.17932128906	-35.7514572143555	-32.0066909790039	1212.53698730469	-24.1273059844971	-32.5211715698242	1224.52197265625	-13.786997795105	-41.4460144042969	1227.77026367188	-12.7293663024902	-13.6365833282471	1219.30346679688
PRI-7387	-0.708434581756592	62.5991363525391	1239.68591308594	-0.575846970081329	57.8422012329102	1231.35083007812	-0.93127179145813	48.0289497375488	1209.96948242188	-1.51121234893799	26.9910869598389	1186.33972167969	-1.43698382377625	24.8817138671875	1182.32434082031	-7.25260210037231	-61.4758834838867	1200.27478027344	-5.74293804168701	-46.2458763122559	1220.103515625	-5.40529775619507	-29.9092788696289	1226.96325683594	-4.10226535797119	-4.47865581512451	1213.16162109375	-3.53487944602966	9.71684455871582	1229.39038085938	-1.49554145336151	46.5456314086914	1232.13391113281	9.07147312164307	58.3380393981934	1238.06762695312	11.5449829101562	54.0995254516602	1238.23986816406	14.6901702880859	45.7022705078125	1237.15612792969	NA	NA	NA	13.2981462478638	8.63986682891846	1238.65185546875	6.82944679260254	2.56435871124268	1231.82495117188	4.39591026306152	45.048038482666	1212.95263671875	1.49400401115417	25.1053638458252	1193.943359375	15.0812902450562	20.0901679992676	1184.82177734375	29.8803367614746	12.6880683898926	1194.45642089844	38.4708366394043	-3.34592986106873	1218.98400878906	32.6128044128418	-13.4146299362183	1217.26379394531	9.81970024108887	5.71124124526978	1213.47619628906	23.5672626495361	-32.6490287780762	1212.330078125	11.414849281311	-34.0751533508301	1223.51354980469	1.76160633563995	-40.4430465698242	1224.94018554688	3.58224177360535	-15.3065519332886	1218.89501953125	-10.5909986495972	58.619701385498	1238.0478515625	-13.8408193588257	55.2469291687012	1238.29846191406	-16.7982921600342	48.9393768310547	1237.92346191406	NA	NA	NA	-20.3835144042969	10.4344692230225	1237.44262695312	-15.186185836792	3.7114245891571	1231.431640625	-6.67437171936035	46.1802597045898	1212.96630859375	-4.63989210128784	26.1368274688721	1193.68493652344	-20.3030395507812	23.0443515777588	1185.86315917969	-34.74560546875	15.7077789306641	1193.52209472656	-46.6151313781738	-0.396318137645721	1217.14282226562	-41.4188995361328	-11.2224378585815	1216.40014648438	-16.5609645843506	6.2902021408081	1212.70190429688	-34.8143653869629	-30.8255062103271	1211.53137207031	-23.1008415222168	-32.6696891784668	1223.859375	-14.1775360107422	-39.0814590454102	1225.45788574219	-11.7928972244263	-13.6472005844116	1218.50146484375
PRI-7388	0.529427349567413	52.1981658935547	1290.62170410156	0.239446669816971	47.3230285644531	1283.68432617188	NA	NA	NA	-1.45864474773407	19.1229610443115	1243.82421875	-1.62185382843018	16.3801364898682	1238.91479492188	-6.75068712234497	-61.0375709533691	1273.2998046875	-5.9345555305481	-43.6341590881348	1286.63159179688	-4.92571115493774	-27.1713409423828	1288.50964355469	-3.60135221481323	-7.70939493179321	1276.45532226562	-2.50866293907166	6.45737361907959	1283.82141113281	-0.438105434179306	38.9390144348145	1285.28857421875	9.65933418273926	48.4943084716797	1290.86608886719	10.5834922790527	46.6121101379395	1290.93383789062	13.1420240402222	42.173526763916	1291.59252929688	16.0026054382324	32.6305160522461	1293.10131835938	14.130277633667	8.10055446624756	1292.24340820312	8.46325397491455	0.565249383449554	1290.12268066406	4.32219171524048	34.9455108642578	1266.89538574219	1.85685002803802	16.4596138000488	1249.73266601562	14.9587917327881	11.5213565826416	1242.89624023438	29.5818500518799	2.7603771686554	1253.05627441406	37.7996292114258	-10.4522085189819	1278.51171875	29.9530563354492	-17.2980518341064	1276.06420898438	9.51963329315186	1.62653124332428	1273.53637695312	23.5612354278564	-33.5417137145996	1276.30834960938	11.5684375762939	-30.177417755127	1287.39953613281	0.754655182361603	-35.0016098022461	1289.70629882812	2.67592430114746	-14.0355377197266	1280.52990722656	-9.21860027313232	48.4124641418457	1290.75817871094	-10.2933692932129	47.5444831848145	1290.96057128906	-13.2602434158325	43.4814453125	1291.42431640625	-18.0358409881592	33.9094123840332	1291.89770507812	-18.3999404907227	9.72777652740479	1292.439453125	-13.7841062545776	1.08884632587433	1289.63720703125	-5.59141731262207	36.7921752929688	1267.48229980469	-4.99005603790283	16.9370498657227	1250.0087890625	-18.8351097106934	14.3939609527588	1242.64526367188	-34.4356079101562	7.71412897109985	1250.6591796875	-43.9858894348145	-5.04927444458008	1278.64282226562	-36.9506607055664	-11.5953588485718	1276.37707519531	-15.7210083007812	2.89893198013306	1273.74255371094	-33.6059188842773	-28.892505645752	1276.02709960938	-19.5913715362549	-28.4680137634277	1287.17883300781	-11.9000988006592	-34.851749420166	1289.287109375	-8.48899364471436	-12.3640575408936	1279.91296386719
PRI-7389	-0.391863912343979	64.4141235351562	1284.03869628906	-1.16965997219086	60.2582473754883	1274.75671386719	-3.4708559513092	47.5769653320312	1252.96313476562	-5.99382257461548	22.4483394622803	1230.72863769531	-6.51494455337524	19.2189121246338	1225.91735839844	-8.59822845458984	-68.1441802978516	1254.03186035156	-6.06736755371094	-50.3064460754395	1275.10559082031	-4.94013595581055	-32.8369827270508	1279.11181640625	-4.63649559020996	-8.01605224609375	1264.03259277344	-3.39438080787659	8.13669872283936	1274.17456054688	-0.862349808216095	50.0497932434082	1277.43200683594	10.3467874526978	58.4024047851562	1281.98266601562	13.4620990753174	56.8018341064453	1281.46911621094	16.7268314361572	49.8606605529785	1283.3408203125	17.2137603759766	37.5277290344238	1284.43920898438	13.2735080718994	10.3734254837036	1283.25927734375	8.37397289276123	4.22187995910645	1279.24609375	2.74915075302124	45.819206237793	1255.66247558594	-2.2751259803772	20.9030704498291	1236.79443359375	12.5031747817993	15.3526306152344	1226.52172851562	31.0177116394043	6.72990226745605	1234.57397460938	43.0957489013672	-9.16349697113037	1262.66345214844	33.220817565918	-18.8149375915527	1263.7138671875	10.7367630004883	2.89966344833374	1259.53527832031	26.5651721954346	-38.6758003234863	1259.96826171875	13.6142358779907	-37.320728302002	1273.81750488281	2.62927937507629	-44.4258117675781	1278.30639648438	3.50699758529663	-17.0742626190186	1268.99206542969	-12.0567789077759	59.2165298461914	1283.58923339844	-14.6927461624146	57.4868659973145	1284.15893554688	-17.797721862793	49.2803039550781	1285.73327636719	-19.6843872070312	37.6863670349121	1287.49304199219	-18.045166015625	10.8228588104248	1286.19372558594	-14.0153293609619	4.31825256347656	1281.61047363281	-9.54412937164307	46.5450973510742	1257.32885742188	-9.12830352783203	21.2505874633789	1236.38049316406	-25.4381828308105	17.9077548980713	1228.91333007812	-43.6960563659668	11.1718044281006	1242.07177734375	-51.5107383728027	-4.01863861083984	1269.43786621094	-42.1503829956055	-15.5412273406982	1268.79272460938	-18.2836265563965	4.03577661514282	1260.84362792969	-39.7638168334961	-36.214973449707	1264.10327148438	-24.7932052612305	-35.7018890380859	1276.13256835938	-13.4958047866821	-43.8837738037109	1279.20715332031	-13.1896553039551	-16.3155002593994	1270.48486328125
PRI-7390	0.293260335922241	57.2206954956055	1040.81616210938	0.238133698701859	53.9404640197754	1035.02917480469	-0.56529700756073	43.8173370361328	1017.14581298828	-1.03149151802063	27.9818534851074	999.248474121094	-1.24331796169281	25.1152229309082	994.490295410156	-2.98998761177063	-54.1908798217773	1021.47369384766	-2.23724007606506	-37.0161628723145	1037.7822265625	-2.5304012298584	-21.6103992462158	1040.76696777344	-1.14973747730255	0.0520667694509029	1028.71850585938	-0.398450195789337	13.5927877426147	1036.40344238281	0.0959003567695618	45.8749732971191	1037.10888671875	9.31150531768799	52.5068092346191	1038.58581542969	9.83755683898926	51.1262130737305	1038.90869140625	12.3780088424683	46.7926292419434	1040.64562988281	17.1393070220947	36.6454582214355	1042.39916992188	14.3489761352539	11.8682088851929	1043.92944335938	10.0393600463867	7.82147264480591	1041.77172851562	3.05306959152222	42.1325263977051	1019.03942871094	1.77674782276154	26.462345123291	1004.06433105469	13.5048494338989	21.5941486358643	995.599426269531	28.4904537200928	15.9474334716797	1003.89270019531	38.9972724914551	0.943361341953278	1027.84545898438	32.3967361450195	-8.7609920501709	1028.43237304688	12.0303535461426	11.0842142105103	1024.47668457031	27.8341464996338	-24.1484565734863	1026.18151855469	14.0863780975342	-24.1636276245117	1038.06726074219	5.05582094192505	-30.5327301025391	1040.30334472656	6.15272378921509	-4.76713466644287	1032.3623046875	-8.87009429931641	52.7520561218262	1039.36547851562	-9.62246608734131	52.1427268981934	1039.36169433594	-12.582407951355	47.6413078308105	1040.82751464844	-16.7787113189697	37.8071823120117	1043.60229492188	-14.4022359848022	12.3841733932495	1043.84985351562	-11.0383138656616	8.03049564361572	1042.52307128906	-4.27633619308472	42.5121765136719	1019.29223632812	-3.24300646781921	26.9906902313232	1004.45684814453	-15.1855096817017	23.3921241760254	995.836791992188	-31.2380332946777	18.5645523071289	1006.21484375	-41.6880378723145	2.64754724502563	1029.1533203125	-35.2937393188477	-7.19569158554077	1029.57824707031	-13.790997505188	11.4612627029419	1025.46447753906	-31.6064453125	-22.6649913787842	1026.75500488281	-18.4347763061523	-24.1871223449707	1038.31188964844	-9.21692180633545	-30.3633270263672	1039.60632324219	-8.4680986404419	-5.12515068054199	1032.88269042969
PRI-7391	-0.442988336086273	66.0454788208008	1271.40222167969	-1.09627985954285	60.0654220581055	1261.59362792969	-4.39849901199341	45.1744194030762	1239.69140625	-6.91721248626709	17.8838996887207	1217.02429199219	-7.45325517654419	13.670129776001	1212.04833984375	-11.8851346969604	-68.5884017944336	1244.48352050781	-8.45406532287598	-48.4135856628418	1261.94323730469	-6.79876327514648	-31.8906936645508	1263.94067382812	-5.81923341751099	-7.73858022689819	1250.5439453125	-3.577632188797	9.43560600280762	1262.3798828125	-1.85285770893097	50.4903106689453	1263.39123535156	10.0546836853027	60.3247337341309	1268.58630371094	11.6409378051758	57.3580017089844	1268.56469726562	14.6398468017578	48.175365447998	1270.70849609375	17.4023017883301	36.8903312683105	1271.89624023438	14.101881980896	11.5182209014893	1271.4091796875	7.8030800819397	2.29312109947205	1266.57495117188	0.345434725284576	44.2980537414551	1242.1142578125	-2.89127731323242	17.5482921600342	1223.4296875	11.884090423584	10.5966272354126	1215.22741699219	29.0640926361084	3.37419414520264	1224.27282714844	38.6682548522949	-7.56579160690308	1251.23461914062	29.5951194763184	-18.5451030731201	1251.42419433594	8.60828113555908	3.1605658531189	1247.71801757812	23.3525447845459	-36.9417915344238	1249.61767578125	10.5821647644043	-35.5753135681152	1262.02062988281	-0.468674868345261	-42.8124084472656	1263.27990722656	1.41637814044952	-15.0784463882446	1254.99523925781	-12.0231065750122	60.3787956237793	1270.88989257812	-14.1055030822754	58.6759605407715	1270.78356933594	-17.2731742858887	50.0784568786621	1273.09924316406	-20.825532913208	38.5394859313965	1274.609375	-19.4045333862305	12.9157180786133	1273.5947265625	-14.6365766525269	3.93519687652588	1268.10815429688	-8.89999580383301	44.7861976623535	1243.50219726562	-10.4869213104248	17.3225498199463	1224.078125	-26.6447696685791	13.004056930542	1217.01647949219	-43.1661109924316	7.99254846572876	1230.34252929688	-49.4244689941406	-0.551776885986328	1258.47973632812	-42.2601356506348	-13.3174657821655	1256.623046875	-18.6659317016602	5.01784801483154	1249.98229980469	-39.5168991088867	-32.8549461364746	1254.490234375	-23.6351089477539	-33.3085861206055	1263.97192382812	-14.5510873794556	-41.7228660583496	1264.96118164062	-12.9029312133789	-14.2470388412476	1256.40197753906
PRI-7392	-2.74819755554199	56.707160949707	1272.73132324219	-2.90408968925476	53.8131294250488	1264.87145996094	-3.75010180473328	43.7084617614746	1244.51184082031	-3.40630412101746	23.7164726257324	1224.29284667969	-3.56017756462097	20.9796009063721	1219.81640625	-10.1488342285156	-57.6980018615723	1244.09545898438	-9.06594657897949	-41.3989295959473	1260.97216796875	-8.465256690979	-26.0838069915771	1264.51513671875	-5.91047430038452	-2.1890811920166	1252.71545410156	-5.22641468048096	9.58920192718506	1262.63635253906	-3.75917053222656	44.5965118408203	1265.81774902344	NA	NA	NA	6.35803508758545	49.0795059204102	1270.33679199219	9.30077457427978	45.0140266418457	1272.39221191406	12.680905342102	34.9331359863281	1272.92846679688	10.4506149291992	10.726526260376	1271.13818359375	4.48617267608643	3.8159966468811	1267.27893066406	1.33088684082031	41.8700180053711	1247.23486328125	-0.615229785442352	22.3644886016846	1230.72326660156	13.2223024368286	17.4694709777832	1223.40234375	26.2673969268799	9.92641162872314	1231.79235839844	32.6842308044434	-3.23622679710388	1255.28002929688	26.2699661254883	-13.1383972167969	1252.42407226562	5.90356588363647	5.4786491394043	1250.7578125	20.0369663238525	-28.8695411682129	1251.09362792969	8.14925384521484	-30.1662979125977	1261.17053222656	-2.15489816665649	-36.4004325866699	1263.26672363281	-0.00981261860579252	-10.75550365448	1257.005859375	-13.1331224441528	51.8071899414062	1271.26379394531	-14.3128137588501	50.8673477172851	1271.41320800781	-17.4917812347412	46.0083274841309	1272.31799316406	-21.4165534973145	36.508960723877	1271.64306640625	-21.3239440917969	12.3001050949097	1270.24548339844	-16.4488945007324	5.30589771270752	1266.35729980469	-8.09105205535889	43.5360412597656	1247.45495605469	-6.6978325843811	23.0293006896973	1230.265625	-21.068639755249	20.582426071167	1222.19116210938	-36.0595550537109	14.72913646698	1232.431640625	-44.6369209289551	1.9065648317337	1254.169921875	-39.2133598327637	-9.13225555419922	1252.17492675781	-18.2177200317383	7.65587568283081	1250.89196777344	-36.5412368774414	-25.3372650146484	1250.43029785156	-24.4965686798096	-28.0863170623779	1261.63623046875	-15.9812936782837	-35.2767333984375	1262.9033203125	-13.9577445983887	-10.9213733673096	1257.47839355469
PRI-7393	-2.55447220802307	53.1285057067871	1280.64636230469	-3.16097593307495	51.9921379089355	1271.66381835938	NA	NA	NA	-6.98998594284058	23.841796875	1226.04675292969	-7.39016723632812	21.8905830383301	1221.07165527344	-11.4575319290161	-61.8562507629395	1237.31481933594	-8.83374404907227	-47.6386795043945	1259.87145996094	-7.93811321258545	-31.4532871246338	1265.43408203125	-6.47219324111938	-6.80117130279541	1255.30554199219	-5.41119527816772	6.99061918258667	1265.4951171875	-3.50517892837524	43.2686309814453	1271.33654785156	6.98015069961548	48.6614570617676	1277.16442871094	7.748939037323	47.3261489868164	1276.73120117188	9.95099067687988	42.5624542236328	1275.67077636719	NA	NA	NA	10.9234199523926	5.6382942199707	1273.50744628906	4.64874649047852	0.937662720680237	1269.2724609375	0.578655660152435	43.076229095459	1253.38342285156	-3.81612658500671	21.7012100219727	1231.70300292969	7.9099702835083	18.2880325317383	1222.96936035156	24.7116565704346	10.2442464828491	1231.65515136719	34.4146728515625	-8.29076766967773	1253.56713867188	27.5770111083984	-19.2765235900879	1253.17248535156	7.65478467941284	3.24456071853638	1250.1123046875	21.2830142974854	-34.9964065551758	1249.46166992188	9.06694602966309	-35.5889282226562	1262.97912597656	-1.327756524086	-42.486270904541	1264.09387207031	0.162490427494049	-15.0183048248291	1258.93334960938	-12.759819984436	48.2951354980469	1277.83178710938	-13.8175487518311	47.1365394592285	1277.99816894531	-16.438627243042	42.1959228515625	1277.47900390625	-20.6675224304199	31.3615570068359	1278.23657226562	-20.5140209197998	6.49640321731567	1275.3681640625	-15.7480955123901	1.006920337677	1270.93371582031	-10.026439666748	42.9088478088379	1254.3486328125	-9.86553573608398	22.1478404998779	1232.80822753906	-22.5700969696045	19.6423110961914	1224.98718261719	-38.5920066833496	14.2563400268555	1235.88244628906	-47.6856079101562	-2.76456689834595	1258.59680175781	-41.6032066345215	-14.7356729507446	1257.62805175781	-21.3140182495117	4.00042533874512	1251.890625	-38.8882141113281	-31.9109687805176	1252.65954589844	-24.9053974151611	-31.9680366516113	1263.62414550781	-16.0273551940918	-41.2222290039062	1264.68347167969	-13.4415903091431	-14.5799503326416	1259.45874023438
PRI-7670	-1.19392144680023	-23.4041271209717	1044.75244140625	-1.13587069511414	-16.7102088928223	1039.84936523438	-1.36709594726562	0.639340698719025	1029.95715332031	-2.19085812568665	21.0372753143311	1011.45263671875	-2.48165488243103	25.5154495239258	1008.46746826172	-0.385453283786774	-8.69883155822754	932.494812011719	-0.0652390643954277	-21.6549644470215	950.888244628906	-0.195186972618103	-24.3221950531006	966.263061523438	-1.09770727157593	-9.44770431518555	988.502380371094	-1.16718220710754	-18.6055736541748	1000.9541015625	-1.13231730461121	-19.1188049316406	1031.67309570312	7.79643630981445	-23.384651184082	1039.86889648438	9.8126049041748	-23.3938636779785	1038.14416503906	12.3774938583374	-25.2467994689941	1034.16943359375	16.0679969787598	-26.5703735351562	1024.17834472656	13.4792985916138	-25.9066581726074	999.546081542969	9.26620578765869	-22.5527191162109	996.5732421875	3.64183020591736	-3.20995163917542	1029.45007324219	0.9709312915802	13.2684783935547	1010.69134521484	12.5646200180054	24.399393081665	1006.46905517578	27.2141151428223	15.5546722412109	1000.31604003906	39.9738845825195	-8.78665065765381	993.634826660156	34.0444259643555	-11.0273036956787	979.825927734375	12.4020185470581	-4.50776386260986	996.747131347656	28.5181274414062	-9.92641258239746	962.460021972656	14.0385084152222	-21.4814605712891	963.508850097656	7.29724979400635	-24.3798694610596	957.879821777344	5.53994369506836	-15.6297702789307	981.460083007812	-10.1742038726807	-22.7574577331543	1039.46960449219	-12.271915435791	-23.9698066711426	1037.29919433594	-14.8156890869141	-24.747974395752	1033.44458007812	-18.4692268371582	-26.6970977783203	1023.19879150391	-14.947244644165	-27.3062076568604	998.325134277344	-10.9646062850952	-22.9271030426025	994.857604980469	-6.19379186630249	-3.18210482597351	1029.20593261719	-4.64373016357422	13.280520439148	1010.31182861328	-17.3900871276855	23.5594577789307	1005.69232177734	-30.467601776123	14.4709005355835	999.725219726562	-41.7873649597168	-11.6681213378906	991.054626464844	-34.5906944274902	-13.8427248001099	978.442626953125	-15.4471998214722	-5.32487297058105	996.82080078125	-29.5959453582764	-11.8335723876953	960.295532226562	-15.5942134857178	-22.509708404541	962.691223144531	-6.60442447662354	-23.4163341522217	956.583862304688	-7.10880661010742	-16.2998943328857	980.617309570312
PRI-7671	120.673759460449	46.9042015075684	894.860107421875	121.000389099121	40.276237487793	901.300537109375	NA	NA	NA	120.493347167969	7.880859375	938.601623535156	120.659706115723	3.86444330215454	942.951782226562	124.716804504395	-67.5211639404297	900.512512207031	123.747428894043	-47.8451309204102	889.372680664062	123.451835632324	-31.5284385681152	889.276733398438	121.996223449707	-10.4830732345581	905.395080566406	121.996055603027	3.0149781703949	896.934997558594	121.366561889648	34.6242561340332	897.760620117188	112.52513885498	43.7512397766113	894.399353027344	110.020568847656	41.5111083984375	893.77587890625	106.504188537598	37.8362007141113	893.011657714844	103.397117614746	27.8970584869385	891.060668945312	105.730804443359	3.54885959625244	888.882202148438	110.365798950195	-1.95868325233459	891.422546386719	NA	NA	NA	118.354209899902	8.12546730041504	932.384948730469	107.689155578613	1.36090576648712	940.383178710938	93.0128173828125	-2.71342182159424	930.170043945312	82.2316055297852	-10.8753042221069	905.643981933594	88.1378555297852	-20.9273509979248	901.383178710938	109.704704284668	-3.67772173881531	911.713439941406	95.7300109863281	-37.0950469970703	899.861877441406	108.593620300293	-33.9940299987793	890.661376953125	116.346778869629	-40.016185760498	888.1123046875	115.988021850586	-18.579719543457	899.497741699219	129.833541870117	43.1338386535645	895.21435546875	131.596069335938	41.7921676635742	894.448303222656	NA	NA	NA	139.041244506836	27.8131542205811	890.780090332031	137.467361450195	3.42036032676697	888.926696777344	133.926086425781	-2.70980954170227	891.666809082031	NA	NA	NA	123.071586608887	8.51392078399658	931.427368164062	134.735488891602	1.75411403179169	941.072387695312	148.192504882812	-2.11385321617126	931.62744140625	159.726943969727	-10.1592693328857	906.833862304688	157.240982055664	-19.0519733428955	903.845336914062	133.683212280273	-3.37299823760986	911.538391113281	150.81233215332	-36.316764831543	902.100830078125	137.568359375	-33.862621307373	891.987121582031	131.426208496094	-39.0451393127441	888.661926269531	129.352432250977	-18.3778667449951	900.358764648438
PRI-7672	125.54923248291	57.7909469604492	882.948059082031	125.821044921875	51.5905723571777	888.581359863281	125.595062255859	40.506763458252	907.789794921875	125.925445556641	15.3822069168091	931.778137207031	126.045799255371	11.5869607925415	936.088195800781	130.935134887695	-66.5779724121094	902.105224609375	129.47721862793	-48.9358978271484	884.059387207031	129.376190185547	-32.1325607299805	881.731323242188	127.700973510742	-8.31935119628906	897.377990722656	127.683898925781	5.01665210723877	887.102844238281	126.40934753418	42.0214958190918	885.010009765625	115.045166015625	52.3125152587891	882.922607421875	112.070678710938	49.6653633117676	881.474365234375	108.239242553711	43.3659439086914	878.634216308594	106.655830383301	32.0773391723633	876.602294921875	110.612487792969	6.60771465301514	876.638000488281	116.585327148438	0.492068886756897	881.266235351562	119.55152130127	39.3975677490234	904.266357421875	122.459617614746	14.8072204589844	925.236022949219	110.4619140625	9.17875480651855	932.809875488281	95.5650863647461	1.42833137512207	923.932373046875	84.0919494628906	-11.8397998809814	896.018188476562	90.7535018920898	-19.4823131561279	894.193237304688	112.622764587402	0.445437341928482	902.59375	98.9754257202148	-38.0886497497559	896.368408203125	112.949806213379	-35.6709136962891	884.527404785156	122.104988098145	-41.6849098205566	881.988708496094	121.950744628906	-16.4980487823486	891.994201660156	136.597320556641	52.1930198669434	883.368469238281	140.28564453125	48.7779579162598	881.563598632812	143.679611206055	43.5397033691406	879.649108886719	147.102737426758	32.5118217468262	877.994018554688	145.319290161133	6.81323957443237	876.815979003906	138.723388671875	0.727061152458191	881.44091796875	130.399337768555	38.975528717041	904.891723632812	128.783279418945	15.3336162567139	924.187622070312	140.992553710938	12.1575021743774	933.14599609375	158.593170166016	4.14898157119751	924.935302734375	173.837417602539	-5.36472415924072	897.838745117188	165.443984985352	-17.1609935760498	894.639099121094	141.991394042969	-0.644329965114594	902.875366210938	159.232498168945	-36.6263885498047	896.8369140625	144.888534545898	-34.8962554931641	885.098327636719	136.971603393555	-41.3725814819336	881.978637695312	135.531143188477	-17.1526679992676	892.171325683594
PRI-7997	131.967666625977	63.8357849121094	854.321594238281	131.947448730469	54.9640121459961	862.596923828125	132.514572143555	40.018238067627	879.336547851562	133.197616577148	15.0703353881836	899.014221191406	133.195602416992	9.57155609130859	904.335815429688	135.509124755859	-62.3679313659668	859.406005859375	133.573104858398	-43.4070625305176	847.712646484375	133.951751708984	-25.8888378143311	847.605224609375	133.412857055664	-6.33762359619141	865.444152832031	133.240356445312	9.91405010223389	856.630615234375	132.568817138672	46.0892524719238	858.061828613281	122.012588500977	59.6300354003906	854.013305664062	119.581016540527	56.4093627929688	852.273864746094	116.402923583984	50.234935760498	849.559509277344	115.013313293457	38.3941612243652	847.245361328125	118.259002685547	12.8405485153198	846.78662109375	122.658363342285	5.9945502281189	849.710632324219	126.72908782959	39.0386390686035	875.984985351562	129.979385375977	14.3747062683105	891.968627929688	118.787551879883	9.83973407745361	900.709655761719	NA	NA	NA	NA	NA	NA	NA	NA	NA	119.829711914062	2.04688739776611	870.673767089844	105.418075561523	-32.5001945495605	858.862182617188	118.590240478516	-29.1290512084961	849.833190917969	126.271995544434	-34.8073997497559	846.709411621094	126.672676086426	-13.3334217071533	858.265380859375	142.361145019531	59.7617301940918	854.8359375	145.826278686523	56.9876708984375	853.215881347656	148.475341796875	51.6240234375	849.6904296875	NA	NA	NA	147.366287231445	12.8914413452148	846.270202636719	143.982025146484	5.66734743118286	849.856262207031	138.422515869141	39.489387512207	876.375061035156	136.013565063477	13.8946523666382	891.509582519531	146.547821044922	8.71376800537109	902.16015625	163.458740234375	2.87749934196472	890.649719238281	172.847717285156	-2.31676459312439	858.056762695312	165.042358398438	-12.623293876648	859.390991210938	147.937927246094	2.28474450111389	870.834716796875	163.428146362305	-32.3555107116699	858.038269042969	149.615356445312	-28.6248893737793	848.476745605469	141.493209838867	-34.7669906616211	846.201477050781	140.431549072266	-13.1010828018188	858.5576171875
PRI-7999	127.100563049316	59.515308380127	887.425048828125	126.849548339844	54.0720138549805	895.083679199219	126.429405212402	42.9359397888184	911.990112304688	126.13809967041	19.3720989227295	934.465515136719	126.19425201416	14.5445508956909	940.456115722656	131.945693969727	-61.8612213134766	902.788818359375	129.962799072266	-43.4843406677246	886.844604492188	128.585662841797	-26.3542289733887	886.360778808594	126.721076965332	-4.69873237609863	903.983215332031	126.978469848633	7.01891899108887	893.288940429688	126.933212280273	45.1552772521973	891.21337890625	117.397575378418	52.9512710571289	887.240051269531	115.637954711914	51.3794212341309	885.974426269531	111.986450195312	43.6498603820801	884.728820800781	110.366752624512	33.0294647216797	882.415100097656	113.411560058594	7.84800434112549	882.25634765625	117.148918151855	2.87524771690369	887.129516601562	121.384429931641	40.8169593811035	910.144958496094	123.608123779297	18.7676296234131	927.665771484375	112.272392272949	14.4839639663696	935.985778808594	97.440315246582	5.20191669464111	927.568908691406	86.1505279541016	-7.88324165344238	899.506286621094	93.5956726074219	-14.6196756362915	897.762512207031	113.474014282227	2.64847445487976	908.721374511719	101.032783508301	-32.2090682983398	898.596069335938	113.173477172852	-31.4057846069336	888.451110839844	121.768966674805	-35.4658164978027	885.043395996094	120.364326477051	-14.4512948989868	897.83349609375	137.37825012207	53.1756172180176	888.375915527344	138.732177734375	51.4958915710449	887.416320800781	141.925491333008	43.4734153747559	884.396057128906	144.125793457031	33.856517791748	883.331787109375	140.906143188477	8.18521308898926	883.259643554688	137.262817382812	4.02068662643433	887.321472167969	132.380874633789	40.8808097839355	910.190612792969	129.229888916016	18.1349391937256	927.58056640625	139.616806030273	16.0383949279785	936.974975585938	156.288619995117	7.82060956954956	928.458251953125	169.359130859375	-4.88247919082642	898.936218261719	162.483489990234	-11.2255620956421	897.586669921875	139.136123657227	4.24923610687256	908.836853027344	158.715118408203	-28.5217704772949	899.643432617188	144.803924560547	-29.4498195648193	889.275085449219	136.864410400391	-34.6003036499023	885.568420410156	135.115036010742	-13.5756206512451	897.423706054688
PRI-8000	113.843803405762	59.0303726196289	858.989624023438	113.75414276123	53.8704452514648	865.472473144531	114.526321411133	45.0109710693359	881.866882324219	115.205764770508	23.7395896911621	904.804870605469	115.238395690918	20.1568622589111	909.578430175781	115.752914428711	-51.9721069335938	875.160827636719	114.931602478027	-33.9951057434082	860.404602050781	114.570915222168	-20.1471424102783	857.080627441406	114.129524230957	0.95244550704956	871.618347167969	113.775657653809	13.8819427490234	863.611938476562	113.906295776367	46.7850723266602	861.612182617188	104.820343017578	54.4482498168945	859.545288085938	103.390739440918	53.2522163391113	859.019958496094	100.41187286377	48.8828048706055	857.800048828125	97.2118606567383	39.6177749633789	855.704223632812	97.331298828125	16.8979682922363	854.665222167969	103.144638061523	9.02469348907471	857.181213378906	109.106971740723	44.5233535766602	878.652038574219	112.373611450195	23.6953220367432	896.612915039062	101.133186340332	18.9460735321045	906.033996582031	84.8656845092773	14.2430171966553	895.954406738281	75.9688110351562	4.16601705551147	870.93798828125	82.1891250610352	-7.00358486175537	870.327819824219	101.56534576416	8.88717174530029	878.172302246094	87.748161315918	-23.0314311981201	870.7041015625	99.8661193847656	-22.0527305603027	860.111022949219	108.054710388184	-28.1529979705811	858.426696777344	107.492294311523	-5.75406980514526	866.832824707031	122.976501464844	54.5707702636719	858.638488769531	124.901916503906	53.7953300476074	858.286926269531	127.340316772461	49.4891891479492	857.577453613281	130.909713745117	40.8337326049805	856.491516113281	131.079086303711	17.8059349060059	855.011047363281	125.248291015625	9.89925670623779	858.028991699219	119.482223510742	44.4349517822266	878.795288085938	117.533302307129	24.4892539978027	896.844482421875	128.819122314453	20.2973537445068	905.758728027344	144.053985595703	14.7784509658813	895.749450683594	152.729629516602	5.79603242874146	869.33984375	147.089904785156	-5.59988832473755	870.433959960938	127.229110717773	9.61928081512451	878.216796875	142.540557861328	-22.440128326416	871.407287597656	129.222518920898	-20.4600238800049	860.934814453125	121.379577636719	-27.5006713867188	858.58251953125	120.927040100098	-4.94638967514038	866.589477539062
PRI-8079	127.458099365234	65.1809234619141	881.660583496094	127.830146789551	60.6226806640625	887.339965820312	129.34440612793	51.1833686828613	906.265563964844	130.446624755859	25.5656871795654	932.984802246094	131.086685180664	21.5629215240479	937.838012695312	133.019912719727	-60.9886360168457	908.386596679688	131.601425170898	-43.711254119873	890.506042480469	130.977767944336	-26.4952335357666	886.925659179688	130.255935668945	-2.144944190979	902.613647460938	129.682846069336	12.0588226318359	889.899658203125	128.577011108398	49.8436660766602	885.78466796875	115.997688293457	58.7152557373047	883.300537109375	115.254722595215	57.3600273132324	883.174560546875	111.501693725586	49.7227783203125	881.361267089844	109.122314453125	37.7375373840332	879.384887695312	114.99063873291	11.1911869049072	881.826843261719	118.49422454834	7.30439710617065	884.500122070312	124.130638122559	49.0385360717773	904.393371582031	127.548133850098	25.1947937011719	924.370422363281	115.373260498047	19.757209777832	936.321838378906	100.151145935059	11.7933759689331	926.451782226562	NA	NA	NA	95.5610427856445	-10.1019945144653	898.740844726562	116.184875488281	7.28176689147949	906.277465820312	101.793991088867	-30.6822967529297	901.433410644531	114.753120422363	-31.3639163970947	890.512329101562	123.811813354492	-37.2259292602539	887.1982421875	123.875419616699	-11.1214647293091	897.324035644531	139.627960205078	59.7994155883789	882.653869628906	140.679336547852	58.7396812438965	882.769714355469	144.221801757812	50.2741622924805	879.628051757812	147.300262451172	38.9654846191406	878.828063964844	144.183364868164	12.7941961288452	881.951171875	140.284255981445	8.33206748962402	884.89794921875	135.057342529297	49.1800880432129	904.341796875	133.468765258789	24.4121208190918	924.644897460938	146.289916992188	21.1906242370605	935.96533203125	161.390411376953	15.3926687240601	924.573181152344	170.44743347168	3.08865475654602	896.710754394531	164.912689208984	-7.84166479110718	896.197448730469	145.010711669922	8.45722389221191	906.360656738281	161.428787231445	-29.6238288879395	899.031494140625	147.387161254883	-29.6008567810059	889.978088378906	138.558975219727	-36.9785308837891	886.488586425781	137.53987121582	-10.8230781555176	897.013305664062
PRI-8083	125.674011230469	53.9911041259766	885.691467285156	126.08602142334	47.2655754089355	892.555603027344	126.829277038574	34.6520004272461	911.153442382812	127.325561523438	12.7686910629272	932.681579589844	127.89323425293	6.1898365020752	940.212097167969	131.254776000977	-69.3887176513672	905.085327148438	129.656799316406	-50.8660087585449	885.509033203125	128.917709350586	-36.1527252197266	882.444274902344	128.407852172852	-12.6720323562622	901.560302734375	128.101913452148	1.42560052871704	889.000366210938	126.361045837402	37.1506729125977	888.522766113281	114.517799377441	48.0979347229004	885.898986816406	112.885124206543	46.0678634643555	885.337646484375	109.561256408691	39.1985054016113	882.983581542969	107.397018432617	27.3276233673096	880.533386230469	111.859794616699	0.504092335700989	880.957458496094	116.088104248047	-3.56359577178955	883.921752929688	121.041198730469	33.1187057495117	908.345031738281	124.347259521484	10.7448225021362	926.541931152344	111.490310668945	7.11599397659302	934.473327636719	95.3786010742188	-3.90053510665894	926.729553222656	84.4943237304688	-13.5237665176392	898.517456054688	92.2301788330078	-22.0605583190918	898.02783203125	113.770606994629	-4.99401617050171	906.223999023438	99.6748199462891	-41.7104110717773	898.155029296875	112.202186584473	-39.8385810852051	886.971862792969	121.396354675293	-45.6925659179688	883.387939453125	120.964530944824	-22.8864154815674	894.860107421875	137.276657104492	47.8617630004883	885.513122558594	139.394775390625	46.440601348877	884.394714355469	142.245178222656	40.2173805236816	881.550354003906	144.869064331055	28.6873779296875	879.487426757812	141.962493896484	1.44548583030701	879.765258789062	138.540939331055	-3.88646078109741	883.015441894531	132.506790161133	32.8996315002441	908.350036621094	130.636611938477	10.3727407455444	926.826232910156	144.699829101562	7.77080821990967	935.548034667969	160.611114501953	-1.61884248256683	926.160461425781	171.80419921875	-9.99405288696289	898.027221679688	163.538497924805	-20.1194381713867	897.493530273438	142.354461669922	-4.50732421875	905.458068847656	158.7333984375	-40.6465759277344	896.908630371094	145.104461669922	-39.1543960571289	885.664978027344	136.569717407227	-45.3729286193848	882.890991210938	136.336059570312	-22.1089916229248	894.62451171875
PRI-8084	129.342468261719	54.0654029846191	877.864074707031	128.960021972656	47.7689819335938	883.670837402344	NA	NA	NA	128.755416870117	11.3869819641113	930.781066894531	128.778427124023	7.65818452835083	935.104064941406	131.851715087891	-70.5175933837891	899.531982421875	131.416259765625	-51.9142150878906	882.719543457031	130.669464111328	-35.1329650878906	879.298217773438	129.24560546875	-11.9502391815186	898.904479980469	129.687194824219	2.15992712974548	887.761657714844	129.380416870117	36.9897575378418	882.828552246094	NA	NA	NA	NA	NA	NA	NA	NA	NA	110.248176574707	31.3072242736816	873.117370605469	112.99382019043	4.57605075836182	874.191345214844	118.653259277344	-2.61131644248962	880.946960449219	NA	NA	NA	125.771148681641	11.111777305603	922.711242675781	114.381721496582	5.42854881286621	933.030334472656	98.2751617431641	0.576441645622253	922.973388671875	NA	NA	NA	94.3202896118164	-22.3448505401611	890.425170898438	115.554252624512	-3.50355100631714	901.798461914062	100.151077270508	-42.1876831054688	892.778198242188	115.279769897461	-39.5795097351074	882.920227050781	123.551620483398	-44.0658340454102	879.93359375	123.445266723633	-21.0485057830811	890.570678710938	139.831466674805	49.8380241394043	878.550109863281	143.72883605957	47.5664367675781	878.162719726562	148.305572509766	40.3356437683105	876.176025390625	NA	NA	NA	146.870407104492	4.74536275863647	874.472717285156	140.800720214844	-2.5770468711853	881.067504882812	NA	NA	NA	131.493988037109	11.0145053863525	923.279418945312	143.583190917969	6.63358116149902	932.131164550781	159.4912109375	3.84018135070801	923.35791015625	175.364898681641	-7.43984508514404	893.848693847656	167.302536010742	-17.5935535430908	891.947692871094	143.008255004883	-2.48271536827087	901.433410644531	161.746612548828	-38.7791061401367	894.013000488281	145.597595214844	-38.2598037719727	882.766723632812	138.536376953125	-44.122127532959	880.489196777344	136.762542724609	-20.3749675750732	890.451477050781
PRI-8085	128.274490356445	56.2496719360352	849.644714355469	128.131698608398	51.5873069763184	856.015075683594	128.129898071289	39.1821441650391	872.966369628906	128.647079467773	13.677303314209	896.856994628906	128.734512329102	10.0005903244019	901.77392578125	NA	NA	NA	125.558059692383	-53.2828636169434	851.882690429688	126.281211853027	-38.034236907959	848.224670410156	127.716293334961	-12.2046508789062	862.697082519531	127.913948059082	2.70324468612671	853.127746582031	128.004760742188	41.7891426086426	853.125244140625	118.049995422363	51.3146133422852	851.710266113281	115.567718505859	47.643611907959	849.927490234375	110.260269165039	42.1885795593262	848.892700195312	107.600288391113	30.042947769165	847.309936523438	112.206031799316	2.58498311042786	844.286987304688	116.902275085449	-2.52724528312683	848.606201171875	122.037887573242	37.7693328857422	870.318969726562	125.37557220459	13.3828115463257	888.979675292969	113.813179016113	8.95760536193848	899.767700195312	97.0653991699219	2.36468958854675	892.473571777344	84.1789779663086	-6.4403510093689	864.494995117188	91.0517501831055	-19.7682590484619	863.233093261719	114.898162841797	-2.41702675819397	868.966186523438	95.4803009033203	-39.008373260498	865.468200683594	111.743095397949	-40.1241111755371	851.981567382812	118.481750488281	-47.229606628418	850.250732421875	119.414169311523	-22.0392913818359	858.144409179688	137.697402954102	51.1569442749023	849.74169921875	141.906173706055	47.3357200622559	847.997436523438	144.714462280273	42.2693405151367	846.751708984375	147.340789794922	29.8940372467041	845.332946777344	143.265579223633	2.76965832710266	842.686218261719	139.052368164062	-2.96909356117249	847.722595214844	133.958923339844	37.306324005127	870.574829101562	130.601196289062	12.7213945388794	888.405700683594	NA	NA	NA	NA	NA	NA	170.159393310547	-9.96567821502686	862.609191894531	163.025360107422	-21.4408531188965	861.961242675781	141.184509277344	-3.5770092010498	868.478576660156	157.800537109375	-42.3888893127441	863.765075683594	141.944839477539	-40.4208145141602	850.331909179688	133.487411499023	-47.9247741699219	849.494995117188	134.466018676758	-21.6441326141357	857.443786621094
PRI-8086	125.409889221191	58.8788948059082	847.576843261719	125.535736083984	53.4459190368652	851.948303222656	126.719696044922	40.6851577758789	871.351745605469	128.790161132812	17.7856521606445	893.52685546875	129.179824829102	13.8905553817749	898.752502441406	128.23747253418	-65.6690902709961	859.491027832031	126.781784057617	-46.9102783203125	842.956726074219	127.259368896484	-30.6461524963379	842.055725097656	128.317184448242	-6.46128225326538	859.469787597656	127.547988891602	8.17989158630371	849.6396484375	125.535667419434	43.6283874511719	849.329284667969	115.746253967285	53.0542678833008	847.278076171875	114.474327087402	51.2605476379395	846.677124023438	110.188346862793	44.981746673584	844.814758300781	106.870666503906	35.2022285461426	842.02734375	111.37361907959	10.0238189697266	841.012817382812	115.413696289062	4.75730228424072	845.416870117188	120.84147644043	39.7127647399902	868.447143554688	125.709701538086	17.1745262145996	886.821838378906	113.307807922363	12.521520614624	896.516906738281	98.3188552856445	5.76997661590576	887.827697753906	83.8920288085938	-3.30200338363647	859.830383300781	91.2175064086914	-15.9438438415527	856.849609375	114.68531036377	3.65056133270264	865.752380371094	97.286018371582	-35.0009803771973	856.965026855469	111.355293273926	-34.3581390380859	844.242919921875	118.599021911621	-38.6989593505859	841.691528320312	120.981353759766	-14.5279426574707	853.40380859375	135.481002807617	53.1497268676758	846.614135742188	136.559906005859	51.756778717041	845.917419433594	140.900695800781	45.8069877624512	842.891540527344	143.439086914062	35.8079109191895	840.075256347656	142.126174926758	9.84048843383789	838.649719238281	138.063903808594	3.54946446418762	843.313781738281	132.16389465332	39.6200675964355	867.951477050781	131.507400512695	16.9070663452148	887.131530761719	145.130477905273	13.1632175445557	895.538146972656	159.576751708984	6.614342212677	884.910339355469	167.729507446289	-3.75962615013123	855.800109863281	163.228012084961	-15.9153642654419	851.701049804688	142.248657226562	4.02571821212769	863.705688476562	157.828094482422	-35.9854850769043	852.844421386719	142.477874755859	-33.7515640258789	842.211120605469	135.485473632812	-38.7470779418945	840.318481445312	134.567672729492	-15.3487901687622	852.198669433594
PRI-8087	111.812561035156	42.3921928405762	894.433227539062	112.141174316406	36.7201232910156	900.631103515625	113.021377563477	25.3985996246338	917.490661621094	114.04345703125	7.07273292541504	936.053100585938	114.220359802246	4.21924018859863	939.679931640625	117.927574157715	-67.8283920288086	905.333129882812	117.418563842773	-50.4142112731934	892.441467285156	115.83910369873	-34.9685668945312	891.249389648438	114.210441589355	-14.2837381362915	905.482543945312	113.609039306641	-0.256874829530716	896.693115234375	112.029693603516	30.1664218902588	897.774169921875	103.543983459473	37.5182800292969	895.419067382812	101.504844665527	35.5005302429199	894.943725585938	99.2405395507812	32.0661315917969	892.5732421875	95.9046783447266	23.1442470550537	890.606567382812	99.0519638061523	0.163472354412079	887.648376464844	103.638473510742	-4.94115781784058	891.808471679688	108.369323730469	26.028564453125	914.051574707031	111.669387817383	6.77341985702515	928.988098144531	101.465522766113	0.450798124074936	938.518859863281	87.799919128418	-5.37561750411987	929.079956054688	76.5583724975586	-11.3171968460083	903.597106933594	83.8516006469727	-24.0925540924072	901.863830566406	101.74779510498	-5.11374187469482	909.689758300781	89.5404663085938	-39.058406829834	902.190612792969	101.48844909668	-38.6636962890625	892.404968261719	109.299865722656	-43.6148872375488	890.081665039062	108.980743408203	-21.6325969696045	899.544128417969	120.743812561035	37.4711265563965	895.0615234375	121.809272766113	36.2516670227051	894.004272460938	124.498718261719	33.2075004577637	891.978881835938	128.677719116211	25.1271705627441	890.286193847656	127.86328125	1.37794935703278	887.369506835938	123.399559020996	-4.07296895980835	891.740844726562	117.44548034668	26.580249786377	913.921447753906	116.119781494141	7.49932861328125	929.333862304688	126.925254821777	2.75676846504211	938.568420410156	141.485382080078	-0.808662831783295	929.358825683594	153.693740844727	-7.73975229263306	903.629821777344	146.876007080078	-20.151668548584	901.103698730469	126.509864807129	-4.10467624664307	909.628845214844	142.674133300781	-36.1613960266113	902.429748535156	130.639709472656	-37.1988105773926	892.183654785156	123.943031311035	-43.254508972168	891.136535644531	120.946502685547	-21.2839813232422	898.94482421875
PRI-8091	136.940734863281	66.2365951538086	883.976501464844	137.006362915039	59.9588966369629	891.119689941406	138.228210449219	46.5310249328613	908.970397949219	139.210342407227	17.5655498504639	931.977600097656	139.391616821289	13.040228843689	937.128295898438	147.017517089844	-67.5975189208984	901.289672851562	145.529693603516	-43.9685516357422	883.465515136719	144.138565063477	-27.9853763580322	880.791442871094	140.574813842773	-4.52774238586426	897.239379882812	140.466430664062	11.4491853713989	887.352600097656	137.951858520508	49.7449417114258	887.100830078125	126.96174621582	60.2335395812988	883.542419433594	123.756973266602	55.4082412719727	881.767211914062	121.214309692383	48.8335838317871	880.360961914062	119.214706420898	37.1145668029785	877.247009277344	124.216957092285	11.684739112854	873.825988769531	130.043487548828	5.84883403778076	879.883422851562	133.08056640625	41.4356384277344	906.764404296875	136.281280517578	15.785737991333	925.468872070312	123.457511901855	10.2309837341309	934.70166015625	107.838714599609	3.67987895011902	924.319702148438	94.0607452392578	-10.7935447692871	895.984313964844	102.890838623047	-19.0239181518555	893.386901855469	127.117500305176	1.96365368366241	902.830993652344	113.462631225586	-37.592601776123	893.935852050781	127.852035522461	-33.288257598877	883.003723144531	137.930648803711	-38.7668342590332	880.546264648438	135.005844116211	-14.9243364334106	890.360046386719	148.153350830078	61.3140525817871	883.98583984375	152.262573242188	57.390941619873	881.944091796875	154.888290405273	51.0884475708008	880.712768554688	158.442016601562	40.9723892211914	878.273376464844	157.2099609375	14.5095596313477	875.4912109375	152.132858276367	7.9935507774353	881.398010253906	144.028259277344	42.3153533935547	907.406982421875	142.188293457031	16.2805213928223	926.164672851562	155.705978393555	12.33030128479	936.1552734375	171.739822387695	10.4993524551392	925.684753417969	188.339889526367	-1.24364125728607	897.119689941406	181.390380859375	-12.0869216918945	894.734619140625	155.868240356445	5.41005229949951	903.422119140625	174.538421630859	-32.331428527832	896.395629882812	159.108444213867	-30.6919116973877	884.311279296875	152.185089111328	-37.0389747619629	880.745910644531	148.992980957031	-13.5718469619751	891.772033691406
PRI-8097	112.450958251953	47.2755813598633	850.718017578125	112.400039672852	43.8958206176758	855.431457519531	112.477264404297	34.5035209655762	872.423400878906	112.008377075195	14.0645027160645	893.861206054688	111.89086151123	10.8082103729248	898.216003417969	114.617256164551	-64.1193237304688	864.994873046875	114.189559936523	-47.707160949707	849.755920410156	114.406066894531	-32.1537857055664	846.43798828125	112.98038482666	-9.18492984771728	863.257202148438	113.245155334473	3.15219759941101	852.878784179688	112.624496459961	34.6419448852539	852.967468261719	102.781761169434	41.8795776367188	850.210021972656	101.584609985352	40.8967208862305	850.020324707031	98.1659698486328	36.7264976501465	849.227905273438	95.4301223754883	26.6498432159424	846.458923339844	98.9140396118164	3.06496262550354	849.427490234375	102.52018737793	-0.784549236297607	849.44482421875	108.021408081055	33.0539245605469	869.400451660156	109.478492736816	13.0180654525757	886.294555664062	98.6749801635742	8.1683521270752	894.989440917969	84.3512268066406	0.69785475730896	885.777709960938	75.3110275268555	-8.21392154693604	862.937622070312	81.4723892211914	-18.6294326782227	860.717163085938	100.228584289551	-1.168496966362	867.655029296875	86.8624038696289	-35.8631858825684	860.642272949219	98.8287353515625	-35.6109733581543	850.354675292969	106.840843200684	-41.1332206726074	847.327087402344	NA	NA	NA	122.215599060059	41.8987922668457	850.656860351562	123.620071411133	41.1579284667969	850.066284179688	NA	NA	NA	130.42936706543	26.0454158782959	846.817138671875	126.540626525879	2.65122532844543	849.710693359375	123.009323120117	-1.10121822357178	849.021850585938	117.297859191895	32.5938415527344	869.84375	114.573165893555	13.6245002746582	886.258911132812	126.216255187988	8.79718208312988	895.936340332031	139.936309814453	2.44410347938538	886.569274902344	150.977249145508	-6.9296760559082	862.502258300781	144.117477416992	-16.8468189239502	859.687866210938	125.984916687012	0.521652340888977	867.918151855469	140.558685302734	-34.1478996276855	861.321716308594	128.346664428711	-34.5892486572266	849.641418457031	121.609603881836	-40.776538848877	847.169128417969	119.583648681641	-17.2626838684082	856.834228515625
PRI-8099	134.278854370117	68.3833694458008	841.571350097656	133.874374389648	60.2501220703125	849.766052246094	133.406295776367	45.6937713623047	868.769409179688	133.206649780273	19.2300300598145	891.998840332031	133.502670288086	14.0622901916504	897.654174804688	138.068893432617	-65.5964584350586	854.660583496094	138.408981323242	-45.2526893615723	837.801025390625	138.023132324219	-26.5954189300537	836.280334472656	135.820297241211	-3.84235548973083	855.269958496094	135.902130126953	12.0188131332397	843.503662109375	134.739776611328	50.4791374206543	844.635314941406	122.918846130371	62.0335807800293	841.548156738281	120.653991699219	60.1355133056641	839.147155761719	118.225509643555	53.5708656311035	835.0703125	116.189765930176	41.8641319274902	832.636169433594	118.921806335449	14.9881296157837	830.772583007812	124.109985351562	8.07837104797363	836.183715820312	127.796501159668	44.1263885498047	864.968078613281	130.217376708984	19.092945098877	883.616760253906	115.013130187988	13.4235963821411	892.909851074219	100.924873352051	2.188396692276	883.436096191406	87.9919052124023	-5.5000433921814	849.541076660156	96.4294281005859	-13.7995710372925	849.005554199219	122.301162719727	5.20492696762085	860.231323242188	106.748550415039	-34.0533790588379	849.01806640625	121.180252075195	-30.4248485565186	838.327331542969	130.132598876953	-35.5234336853027	835.505798339844	129.065002441406	-11.6091003417969	848.044799804688	145.144088745117	61.8981056213379	842.474975585938	148.278991699219	59.8888206481934	840.459411621094	152.243637084961	53.7183113098145	837.250549316406	155.060134887695	42.3362655639648	835.815673828125	154.744232177734	15.6625452041626	832.716186523438	148.155014038086	8.13137626647949	837.467041015625	139.882873535156	44.5324325561523	865.315673828125	136.86149597168	18.0709629058838	884.092529296875	151.774963378906	13.8354597091675	896.115539550781	167.242004394531	4.02191543579102	886.429565429688	183.014114379883	-3.95938539505005	854.784973144531	174.985961914062	-11.9493818283081	852.201721191406	149.698425292969	4.06648397445679	861.618103027344	168.197326660156	-34.8564682006836	851.650451660156	153.940078735352	-30.2989673614502	839.801391601562	145.760437011719	-35.491268157959	836.761962890625	143.63264465332	-12.2068367004395	848.266418457031
PRI-8100	131.139022827148	62.1025543212891	849.03759765625	130.988723754883	56.9532318115234	856.151733398438	131.593948364258	42.900318145752	874.197937011719	132.19758605957	15.4498434066772	895.288879394531	132.454666137695	10.6142845153809	899.876953125	134.88688659668	-66.6664581298828	861.350524902344	134.223281860352	-46.1338691711426	845.294616699219	134.461273193359	-30.6278476715088	844.497436523438	133.334274291992	-6.39140319824219	861.1708984375	132.880355834961	8.48817348480225	850.736755371094	131.395080566406	46.6666488647461	852.410949707031	121.133567810059	56.6623420715332	849.035583496094	117.61506652832	53.6220626831055	847.538330078125	115.483734130859	48.1533508300781	845.518859863281	113.254173278809	37.290340423584	843.715270996094	117.561470031738	11.8991117477417	839.773620605469	122.656440734863	4.76256370544434	845.304077148438	126.101760864258	42.966552734375	869.826354980469	129.055313110352	16.2178859710693	887.760620117188	116.264320373535	8.94727516174316	897.28125	100.691955566406	3.68470573425293	887.299499511719	88.5271835327148	-4.76319932937622	859.414184570312	97.6261672973633	-15.5021047592163	856.84765625	118.205406188965	2.67511796951294	866.753784179688	104.446327209473	-34.1308937072754	856.99169921875	117.94554901123	-32.5589981079102	847.125915527344	127.250526428223	-38.9012870788574	844.671569824219	126.674491882324	-14.6987018585205	855.006469726562	141.670318603516	56.7664070129395	848.938598632812	143.787109375	54.1762962341309	847.27978515625	147.909103393555	48.717830657959	845.656982421875	150.132080078125	38.6207466125488	842.74755859375	148.360168457031	12.3087759017944	839.225891113281	143.137634277344	4.82042026519775	844.750122070312	137.382186889648	42.9984817504883	869.604125976562	135.323348999023	16.4490928649902	887.597351074219	147.779968261719	9.19694423675537	898.266845703125	163.845855712891	4.00569200515747	887.9853515625	177.100311279297	-4.57768249511719	858.9580078125	169.313980102539	-14.729697227478	856.671569824219	147.500305175781	4.51738023757935	866.528076171875	164.570297241211	-35.8420448303223	857.4208984375	150.252563476562	-32.5230484008789	846.138488769531	142.052520751953	-38.8629188537598	844.010192871094	140.974945068359	-14.8381185531616	854.388244628906
PRI-8101	NA	NA	NA	132.241638183594	49.9172172546387	894.101501464844	132.963592529297	34.5138664245605	913.724914550781	134.34440612793	10.5740747451782	935.625549316406	134.991149902344	7.08268165588379	940.881591796875	139.811874389648	-69.9337615966797	904.603332519531	138.006942749023	-50.528865814209	887.797302246094	137.151672363281	-33.9402694702148	885.855529785156	135.860778808594	-12.8041391372681	903.526550292969	133.832397460938	2.77379155158997	892.73291015625	132.470474243164	38.2789764404297	891.130737304688	NA	NA	NA	NA	NA	NA	116.549751281738	39.8372611999512	884.202819824219	113.707725524902	27.3188591003418	883.979675292969	119.230796813965	1.1104621887207	886.281494140625	123.030456542969	-3.4229245185852	887.483337402344	126.212280273438	33.9015846252441	910.528015136719	131.409729003906	11.3797664642334	927.181335449219	119.881072998047	7.00165510177612	936.28857421875	103.947799682617	-3.05798935890198	930.638427734375	91.7128753662109	-12.1120491027832	903.996765136719	99.9014511108398	-23.3050384521484	901.82958984375	120.832572937012	-5.04604911804199	909.412963867188	107.600921630859	-40.6963691711426	900.997863769531	121.110748291016	-38.3696174621582	890.296569824219	129.310119628906	-43.8023109436035	885.017272949219	129.352203369141	-21.92214012146	896.859924316406	NA	NA	NA	NA	NA	NA	149.36181640625	41.1376953125	885.226928710938	151.990295410156	29.140043258667	883.969421386719	148.302856445312	1.75155413150787	886.018493652344	145.548553466797	-2.05844736099243	887.348815917969	138.789489746094	34.5966377258301	910.285583496094	136.944610595703	11.0535869598389	927.636840820312	149.766342163086	8.75350189208984	936.202819824219	165.691329956055	1.45302557945251	930.190734863281	179.143463134766	-8.6006269454956	901.572570800781	170.281875610352	-19.2567501068115	899.342590332031	149.811218261719	-4.26304912567139	909.011840820312	167.804901123047	-38.9866752624512	899.296691894531	153.847854614258	-36.886890411377	888.614013671875	145.100570678711	-43.8404350280762	885.60009765625	143.511901855469	-20.982364654541	896.369934082031
PRI-8644	-1.20462083816528	59.7153396606445	1041.81896972656	-1.18558549880981	56.1130142211914	1034.76831054688	-1.42937505245209	42.709789276123	1011.99066162109	-0.280215829610825	17.5089149475098	987.442565917969	-0.161834135651588	13.1549081802368	981.489440917969	4.60027599334717	-72.3853302001953	1014.39013671875	3.75306272506714	-53.9982795715332	1034.78845214844	2.41317796707153	-36.2872085571289	1038.10778808594	0.958571255207062	-7.8462963104248	1020.89245605469	0.583992660045624	6.54864120483398	1033.4091796875	-0.926188230514526	42.5286636352539	1036.27258300781	10.5474328994751	53.9191093444824	1040.47192382812	12.4284982681274	52.2285499572754	1041.01013183594	17.3482818603516	43.9245300292969	1041.63452148438	20.2618789672852	32.0970115661621	1043.71960449219	17.3735485076904	4.79431915283203	1042.92468261719	12.8945388793945	0.499314576387405	1039.69104003906	3.98787069320679	39.8758125305176	1013.28497314453	3.28940176963806	16.5661544799805	995.325012207031	18.8445873260498	12.646746635437	985.963439941406	35.7009696960449	6.76714420318604	995.372314453125	48.7827758789062	-6.30849933624268	1025.37646484375	40.1174163818359	-16.9206027984619	1025.91796875	14.5363540649414	1.99188995361328	1019.31805419922	35.3904113769531	-37.9308662414551	1022.86169433594	22.4771366119385	-38.9631538391113	1034.36096191406	10.2791271209717	-45.4949264526367	1037.84118652344	10.269736289978	-18.7224578857422	1029.6875	-12.7842874526978	53.1293563842773	1041.17541503906	-14.3990697860718	51.9186325073242	1040.98388671875	-18.2436046600342	42.5195503234863	1043.10791015625	-20.8181266784668	31.5279159545898	1044.58569335938	-16.6017379760742	3.87396264076233	1043.34252929688	-11.2587776184082	-0.328635036945343	1040.17443847656	-6.90913772583008	40.1190338134766	1014.34777832031	-3.78483867645264	15.7433948516846	994.946838378906	-17.4205589294434	11.9173784255981	985.97607421875	-34.5534934997559	4.64200830459595	995.217041015625	-45.8663330078125	-11.7888088226318	1026.48303222656	-36.8068656921387	-19.9238243103027	1026.21472167969	-15.4081773757935	1.1625372171402	1018.90197753906	-30.424243927002	-42.4565963745117	1022.74157714844	-16.6955070495605	-41.4383888244629	1033.54711914062	-5.29547643661499	-46.8189163208008	1038.03039550781	-6.53909540176392	-20.0013561248779	1029.57971191406
PRI-8658	-2.29063606262207	61.1097412109375	1054.49279785156	-2.20889544487	55.483512878418	1045.63842773438	-1.9402596950531	42.743839263916	1023.30694580078	-0.992000162601471	18.0177974700928	993.276489257812	-0.670878350734711	14.4849805831909	986.99853515625	-2.06464052200317	-76.5576324462891	1014.35278320312	-1.81186091899872	-60.2091903686523	1038.07482910156	-2.43214631080627	-43.4384727478027	1042.75671386719	-2.11216282844543	-11.57093334198	1028.90661621094	-2.44767498970032	3.71479558944702	1040.96057128906	-2.64432120323181	43.9144668579102	1048.08020019531	9.54121780395508	55.6174545288086	1052.42102050781	12.4209690093994	53.4736480712891	1053.53942871094	15.7137336730957	45.0868377685547	1055.02185058594	16.822546005249	33.5891571044922	1055.52197265625	14.8716316223145	6.01006126403809	1055.09643554688	10.2184228897095	-1.86497557163239	1048.27233886719	4.15783166885376	41.8961029052734	1026.02563476562	2.53155660629272	16.7850952148438	1001.15393066406	17.2828063964844	12.3401746749878	991.802124023438	34.2407684326172	6.11050367355347	1002.5048828125	46.3257026672363	-11.3202838897705	1031.63037109375	38.2993049621582	-25.6087837219238	1031.46130371094	13.290150642395	0.519227385520935	1026.89855957031	32.2886352539062	-45.720630645752	1028.05578613281	16.4979515075684	-45.7045364379883	1038.115234375	5.78095054626465	-53.9834403991699	1041.33544921875	5.80345153808594	-21.6465835571289	1034.90661621094	-14.6511869430542	55.7862854003906	1052.58666992188	-16.66286277771	53.8622550964355	1053.58813476562	-19.8484153747559	45.205005645752	1054.38403320312	-21.4896259307861	33.4453964233398	1054.64367675781	-19.926664352417	6.04417562484741	1053.73657226562	-14.7343664169312	-2.24922513961792	1046.83764648438	-7.59507942199707	42.8713760375977	1025.73840332031	-4.1355619430542	17.1049003601074	1000.35180664062	-19.2842407226562	13.3188304901123	991.116271972656	-36.2688980102539	6.98952913284302	1001.58190917969	-48.7368087768555	-11.9695053100586	1029.2294921875	-41.6198539733887	-26.2857608795166	1030.02185058594	-16.5367183685303	0.565817952156067	1026.27392578125	-36.2635078430176	-47.4275512695312	1026.16809082031	-19.1036739349365	-47.074535369873	1038.42346191406	-10.1072378158569	-53.6902122497559	1040.25634765625	-9.92438697814941	-22.4483184814453	1034.00500488281
PRI-8660	-1.09817695617676	53.003044128418	1058.64123535156	-0.69877415895462	48.4749374389648	1050.72497558594	-0.496348887681961	40.7586326599121	1028.97790527344	0.797264039516449	18.0322170257568	1002.0810546875	1.11388158798218	14.0421142578125	996.989990234375	-1.86679816246033	-70.803825378418	1027.85461425781	-1.91081309318542	-53.1584777832031	1046.66625976562	-1.80898404121399	-36.2141227722168	1048.85363769531	-1.42183744907379	-8.55269527435303	1035.38391113281	-1.21704375743866	6.66651391983032	1044.58752441406	-1.39012205600739	40.2143249511719	1052.85400390625	9.0175838470459	47.627742767334	1056.95666503906	9.60848808288574	46.5432434082031	1058.02294921875	13.2386693954468	40.8525428771973	1059.42419433594	16.1656646728516	30.1884708404541	1059.64465332031	14.7124967575073	4.7264232635498	1056.91833496094	9.75459289550781	-0.0666921585798264	1052.55395507812	4.93992757797241	40.2991561889648	1031.91772460938	3.11873936653137	19.224817276001	1009.86669921875	17.4822902679443	12.3148832321167	1001.34197998047	33.32421875	5.07891321182251	1014.87078857422	41.1791038513184	-6.44173765182495	1040.37292480469	35.5502891540527	-15.3439149856567	1039.69982910156	13.50403881073	1.78504765033722	1033.08764648438	29.4579410552979	-35.837532043457	1036.75646972656	17.6164398193359	-37.9179801940918	1046.18200683594	6.53073883056641	-46.6353302001953	1049.94494628906	6.04251146316528	-15.6820650100708	1041.35534667969	-11.2765426635742	48.041130065918	1057.462890625	-12.727879524231	47.6019554138184	1057.55249023438	-15.6320810317993	42.5142440795898	1058.29113769531	-18.7641296386719	31.7327194213867	1058.85534667969	-18.4254913330078	5.770423412323	1056.06201171875	-13.4985694885254	0.780220210552216	1051.56176757812	-6.08227348327637	40.4417724609375	1031.90026855469	-2.33175945281982	17.7271499633789	1008.57025146484	-15.3283414840698	12.8632764816284	1000.38787841797	-32.8418807983398	6.55442762374878	1012.39599609375	-43.6980743408203	-5.07553434371948	1037.53491210938	-38.0954780578613	-14.6662864685059	1037.44934082031	-15.879810333252	2.84967422485352	1031.80676269531	-32.9160614013672	-35.6560134887695	1034.75402832031	-21.5913944244385	-37.3391609191895	1045.47912597656	-10.4336729049683	-46.339111328125	1049.44055175781	-9.21033382415771	-15.7295150756836	1041.38317871094
PRI-8666	-1.827712059021	48.3669509887695	1192.908203125	-1.73038828372955	43.7972793579102	1185.62048339844	-1.79574418067932	34.5904579162598	1166.40673828125	-1.44668543338776	18.3737163543701	1142.83837890625	-1.18484377861023	15.3315439224243	1136.58679199219	-3.70592284202576	-66.255989074707	1167.54272460938	-4.16995668411255	-45.5825729370117	1185.37133789062	-4.02605438232422	-29.2237548828125	1186.77722167969	-3.52172207832336	-8.93979740142822	1173.57165527344	-2.8944263458252	3.72150945663452	1181.5986328125	-2.3725438117981	33.913143157959	1186.77880859375	7.9645414352417	43.0914878845215	1192.21240234375	9.0521125793457	41.8453979492188	1192.63842773438	10.7346315383911	37.6334533691406	1194.27124023438	13.6924123764038	27.8138523101807	1195.36535644531	11.7597150802612	3.08150815963745	1191.1416015625	7.01416683197021	-1.09680092334747	1187.56323242188	3.08279609680176	32.4638977050781	1167.69873046875	1.74430334568024	17.0433120727539	1149.51733398438	14.7929048538208	13.796070098877	1141.65417480469	28.045690536499	6.1770281791687	1152.51684570312	36.4912376403809	-9.32097434997559	1178.40905761719	31.3204498291016	-17.0656547546387	1178.31262207031	12.4640941619873	0.404437601566315	1170.25317382812	26.147855758667	-35.7933654785156	1176.38232421875	12.3626556396484	-32.8579788208008	1185.91027832031	2.91650891304016	-38.2194747924805	1187.05493164062	3.55119180679321	-14.5140390396118	1179.21655273438	-12.0727090835571	43.2496871948242	1191.24328613281	-13.3483867645264	42.2123794555664	1191.6748046875	-15.6102180480957	37.8229866027832	1193.45202636719	-18.3091850280762	27.9773330688477	1194.26293945312	-17.8160991668701	3.42130994796753	1189.36560058594	-13.1924343109131	-0.622512757778168	1186.7724609375	-5.97330617904663	33.021354675293	1167.56970214844	-4.55000782012939	16.8682670593262	1149.3662109375	-16.9235782623291	13.8156690597534	1140.43115234375	-31.3348789215088	7.74168348312378	1150.23876953125	-40.8305969238281	-7.28055667877197	1175.40795898438	-36.276969909668	-15.8495254516602	1175.91943359375	-17.1301956176758	1.48543345928192	1168.78137207031	-33.1232261657715	-34.3305931091309	1174.16235351562	-19.4884910583496	-32.6816139221191	1185.06994628906	-11.222092628479	-38.0098762512207	1187.03515625	-9.92241382598877	-15.0750741958618	1179.50817871094
PRI-8873	-0.550884068012238	58.2326545715332	1030.25659179688	-0.46923291683197	52.5815658569336	1024.85144042969	-1.52890861034393	40.2346420288086	997.495422363281	-1.7133264541626	15.8338279724121	972.465637207031	-1.55875742435455	12.5748300552368	967.143127441406	-2.44060564041138	-74.5607147216797	1000.67645263672	-0.922517478466034	-60.8340835571289	1021.66656494141	-0.0513374134898186	-41.3899078369141	1025.01843261719	-1.14737236499786	-14.1227874755859	1011.22192382812	-0.624170482158661	4.53045654296875	1021.07000732422	-0.481297194957733	38.9809150695801	1026.70483398438	11.0035371780396	51.6838150024414	1029.68542480469	11.8390264511108	50.2901306152344	1030.23107910156	15.6486892700195	43.4050445556641	1032.75061035156	19.4445724487305	31.7173023223877	1032.95715332031	17.4002628326416	6.22293186187744	1033.03552246094	12.4239978790283	-2.41984176635742	1027.23876953125	4.63136148452759	38.6893196105957	1001.74530029297	1.63697361946106	14.5609092712402	981.222351074219	15.3368358612061	9.54065704345703	971.302429199219	31.1029529571533	6.33804273605347	980.654113769531	NA	NA	NA	39.3214225769043	-22.9843139648438	1009.88879394531	14.3842487335205	-3.29259252548218	1003.89892578125	32.1120109558105	-44.1041793823242	1008.98559570312	16.5960941314697	-46.0680389404297	1023.11419677734	7.58454608917236	-51.7950820922851	1024.67163085938	6.93422222137451	-21.9352073669434	1015.81799316406	-11.0658435821533	52.1208114624023	1031.63134765625	-14.5422964096069	50.2783355712891	1031.95202636719	-16.7280750274658	43.4445114135742	1034.54956054688	-20.4567184448242	31.966028213501	1034.71545410156	-19.11501121521	7.97649478912354	1034.0380859375	-13.9260740280151	-2.2837438583374	1028.66625976562	-6.72502517700195	37.6610679626465	1001.49108886719	-4.54317808151245	14.7640800476074	981.520080566406	-19.0907955169678	10.0176086425781	972.413269042969	-33.3037338256836	6.83953905105591	982.97705078125	-50.4373054504395	-9.59629344940186	1010.80169677734	-41.3736534118652	-23.1980171203613	1012.35858154297	-17.2732620239258	-2.42055463790894	1003.96948242188	-33.7263526916504	-45.4747047424316	1011.25311279297	-18.3179035186768	-45.3151550292969	1024.35668945312	-9.87851619720459	-50.6343078613281	1025.412109375	-8.55075550079346	-22.609899520874	1016.9794921875
PRI-8885	-0.436721324920654	61.442268371582	1025.39440917969	-0.72967803478241	56.5583534240723	1017.67797851562	-1.91148233413696	43.1831855773926	996.057800292969	-2.61761736869812	17.5316429138184	973.953247070312	-2.59024882316589	12.5964050292969	967.509033203125	-0.987991273403168	-73.8521575927734	1011.3125	-0.0245863161981106	-53.8271865844727	1024.7861328125	-0.199459716677666	-33.379020690918	1024.91748046875	-0.442011266946793	-11.4591464996338	1009.00567626953	-0.52655953168869	5.91041898727417	1017.98883056641	-0.51741236448288	43.1329078674316	1020.02453613281	10.7929916381836	56.728458404541	1025.62292480469	13.0799036026001	54.1055450439453	1026.41455078125	16.8731803894043	47.3715934753418	1029.12060546875	19.4463481903076	36.7220726013184	1030.49719238281	18.2447109222412	9.01886940002441	1031.02770996094	12.4106292724609	1.03417348861694	1025.60998535156	3.89462018013	41.2777442932129	998.787719726562	1.48557412624359	15.6869287490845	979.258911132812	17.5830307006836	9.64243507385254	970.119323730469	36.1869697570801	3.65507674217224	983.703735351562	47.8334770202637	-8.31543254852295	1013.21612548828	39.3923759460449	-19.1279335021973	1012.86944580078	15.0907115936279	1.15979099273682	1002.9033203125	32.2250328063965	-38.1938323974609	1012.72106933594	20.1789855957031	-39.1066093444824	1023.03527832031	8.43530464172363	-44.6025123596191	1025.44421386719	8.1873254776001	-18.5043239593506	1015.01959228516	-11.6500701904297	56.3243217468262	1025.99194335938	-14.0173845291138	52.1360206604004	1027.41967773438	-17.7918529510498	46.7041969299316	1029.22302246094	-19.7379455566406	35.7534790039062	1030.49060058594	-18.0236186981201	7.91991806030273	1031.8896484375	-13.0610637664795	-0.0829283520579338	1026.16650390625	-6.5583643913269	41.2113990783691	999.555603027344	-5.5239577293396	15.9454193115234	978.894104003906	-21.0229988098145	8.96063232421875	971.030029296875	-38.3825492858887	1.05621647834778	982.859802246094	-49.4325218200684	-9.5580005645752	1016.1318359375	-40.3575248718262	-20.2008304595947	1015.13043212891	-16.8867340087891	0.166007071733475	1003.75286865234	-33.5572204589844	-39.0383148193359	1013.97760009766	-17.6799926757812	-38.5256118774414	1023.95068359375	-8.97503471374512	-44.7000732421875	1026.45336914062	-9.71497249603271	-18.97487449646	1015.48645019531
PRI-8886	-1.53449964523315	65.6021575927734	1127.34423828125	-1.28495311737061	59.9393501281738	1119.58532714844	0.205880597233772	45.3436889648438	1099.86767578125	0.850799739360809	21.1206703186035	1079.09985351562	1.19288730621338	17.3401317596436	1073.19543457031	-4.502037525177	-66.2815399169922	1110.21545410156	-6.07895851135254	-44.8077430725098	1128.3720703125	-5.14836263656616	-26.961576461792	1129.20666503906	-3.02387142181396	-5.22597122192383	1114.90710449219	-3.57484149932861	11.55442237854	1122.51318359375	-1.65644776821136	50.5317344665527	1123.59448242188	9.7044849395752	59.7127227783203	1126.14050292969	12.6219339370728	57.2156677246094	1127.17102050781	14.0194110870361	51.085334777832	1130.56701660156	16.3132915496826	40.5393714904785	1133.21130371094	14.5163717269897	14.3551549911499	1135.45251464844	8.95529937744141	6.19067049026489	1130.70263671875	5.06262350082397	44.1700248718262	1104.021484375	3.76035237312317	20.114351272583	1086.53259277344	18.8835220336914	14.2086400985718	1080.05163574219	34.4224967956543	5.83425807952881	1088.54296875	45.9246788024902	-5.4580454826355	1119.23742675781	35.1985244750977	-16.6362152099609	1119.32873535156	13.4768257141113	4.56788778305054	1109.81079101562	28.3297920227051	-34.6196632385254	1119.66735839844	13.2489423751831	-31.1070232391357	1128.62951660156	2.14902067184448	-36.6354064941406	1130.95837402344	4.26255893707275	-11.2105541229248	1121.33935546875	-12.3765058517456	60.7401657104492	1124.07666015625	-16.1057224273682	58.5855827331543	1125.01257324219	-18.7941761016846	51.9851875305176	1126.30749511719	-21.3064842224121	41.6477699279785	1130.83129882812	-21.7756805419922	15.3303451538086	1133.38305664062	-16.043550491333	6.36751508712769	1128.83483886719	-5.56898021697998	44.1907348632812	1102.89929199219	-3.08084321022034	19.9622001647949	1085.62609863281	-17.2258110046387	15.3245286941528	1076.54870605469	-34.3616333007812	8.25962829589844	1082.45764160156	-52.2896385192871	-2.42322278022766	1108.81506347656	-42.3950881958008	-14.017279624939	1112.78137207031	-17.6859531402588	6.69543075561523	1107.24841308594	-36.9183464050293	-33.4589691162109	1114.36511230469	-22.5298690795898	-30.4032707214355	1126.68139648438	-13.1013917922974	-36.6686630249023	1129.68249511719	-11.7731332778931	-10.4012851715088	1120.05932617188
PRI-8889	-1.31005370616913	64.49560546875	1085.21313476562	-0.793799579143524	58.3733863830566	1077.80236816406	-1.02070200443268	41.0386390686035	1058.75366210938	-1.7166074514389	13.8486089706421	1039.7275390625	-1.81600773334503	9.48152446746826	1034.77685546875	-4.66822671890259	-71.3896408081055	1081.04406738281	-3.59834742546082	-49.7842216491699	1094.80908203125	-2.97447776794434	-31.6342468261719	1095.99230957031	-1.58120429515839	-8.03006172180176	1074.95666503906	-1.55081391334534	7.41066884994507	1085.12097167969	-0.853309631347656	46.723461151123	1082.49987792969	8.90857124328613	58.7924537658691	1084.47326660156	11.7868242263794	55.1061592102051	1086.09985351562	13.8836393356323	48.5158004760742	1087.92260742188	17.7160015106201	38.8279113769531	1091.90246582031	17.0436420440674	13.2354125976562	1097.28100585938	11.409351348877	2.81977820396423	1093.21569824219	4.8644552230835	40.0318298339844	1062.62609863281	1.94083380699158	14.2429647445679	1047.66723632812	16.7075004577637	6.33746242523193	1040.15270996094	32.7863960266113	-1.20674097537994	1049.4609375	46.7406692504883	-9.68367385864258	1078.64892578125	38.1005783081055	-21.1222743988037	1079.87915039062	15.079439163208	-0.155757620930672	1070.54443359375	28.3736419677734	-41.0891075134277	1082.36462402344	14.862735748291	-35.220085144043	1094.97705078125	4.18725252151489	-41.0958824157715	1097.11987304688	5.90938997268677	-15.4811630249023	1084.083984375	-11.3097543716431	59.8084716796875	1083.16394042969	-15.0140991210938	56.0444068908691	1085.14929199219	-16.9878921508789	49.7581901550293	1087.39392089844	-20.2998218536377	39.5462188720703	1091.78649902344	-20.7072696685791	14.172755241394	1096.49829101562	-14.6205558776855	3.62947392463684	1093.03637695312	-6.84986925125122	40.4278602600098	1061.88623046875	-4.91471529006958	14.3061294555664	1046.88708496094	-20.3186225891113	7.81673717498779	1039.23059082031	-37.3290786743164	2.2729983329773	1048.20715332031	-52.8188285827637	-8.008376121521	1077.22875976562	-43.1973991394043	-18.6887531280518	1081.08190917969	-19.1468868255615	0.837120532989502	1070.98156738281	-36.7952117919922	-38.8234252929688	1082.03332519531	-21.0617237091064	-34.2394981384277	1092.89514160156	-10.6040630340576	-42.0055618286133	1096.44848632812	-9.61256885528564	-14.8403797149658	1083.98193359375
PRI-8892	-1.58662915229797	66.1111068725586	1083.80029296875	-1.51384103298187	60.2661209106445	1074.8818359375	-2.33126616477966	43.6422233581543	1055.25708007812	-2.28831720352173	19.3049755096436	1033.33984375	-2.31297969818115	15.9705715179443	1028.21838378906	-4.36528587341309	-64.0196533203125	1062.88415527344	-4.43598222732544	-44.0522689819336	1080.36987304688	-4.30509233474731	-26.8679542541504	1083.39990234375	-3.45934677124023	-3.32552409172058	1068.3994140625	-3.12191557884216	12.0085172653198	1077.515625	-2.23509240150452	51.2137489318848	1079.82873535156	8.92208290100098	60.7878227233887	1081.3447265625	10.5191459655762	57.5186538696289	1082.98449707031	14.4044008255005	50.1656799316406	1084.44201660156	15.7976570129395	39.503791809082	1087.52062988281	14.377007484436	13.1810007095337	1089.5908203125	9.58704090118408	6.52937126159668	1085.71374511719	3.9000391960144	43.1487579345703	1059.08081054688	0.32910567522049	18.9639320373535	1041.65454101562	14.6716690063477	13.7019739151001	1032.85913085938	31.3847255706787	8.57678890228271	1041.56518554688	44.7553024291992	-6.11788749694824	1069.29443359375	35.4284782409668	-16.3034324645996	1070.45568847656	13.8439350128174	4.75491380691528	1062.94421386719	27.8392486572266	-34.3037223815918	1071.38549804688	13.1847238540649	-28.6035614013672	1081.13415527344	3.03793740272522	-35.169490814209	1084.44006347656	5.06515312194824	-9.46557998657227	1074.8388671875	-12.8473176956177	61.383171081543	1081.37524414062	-14.7034034729004	58.8082427978516	1081.86450195312	-18.9876289367676	51.5775871276855	1083.50769042969	-21.9424915313721	40.7734832763672	1086.40112304688	-20.9979705810547	14.1826362609863	1088.44067382812	-16.4412403106689	6.56871843338013	1084.73168945312	-7.3538007736206	44.0167617797852	1058.46362304688	-5.41261100769043	18.9730491638184	1040.93249511719	-19.7534122467041	14.5116653442383	1032.01782226562	-35.9572868347168	9.73174858093262	1039.19189453125	-50.8844375610352	-2.41315078735352	1068.35290527344	-42.1172103881836	-13.9339056015015	1070.2080078125	-20.688268661499	4.55500030517578	1062.09777832031	-36.0597305297852	-33.3261833190918	1070.30969238281	-21.501953125	-28.7955741882324	1080.76721191406	-11.923755645752	-35.6568374633789	1083.1015625	-12.0279846191406	-9.48915386199951	1074.81286621094
PRI-8893	-1.23009181022644	63.2165184020996	1077.74230957031	-1.04102802276611	59.1163558959961	1070.21301269531	-2.05478644371033	43.4548606872559	1047.79943847656	-1.65070295333862	21.5721759796143	1028.49389648438	-1.64641976356506	18.5861854553223	1023.21563720703	1.8775075674057	-64.5481872558594	1051.99462890625	1.58998763561249	-47.6919174194336	1074.00708007812	0.547468960285187	-30.6793117523193	1076.76501464844	-0.173803463578224	-5.31497859954834	1062.58361816406	-0.696225762367249	9.76309967041016	1071.6259765625	-0.88025164604187	46.6259117126465	1073.21118164062	9.2501974105835	59.0591812133789	1074.88671875	12.0216627120972	55.3238677978516	1076.0478515625	15.0789279937744	49.1352119445801	1078.56481933594	18.4058094024658	38.1210708618164	1079.46472167969	18.113245010376	13.0050287246704	1082.69873046875	12.1272411346436	4.68010568618774	1078.07824707031	3.35070443153381	42.6932411193848	1052.10766601562	1.18683803081512	21.0240955352783	1034.77026367188	16.9255352020264	16.1791305541992	1026.91296386719	33.4459838867188	8.87531757354736	1034.67517089844	47.0108985900879	-1.04274892807007	1059.83544921875	38.5922431945801	-14.4311475753784	1061.05895996094	15.5719985961914	5.46710777282715	1057.19860839844	32.0406723022461	-33.3737831115723	1061.09619140625	18.9997577667236	-31.9929485321045	1073.76208496094	8.9797191619873	-40.4717826843262	1077.353515625	8.15753841400146	-12.1018877029419	1068.51208496094	-11.3478956222534	57.1572799682617	1076.72204589844	-13.0152864456177	53.5972862243652	1077.82336425781	-16.7330627441406	46.965404510498	1079.39001464844	-18.5139236450195	35.9837379455566	1082.26623535156	-17.0401821136475	10.7435550689697	1084.90747070312	-11.3344631195068	3.68376564979553	1078.80847167969	-6.5138430595398	42.2004623413086	1052.46313476562	-4.98165559768677	20.1302661895752	1034.51965332031	-19.7362194061279	14.9115028381348	1027.04467773438	-36.3841094970703	5.17496776580811	1036.13659667969	-47.0779724121094	-4.45159339904785	1063.18664550781	-38.181224822998	-17.3321914672852	1063.14331054688	-17.2111930847168	3.10819911956787	1057.94311523438	-30.0771083831787	-37.6851234436035	1062.54406738281	-16.9657325744629	-34.602424621582	1075.39892578125	-6.52461004257202	-41.3293418884277	1077.19982910156	-7.53464317321777	-13.6226749420166	1068.66015625
PRI-8895	-2.90007162094116	55.5268020629883	1096.154296875	-3.04377722740173	48.3345031738281	1089.40368652344	-3.49784803390503	37.8897094726562	1071.7744140625	-3.13265419006348	21.3968944549561	1050.75744628906	-3.13197231292725	19.241641998291	1046.75219726562	-1.36419701576233	-58.9786911010742	1079.07946777344	-1.72076547145844	-40.8346557617188	1092.90930175781	-2.66404581069946	-23.5322322845459	1096.06787109375	-2.5661244392395	-2.97763109207153	1081.94458007812	-2.85071206092834	10.2479600906372	1090.60607910156	-3.2453076839447	41.1666259765625	1092.03967285156	6.6443681716919	51.7015113830566	1094.82421875	7.30986642837524	50.1074829101562	1094.67895507812	NA	NA	NA	14.8107318878174	37.424617767334	1099.20056152344	14.2300024032593	13.8905382156372	1100.60510253906	8.53164386749268	6.39265871047974	1096.42395019531	1.89198040962219	38.2047882080078	1074.95202636719	0.277268588542938	20.2723922729492	1057.75476074219	12.8946838378906	15.959641456604	1049.04858398438	27.6151027679443	11.0675659179688	1057.47241210938	38.7228240966797	-1.69678401947021	1083.13049316406	32.6760597229004	-11.6628684997559	1083.43884277344	12.1756553649902	6.29147958755493	1077.2275390625	26.3195457458496	-28.0961475372314	1083.41040039062	13.1769800186157	-24.8683662414551	1093.18347167969	5.6393518447876	-31.8419818878174	1095.12805175781	3.92031812667847	-8.32765674591064	1087.83984375	-12.5823707580566	51.3274192810059	1094.01770019531	-13.1793556213379	50.2902374267578	1093.96032714844	NA	NA	NA	-20.7998542785645	36.9327201843262	1099.11999511719	-19.7769813537598	13.4245014190674	1101.51745605469	-13.7773933410645	6.35664224624634	1097.27294921875	-7.71634244918823	37.7805480957031	1075.44567871094	-5.37020111083984	20.6852073669434	1057.39111328125	-18.7826652526855	16.1116962432861	1049.16076660156	-32.8722229003906	10.7657527923584	1058.27258300781	-43.2278938293457	-1.92951500415802	1084.12646484375	-36.7252998352051	-12.7893514633179	1084.3125	-18.2632064819336	7.44528484344482	1078.03894042969	-30.7866497039795	-30.1779098510742	1084.5126953125	-16.9080677032471	-25.868314743042	1094.384765625	-9.04183387756348	-32.2233695983887	1094.79833984375	-9.17462921142578	-8.62943363189697	1087.74499511719
PRI-8896	-1.52925443649292	54.3297958374023	1083.28405761719	-1.59193813800812	48.9766998291016	1077.06213378906	-1.8593864440918	35.5618591308594	1060.04663085938	-2.87387752532959	16.1411037445068	1040.99572753906	-2.99118971824646	13.1670560836792	1036.87341308594	-4.49375104904175	-63.1374282836914	1069.84545898438	-4.78290605545044	-45.3258056640625	1085.10888671875	-4.18280363082886	-29.075813293457	1088.43811035156	-3.68937921524048	-6.38043165206909	1072.55090332031	-3.44542050361633	7.45069694519043	1081.00964355469	-2.1083619594574	39.1876831054688	1080.48315429688	8.20806121826172	49.3720436096191	1082.37084960938	9.20166110992432	47.4751052856445	1082.21606445312	12.8251495361328	43.0473670959473	1084.11364746094	15.8233308792114	34.3809967041016	1087.23034667969	13.3843965530396	8.2540979385376	1091.31579589844	7.65309858322144	3.35722422599792	1087.58984375	2.48153519630432	34.9397087097168	1062.86364746094	0.404427051544189	15.1916418075562	1047.56420898438	14.2964639663696	10.7295198440552	1040.05407714844	28.8053569793701	5.76523303985596	1048.92211914062	38.767822265625	-5.34781455993652	1073.71606445312	31.6284465789795	-16.6109828948975	1073.24731445312	11.3226842880249	1.90821802616119	1068.53955078125	25.0582160949707	-32.6878242492676	1074.51916503906	12.3612279891968	-31.1317005157471	1084.96044921875	3.12022304534912	-38.0119552612305	1088.06665039062	2.97678875923157	-11.7384872436523	1078.595703125	-11.4621772766113	49.552318572998	1082.38342285156	-13.0434465408325	47.9268035888672	1082.392578125	-16.4210968017578	43.3183937072754	1084.79858398438	-20.4873008728027	34.453971862793	1087.59423828125	-19.5531978607178	9.05920219421387	1090.95080566406	-15.4540557861328	3.85902762413025	1087.29467773438	-6.59033918380737	35.4814910888672	1063.17419433594	-5.59706592559814	15.4017343521118	1046.99658203125	-19.29665184021	11.2094964981079	1039.56469726562	-34.6113243103027	7.50589942932129	1048.98071289062	-46.1389770507812	-4.36513662338257	1072.74047851562	-38.5638160705566	-14.979640007019	1074.0947265625	-17.5900630950928	2.74692940711975	1068.78552246094	-32.7912178039551	-33.3302764892578	1075.63293457031	-19.8699645996094	-30.8308639526367	1086.12548828125	-11.818039894104	-37.4638557434082	1087.75073242188	-10.6157083511353	-11.8730640411377	1079.81958007812
PRI-8902	-1.94879770278931	38.8960075378418	1168.93347167969	-2.04570555686951	36.1713104248047	1160.89123535156	-1.92429995536804	27.2318363189697	1141.08764648438	-0.822436213493347	12.5329847335815	1117.48779296875	-0.915989398956299	11.3350667953491	1113.54895019531	0.806329846382141	-71.0972061157227	1141.32348632812	0.315324634313583	-53.6346626281738	1155.79248046875	-0.808782160282135	-36.7677917480469	1159.63061523438	-0.711812734603882	-13.5750360488892	1148.33618164062	-0.630814015865326	-1.67729032039642	1158.98828125	-1.99755334854126	27.994966506958	1163.13720703125	5.81591844558716	36.8023376464844	1166.97302246094	5.95450448989868	36.2973747253418	1166.52014160156	10.6653919219971	31.9005165100098	1168.25036621094	NA	NA	NA	16.2395057678223	0.143192395567894	1168.3427734375	11.6074523925781	-7.32642030715942	1164.07409667969	3.01407885551453	26.3944892883301	1144.10998535156	2.28069543838501	11.6831693649292	1125.02331542969	15.3453435897827	7.26663112640381	1114.9853515625	30.298698425293	1.76002168655396	1124.96813964844	40.089599609375	-12.3106412887573	1147.23657226562	35.5244216918945	-24.1302146911621	1146.52111816406	15.0979709625244	-4.58947658538818	1142.86987304688	30.2935676574707	-40.022159576416	1145.57849121094	16.1577625274658	-39.2815475463867	1157.45361328125	7.40000915527344	-46.7005615234375	1159.03649902344	6.47409105300903	-19.9167156219482	1153.28344726562	-10.0986185073853	36.1399955749512	1167.57385253906	-10.5296897888184	35.6055946350098	1167.1357421875	-13.8807506561279	31.4210720062256	1168.28149414062	NA	NA	NA	-18.2815551757812	-0.823826909065247	1169.07385253906	-12.4986581802368	-7.42696905136108	1164.59204101562	-6.72452688217163	27.1841449737549	1144.13684082031	-4.03664255142212	11.4760208129883	1125.06323242188	-15.4193429946899	6.7195463180542	1113.6044921875	-31.6513195037842	0.140127316117287	1124.77221679688	-43.3456611633301	-15.5552473068237	1148.10778808594	-36.1222038269043	-25.6658630371094	1148.0224609375	-16.2614784240723	-5.25701093673706	1143.74157714844	-29.7231159210205	-43.5372619628906	1146.68798828125	-16.7725925445557	-41.0287284851074	1157.6708984375	-6.74858999252319	-47.0949249267578	1158.86645507812	-7.70901393890381	-21.057580947876	1153.54565429688
PRI-8903	-0.0716542154550552	57.3481407165527	1154.525390625	-0.215894639492035	53.3457565307617	1146.79956054688	-0.238063186407089	42.3956756591797	1128.09838867188	-1.03039538860321	25.8926811218262	1107.79162597656	-1.04073619842529	23.5874500274658	1102.58911132812	-5.01352500915527	-58.8284683227539	1132.98376464844	-2.6841344833374	-40.3234825134277	1146.81457519531	-2.26678109169006	-23.9371509552002	1150.38500976562	-1.04541480541229	-1.56859040260315	1137.4990234375	-0.921103060245514	13.1405620574951	1146.77648925781	0.117522791028023	44.3139915466309	1149.71166992188	8.59237670898438	53.3266181945801	1154.21997070312	9.60568046569824	51.2540397644043	1154.04907226562	13.0100660324097	47.4751434326172	1154.6806640625	16.9932022094727	37.3344764709473	1155.65734863281	16.4738578796387	13.9831466674805	1156.19860839844	10.0711841583252	6.67567491531372	1152.11645507812	4.58132839202881	42.0705909729004	1131.42834472656	1.90825402736664	24.1870231628418	1113.16442871094	15.1642169952393	20.0880489349365	1105.90380859375	30.3988208770752	12.3420572280884	1114.94299316406	40.8225784301758	-1.25387477874756	1138.83178710938	33.6771354675293	-13.182502746582	1137.97814941406	13.0178518295288	7.70114660263062	1133.75073242188	26.9439754486084	-28.4839668273926	1136.37646484375	14.6362075805664	-26.8914241790771	1147.88342285156	4.83348751068115	-32.6451072692871	1150.20031738281	6.01523351669312	-6.52501535415649	1142.49072265625	-8.77444934844971	53.427074432373	1153.87548828125	-9.92954635620117	51.4379348754883	1153.9013671875	-12.9448575973511	47.6040878295898	1155.34204101562	-17.5370693206787	37.6408958435059	1156.42102050781	-19.0175018310547	14.7661695480347	1156.48083496094	-12.4847917556763	6.67761898040771	1152.78869628906	-5.19815015792847	41.9767799377441	1131.25476074219	-3.83383202552795	24.4992275238037	1113.13806152344	-17.6383571624756	21.3534412384033	1106.68762207031	-32.5271224975586	13.982292175293	1115.48010253906	-43.6877479553223	0.839246571063995	1140.71313476562	-37.9229431152344	-9.74292469024658	1139.75549316406	-15.5808391571045	8.85872268676758	1134.95715332031	-31.8234882354736	-26.6560306549072	1137.58081054688	-18.7541885375977	-25.9030876159668	1148.15197753906	-10.1950044631958	-32.0852394104004	1150.33129882812	-8.13230991363525	-7.01158952713013	1143.15490722656
PRI-8914	-0.97940331697464	59.5379867553711	1167.46716308594	-1.37845492362976	53.1870651245117	1158.21203613281	NA	NA	NA	-1.11367154121399	17.0540885925293	1112.955078125	-1.01311480998993	14.2597074508667	1108.71252441406	-0.524196326732635	-71.3495178222656	1144.91760253906	-1.03330647945404	-50.7804412841797	1160.21203613281	-1.37614452838898	-33.8290214538574	1163.64489746094	-1.42179155349731	-10.4138622283936	1149.56225585938	-1.94097018241882	5.87891578674316	1159.15356445312	-1.79182231426239	43.3225135803223	1163.00695800781	8.28955936431885	55.6358642578125	1166.48913574219	10.8349914550781	53.8037643432617	1167.03723144531	13.8159351348877	46.3094673156738	1168.94982910156	NA	NA	NA	15.6252155303955	12.3709764480591	1170.78369140625	9.63121032714844	1.77204692363739	1165.61535644531	4.00410079956055	37.9135551452637	1141.22619628906	1.42126142978668	16.9083957672119	1121.10266113281	17.9759731292725	10.2126941680908	1111.73608398438	35.5842132568359	4.11021900177002	1121.64294433594	49.8091163635254	-10.8109750747681	1149.49816894531	38.2910385131836	-22.2664775848389	1151.09948730469	15.4521369934082	0.753774881362915	1143.42517089844	31.1245155334473	-40.8491668701172	1150.13842773438	15.295295715332	-36.1857872009277	1161.57250976562	6.94183826446533	-43.4179153442383	1164.03515625	5.69165897369385	-16.6330661773682	1153.57165527344	-11.1271238327026	54.9809913635254	1166.896484375	-13.7225370407104	53.5956993103027	1167.36389160156	-17.4180107116699	46.8026313781738	1169.21398925781	-21.8041725158691	35.8664779663086	1170.66870117188	-19.5157775878906	11.8208179473877	1170.65979003906	-13.0339469909668	1.92366027832031	1165.2294921875	-6.84838199615479	38.0895347595215	1141.52697753906	-4.16387414932251	16.3095054626465	1121.33728027344	-18.41330909729	10.1896162033081	1111.07495117188	-35.7522468566895	2.45410776138306	1119.06970214844	-51.380687713623	-12.4024658203125	1147.44738769531	-41.0217361450195	-22.9673595428467	1150.9130859375	-18.7604713439941	1.43841564655304	1142.77563476562	-33.4765739440918	-40.5270576477051	1150.46301269531	-18.2187805175781	-36.375659942627	1161.943359375	-8.77284908294678	-43.6092491149902	1163.73120117188	-8.5008602142334	-16.9940948486328	1154.77795410156
PRI-8974	-1.4455281496048	52.1167602539062	1165.03857421875	-1.63185691833496	48.699146270752	1156.67749023438	-1.54802799224854	36.2370376586914	1134.83203125	-1.13001763820648	14.2961931228638	1110.22094726562	-1.07890808582306	11.7421312332153	1106.4794921875	-1.8861495256424	-76.3755340576172	1138.17614746094	-1.71387207508087	-58.0571632385254	1155.32861328125	-1.77952611446381	-40.3968734741211	1158.34094238281	-0.969308316707611	-15.8385343551636	1145.72180175781	-1.26814830303192	0.139249876141548	1156.35729980469	-1.89656460285187	37.8762969970703	1159.5126953125	8.14013195037842	47.991771697998	1162.07629394531	9.42444038391113	45.7689094543457	1160.75024414062	13.5234451293945	38.5827560424805	1163.97912597656	17.8584270477295	29.0236053466797	1166.802734375	16.0288524627686	4.063889503479	1168.53747558594	10.1023807525635	-4.95574188232422	1161.94055175781	3.97093319892883	34.9095611572266	1137.61779785156	2.00209927558899	14.3459892272949	1119.21447753906	18.0362548828125	8.34001159667969	1109.74768066406	32.075023651123	1.44608557224274	1117.08569335938	43.9781532287598	-14.1826419830322	1145.13122558594	37.1756744384766	-28.206335067749	1145.39953613281	12.7950296401978	-3.73049449920654	1139.80651855469	29.3414859771729	-46.0270576477051	1143.60998535156	15.3348436355591	-44.0401039123535	1156.75244140625	6.03229475021362	-50.1155815124512	1158.25939941406	5.97664833068848	-22.4331932067871	1151.15124511719	-11.4294242858887	47.7282943725586	1161.81909179688	-14.1564979553223	45.276668548584	1161.38098144531	-17.6633720397949	38.0961036682129	1164.63659667969	-20.7366218566895	27.8204879760742	1167.46618652344	-19.0302219390869	2.89325666427612	1168.51098632812	-12.6978549957275	-5.40109205245972	1161.59802246094	-6.58888959884644	34.616886138916	1137.49523925781	-4.34107494354248	13.9909677505493	1118.51135253906	-19.6566390991211	9.53656387329102	1110.23059082031	-34.0451011657715	2.21361374855042	1116.89135742188	NA	NA	NA	-40.3141479492188	-26.5100574493408	1144.47033691406	-16.9132118225098	-4.41904973983765	1140.05236816406	-32.3569183349609	-46.2638664245605	1143.70092773438	-19.6696662902832	-43.4003028869629	1155.99914550781	-9.64264583587646	-48.9328651428223	1159.67785644531	-8.50913143157959	-22.4678974151611	1150.65356445312
PRI-8981	-1.09655869007111	55.8729476928711	1082.4677734375	-1.00938820838928	51.1382026672363	1073.65649414062	-0.954399645328522	40.0610809326172	1053.42553710938	-0.0654380023479462	22.4227676391602	1032.49340820312	-0.179380103945732	20.7285900115967	1029.38354492188	6.80530452728271	-61.1530609130859	1062.07641601562	5.14298486709595	-41.9447174072266	1077.12133789062	4.8480486869812	-26.7158164978027	1080.91589355469	2.68306636810303	-4.26620388031006	1066.66223144531	1.35482370853424	10.2869539260864	1073.908203125	-0.442669332027435	42.2302589416504	1076.58117675781	8.05817604064941	52.1312255859375	1081.31188964844	9.48855781555176	50.0834083557129	1081.06982421875	NA	NA	NA	18.3173294067383	36.4624443054199	1083.42053222656	19.0808582305908	12.6461629867554	1085.0869140625	14.9795703887939	5.18911790847778	1080.44396972656	3.62872505187988	40.6139526367188	1056.83459472656	3.40115022659302	22.451114654541	1040.66491699219	17.4491844177246	17.5096874237061	1031.12194824219	33.2771644592285	11.0591344833374	1040.32006835938	45.8330383300781	3.86229014396667	1066.50598144531	38.8302116394043	-9.76248931884766	1066.30725097656	17.7200565338135	6.80431032180786	1059.41711425781	34.5288848876953	-28.479585647583	1066.12231445312	21.5213108062744	-27.2289257049561	1078.18884277344	12.0711994171143	-35.1740417480469	1080.45910644531	10.8749723434448	-9.58799934387207	1071.36157226562	-10.1129636764526	50.4960556030273	1081.67028808594	-11.5640144348145	48.0381011962891	1081.73107910156	NA	NA	NA	-17.5798320770264	33.5211296081543	1084.13928222656	-15.1636991500854	9.722487449646	1085.73706054688	-9.84643840789795	3.18279910087585	1080.68737792969	-5.76682901382446	39.6593971252441	1057.98498535156	-3.62965202331543	21.4708042144775	1040.37243652344	-16.7234897613525	14.758074760437	1032.29040527344	-31.9546718597412	6.98005771636963	1042.6513671875	-40.6993179321289	-4.32136726379395	1069.33471679688	-31.3195266723633	-15.0936212539673	1068.88854980469	-14.0184354782104	5.02345371246338	1061.09399414062	-25.505313873291	-33.6437759399414	1068.30749511719	-11.7754049301147	-30.0711040496826	1079.1005859375	-1.00650811195374	-37.3888320922852	1079.39697265625	-3.78078103065491	-11.1718654632568	1072.02038574219
PRI-8988	-0.428351372480392	60.9000129699707	1072.40930175781	-1.19173157215118	55.5599403381348	1065.69543457031	-1.35226655006409	45.7231826782227	1045.6025390625	-1.08244121074677	25.7514171600342	1023.80316162109	-1.12736451625824	23.4212493896484	1019.76129150391	-3.65932750701904	-60.100715637207	1047.87573242188	-4.25966215133667	-42.61279296875	1064.87854003906	-4.15409564971924	-26.7043476104736	1069.82739257812	-3.30163502693176	-1.66371297836304	1056.49243164062	-2.94182181358337	12.9626741409302	1065.20751953125	-2.03813815116882	44.1061325073242	1067.92541503906	8.71212673187256	55.9463119506836	1072.4404296875	10.0180330276489	53.4837646484375	1071.95361328125	13.2800245285034	48.001651763916	1073.52746582031	16.3768291473389	38.6728553771973	1075.78576660156	14.5299158096313	14.0677900314331	1077.59313964844	9.35009956359863	6.69641637802124	1072.38049316406	3.0279061794281	43.4679489135742	1047.00695800781	2.34418630599976	25.7285709381104	1031.466796875	15.7227973937988	19.4402141571045	1023.22698974609	31.8120174407959	12.7750797271729	1034.68603515625	41.7627410888672	-0.215013116598129	1057.89562988281	33.9959907531738	-11.5062999725342	1057.10314941406	13.2770395278931	8.08204936981201	1052.81982421875	27.1479759216309	-30.8094367980957	1056.53271484375	12.5467576980591	-29.0121059417725	1067.74487304688	2.80687308311462	-36.559814453125	1068.76672363281	3.70061612129211	-8.73790740966797	1062.9853515625	-10.3417196273804	56.4270973205566	1071.14599609375	-12.6364307403564	53.380558013916	1071.13806152344	-16.7753524780273	47.8353652954102	1073.27697753906	-19.683801651001	39.0856132507324	1074.00012207031	-19.7872314453125	14.2705192565918	1076.39477539062	-14.3763980865479	7.1747670173645	1071.77185058594	-5.60348415374756	43.4072151184082	1047.53747558594	-4.83759164810181	25.1358070373535	1031.52124023438	-18.6523151397705	19.7795543670654	1022.45874023438	-34.4785079956055	13.2756252288818	1032.7119140625	NA	NA	NA	NA	NA	NA	-18.6605701446533	9.10256385803223	1051.71984863281	-34.6610527038574	-30.3117504119873	1055.00122070312	-19.7822513580322	-28.0441875457764	1068.28942871094	-11.051248550415	-35.1677589416504	1069.56469726562	-10.1309356689453	-8.59943675994873	1062.27563476562
PRI-9013	117.790794372559	57.64501953125	856.523559570312	117.351631164551	50.9648704528809	863.326232910156	116.499153137207	39.387134552002	879.622985839844	116.304901123047	18.1044960021973	898.822998046875	116.195465087891	15.5464181900024	901.955261230469	116.391647338867	-53.9529838562012	862.087158203125	117.188934326172	-34.7406196594238	852.02734375	117.800857543945	-18.8981285095215	850.544067382812	117.161582946777	0.887703537940979	865.269165039062	117.793395996094	13.4271974563599	857.842102050781	117.908981323242	46.3193511962891	859.468505859375	108.312370300293	53.726203918457	856.127380371094	106.54370880127	52.9779014587402	855.871154785156	104.157752990723	49.3837394714355	854.038879394531	100.551765441895	39.2293395996094	851.734252929688	102.447273254395	14.4888620376587	849.984985351562	107.077583312988	10.3439826965332	852.73486328125	112.696273803711	39.4581336975098	877.046569824219	113.972366333008	18.1932315826416	891.66455078125	102.793663024902	12.9174995422363	900.844421386719	89.1860427856445	7.92825937271118	889.449951171875	79.7780456542969	2.80132603645325	864.07958984375	83.9943389892578	-8.27647876739502	862.694152832031	103.630424499512	8.0564489364624	871.477600097656	91.0152130126953	-23.8398208618164	861.304321289062	103.871780395508	-21.4410915374756	851.952270507812	110.24356842041	-27.2861499786377	849.857421875	111.267364501953	-5.76859331130981	860.035766601562	127.746742248535	53.113468170166	856.255615234375	129.625579833984	52.144287109375	855.917846679688	131.571868896484	48.2722625732422	854.034545898438	135.687530517578	38.8494606018066	852.138244628906	133.051803588867	13.4209880828857	850.013366699219	127.828727722168	9.2774486541748	852.938049316406	122.028900146484	40.7809715270996	875.969909667969	118.631904602051	19.1227893829346	891.309020996094	128.315551757812	13.2508239746094	901.328002929688	143.546463012695	8.21205520629883	890.024963378906	154.94758605957	2.18387007713318	865.096862792969	149.722503662109	-8.665283203125	863.031921386719	130.305511474609	7.8579511642456	871.372863769531	143.674652099609	-24.8881874084473	861.877807617188	132.147766113281	-20.8929233551025	852.778503417969	124.858909606934	-27.8368320465088	850.935363769531	122.937126159668	-6.07125473022461	860.6318359375
PRI-9328	0.591880738735199	71.5916519165039	1046.38940429688	-0.319389343261719	62.2873878479004	1038.2783203125	-1.69808280467987	43.6145286560059	1016.92596435547	0.0416628196835518	16.3347015380859	988.420776367188	0.00990877579897642	12.9943704605103	984.306884765625	-4.35782241821289	-77.4898910522461	1021.291015625	-3.54575943946838	-56.9287490844727	1040.72473144531	-2.84842038154602	-39.4781303405762	1042.33666992188	-2.2047963142395	-13.152325630188	1027.70837402344	-2.55130624771118	7.11164426803589	1040.70617675781	-0.483386754989624	50.2704391479492	1043.107421875	13.0107202529907	63.9202613830566	1044.89904785156	14.819899559021	60.0868721008301	1045.23889160156	17.318208694458	52.2766799926758	1047.24951171875	19.8917598724365	39.3075485229492	1052.65710449219	16.0494709014893	12.008020401001	1055.42272949219	8.70502376556396	2.66448259353638	1048.39135742188	4.66007900238037	44.8796348571777	1020.85577392578	1.83106529712677	17.6608638763428	998.848510742188	17.9084644317627	10.7737169265747	989.562316894531	36.5425415039062	4.2197117805481	1000.92816162109	47.6085433959961	-11.7272434234619	1035.37133789062	36.1208190917969	-22.1428890228271	1035.17724609375	13.0508832931519	-0.24279148876667	1024.61389160156	32.0157012939453	-43.4140892028809	1030.20092773438	15.81374168396	-43.4287567138672	1040.64477539062	4.53215312957764	-49.4217910766602	1043.94934082031	6.34654474258423	-22.2881298065186	1034.4814453125	-12.781322479248	64.6612243652344	1044.84008789062	-15.7840938568115	61.6010704040527	1046.064453125	-18.8320713043213	53.7259292602539	1047.61206054688	NA	NA	NA	-21.0863666534424	13.4264936447144	1054.05114746094	-14.6338586807251	2.66578960418701	1047.51953125	-8.26895618438721	44.7380409240723	1020.61932373047	-3.61222410202026	18.4123344421387	998.92041015625	-19.56130027771	12.2893810272217	987.758728027344	-38.65087890625	5.46678447723389	999.648986816406	-51.4040374755859	-9.81807994842529	1033.11059570312	-41.565242767334	-19.9234523773193	1033.07543945312	-17.5305309295654	0.169218719005585	1023.50769042969	-37.5096282958984	-41.3779907226562	1028.42944335938	-21.1522426605225	-41.4085502624512	1038.94055175781	-11.1879930496216	-48.4369812011719	1043.61193847656	-11.079797744751	-21.9873123168945	1033.4326171875
PRI-9329	-0.60653555393219	58.4155426025391	1057.74072265625	-0.296956419944763	55.0998764038086	1050.45495605469	0.671582996845245	41.7214202880859	1028.35266113281	0.351028889417648	21.6356430053711	1001.55712890625	0.30829045176506	18.6287899017334	995.790832519531	0.914850056171417	-67.733268737793	1029.6953125	0.0552651546895504	-49.1421737670898	1045.96887207031	0.42473304271698	-32.8147964477539	1048.51831054688	0.00790919084101915	-7.10822868347168	1036.35668945312	0.0544257238507271	7.69158220291138	1043.87145996094	-0.248245894908905	45.2929077148438	1051.92236328125	9.79854774475098	52.6878776550293	1055.32092285156	12.2261867523193	48.9997482299805	1054.53979492188	15.5918188095093	44.0351486206055	1056.06506347656	18.1725559234619	32.7437133789062	1057.09411621094	15.4672784805298	7.24084234237671	1055.52685546875	11.0207214355469	1.95097410678864	1052.63891601562	5.19927215576172	40.8288917541504	1030.4052734375	3.81938147544861	19.9014377593994	1009.30548095703	18.1140785217285	16.2745780944824	1001.65777587891	33.9953155517578	10.2092943191528	1010.29309082031	44.2043991088867	-7.37792253494263	1038.90197753906	36.2180824279785	-17.0866718292236	1038.53039550781	15.1762161254883	4.68486309051514	1031.42358398438	31.9333782196045	-34.6214981079102	1035.65393066406	17.2635688781738	-35.5213470458984	1047.44079589844	7.97002029418945	-42.2503623962402	1049.1103515625	6.96141719818115	-15.2900352478027	1042.71252441406	-10.010479927063	52.7071495056152	1055.85375976562	-12.9218997955322	48.8472633361816	1055.67590332031	-16.1080856323242	43.8402709960938	1055.90637207031	-18.7359428405762	33.1562042236328	1056.85205078125	-16.8252048492432	7.84135293960571	1055.16418457031	-12.0746393203735	2.13457250595093	1052.13208007812	-3.86645460128784	40.4520874023438	1029.29138183594	-3.17113518714905	20.0082015991211	1009.03326416016	-17.4419326782227	16.1869029998779	1001.10473632812	-33.544620513916	9.57161617279053	1009.59619140625	-44.7342185974121	-7.91834831237793	1036.86059570312	-37.4208717346191	-17.3808765411377	1036.85815429688	-15.4426612854004	4.82260704040527	1031.8349609375	-31.112024307251	-35.5242691040039	1034.35998535156	-16.6605224609375	-35.3387298583984	1047.56860351562	-7.10302543640137	-42.8675270080566	1048.3642578125	-7.79919481277466	-15.2633981704712	1042.42309570312
PRI-9330	-0.523546934127808	55.3513412475586	1064.15625	-0.423590987920761	48.3823776245117	1055.29638671875	-0.364013344049454	41.0085678100586	1035.11267089844	-0.349693685770035	18.6344623565674	1006.17114257812	-0.355352282524109	15.5681571960449	1001.16119384766	-4.33362913131714	-68.7434005737305	1028.25256347656	-3.67144465446472	-52.2151069641113	1047.64990234375	-3.46825337409973	-34.6696586608887	1052.31921386719	-2.06200122833252	-9.11784076690674	1037.07824707031	-1.7310539484024	4.79676532745361	1048.19909667969	-0.920089900493622	39.2372283935547	1057.43762207031	9.31239128112793	49.4527626037598	1062.97448730469	10.6160383224487	48.6265640258789	1062.57019042969	14.1158390045166	42.8194961547852	1063.53918457031	17.1559429168701	32.9626884460449	1062.24572753906	15.5691165924072	6.70126676559448	1059.51879882812	9.28699207305908	-0.777190029621124	1054.46215820312	4.86243581771851	39.5758666992188	1036.54272460938	3.0742883682251	18.1322231292725	1013.86389160156	15.9203081130981	13.7749719619751	1006.19763183594	33.2792739868164	6.35460472106934	1018.07080078125	42.8892707824707	-5.05156230926514	1041.80090332031	33.7243728637695	-18.6946811676025	1040.47570800781	11.7904195785522	0.427538245916367	1034.48791503906	28.3222503662109	-37.1755027770996	1038.28552246094	14.062915802002	-37.6216239929199	1048.38806152344	4.64884567260742	-44.3992309570312	1051.91223144531	4.28147029876709	-16.5861110687256	1043.80310058594	-11.3569669723511	50.1222496032715	1063.26098632812	-12.8392572402954	48.9613876342773	1063.58154296875	-14.5970048904419	43.9400901794434	1063.98767089844	-19.1489086151123	34.1670150756836	1062.15222167969	-18.9505519866943	7.55782985687256	1059.72119140625	-13.3127098083496	-0.0915507823228836	1054.54895019531	-5.60661840438843	39.4165496826172	1036.32470703125	-3.61381125450134	18.4650917053223	1014.16687011719	-18.7454967498779	15.034496307373	1005.85345458984	-34.4561996459961	8.02138996124268	1016.66821289062	-45.8554534912109	-3.11215496063232	1040.48889160156	-37.6334457397461	-17.7460327148438	1040.50109863281	-15.9994697570801	1.2338844537735	1035.46069335938	-35.3870849609375	-36.4477882385254	1038.27746582031	-20.8265190124512	-36.894359588623	1048.51794433594	-11.6214389801025	-44.5862655639648	1051.62780761719	-9.52139854431152	-17.0331573486328	1043.78381347656
PRI-9331	-2.89324569702148	49.0826873779297	1187.86669921875	-2.91388869285583	45.2645149230957	1178.53649902344	-2.30355262756348	35.7356758117676	1158.1865234375	-0.195817485451698	19.3738994598389	1133.12329101562	0.0788515880703926	17.5124416351318	1128.03759765625	-1.7799072265625	-67.8432693481445	1152.60986328125	-2.36306691169739	-52.4527702331543	1169.69128417969	-3.29301691055298	-37.2498893737793	1176.56945800781	-2.20178508758545	-10.2277383804321	1162.7705078125	-2.96611428260803	2.4655749797821	1174.19580078125	-3.18620705604553	35.5714263916016	1179.5458984375	6.65826225280762	43.8383674621582	1186.02026367188	8.82392120361328	41.3060874938965	1186.31677246094	10.9352159500122	36.6191101074219	1188.08825683594	14.0132389068604	26.6796245574951	1189.1064453125	12.8140602111816	3.50956583023071	1186.98583984375	7.85680198669434	-2.55654811859131	1181.27380371094	2.43480396270752	33.8198432922363	1160.80126953125	2.16382336616516	17.0733089447021	1141.08654785156	17.4194946289062	14.4817504882812	1133.42944335938	32.3012809753418	6.1948733329773	1143.25415039062	39.6791381835938	-6.79476690292358	1170.65649414062	31.5890636444092	-18.8074207305908	1168.35693359375	10.8200330734253	0.429410874843597	1163.97253417969	28.5924129486084	-37.2041473388672	1164.68933105469	14.7634420394897	-38.6546669006348	1174.2802734375	4.94257402420044	-46.4775161743164	1174.94921875	5.09339189529419	-18.3253002166748	1170.04821777344	-12.8444042205811	44.257266998291	1185.3662109375	-15.5641469955444	40.9811401367188	1185.91723632812	-17.5186004638672	36.4053382873535	1186.80261230469	-20.5465221405029	26.9092769622803	1187.015625	-19.6926403045654	3.43462705612183	1184.78942871094	-14.5043420791626	-3.27998471260071	1179.99182128906	-6.2656307220459	33.7974510192871	1159.88195800781	-3.81657433509827	16.721170425415	1139.98706054688	-17.2155666351318	15.5069608688354	1130.87365722656	-33.6279716491699	5.50729894638062	1139.22766113281	-44.09130859375	-7.73884534835815	1165.84851074219	-36.6278915405273	-19.2247543334961	1164.01525878906	-17.0712223052979	1.7392669916153	1161.67102050781	-33.6429061889648	-37.627025604248	1161.14587402344	-21.5354080200195	-38.860954284668	1172.2919921875	-10.5793695449829	-47.0458908081055	1173.71520996094	-10.5036706924438	-18.7547740936279	1169.16845703125
PRI-9332	-0.691500306129456	69.1610794067383	1063.32055664062	-0.952845752239227	62.9298629760742	1052.20288085938	-1.69700825214386	47.7295837402344	1030.89306640625	-1.09850227832794	17.04345703125	1006.51354980469	-1.42107021808624	13.0953350067139	1001.77496337891	-0.360882312059402	-68.5929412841797	1040.0205078125	-1.15451228618622	-50.0677452087402	1056.76184082031	-0.977641880512238	-33.4974555969238	1059.36901855469	-0.822015285491943	-7.60240983963013	1043.38024902344	-0.0417742989957333	10.0964756011963	1051.28820800781	-0.979901432991028	51.8642082214355	1056.45178222656	11.3107566833496	64.0637435913086	1061.52941894531	15.3239822387695	60.9543380737305	1062.75305175781	17.7971591949463	53.7872200012207	1064.98266601562	20.6648273468018	40.392448425293	1063.45532226562	18.1740951538086	14.5753221511841	1064.15637207031	11.7888975143433	5.33386707305908	1057.76232910156	4.19247245788574	44.9214782714844	1033.11401367188	2.18759560585022	16.7005882263184	1013.56561279297	16.6040935516357	11.142092704773	1004.97131347656	34.1797294616699	5.53797483444214	1015.78656005859	45.2375946044922	-6.79944705963135	1044.37731933594	37.7192344665527	-16.0135498046875	1044.91064453125	14.0823307037354	3.62014055252075	1037.23376464844	31.9555435180664	-36.877082824707	1043.76318359375	18.2534103393555	-35.7508087158203	1054.78051757812	7.08901453018188	-42.0302543640137	1059.41979980469	7.82719230651855	-14.4637804031372	1049.00329589844	-13.3795433044434	62.9783668518066	1061.99194335938	-16.4173793792725	60.6667709350586	1063.60363769531	-19.0503005981445	52.9109191894531	1065.43310546875	-21.373929977417	40.0418395996094	1064.10522460938	-18.4444236755371	14.2616491317749	1065.55395507812	-12.4433479309082	5.20809364318848	1058.26940917969	-6.74325799942017	45.248966217041	1033.34729003906	-4.69320774078369	16.9898738861084	1014.35021972656	-18.2702827453613	11.1476850509644	1005.89605712891	-36.688892364502	5.53031015396118	1017.48132324219	-48.823616027832	-5.73036050796509	1047.66394042969	-39.8489036560059	-15.6597728729248	1046.64208984375	-16.3430614471436	3.48781943321228	1037.9833984375	-34.162239074707	-35.7981071472168	1044.25231933594	-20.4134368896484	-35.4643135070801	1056.05725097656	-9.15776252746582	-42.5275535583496	1058.91101074219	-9.18256568908691	-14.8364658355713	1049.92529296875
PRI-9333	0.0241103768348694	57.1019515991211	1170.49096679688	0.0995907336473465	50.6116142272949	1161.47534179688	-1.48887813091278	37.9648056030273	1138.2080078125	-3.28686618804932	17.6994953155518	1111.65246582031	-3.42523813247681	15.6126956939697	1107.26635742188	-3.2787024974823	-69.0901947021484	1136.15344238281	-1.69620835781097	-53.073558807373	1158.40942382812	-1.83139204978943	-34.6639289855957	1161.53991699219	-1.97733128070831	-11.2002325057983	1147.41967773438	-1.08433830738068	4.22985649108887	1156.9375	-0.223323687911034	37.6760063171387	1161.896484375	10.0691423416138	50.8272247314453	1168.44323730469	12.3093223571777	48.104362487793	1168.68859863281	15.2807273864746	42.9676780700684	1172.13305664062	18.6344604492188	32.6939010620117	1172.62145996094	18.2194347381592	7.41894960403442	1169.10632324219	11.0105018615723	-1.47675347328186	1163.40051269531	4.84837532043457	37.4070739746094	1141.86291503906	0.146846786141396	16.5584774017334	1119.68896484375	15.4032793045044	10.5963554382324	1110.37609863281	30.4189472198486	3.16395044326782	1120.38110351562	42.8383331298828	-9.55101203918457	1147.50109863281	34.4728660583496	-20.7874603271484	1146.94299316406	13.535945892334	-0.138503924012184	1143.55139160156	27.6406784057617	-40.2547035217285	1144.52600097656	15.5480155944824	-37.5408706665039	1158.04541015625	5.85091924667358	-44.5919609069824	1161.13256835938	6.21020793914795	-18.0100803375244	1152.79809570312	-10.4883527755737	51.4765243530273	1169.42700195312	-13.3727922439575	48.4178886413574	1169.80090332031	-16.0261058807373	42.9280700683594	1170.59167480469	-19.5213260650635	32.6483840942383	1170.06787109375	-18.2040157318115	7.42562198638916	1169.86804199219	-12.9733333587646	-0.832781136035919	1164.63854980469	-7.48097848892212	37.2667999267578	1141.90490722656	-6.21038198471069	16.7292404174805	1118.8125	-20.357213973999	13.7850999832153	1112.20629882812	-36.9252395629883	5.44729566574097	1123.0244140625	-46.202751159668	-8.04159545898438	1153.25048828125	-39.4342918395996	-18.9326019287109	1150.48229980469	-17.7967758178711	-0.0894216373562813	1144.87268066406	-33.6806449890137	-39.9697914123535	1146.97985839844	-19.7387561798096	-36.6719970703125	1160.02709960938	-10.0355806350708	-44.3040580749512	1162.07092285156	-9.54711151123047	-18.0370750427246	1153.61462402344
PRI-9335	-1.50959718227386	52.5386238098145	1173.80236816406	-1.8741067647934	48.9483489990234	1164.6640625	-3.19985747337341	40.0488395690918	1143.97412109375	-3.82321405410767	19.0730876922607	1119.29772949219	-4.05709981918335	17.583366394043	1115.3837890625	-6.72058486938477	-67.0883865356445	1147.03063964844	-5.26579856872559	-50.7345924377441	1161.95385742188	-5.27022886276245	-32.6253547668457	1164.87268066406	-4.00495338439941	-9.74408531188965	1152.30126953125	-3.4105818271637	4.92749166488647	1159.55639648438	-2.3485152721405	39.0041198730469	1166.07629394531	7.82156085968018	45.468677520752	1171.1689453125	9.2133617401123	44.3584938049316	1171.10144042969	11.9254283905029	38.8815879821777	1172.20678710938	14.7398433685303	28.1239395141602	1171.72692871094	13.1939973831177	3.49509692192078	1169.3681640625	6.80965900421143	-0.630634069442749	1165.49279785156	2.26459217071533	38.7791633605957	1146.50634765625	-1.26714038848877	17.9916877746582	1126.46801757812	13.3658933639526	15.3838195800781	1117.29089355469	28.7249145507812	5.61355972290039	1127.12841796875	38.2281303405762	-10.9054918289185	1153.13818359375	30.013650894165	-19.9607048034668	1153.20532226562	10.6638326644897	0.93090695142746	1146.43090820312	24.7152862548828	-37.6805877685547	1151.31286621094	12.7625532150269	-36.7861557006836	1163.15002441406	2.61247539520264	-42.787841796875	1164.94140625	2.7318696975708	-17.744499206543	1158.01220703125	-11.8303689956665	46.421272277832	1172.69982910156	-13.4858751296997	45.4645042419434	1172.6298828125	-16.2656021118164	40.4162292480469	1172.4599609375	-19.6979198455811	29.2066745758057	1172.29833984375	-19.5177345275879	4.35268306732178	1170.07104492188	-14.0018701553345	0.0203483551740646	1165.43383789062	-8.64127731323242	39.1233825683594	1146.66943359375	-6.18861198425293	18.4653854370117	1125.953125	-19.8542594909668	16.4172592163086	1118.30334472656	-36.0819320678711	7.45413970947266	1127.83801269531	-46.0567283630371	-7.5709285736084	1154.75830078125	-38.8497047424316	-17.1429691314697	1154.60961914062	-18.4917659759521	0.75228488445282	1147.89819335938	-35.7315673828125	-34.9401817321777	1151.61157226562	-23.2306671142578	-35.535213470459	1163.85913085938	-13.0272045135498	-42.9363250732422	1164.46618652344	-11.3467578887939	-16.2464294433594	1157.94091796875
PRI-9340	-1.32784938812256	62.7246208190918	1002.08557128906	-1.23630094528198	57.5143013000488	995.740173339844	-2.21583104133606	44.7358551025391	974.835083007812	-1.65191829204559	20.1279716491699	950.985595703125	-1.52484619617462	17.6828918457031	947.135620117188	0.296241164207458	-65.811393737793	981.435180664062	-0.118818916380405	-46.0736770629883	999.412536621094	-0.5230752825737	-28.3532676696777	1003.69982910156	-1.40780973434448	-3.83058762550354	986.320129394531	-1.48697876930237	12.1141271591187	996.148071289062	-0.925589919090271	45.2615585327148	999.850463867188	9.88494777679443	57.8640060424805	1002.41540527344	11.0064973831177	56.8078575134277	1002.97906494141	16.3937892913818	48.2659606933594	1004.89398193359	19.1672267913818	36.8454093933105	1006.66119384766	14.3965368270874	9.98649883270264	1005.42059326172	10.1402282714844	7.40722608566284	1002.29626464844	3.83378410339355	44.0907897949219	978.425231933594	1.78772783279419	20.5878829956055	960.146911621094	16.8344268798828	14.2440519332886	950.238708496094	33.3700485229492	6.89218187332153	958.440856933594	44.8392066955566	-5.69726324081421	990.557922363281	36.3946838378906	-13.4545106887817	989.277099609375	14.3904104232788	7.05794286727905	981.09765625	32.0712776184082	-32.5657348632812	988.221862792969	17.311840057373	-31.109920501709	1000.4443359375	7.20928001403809	-37.9386787414551	1002.84692382812	7.44490194320679	-10.5491638183594	992.511535644531	-13.0796728134155	57.5172500610352	1002.72052001953	-14.3541975021362	56.2934226989746	1003.45745849609	-18.2037315368652	47.7792778015137	1005.55603027344	-21.1232376098633	36.5508995056152	1007.31591796875	-16.4718570709229	9.50514793395996	1005.98071289062	-13.2897329330444	6.58079385757446	1002.87811279297	-7.02096509933472	44.1815147399902	978.516052246094	-5.10485458374023	20.0707569122314	959.753540039062	-20.2851142883301	15.142746925354	950.060241699219	-35.8932495117188	6.70815229415894	959.320434570312	-46.4382247924805	-8.88538360595703	992.381958007812	-39.6580848693848	-13.9088592529297	990.609130859375	-17.3927688598633	7.16310787200928	981.971435546875	-33.6846122741699	-34.5825691223145	989.434936523438	-20.1141128540039	-32.2851333618164	1000.53155517578	-7.77841997146606	-39.1084365844727	1003.02264404297	-8.53338432312012	-11.228009223938	992.491271972656
PRI-9349	-1.64608097076416	53.4827079772949	1065.64807128906	-1.69944703578949	48.8739700317383	1059.36218261719	-1.45667243003845	37.5486068725586	1038.8486328125	-0.0286493636667728	19.5828247070312	1014.54144287109	0.0478052198886871	16.9368858337402	1009.98492431641	0.357172667980194	-67.7428283691406	1043.45959472656	0.538117170333862	-50.5752792358398	1059.4697265625	-0.0891792625188828	-34.0724678039551	1062.06774902344	-0.301170319318771	-7.39634609222412	1048.01904296875	-0.629583954811096	5.59302949905396	1057.69055175781	-1.28228878974915	38.0917930603027	1061.06555175781	8.92974472045898	46.9470405578613	1065.81896972656	10.1577615737915	46.2968978881836	1066.02380371094	13.2530164718628	40.7263107299805	1067.400390625	17.0899181365967	30.2735481262207	1069.08532714844	16.0199928283691	4.9556999206543	1068.86206054688	10.4718503952026	0.734693229198456	1064.6123046875	3.92451596260071	37.4731826782227	1042.86145019531	2.817551612854	18.4308319091797	1022.43640136719	17.2191352844238	16.1735191345215	1014.40295410156	32.2219772338867	8.01334095001221	1025.25109863281	42.5665245056152	-5.71334981918335	1053.29174804688	34.4752578735352	-16.4138126373291	1052.52233886719	13.9538974761963	3.07913732528687	1046.35485839844	31.9729137420654	-34.8511123657227	1050.04516601562	17.664852142334	-34.9278373718262	1060.23840332031	8.02845096588135	-44.2229385375977	1062.89404296875	7.33593368530273	-16.1116218566895	1054.90856933594	-12.3593587875366	46.3289642333984	1066.15393066406	-12.6828422546387	44.6496467590332	1066.69177246094	-16.0748348236084	39.4469337463379	1067.6123046875	-19.5497531890869	29.1774806976318	1069.32189941406	-17.1014518737793	3.94830250740051	1069.05603027344	-12.1211338043213	-0.693714320659637	1064.55139160156	-6.2405219078064	37.1096954345703	1042.30419921875	-3.47580909729004	18.278959274292	1022.51147460938	-16.569242477417	16.0465087890625	1014.57849121094	-32.8972702026367	6.20821952819824	1026.7421875	-43.0006866455078	-8.08284759521484	1052.79699707031	-34.7951240539551	-17.6106719970703	1052.10522460938	-14.9236402511597	2.56049585342407	1046.22180175781	-32.1662712097168	-36.4193267822266	1049.58264160156	-18.0772876739502	-36.3329582214355	1059.95751953125	-7.12321329116821	-45.015323638916	1062.02856445312	-8.01156330108643	-16.1308288574219	1054.51989746094
PRI-9351	1.3796169757843	54.3644752502441	1202.18188476562	0.60941219329834	52.4422264099121	1195.46154785156	-1.09480142593384	42.1124420166016	1173.95544433594	-3.05605959892273	18.665355682373	1147.42834472656	-3.41088342666626	16.1946468353271	1143.33642578125	-3.55516743659973	-71.6503829956055	1172.9697265625	-3.14355444908142	-54.5719680786133	1191.76696777344	-2.79309225082397	-37.2615661621094	1194.6083984375	-2.72523331642151	-7.55416250228882	1182.21569824219	-1.55347037315369	5.78193807601929	1192.13745117188	0.135059371590614	42.6865921020508	1198.119140625	9.20883560180664	49.830940246582	1202.79284667969	12.0312032699585	47.6478958129883	1203.12353515625	14.9766778945923	41.7786865234375	1203.92602539062	NA	NA	NA	16.1521301269531	6.56879377365112	1204.07092285156	10.9852809906006	-0.751420021057129	1199.794921875	4.38619136810303	38.9043273925781	1176.62622070312	0.0291015524417162	18.4905128479004	1157.05810546875	13.4130735397339	13.8350954055786	1147.92822265625	29.6007804870605	7.04856443405151	1157.11547851562	41.1983299255371	-7.17363119125366	1182.65148925781	33.8104133605957	-19.3972129821777	1181.77453613281	11.7243957519531	2.22092700004578	1178.74169921875	29.0198287963867	-37.9428024291992	1180.15869140625	15.9956789016724	-39.6148262023926	1193.087890625	5.10751867294312	-47.5335350036621	1194.79272460938	5.76869583129883	-18.0268211364746	1188.63720703125	-9.28276824951172	49.9745788574219	1203.41528320312	-10.9690837860107	48.820125579834	1204.01904296875	-15.9748210906982	43.8557891845703	1205.263671875	-18.5671005249023	32.9181137084961	1205.70617675781	-17.3441867828369	8.14226531982422	1205.30798339844	-12.6647186279297	-0.358802676200867	1200.12963867188	-6.53356504440308	39.6248321533203	1176.7802734375	-5.45634603500366	18.1195335388184	1156.90234375	-19.1214141845703	15.0656852722168	1149.44445800781	-36.124382019043	9.22629356384277	1161.06213378906	-45.1503753662109	-4.79671192169189	1187.50415039062	-39.1546211242676	-17.9303703308105	1186.27062988281	-16.0492076873779	4.80882406234741	1180.84826660156	-35.6532745361328	-37.141544342041	1183.78344726562	-22.2334251403809	-38.8857612609863	1194.64624023438	-10.5720138549805	-47.2944488525391	1195.72131347656	-10.3611402511597	-18.2286739349365	1189.09167480469
PRI-9352	125.797698974609	67.5743179321289	841.154418945312	126.225952148438	64.2007827758789	846.930847167969	NA	NA	NA	126.286125183105	32.6736373901367	894.073547363281	126.21533203125	30.114990234375	898.96875	128.329925537109	-52.8007011413574	862.495849609375	128.284301757812	-33.1493835449219	847.07470703125	127.77473449707	-17.5973720550537	845.259521484375	126.855751037598	6.78003549575806	861.323486328125	126.970932006836	19.9558887481689	850.804992675781	126.277633666992	52.1831245422363	846.016357421875	115.442108154297	62.9436302185059	841.652160644531	114.184051513672	61.730354309082	841.492309570312	110.54711151123	56.3706245422363	841.475952148438	107.096496582031	45.7415885925293	840.094299316406	109.264846801758	20.8132400512695	840.175720214844	115.555313110352	14.5472860336304	844.297119140625	120.135589599609	52.6294708251953	865.527038574219	123.142303466797	31.9494667053223	886.153564453125	109.794876098633	29.4169521331787	895.951721191406	93.3812103271484	20.9221820831299	883.192016601562	84.0871658325195	4.75233936309814	857.41552734375	92.1661758422852	-4.30897283554077	855.584655761719	115.237907409668	14.6716356277466	864.694641113281	96.3851470947266	-22.3000335693359	859.294006347656	111.589744567871	-21.2038707733154	846.854125976562	120.784652709961	-27.510871887207	844.927612304688	119.976013183594	-0.774759292602539	854.229675292969	136.794082641602	62.999195098877	841.325805664062	138.524658203125	61.5244445800781	841.361999511719	142.053695678711	56.5455322265625	841.351745605469	146.063903808594	46.1415710449219	840.24462890625	144.470657348633	21.3197364807129	839.525512695312	138.184219360352	13.7532339096069	844.315856933594	NA	NA	NA	129.302642822266	32.1301231384277	886.592163085938	142.463272094727	29.6592712402344	895.935302734375	159.819152832031	22.3137607574463	882.927612304688	171.545700073242	7.92534112930298	857.206298828125	162.801574707031	-2.91740322113037	855.886474609375	139.769683837891	14.6331233978271	863.725646972656	159.237335205078	-21.2880744934082	859.140869140625	143.822525024414	-21.1675643920898	847.319763183594	134.981262207031	-27.1674003601074	845.705017089844	134.62126159668	-1.82674217224121	854.163391113281
PRI-9360	-0.665374219417572	61.9554634094238	1202.85388183594	-0.645688652992249	54.8295745849609	1191.14514160156	NA	NA	NA	-3.02690935134888	23.7397899627686	1139.962890625	-3.30753254890442	20.8642520904541	1134.47644042969	-4.15081787109375	-62.4990653991699	1171.01635742188	-2.74366688728333	-42.8278846740723	1189.53479003906	-2.71800208091736	-26.3987903594971	1189.8583984375	-1.80033957958221	-3.57495999336243	1176.57458496094	-0.801590919494629	11.5490121841431	1186.77807617188	-1.04182767868042	43.9433097839355	1193.18444824219	11.1903991699219	56.3883514404297	1201.0986328125	12.3619995117188	54.9615364074707	1200.4736328125	15.8130378723145	48.7017669677734	1201.69958496094	18.4083099365234	37.1853294372559	1201.77160644531	16.1525650024414	11.4181003570557	1201.1669921875	10.6453714370728	4.47818279266357	1193.7255859375	NA	NA	NA	0.053958036005497	23.4005031585693	1147.45837402344	13.6880655288696	18.4773559570312	1139.2880859375	29.8630218505859	11.4448766708374	1150.48193359375	40.8354377746582	0.754727363586426	1177.92944335938	33.6744232177734	-11.6801900863647	1178.28796386719	12.3610143661499	6.70837163925171	1172.13354492188	26.6785678863525	-31.1908397674561	1176.36059570312	13.8934545516968	-31.0215721130371	1187.84008789062	5.21533536911011	-36.5482482910156	1190.51025390625	6.89260673522949	-11.6036615371704	1182.92016601562	-11.6922588348389	55.7584953308105	1202.078125	-13.2873868942261	54.3647727966309	1202.54125976562	-16.1006107330322	48.7235984802246	1203.57397460938	-19.2479438781738	37.4941749572754	1203.41625976562	-18.5193023681641	11.9345712661743	1201.70446777344	-12.6103658676147	4.38901233673096	1193.94946289062	NA	NA	NA	-5.38528251647949	23.1171531677246	1146.90295410156	-18.5463066101074	19.8583221435547	1140.96252441406	-34.4165496826172	12.8368654251099	1153.06811523438	-43.6456489562988	2.15454983711243	1181.95776367188	-36.7214050292969	-10.954270362854	1180.90356445312	-17.1365528106689	8.54123497009277	1172.85034179688	-33.0987167358398	-30.764404296875	1178.72204589844	-21.3191242218018	-31.480281829834	1188.99658203125	-9.86067581176758	-36.8533630371094	1190.74853515625	-10.3920650482178	-10.7541856765747	1183.37316894531
PRI-9361	-0.783001184463501	69.7887268066406	1061.82885742188	-0.940468490123749	65.0400695800781	1051.66650390625	-1.7296302318573	50.3565406799316	1028.26892089844	-0.284302622079849	21.7390823364258	999.634948730469	-0.47755178809166	16.9996700286865	994.345092773438	-4.02515125274658	-70.5739288330078	1034.24963378906	-4.88896322250366	-51.7189102172852	1055.26745605469	-4.74318838119507	-35.1404418945312	1055.89611816406	-3.20880675315857	-6.77347183227539	1040.76416015625	-2.71105456352234	10.1317167282104	1049.78369140625	-1.34443056583405	51.1423187255859	1054.05456542969	10.2607097625732	64.8156433105469	1060.1435546875	14.0179634094238	60.5585136413574	1060.42395019531	17.3413829803467	52.7124176025391	1061.66088867188	19.2853145599365	40.0342102050781	1062.87414550781	14.3939266204834	14.4707632064819	1064.58435058594	7.56248760223389	3.2979211807251	1057.53894042969	4.26679754257202	48.9763526916504	1031.306640625	2.78137564659119	21.0446033477783	1007.45947265625	17.1023273468018	16.56591796875	1000.00103759766	34.6574668884277	6.08722019195557	1011.77813720703	47.1302909851074	-8.52326011657715	1042.76953125	36.5400390625	-18.2472724914551	1044.32507324219	12.053092956543	5.08356380462646	1034.96228027344	28.6725902557373	-39.423511505127	1042.16003417969	14.2451362609863	-39.0105476379395	1053.51477050781	2.74720883369446	-46.114185333252	1056.72583007812	4.40448760986328	-17.6929740905762	1046.63256835938	-12.1661443710327	66.6966171264648	1059.76196289062	-18.0397758483887	61.6402702331543	1060.60266113281	-20.0379295349121	54.3927230834961	1061.31042480469	-21.9524364471436	42.9895973205566	1062.15808105469	-21.0960330963135	16.9148426055908	1062.44616699219	-14.634274482727	5.29246044158936	1056.52722167969	-6.96797227859497	48.8391036987305	1030.20385742188	-4.18420743942261	21.1683673858643	1007.69311523438	-18.8619518280029	17.4078273773193	999.425415039062	-36.9595565795898	8.80777072906494	1008.26647949219	-52.3034515380859	-5.12256717681885	1039.34118652344	-43.3032112121582	-15.6151218414307	1041.73278808594	-18.5265731811523	6.10047054290771	1033.84582519531	-36.9765548706055	-37.7582168579102	1040.07360839844	-23.4184818267822	-37.6321754455566	1052.73181152344	-12.2334537506104	-46.2834930419922	1056.64770507812	-11.762731552124	-17.1997375488281	1046.68737792969
PRI-9363	0.010457357391715	53.9089851379395	1066.4892578125	-0.151483148336411	49.71875	1057.90466308594	-0.885922729969025	38.6512298583984	1035.21118164062	-0.579635500907898	19.4738883972168	1010.70642089844	-0.699423491954803	16.7303371429443	1005.22113037109	-3.73418641090393	-70.2451248168945	1037.37145996094	-2.95704340934753	-50.9601135253906	1054.28637695312	-2.82200598716736	-33.0167007446289	1056.5322265625	-1.75732398033142	-7.37252140045166	1042.89904785156	-1.42378282546997	6.34201002120972	1055.48986816406	-1.0332635641098	39.0828514099121	1059.95263671875	10.2951107025146	49.7615127563477	1065.20397949219	11.4073219299316	47.127986907959	1065.74328613281	14.7952480316162	42.1017990112305	1067.60437011719	18.6726760864258	32.1464195251465	1068.54626464844	15.139123916626	6.49908876419067	1067.40246582031	9.07420921325684	-0.458329290151596	1061.7802734375	3.97867941856384	36.7695045471191	1038.13562011719	2.37303495407104	18.0014572143555	1017.7880859375	17.1474456787109	13.4937772750854	1009.45172119141	32.7999839782715	5.63602256774902	1022.16442871094	41.5249633789062	-6.77459526062012	1046.94482421875	33.8640632629395	-17.9212341308594	1047.65075683594	13.1419315338135	2.27371835708618	1041.21105957031	29.0446681976318	-38.4139938354492	1045.14562988281	14.5902462005615	-37.0084037780762	1054.986328125	4.88226366043091	-42.4505844116211	1056.9501953125	6.09477853775024	-16.42138671875	1049.76232910156	-10.3895444869995	48.9773330688477	1065.59008789062	-12.0911693572998	47.9008903503418	1066.77026367188	-15.6001482009888	42.9017181396484	1068.50146484375	-20.1557273864746	33.1490249633789	1068.25598144531	-18.6676979064941	7.64873361587524	1066.63195800781	-12.5355653762817	0.0494156591594219	1061.30297851562	-6.76979398727417	35.2754859924316	1038.65283203125	-3.63032865524292	18.0647926330566	1016.89343261719	-17.1050605773926	14.7963428497314	1009.30261230469	-34.1950759887695	6.9928936958313	1021.01068115234	-45.0813598632812	-5.6762056350708	1045.78784179688	-38.2622413635254	-16.6818065643311	1046.40234375	-16.0954074859619	2.8052670955658	1040.30212402344	-34.7201118469238	-36.8185844421387	1044.34655761719	-21.1260261535645	-36.9546890258789	1055.900390625	-10.4881143569946	-42.1317024230957	1056.45788574219	-10.4275312423706	-16.0635566711426	1049.31726074219
PRI-9365	1.48420464992523	58.5280532836914	1200.30554199219	0.169238463044167	49.694263458252	1190.12939453125	-1.19685137271881	39.8698234558105	1168.31408691406	-1.6383022069931	20.1525459289551	1142.93835449219	-1.75503075122833	17.4602699279785	1137.68347167969	-3.03119897842407	-64.3327255249023	1174.9130859375	-2.31528449058533	-44.8848915100098	1187.23950195312	-1.86158871650696	-29.3941478729248	1190.06396484375	-1.43150770664215	-9.10032653808594	1176.63757324219	-1.01017260551453	6.19656419754028	1187.05920410156	-0.0747077986598015	39.5182304382324	1191.37622070312	11.1777172088623	53.3759689331055	1198.89074707031	13.5768013000488	48.273681640625	1198.10913085938	16.2690258026123	42.9985046386719	1198.63342285156	20.3740863800049	31.9381427764893	1198.83386230469	18.7764053344727	7.56150341033936	1199.15454101562	10.0317831039429	0.459823608398438	1193.71032714844	3.83449149131775	38.8193855285645	1170.47973632812	1.70959520339966	18.6911811828613	1151.66455078125	15.3457403182983	16.393482208252	1140.36389160156	32.8711700439453	8.01605892181396	1154.07751464844	44.5228271484375	-5.83684253692627	1182.02697753906	35.8881340026855	-16.223819732666	1180.28881835938	11.0416307449341	1.24169397354126	1173.35363769531	29.8577289581299	-34.2547912597656	1176.62768554688	15.3925008773804	-34.0297508239746	1186.55700683594	4.89780139923096	-39.6693305969238	1189.78515625	6.27644777297974	-14.1337032318115	1180.00183105469	-8.93926239013672	53.1790542602539	1199.8115234375	-12.1941537857056	48.5722999572754	1200.12243652344	-15.0423364639282	43.6929054260254	1199.96618652344	-19.5865650177002	34.0962677001953	1199.41491699219	-18.6240539550781	8.08553218841553	1200.85461425781	-11.3060846328735	1.00185966491699	1194.27844238281	-6.24003553390503	38.9851875305176	1171.4052734375	-4.59032773971558	18.4090099334717	1151.99108886719	-17.1220016479492	16.8446769714355	1140.73962402344	-35.7641868591309	9.87588977813721	1155.54455566406	-46.8884239196777	-3.61383962631226	1182.3037109375	-38.4186019897461	-14.0099029541016	1181.19604492188	-14.3378458023071	1.279341340065	1173.8095703125	-34.3806114196777	-33.3456687927246	1177.87268066406	-19.7480659484863	-33.4181861877441	1187.16296386719	-8.66489028930664	-40.0185699462891	1189.4072265625	-9.84677505493164	-14.2145700454712	1180.58276367188
PRI-9369	-1.18997228145599	51.8845748901367	1202.04650878906	-1.34904384613037	48.9876327514648	1195.4423828125	-2.13595294952393	42.3476066589355	1173.63452148438	-2.64661622047424	22.3655033111572	1147.76025390625	-2.69214177131653	19.4415321350098	1142.49169921875	-4.52725553512573	-66.1770401000977	1171.06555175781	-3.37229323387146	-49.5462036132812	1186.6982421875	-2.88549590110779	-33.0144386291504	1191.04406738281	-2.53972697257996	-9.89476013183594	1179.98413085938	-2.21245503425598	5.69593095779419	1189.03564453125	-1.45523416996002	37.458309173584	1195.6875	7.99604988098145	46.536262512207	1200.41296386719	10.2321014404297	44.0606155395508	1200.59143066406	13.7583684921265	38.0592918395996	1201.00219726562	16.6229133605957	27.8223476409912	1201.6083984375	13.3645000457764	2.03265762329102	1199.11999511719	9.14963722229004	-0.931313693523407	1195.24194335938	2.89524936676025	38.9711952209473	1176.05053710938	0.547169089317322	21.0904808044434	1154.53796386719	14.8696203231812	17.7291774749756	1146.57434082031	29.9764347076416	9.33182048797607	1157.37487792969	39.967601776123	-5.60322713851929	1182.59008789062	33.8263740539551	-17.4905166625977	1181.43969726562	10.3283023834229	3.30365967750549	1175.53479003906	27.7984962463379	-35.2039108276367	1177.18029785156	13.6331214904785	-36.4779205322266	1188.916015625	4.61312341690063	-42.9701118469238	1190.11071777344	5.17524766921997	-15.6083354949951	1184.63879394531	-10.9695653915405	47.3233833312988	1201.69128417969	-13.3166828155518	45.155330657959	1201.50439453125	-16.2881603240967	39.7989959716797	1202.30627441406	-20.2005424499512	29.2933387756348	1203.00305175781	-17.7250747680664	3.76146793365479	1200.21142578125	-14.0753135681152	-0.317200720310211	1196.07458496094	-6.95453119277954	39.4242248535156	1175.7099609375	-5.35256338119507	21.4179973602295	1154.52172851562	-19.9481639862061	19.0608921051025	1147.08850097656	-35.4908752441406	11.1692905426025	1160.0576171875	-46.2545700073242	-4.44186210632324	1185.30383300781	-39.3650779724121	-15.1556663513184	1183.53991699219	-17.6202411651611	4.56419515609741	1176.88452148438	-34.7173118591309	-33.5847778320312	1179.35876464844	-21.7989253997803	-35.9552803039551	1190.42797851562	-10.661153793335	-42.9569206237793	1190.33349609375	-10.4987316131592	-15.0883922576904	1185.30212402344
PRI-9380	-3.308345079422	64.4954071044922	1106.13098144531	-2.89593935012817	58.5688209533691	1097.62707519531	-2.82582902908325	46.9210014343262	1077.0830078125	-2.74509692192078	23.0352840423584	1050.66125488281	-2.64309930801392	20.7527828216553	1047.52026367188	-3.41383171081543	-61.424015045166	1079.71423339844	-4.13192224502563	-43.6449089050293	1096.20263671875	-4.28288888931274	-27.0226593017578	1100.640625	-3.4204568862915	-0.793391287326813	1086.35632324219	-3.76510548591614	14.3759679794312	1095.82702636719	-2.92377328872681	49.1057281494141	1099.03051757812	6.76041603088379	59.1320877075195	1105.60168457031	8.99461555480957	56.7646255493164	1105.55737304688	11.7860889434814	51.7802925109863	1107.05932617188	13.5786123275757	42.2293128967285	1107.26696777344	12.7625246047974	17.1390552520752	1106.26721191406	7.08456516265869	9.33548545837402	1102.68444824219	2.78765392303467	46.2380447387695	1080.0732421875	0.401237666606903	22.5706062316895	1058.79931640625	14.4436912536621	16.2775344848633	1050.46301269531	32.2402610778809	10.8449554443359	1064.53295898438	40.65673828125	-2.26337885856628	1089.90112304688	32.1085052490234	-12.1825037002563	1090.142578125	11.630542755127	9.56624889373779	1084.46862792969	25.5745620727539	-31.2396583557129	1087.94287109375	13.0662708282471	-29.4027519226074	1098.30432128906	3.16177082061768	-35.2703742980957	1099.91369628906	4.11938619613647	-10.608021736145	1092.818359375	-13.213282585144	59.4991416931152	1104.95227050781	-15.9894342422485	57.1219024658203	1105.05920410156	-18.333423614502	51.9185333251953	1106.02209472656	-20.85719871521	42.3756256103516	1105.61108398438	-20.5919036865234	17.5473041534424	1105.32019042969	-14.8952054977417	8.96568965911865	1102.08679199219	-8.04740142822266	45.9814414978027	1080.0556640625	-5.90860176086426	22.7264614105225	1059.19665527344	-18.5715675354004	17.5462245941162	1049.40270996094	-36.9771881103516	12.5400972366333	1061.31945800781	-47.7392234802246	-1.166299700737	1087.27172851562	-39.9067230224609	-11.5015335083008	1087.11511230469	-17.5755214691162	9.13106060028076	1083.28857421875	-33.466552734375	-30.1293315887451	1085.58264160156	-20.7334041595459	-29.5992546081543	1096.77172851562	-11.4004802703857	-34.9687995910645	1099.08056640625	-11.6086292266846	-10.1948080062866	1092.43640136719
PRI-9381	-2.48189568519592	53.759391784668	1109.25659179688	-2.67825794219971	51.0457763671875	1104.60705566406	-2.3921754360199	41.669979095459	1084.07592773438	-1.60336422920227	26.7243804931641	1054.92102050781	-1.42029535770416	24.1057968139648	1049.81030273438	0.604096055030823	-61.3941230773926	1070.26123046875	-0.0314670465886593	-47.2848968505859	1089.3818359375	-0.509023189544678	-29.4866237640381	1096.01782226562	-1.75716662406921	-2.02280521392822	1084.13098144531	-1.82377469539642	9.05830097198486	1094.74206542969	-2.55126714706421	39.6157417297363	1104.44641113281	7.89036512374878	48.1952285766602	1108.12731933594	9.2558012008667	46.7005500793457	1108.30712890625	12.4869298934937	41.7846870422363	1108.86108398438	16.1880569458008	31.4851055145264	1109.10925292969	14.4963798522949	6.75870752334595	1104.90649414062	9.22643947601318	2.7855052947998	1100.66967773438	2.47809720039368	40.7812995910645	1086.1708984375	0.865458488464355	24.5368099212646	1063.76928710938	15.7082471847534	21.0609321594238	1055.31701660156	29.715503692627	12.5057830810547	1064.67590332031	40.8948402404785	-1.00634300708771	1086.29272460938	32.5198440551758	-12.0738105773926	1085.16271972656	12.3731803894043	7.58660507202148	1083.21923828125	30.6071834564209	-30.3134994506836	1080.76586914062	18.9764652252197	-31.0756301879883	1093.41638183594	7.80513000488281	-39.9136734008789	1094.81506347656	6.95841360092163	-11.9101152420044	1090.37048339844	-11.980185508728	47.5956192016602	1108.70397949219	-14.3166856765747	46.250904083252	1108.39978027344	-17.2184543609619	41.0075874328613	1108.58386230469	-20.2208499908447	30.8723106384277	1109.24584960938	-17.6533126831055	6.25774240493774	1104.9970703125	-12.1441307067871	2.09077835083008	1100.83959960938	-6.89901685714722	40.3940162658691	1085.98571777344	-4.38630390167236	25.2087745666504	1063.48388671875	-17.8610515594482	21.3718776702881	1054.73498535156	-33.2088356018066	12.0117835998535	1064.16650390625	-42.8643074035645	-3.44982647895813	1087.39465332031	-34.8111190795898	-14.9794683456421	1085.67492675781	-15.7901945114136	6.08849716186523	1083.28100585938	-31.2881107330322	-31.9197807312012	1081.48950195312	-19.0003757476807	-34.5923461914062	1093.18395996094	-8.15935707092285	-40.7711219787598	1094.36608886719	-8.91563415527344	-12.4576930999756	1090.73449707031
PRI-9382	2.59422278404236	58.1690216064453	1105.24340820312	2.01988959312439	54.0263519287109	1097.689453125	0.432482004165649	45.8291969299316	1077.29028320312	-0.86563104391098	26.520902633667	1052.90710449219	-1.18507635593414	23.5200252532959	1048.09509277344	-5.28176403045654	-60.586238861084	1073.96166992188	-3.40795016288757	-42.3158645629883	1091.33081054688	-3.05021619796753	-25.6836566925049	1095.68664550781	-2.24154591560364	-2.01766490936279	1083.50415039062	-0.881268978118896	11.1730604171753	1094.76782226562	1.48421812057495	43.3357467651367	1099.25415039062	11.6586780548096	52.595817565918	1103.06286621094	13.2222385406494	51.4358673095703	1103.33557128906	15.9946880340576	46.6043968200684	1104.37670898438	18.5352554321289	36.3407859802246	1105.6982421875	16.906644821167	11.2119226455688	1104.92846679688	10.8980960845947	5.06997346878052	1099.88452148438	6.27138757705688	43.4813766479492	1080.41870117188	1.90917062759399	26.6569480895996	1060.55798339844	16.2790699005127	21.5975208282471	1052.18518066406	30.4245204925537	11.9134845733643	1060.22265625	41.6737670898438	-1.08522546291351	1083.75427246094	32.5648193359375	-12.4218006134033	1082.69421386719	13.5143365859985	8.76402854919434	1081.23376464844	25.9467620849609	-29.4598617553711	1081.08264160156	14.0725564956665	-29.0467948913574	1092.38818359375	5.2694935798645	-35.3091239929199	1095.15515136719	5.2575044631958	-9.11725902557373	1088.98120117188	-7.33892679214478	53.2691116333008	1104.32250976562	-9.12615203857422	51.995777130127	1104.6826171875	-11.5644550323486	47.1915435791016	1105.67895507812	-15.5586433410645	37.4406661987305	1106.6376953125	-16.4326992034912	12.9922180175781	1106.30651855469	-12.3291463851929	6.36627817153931	1100.7490234375	-4.46646881103516	44.3075485229492	1080.40026855469	-3.86902594566345	26.498197555542	1060.61767578125	-17.7414360046387	23.1978092193604	1053.02966308594	-33.6574859619141	16.3349189758301	1061.88659667969	-44.6864776611328	2.01740312576294	1087.28735351562	-36.1334991455078	-9.78774070739746	1085.11596679688	-16.1333026885986	10.0535364151001	1081.81701660156	-32.514778137207	-27.9715328216553	1083.12707519531	-19.8531494140625	-28.6551151275635	1093.98303222656	-10.8500490188599	-35.4761695861816	1095.630859375	-9.65206527709961	-8.29356575012207	1089.62634277344
PRI-9383	-0.260781139135361	56.807056427002	1094.95874023438	-0.377877175807953	53.1724624633789	1086.67028808594	-2.0037112236023	39.9302864074707	1067.89575195312	-2.92661309242249	19.8661842346191	1048.76733398438	-3.10886216163635	17.3141956329346	1045.03576660156	-2.9621045589447	-60.8120956420898	1076.11901855469	-3.20414781570435	-44.9245452880859	1093.44897460938	-2.98971128463745	-29.3039722442627	1095.86975097656	-3.32167649269104	-4.73339939117432	1081.03649902344	-2.79734063148499	9.16130924224854	1088.56945800781	-1.14584219455719	43.011661529541	1089.51647949219	10.379147529602	51.3515129089355	1094.01708984375	10.5331211090088	50.2179908752441	1094.58142089844	14.566611289978	45.4886322021484	1095.90026855469	17.7474918365479	34.7956428527832	1096.91015625	14.8752660751343	9.02604103088379	1098.45556640625	8.85601902008057	3.31490063667297	1095.17749023438	3.75444054603577	39.7903251647949	1071.92529296875	0.160562738776207	18.4588718414307	1055.72277832031	12.6476364135742	14.187593460083	1047.87133789062	29.2936325073242	7.39158535003662	1057.08679199219	38.442928314209	-7.20896816253662	1083.17260742188	30.4762954711914	-14.0748176574707	1083.26806640625	10.9108657836914	4.29665899276733	1078.1005859375	25.9883251190186	-29.9161243438721	1082.68920898438	12.7298851013184	-32.3986587524414	1092.82495117188	4.31584024429321	-38.5578880310059	1096.16137695312	3.8194477558136	-13.170015335083	1087.64782714844	-10.8732118606567	51.6254653930664	1095.24572753906	-11.8096561431885	50.6970138549805	1095.76782226562	-15.9218263626099	46.1273574829102	1096.76733398438	-20.1728839874268	35.4130668640137	1099.06811523438	-18.7914333343506	9.77993297576904	1100.00744628906	-13.6222925186157	3.17815256118774	1096.423828125	-7.21810436248779	39.8624153137207	1071.99829101562	-5.85410642623901	18.595272064209	1055.45837402344	-19.193021774292	15.1868534088135	1048.6689453125	-35.2574653625488	9.21765613555908	1058.31079101562	-44.2270240783691	-5.27534437179565	1085.41223144531	-35.9980773925781	-13.4640445709229	1085.60229492188	-16.745906829834	5.23710775375366	1078.68774414062	-33.3296241760254	-30.7000141143799	1084.31115722656	-18.8493824005127	-32.6191749572754	1094.79235839844	-10.2603406906128	-39.2219467163086	1096.65014648438	-9.71479511260986	-12.3463830947876	1087.94580078125
PRI-9418	-1.43231844902039	55.3987007141113	1164.14343261719	-1.26259791851044	52.4112815856934	1158.6650390625	NA	NA	NA	-2.25942325592041	20.2106037139893	1106.15319824219	-2.25883722305298	17.4339733123779	1101.021484375	-1.39705002307892	-65.3059997558594	1123.18054199219	-1.31256067752838	-50.4813919067383	1146.87133789062	-1.20214378833771	-35.4818954467773	1151.81591796875	-1.26042115688324	-9.54647445678711	1140.11218261719	-1.61665773391724	5.2281641960144	1149.63403320312	-1.42713677883148	40.4007110595703	1158.93444824219	10.4767866134644	49.2752151489258	1164.21276855469	11.9146480560303	46.3655662536621	1165.00170898438	15.6124725341797	39.9388656616211	1164.03576660156	17.7131938934326	29.0145645141602	1164.10632324219	14.6267051696777	4.6626501083374	1160.02111816406	9.2289400100708	-2.20786309242249	1155.06469726562	2.61071276664734	40.9282188415527	1139.92834472656	0.707002937793732	18.4675006866455	1115.47399902344	15.2780771255493	16.1569309234619	1105.74743652344	32.1913986206055	7.88228559494019	1113.36218261719	45.8087463378906	-9.88675403594971	1141.21008300781	34.2087211608887	-18.2682819366455	1139.31127929688	12.3819913864136	2.45442795753479	1135.45886230469	32.3640823364258	-35.8632621765137	1134.82336425781	16.9840259552002	-38.1246910095215	1148.54333496094	6.432288646698	-45.248046875	1150.39819335938	5.93063068389893	-16.3560657501221	1144.56604003906	-13.1082363128662	49.5245018005371	1164.48156738281	-15.7214431762695	46.6405372619629	1164.84729003906	-18.107234954834	40.4102592468262	1165.3046875	-19.5702323913574	29.0122871398926	1164.50830078125	-17.5394439697266	5.03588914871216	1159.90124511719	-13.2159624099731	-1.56858861446381	1154.39416503906	NA	NA	NA	-4.52073669433594	18.8894195556641	1115.42980957031	-18.6127014160156	17.8957214355469	1106.306640625	-35.4147567749023	11.0532102584839	1115.54040527344	NA	NA	NA	-36.0532455444336	-20.2574195861816	1138.33447265625	-15.415412902832	3.21829891204834	1136.26342773438	-34.3971939086914	-37.2073860168457	1134.78540039062	-19.4017066955566	-38.7535552978516	1148.88940429688	-8.52000617980957	-45.3213424682617	1149.72229003906	NA	NA	NA
PRI-9422	127.435661315918	54.0857620239258	850.106262207031	127.680351257324	48.1120681762695	856.81298828125	128.456451416016	35.4010696411133	874.362243652344	129.712768554688	7.44725847244263	898.411010742188	129.879791259766	3.66014289855957	901.656372070312	133.353729248047	-70.7452087402344	862.253967285156	131.119567871094	-51.5433387756348	845.455871582031	131.493606567383	-35.322509765625	844.676940917969	130.209106445312	-11.3893480300903	863.272583007812	129.940017700195	4.06034851074219	852.427429199219	128.127502441406	39.3476943969727	853.032043457031	118.440895080566	48.9672241210938	850.131164550781	115.591819763184	46.4269485473633	849.315063476562	113.02889251709	40.7719345092773	847.123474121094	110.529243469238	30.8752632141113	845.813598632812	114.738067626953	5.72297668457031	843.292907714844	119.142837524414	-0.315315067768097	847.272766113281	123.499557495117	34.7899169921875	871.343872070312	126.757354736328	8.92984390258789	889.190246582031	114.896850585938	1.60955834388733	900.814086914062	99.4427795410156	-3.83962321281433	891.392517089844	85.5107574462891	-11.5619125366211	861.813171386719	93.8120498657227	-22.3889236450195	858.347595214844	117.520500183105	-2.91513466835022	869.006469726562	102.216682434082	-41.4924659729004	858.252624511719	115.526138305664	-38.3991508483887	847.507629394531	123.991119384766	-44.2244720458984	844.057312011719	123.161407470703	-20.4463195800781	855.911315917969	137.539855957031	50.1084976196289	850.829467773438	141.213973999023	47.4637718200684	849.338562011719	143.85334777832	42.3240509033203	847.809509277344	147.389419555664	32.5627784729004	845.191467285156	145.713470458984	6.68517160415649	842.696899414062	140.505416870117	-0.0584500506520271	846.836975097656	133.896636962891	35.1030883789062	870.546325683594	132.029830932617	9.95922946929932	889.548278808594	144.500701904297	3.16445565223694	900.103820800781	160.404205322266	-0.516197025775909	891.110107421875	175.569198608398	-8.9103307723999	859.823364257812	167.657501220703	-19.690185546875	855.911376953125	143.694412231445	-1.93485879898071	867.953918457031	161.504165649414	-38.9729194641113	856.596984863281	146.580551147461	-37.1697731018066	845.538269042969	138.234817504883	-44.3222236633301	844.134338378906	137.654632568359	-19.9487476348877	854.973999023438
PRI-9429	-2.04736113548279	79.1595916748047	1010.06823730469	-1.61089491844177	73.300048828125	1001.44995117188	-1.69956266880035	57.774772644043	977.195678710938	-0.857585370540619	24.0840892791748	948.614990234375	-0.839173853397369	21.148853302002	944.449829101562	-2.45753073692322	-64.9775772094727	982.256408691406	-3.4423725605011	-46.561710357666	1002.99420166016	-3.43818473815918	-27.138298034668	1004.50579833984	-2.22345852851868	-4.72674560546875	989.087341308594	-2.24665904045105	15.9636573791504	1000.26513671875	-1.82942593097687	61.6367607116699	1005.28851318359	10.2172555923462	74.8446731567383	1008.54705810547	NA	NA	NA	NA	NA	NA	17.4279193878174	49.452579498291	1015.34222412109	15.1059103012085	24.0524024963379	1016.48657226562	9.42922115325928	9.02000999450684	1008.27288818359	4.43460607528687	55.0605926513672	980.012634277344	1.8348194360733	24.1880836486816	958.537109375	18.4321727752686	18.9587516784668	948.55615234375	36.4273300170898	12.4461088180542	964.767150878906	46.5159530639649	1.02113258838654	992.865600585938	35.6497459411621	-12.1824083328247	993.729553222656	11.7423267364502	8.06333827972412	983.8662109375	31.167552947998	-32.6384925842285	991.295471191406	14.5482940673828	-32.1141052246094	1003.87750244141	4.88633108139038	-38.487060546875	1005.70397949219	6.28831386566162	-11.004322052002	995.22021484375	-13.4854574203491	72.7898864746094	1009.68823242188	-18.357967376709	70.6576614379883	1012.76672363281	-21.1210479736328	61.5457153320312	1013.25146484375	-21.8330841064453	49.8468322753906	1014.99169921875	-20.4579410552979	24.3303718566895	1014.88049316406	-15.2119026184082	9.77121734619141	1006.98547363281	-8.35615158081055	55.8667755126953	980.811340332031	-3.82889199256897	24.3312969207764	957.775756835938	-18.9942874908447	20.5754661560059	950.210083007812	-39.2648849487305	14.6313915252686	962.559204101562	-51.0832862854004	3.93257212638855	992.968444824219	-41.2456283569336	-11.2189493179321	992.961975097656	-17.0813732147217	9.64264488220215	984.392333984375	-36.8339538574219	-31.8009853363037	990.527404785156	-21.2326488494873	-31.2063636779785	1002.35235595703	-11.5033044815063	-38.6937484741211	1004.88012695312	-11.4430475234985	-10.3393630981445	994.548950195312
PRI-9691	-1.87407410144806	52.9784317016602	1001.80688476562	-1.86758124828339	49.1398963928223	996.382690429688	-2.83161497116089	37.2280769348145	976.224182128906	-2.61743903160095	18.6199054718018	951.198913574219	-2.71034216880798	16.0139064788818	946.452941894531	-2.11026000976562	-69.1066741943359	985.206420898438	-2.13208484649658	-48.8800849914551	997.160888671875	-2.20470952987671	-32.496208190918	999.148742675781	-1.63164114952087	-8.52989768981934	983.075805664062	-1.74567234516144	5.03443384170532	993.765625	-2.35282039642334	39.2648468017578	997.488952636719	8.7895097732544	48.2409019470215	999.320739746094	9.38871765136719	46.7322196960449	999.830322265625	12.0678243637085	41.9515609741211	1002.19390869141	15.3054838180542	31.8851470947266	1003.40759277344	13.8840837478638	7.57871055603027	1002.81536865234	8.62516689300537	0.643060684204102	998.179504394531	2.5221631526947	35.1771278381348	978.293762207031	0.455819368362427	17.4675960540771	958.182678222656	14.7960233688354	13.4808416366577	948.538391113281	29.6873683929443	6.48378944396973	961.450805664062	38.8184661865234	-6.4368896484375	986.2294921875	32.2755126953125	-17.2480716705322	985.800537109375	12.296703338623	2.22283053398132	978.437316894531	28.0493068695068	-35.400218963623	984.585266113281	15.7532215118408	-36.2942886352539	996.452941894531	5.72819805145264	-42.6160049438477	998.798950195312	4.92629194259644	-15.7657852172852	990.068176269531	-12.4212083816528	48.0083770751953	1002.22326660156	-13.340087890625	47.5523490905762	1002.48968505859	-15.6973247528076	42.3630142211914	1002.28167724609	-18.9470596313477	32.4413604736328	1004.27526855469	-17.4111557006836	7.92454814910889	1003.99865722656	-11.5762023925781	1.14847850799561	998.486328125	-7.5520429611206	35.6501731872559	979.17919921875	-5.61543416976929	17.6532573699951	958.183898925781	-20.0280151367188	13.1802997589111	948.992248535156	-34.5311851501465	6.15187692642212	961.906188964844	-43.2036895751953	-7.41629791259766	987.756103515625	-36.6940879821777	-17.2005233764648	986.905944824219	-16.7602806091309	0.695824205875397	978.768615722656	-32.6698188781738	-36.4465446472168	986.119873046875	-19.5205535888672	-36.273998260498	997.44384765625	-9.73484420776367	-42.2047233581543	999.190856933594	-9.0835771560669	-15.5390205383301	989.578308105469
PRI-9709	-4.41681289672852	62.1210289001465	1007.0673828125	-3.59635376930237	57.2258682250977	999.489318847656	-2.1893937587738	40.2871589660645	975.780944824219	-0.159804746508598	12.9115514755249	948.313232421875	0.180633962154388	10.0677509307861	943.513549804688	-0.582440972328186	-82.3170623779297	977.778137207031	-2.3562593460083	-64.090690612793	994.987915039062	-3.08602261543274	-46.7611999511719	1000.42340087891	-2.39951014518738	-18.1744918823242	987.237182617188	-3.22282028198242	2.74287867546082	997.910888671875	-3.6844527721405	45.0900039672852	1003.04077148438	7.3179440498352	57.7503623962402	1007.86499023438	10.1751728057861	55.4979591369629	1008.97369384766	13.8029251098633	47.701171875	1012.14276123047	NA	NA	NA	15.0553894042969	8.47069835662842	1011.99951171875	9.1848726272583	-3.23156118392944	1005.38201904297	3.17495059967041	39.046329498291	977.919860839844	2.62690138816833	11.9247255325317	956.734497070312	17.4204902648926	6.41637563705444	948.688171386719	37.2198181152344	-1.31729376316071	960.735412597656	48.3729629516602	-14.899151802063	993.762512207031	38.4369163513184	-27.4971218109131	990.893005371094	12.1880931854248	-4.89659738540649	982.810974121094	34.0575141906738	-49.0871734619141	986.445068359375	15.319806098938	-48.8828620910645	997.548583984375	5.73194169998169	-56.7434158325195	999.867858886719	6.47442770004272	-27.3324546813965	992.65673828125	-14.6324129104614	58.0205955505371	1006.27502441406	-18.9224624633789	54.150951385498	1007.7197265625	-21.3390293121338	48.2580680847168	1010.34045410156	-24.2643585205078	36.1852378845215	1010.35009765625	-22.6761779785156	8.63176441192627	1010.26239013672	-15.0713157653809	-3.79860925674438	1004.44635009766	-8.80282211303711	39.0461235046387	977.759948730469	-4.00485944747925	11.9956455230713	956.361572265625	-17.717155456543	6.6140513420105	945.6962890625	-37.6769104003906	-1.82930862903595	954.98876953125	-53.0388793945312	-18.2734470367432	989.282470703125	-41.5356025695801	-29.0640068054199	987.595947265625	-16.9995193481445	-5.11462831497192	981.786071777344	-37.799243927002	-51.2667655944824	982.617858886719	-21.0421772003174	-50.4447326660156	997.222045898438	-10.5887908935547	-57.4191436767578	999.116149902344	-12.1496629714966	-28.1781463623047	992.508361816406
PRI-9824	-2.31195616722107	61.6941452026367	1160.57788085938	-2.01045393943787	57.991096496582	1156.09362792969	-1.07875883579254	49.9844779968262	1136.58422851562	-1.163498878479	28.0513153076172	1112.55590820312	-0.715074717998505	26.2303676605225	1108.40454101562	-11.4251861572266	-57.4230003356934	1142.85632324219	-11.3120546340942	-38.7613258361816	1160.49829101562	-10.8647117614746	-22.943380355835	1162.13586425781	-6.85302257537842	0.39273726940155	1147.13830566406	-6.41037130355835	15.2923889160156	1157.41906738281	-2.68605303764343	48.6865386962891	1159.03002929688	7.82390546798706	56.0551414489746	1163.59448242188	8.67777347564697	54.1525268554688	1164.47717285156	11.4197816848755	47.7809829711914	1166.33837890625	13.1556720733643	38.3306732177734	1169.38317871094	8.89309024810791	13.7921380996704	1170.78161621094	4.51390218734741	8.82672882080078	1164.10498046875	3.13391065597534	46.5495986938477	1139.05627441406	1.56571412086487	26.445930480957	1120.88073730469	15.1370878219604	22.1224994659424	1113.90625	29.7881412506104	13.8424625396729	1126.91540527344	36.8805809020996	-2.80175018310547	1154.86743164062	28.9270668029785	-9.936936378479	1153.16223144531	8.03896808624268	8.63130187988281	1143.44360351562	20.4697456359863	-28.8865032196045	1151.09338378906	6.62108993530273	-27.2947673797607	1161.02014160156	-4.35430097579956	-33.5553131103516	1163.01879882812	-1.81443774700165	-6.51549434661865	1154.04223632812	NA	NA	NA	-15.2553033828735	55.5545806884766	1161.36499023438	-19.2133522033691	49.8554573059082	1162.44958496094	-23.1035842895508	40.7252960205078	1164.64501953125	-23.7160606384277	16.1468715667725	1166.93054199219	-18.6387729644775	9.97210025787354	1161.82214355469	-5.52607202529907	47.9565773010254	1139.07824707031	-5.17515230178833	26.7031230926514	1120.48620605469	-17.1381587982178	23.9498062133789	1111.12109375	-35.7537651062012	19.3398723602295	1120.86145019531	-50.1362380981445	4.26498985290527	1147.46862792969	-43.8316993713379	-3.26394557952881	1147.10913085938	-19.1243953704834	11.5707483291626	1140.71179199219	-39.416332244873	-24.2350444793701	1145.78210449219	-28.3892669677734	-24.356782913208	1158.4140625	-18.5911731719971	-32.1035423278809	1161.5263671875	-15.1588373184204	-5.63372993469238	1153.24829101562
PRI-9825	-2.1072039604187	55.0514869689941	1178.31335449219	-1.90227830410004	51.8173828125	1171.30822753906	-1.44209408760071	45.9036979675293	1150.43322753906	-1.67051649093628	25.8224620819092	1126.97277832031	-1.51180601119995	23.8131294250488	1121.9267578125	-0.431668758392334	-56.0782890319824	1146.54614257812	-0.299047082662582	-43.3816032409668	1163.2939453125	-1.04383301734924	-27.2527694702148	1168.12292480469	-0.722270548343658	-2.28192281723022	1157.45129394531	-1.42912745475769	11.7574691772461	1166.2724609375	-1.79750192165375	42.3197364807129	1172.32678222656	8.71823501586914	48.689868927002	1176.32116699219	9.19716548919678	47.9968719482422	1176.63159179688	12.1880083084106	43.1200180053711	1177.60583496094	15.4052104949951	32.7851753234863	1178.58850097656	12.9052047729492	9.31486988067627	1176.89562988281	10.211615562439	5.33059787750244	1171.95166015625	3.17864322662354	43.9417266845703	1153.88525390625	1.09839475154877	24.3535022735596	1133.50500488281	13.7082252502441	20.9882297515869	1124.78308105469	28.5390911102295	14.5393743515015	1135.85095214844	40.2958984375	2.29793858528137	1159.87805175781	34.3534851074219	-9.96868133544922	1159.67370605469	12.6508493423462	8.40915679931641	1152.85400390625	26.9557685852051	-27.4993782043457	1156.75317382812	14.6463975906372	-29.3753452301025	1167.00903320312	7.113929271698	-36.1121025085449	1167.62292480469	5.93906164169312	-8.88492584228516	1162.84020996094	-11.696439743042	48.886157989502	1176.55603027344	-13.1846885681152	47.6133804321289	1176.86010742188	-15.6362705230713	42.7955513000488	1177.81298828125	-18.7393169403076	32.4607009887695	1178.45349121094	-15.1374654769897	9.30278301239014	1176.94262695312	-11.9463844299316	5.53417778015137	1171.5068359375	-6.36104249954224	43.8622779846191	1153.65808105469	-3.94725942611694	25.0392990112305	1133.55407714844	-16.1442031860352	21.5821857452393	1125.25341796875	-30.5510025024414	14.3055839538574	1135.80444335938	-43.2931976318359	0.559398293495178	1160.20458984375	-36.5845031738281	-10.5436105728149	1160.14111328125	-15.1481132507324	9.93250751495361	1153.3681640625	-28.925443649292	-28.5813884735107	1157.20190429688	-15.9617834091187	-29.4521236419678	1167.06567382812	-8.23697280883789	-36.3195381164551	1167.56225585938	-7.7381100654602	-8.77304077148438	1162.76672363281
PRI-9850	-1.43827986717224	60.3544921875	1190.78601074219	-1.42469584941864	53.7503318786621	1183.47448730469	-1.24580693244934	43.8585357666016	1164.19995117188	-0.39391615986824	25.7827281951904	1142.82141113281	-0.250148624181747	22.9990215301514	1138.11291503906	-0.638262987136841	-57.919002532959	1171.19946289062	-1.86038172245026	-38.4040107727051	1186.53198242188	-2.26567769050598	-22.5719966888428	1188.82446289062	-0.937584757804871	-1.07245242595673	1174.94592285156	-1.00730586051941	13.3647994995117	1183.97631835938	-1.53192806243896	44.1655158996582	1186.73010253906	8.67562484741211	53.8165283203125	1190.48815917969	10.099027633667	53.338565826416	1190.89599609375	12.933690071106	48.4508018493652	1192.47143554688	15.902850151062	38.2805519104004	1194.587890625	13.0273599624634	12.6792612075806	1194.03039550781	9.01037883758545	8.85757732391357	1190.11938476562	2.62331032752991	42.617862701416	1167.16015625	2.44430804252625	24.2874908447266	1151.29223632812	15.6233730316162	20.5012550354004	1141.83715820312	29.763578414917	16.8449745178223	1153.81530761719	41.2374687194824	3.75064897537231	1178.20666503906	33.0983924865723	-8.15144920349121	1178.22790527344	12.7610034942627	9.08405685424805	1170.54650878906	27.3993358612061	-26.1015815734863	1177.38598632812	16.3005828857422	-26.5355968475342	1187.71020507812	5.01190662384033	-31.9347743988037	1188.76159667969	5.73400926589966	-7.5702633857727	1181.43933105469	-11.5450716018677	53.6687545776367	1190.38049316406	-12.9362182617188	53.1938095092773	1190.3642578125	-15.4201183319092	48.0993499755859	1192.71813964844	-18.2181282043457	38.1175346374512	1194.15222167969	-15.9755840301514	12.4278564453125	1192.97998046875	-11.6840648651123	9.42867660522461	1189.33898925781	-5.94224739074707	42.7302398681641	1167.57958984375	-3.49051856994629	24.9144763946533	1150.91479492188	-16.537166595459	21.2682056427002	1141.06140136719	-31.0650596618652	17.3191604614258	1151.9892578125	-43.6058349609375	3.69946527481079	1176.54406738281	-36.0490036010742	-7.93835830688477	1175.80139160156	-15.6607351303101	8.59214115142822	1169.53771972656	-30.9923934936523	-26.7678241729736	1175.10339355469	-18.9310646057129	-26.8278408050537	1187.07055664062	-8.49172401428223	-31.285083770752	1188.53784179688	-7.94048404693604	-7.65166282653809	1181.35095214844
PRI-9863	-3.50381255149841	67.1014862060547	1172.94128417969	-3.42487931251526	60.9355010986328	1162.57019042969	-3.056725025177	48.2360076904297	1140.60607910156	-2.11527061462402	24.5020065307617	1112.10119628906	-1.80316829681396	20.9861431121826	1106.56201171875	-0.876418888568878	-70.2445831298828	1143.32165527344	-0.962521970272064	-50.4292526245117	1161.75842285156	-2.13011503219604	-31.9542617797852	1162.54016113281	-2.56509852409363	-5.015456199646	1145.27087402344	-2.98988676071167	10.8069496154785	1158.08776855469	-3.38769435882568	50.3458976745605	1164.30773925781	9.26393222808838	60.3511199951172	1171.00854492188	11.1099367141724	58.6572189331055	1171.478515625	13.9002819061279	49.6605682373047	1172.00244140625	16.0027599334717	37.4516906738281	1173.28955078125	13.0887451171875	10.6470041275024	1170.42541503906	8.98610496520996	6.83915615081787	1165.79309082031	2.12588000297546	48.0663032531738	1144.14123535156	0.995810747146606	23.4711570739746	1120.251953125	15.4948120117188	20.6065521240234	1111.8271484375	31.2533206939697	15.5432558059692	1120.89575195312	45.6225700378418	0.312724947929382	1150.94934082031	34.9255905151367	-14.6044654846191	1152.28881835938	12.7370290756226	7.29227828979492	1143.88391113281	31.0775890350342	-36.2989807128906	1151.00256347656	16.2478542327881	-35.8142547607422	1162.16162109375	6.0598349571228	-42.7418365478516	1163.22180175781	5.32302522659302	-14.0290298461914	1155.2763671875	-15.9805765151978	60.5029563903809	1170.87524414062	-17.9985847473145	58.6417274475098	1171.34851074219	-20.9495716094971	50.4204063415527	1171.21166992188	-23.3653907775879	38.2197074890137	1172.4033203125	-19.7606296539307	11.010630607605	1170.408203125	-15.9002084732056	5.81112289428711	1164.38391113281	-8.4525556564331	47.9329528808594	1144.50231933594	-4.81340074539185	23.9615955352783	1119.86218261719	-19.3648567199707	19.5952453613281	1110.63146972656	-34.1771850585938	13.8282890319824	1118.21362304688	-49.7087326049805	-3.20814847946167	1146.88317871094	-37.8680000305176	-16.2632865905762	1149.26318359375	-17.5364322662354	7.03042268753052	1143.36120605469	NA	NA	NA	-19.8731536865234	-36.5859832763672	1160.9208984375	-9.54524517059326	-42.9135971069336	1163.18115234375	-9.72547245025635	-14.027795791626	1154.23156738281
PRI-9952	128.542434692383	61.4264259338379	884.914428710938	128.568176269531	55.7076148986816	892.351745605469	129.630325317383	43.9027481079102	911.007629394531	130.20295715332	17.001371383667	936.715270996094	130.230529785156	13.945728302002	940.74072265625	132.041091918945	-64.3647842407227	906.41064453125	130.610260009766	-45.2101058959961	889.72705078125	131.104949951172	-30.1847515106201	887.871032714844	129.740219116211	-4.90724897384644	902.259887695312	129.477661132812	8.36038970947266	890.765563964844	129.009506225586	46.4200286865234	889.361267089844	118.32430267334	56.0882377624512	885.039245605469	115.646530151367	53.7432899475098	883.999450683594	113.405937194824	47.7405090332031	882.732971191406	110.720611572266	37.4305801391602	881.143188476562	112.806785583496	11.1889009475708	879.192077636719	118.907516479492	5.0723032951355	886.1884765625	124.017974853516	42.2100410461426	907.774536132812	127.395111083984	17.8118762969971	927.093078613281	115.186912536621	13.7538423538208	937.617797851562	98.7266235351562	5.90734529495239	928.1015625	86.7903060913086	-3.98036551475525	899.796020507812	95.434196472168	-14.7245616912842	897.062927246094	116.494789123535	4.16989374160767	906.070129394531	102.046051025391	-34.5982513427734	900.674682617188	115.587684631348	-32.4590377807617	890.222106933594	123.92066192627	-38.9732284545898	888.0810546875	123.513450622559	-14.4787769317627	896.479614257812	139.201431274414	56.6104125976562	884.6630859375	141.07893371582	55.2171669006348	884.102966308594	144.082855224609	48.199348449707	882.057006835938	146.980026245117	38.3698768615723	880.462829589844	145.920837402344	11.9034824371338	879.268981933594	140.828674316406	4.94151544570923	885.796142578125	135.142349243164	42.4804306030273	907.572570800781	132.898361206055	18.4641628265381	927.764099121094	144.907669067383	13.6959629058838	937.266052246094	161.331359863281	8.28891372680664	928.759521484375	173.384078979492	-3.05799388885498	898.891723632812	164.724700927734	-13.1288156509399	897.673095703125	143.291809082031	4.25737428665161	906.020446777344	160.36262512207	-33.1722564697266	900.230834960938	146.166458129883	-31.1040153503418	889.153015136719	138.461563110352	-38.212532043457	887.839477539062	136.960739135742	-12.9274921417236	896.996154785156
SNC-H19-079	-0.602736473083496	50.3734970092773	1099.41223144531	-0.726672768592834	45.9501609802246	1092.86413574219	-1.06778991222382	36.8101959228516	1072.9453125	-0.628519237041473	15.2561855316162	1049.69262695312	-0.684567332267761	13.6020498275757	1045.1552734375	1.02458262443542	-67.7925109863281	1078.97143554688	-0.491496860980988	-51.8361968994141	1092.9765625	-1.12591159343719	-33.4561614990234	1094.9814453125	-0.868115365505219	-12.0634336471558	1080.78173828125	-1.12057244777679	3.18981003761292	1090.61291503906	-0.879328429698944	34.557731628418	1093.10864257812	9.61611843109131	44.7805824279785	1097.75915527344	10.824481010437	44.0657005310059	1097.88208007812	13.1770067214966	40.4780426025391	1099.71435546875	16.411979675293	29.6951599121094	1102.07080078125	14.9416875839233	4.90087413787842	1100.4033203125	10.4547262191772	-1.88928210735321	1096.95349121094	4.03184700012207	36.19921875	1076.70812988281	2.01704668998718	14.3368339538574	1056.93933105469	15.7380352020264	11.8574953079224	1048.40759277344	31.9363708496094	3.76763916015625	1060.2275390625	40.1028289794922	-7.89140939712524	1084.84448242188	33.1044654846191	-17.9095001220703	1084.40625	13.0120439529419	-0.964914679527283	1078.46984863281	27.911283493042	-35.8168754577637	1083.58142089844	14.6182632446289	-36.3379364013672	1094.17541503906	6.563560962677	-43.4200820922852	1094.42016601562	6.24931859970093	-17.0774822235107	1087.88977050781	-11.3179817199707	45.0839881896973	1098.04516601562	-11.4665212631226	44.6243629455566	1097.88525390625	-14.94517993927	39.9569091796875	1100.71362304688	-17.0871887207031	28.3669052124023	1102.33325195312	-16.132848739624	4.17256689071655	1100.30859375	-11.5642414093018	-2.28140950202942	1096.76525878906	-6.3824143409729	35.8203353881836	1076.62841796875	-3.6513946056366	14.0485105514526	1056.794921875	-17.9587554931641	11.6414966583252	1048.23901367188	-33.3293914794922	3.27437520027161	1059.89575195312	-41.5813255310059	-8.43178653717041	1084.16931152344	-35.0357818603516	-17.8653221130371	1083.37475585938	-14.2650775909424	-2.01295685768127	1077.76818847656	-29.8789024353027	-37.1899223327637	1082.99182128906	-17.3018989562988	-36.4190635681152	1093.49926757812	-7.9163293838501	-43.4826278686523	1094.45080566406	-8.10541725158691	-17.7919597625732	1089.14855957031
SNC-H20-117	-2.06416535377502	54.8373756408691	1115.61401367188	-2.0168297290802	49.514045715332	1109.73107910156	-1.49008679389954	34.3194427490234	1088.90148925781	-0.540090024471283	6.75044059753418	1068.08361816406	-0.449441134929657	3.30006980895996	1062.85314941406	3.21636915206909	-78.0232162475586	1096.3115234375	2.65404319763184	-59.2192306518555	1117.54528808594	1.76375985145569	-43.0682601928711	1118.64526367188	0.551513612270355	-19.5974502563477	1102.24499511719	0.419738709926605	-2.49646234512329	1111.03588867188	NA	NA	NA	8.62113666534424	50.6382141113281	1114.8642578125	13.6962556838989	47.3446922302246	1116.33093261719	15.2108964920044	42.9131927490234	1121.63793945312	16.9558715820312	30.6410541534424	1121.85034179688	17.5250396728516	3.38402652740479	1121.8486328125	11.2904453277588	-5.04337072372437	1116.31237792969	5.64943933486938	34.2673072814941	1092.70166015625	2.92436265945435	6.02208757400513	1073.9501953125	16.4416942596436	3.99145245552063	1067.28601074219	34.6518363952637	-3.9199070930481	1076.84387207031	46.4542541503906	-16.3519096374512	1106.56481933594	39.4943046569824	-23.6434135437012	1104.87451171875	13.7523822784424	-8.02241039276123	1097.99682617188	34.6653213500977	-45.1949424743652	1106.79077148438	17.8955421447754	-45.6600952148438	1116.69360351562	10.2603511810303	-51.2769775390625	1118.82153320312	8.29312038421631	-25.7959461212158	1106.5595703125	-12.5427484512329	49.3841934204102	1115.45446777344	-17.2696189880371	46.7742691040039	1116.81262207031	-18.5864906311035	42.341495513916	1120.30639648438	-19.8747749328613	29.4999809265137	1121.931640625	-17.27907371521	2.65482068061829	1122.55578613281	-9.94851875305176	-5.71984148025513	1117.13049316406	-7.61436462402344	34.1618499755859	1092.74548339844	-4.09886360168457	5.71883487701416	1074.80725097656	-17.396541595459	1.92684102058411	1067.1162109375	NA	NA	NA	-45.1943702697754	-18.9524250030518	1108.04748535156	-36.8002548217773	-26.4033660888672	1106.43176269531	-13.2122344970703	-10.3025436401367	1098.63000488281	-30.5768585205078	-47.8591499328613	1107.34509277344	-14.0781049728394	-47.9496459960938	1117.98645019531	-5.34147691726685	-53.0318794250488	1119.03234863281	-7.05015182495117	-27.5408382415771	1109.09509277344
SNC-H22-170	-0.276627033948898	59.5651473999023	1031.65112304688	-0.306845217943192	56.0732536315918	1024.41125488281	-1.27591669559479	38.9206771850586	1002.41912841797	-1.15805435180664	18.8134441375732	977.061279296875	-1.08468902111053	16.2158184051514	972.993530273438	1.16916680335999	-74.2484741210938	1004.45471191406	1.87626433372498	-53.9974098205566	1021.64770507812	1.53059589862823	-37.4381523132324	1023.38110351562	0.437388956546783	-12.2534561157227	1009.67028808594	0.135769426822662	3.87257313728333	1020.65808105469	-0.540774285793304	43.010799407959	1026.47790527344	10.5938100814819	52.8633689880371	1028.83776855469	11.7326345443726	51.860652923584	1028.61315917969	17.407247543335	42.9770126342773	1029.84448242188	19.3576774597168	31.690149307251	1031.28576660156	17.4111976623535	4.61132144927979	1029.92065429688	12.527494430542	0.107993021607399	1026.93627929688	4.36237812042236	37.2758522033691	1004.32897949219	2.30879068374634	17.5550670623779	985.250854492188	15.8341016769409	12.6029214859009	975.618041992188	33.7474060058594	6.18987369537354	987.801086425781	44.7602577209473	-8.22853660583496	1012.60668945312	37.9880142211914	-18.7872123718262	1012.22247314453	15.4216623306274	0.762418031692505	1005.13214111328	32.0179786682129	-41.601390838623	1009.50341796875	21.0199089050293	-41.0206756591797	1020.45587158203	10.2713804244995	-46.9869651794434	1024.15502929688	8.74600982666016	-21.4310398101807	1016.74822998047	-11.6675043106079	52.8578948974609	1029.24755859375	-12.7362337112427	51.9876670837402	1029.11303710938	-18.0128879547119	43.0866355895996	1030.55419921875	-18.5592708587646	31.4500026702881	1032.73608398438	-15.5897617340088	3.92019653320312	1031.3720703125	-9.65632057189941	-0.894335329532623	1028.00244140625	-5.90151023864746	39.5266723632812	1005.96209716797	-4.36402320861816	17.8599185943604	985.205871582031	-18.8041572570801	13.2392921447754	976.335998535156	-35.0307159423828	5.88183879852295	989.693420410156	-44.0662117004395	-10.6836795806885	1015.60754394531	-36.6474151611328	-20.7128372192383	1015.11541748047	-16.3722286224365	-0.506405234336853	1006.16253662109	-30.7648468017578	-42.8770637512207	1011.61505126953	-18.3229141235352	-41.6375198364258	1021.54516601562	-6.53534078598022	-47.8513946533203	1023.80712890625	-7.08741474151611	-20.9425792694092	1016.73724365234
SNC-H23-057	-0.88110738992691	52.8869972229004	1008.2978515625	-1.25296759605408	45.7110595703125	1000.11590576172	-1.66346633434296	35.890926361084	980.115112304688	-1.53708779811859	13.1787357330322	957.202880859375	-1.56677854061127	10.5735015869141	952.39453125	-1.14806973934174	-67.6248626708984	995.386779785156	-0.0793049782514572	-47.841926574707	1007.03308105469	-0.272401809692383	-30.116756439209	1008.87353515625	-0.735583305358887	-10.091423034668	991.043090820312	-0.799325704574585	6.14163827896118	1002.10101318359	-1.38513600826263	36.9015884399414	1002.83013916016	8.9593915939331	47.5055847167969	1006.0751953125	9.86568546295166	46.8461265563965	1006.49041748047	13.1400566101074	42.721118927002	1008.60119628906	17.2700862884521	31.8826847076416	1010.06555175781	16.5453491210938	7.42872381210327	1012.23852539062	10.5576696395874	1.16622614860535	1007.87634277344	3.58204770088196	34.2525024414062	982.828735351562	1.23239982128143	12.7525634765625	964.529357910156	15.2164001464844	8.81188297271729	956.807861328125	30.6776695251465	2.37637305259705	968.183288574219	40.4749183654785	-5.69357204437256	995.85205078125	35.0844650268555	-15.4724960327148	996.178161621094	12.9712696075439	-0.244067460298538	987.948120117188	29.2761096954346	-34.9908790588379	995.966369628906	17.4925479888916	-33.2635765075684	1005.67340087891	7.40335559844971	-37.6193389892578	1009.09478759766	7.3460750579834	-15.4124021530151	998.517150878906	-11.4725198745728	47.844539642334	1006.14709472656	-12.8959093093872	46.9289970397949	1006.34991455078	-16.2330551147461	42.1335983276367	1009.07794189453	-18.9741191864014	31.7845840454102	1011.64703369141	-16.8514709472656	6.93346357345581	1012.47009277344	-12.4320125579834	1.80176472663879	1008.16271972656	-6.94829273223877	34.0052604675293	983.049438476562	-4.45812845230103	12.9693756103516	964.586853027344	-18.4741725921631	8.75410556793213	957.68408203125	-33.7898330688477	2.74200057983398	969.304504394531	-43.5257568359375	-7.75149011611938	997.676818847656	-37.5067520141602	-15.7052822113037	998.645568847656	-15.3196687698364	-0.623225510120392	988.546813964844	-31.042106628418	-35.5655708312988	998.382690429688	-15.8921327590942	-33.7338409423828	1008.37042236328	-7.32639503479004	-38.8212356567383	1008.86096191406	-8.41778755187988	-15.8249673843384	999.959350585938
SNC-H23-077	-1.16892337799072	59.9085235595703	1024.58154296875	-1.50512516498566	57.0622711181641	1017.30059814453	-1.8444687128067	44.1435928344727	995.991149902344	-1.39520919322968	16.0150985717773	967.9921875	-1.30081748962402	12.6234731674194	963.336669921875	1.74846541881561	-75.1627578735352	997.482116699219	0.662630319595337	-56.7726631164551	1017.56353759766	0.556086540222168	-39.3078002929688	1021.20349121094	0.110970236361027	-12.2158088684082	1007.53070068359	-0.332664906978607	6.79614496231079	1014.45031738281	-1.38492393493652	44.9836883544922	1019.46862792969	9.17584037780762	55.2314262390137	1023.29400634766	11.8966455459595	53.0748748779297	1023.77679443359	15.7313537597656	46.1710052490234	1023.97729492188	18.8413581848145	35.7663879394531	1024.94982910156	17.4290676116943	11.22239112854	1025.4404296875	12.1488676071167	1.99141788482666	1020.67254638672	4.19944381713867	42.3363571166992	998.657775878906	2.01890277862549	15.700306892395	975.515930175781	15.4763231277466	12.0234432220459	967.684204101562	32.8989372253418	3.96250748634338	975.663635253906	48.0976371765137	-11.968638420105	1004.64099121094	39.9916381835938	-21.2233943939209	1003.83660888672	15.2965850830078	-0.733453512191772	999.033935546875	35.018009185791	-41.5480079650879	1002.97967529297	21.8924713134766	-38.7836608886719	1015.86486816406	8.8508768081665	-48.7622451782227	1020.25256347656	8.84327602386475	-19.7847919464111	1012.68609619141	-11.8452529907227	54.4197463989258	1023.90368652344	-13.9887371063232	52.169506072998	1024.63928222656	-17.4429779052734	45.9616012573242	1025.107421875	-19.9478397369385	34.5320510864258	1026.96948242188	-17.8299713134766	9.9538459777832	1027.18579101562	-12.328595161438	1.3357048034668	1021.70068359375	-7.66062831878662	42.6527824401855	999.377197265625	-4.21679878234863	15.9210262298584	975.831604003906	-17.7234973907471	11.5215101242065	968.177917480469	-34.7870635986328	4.65333890914917	977.385559082031	-47.6555557250977	-10.4448976516724	1006.87225341797	-39.0085182189941	-22.5578289031982	1005.45483398438	-15.9947967529297	-1.36110305786133	1000.16296386719	-33.2927627563477	-42.7542343139648	1005.07135009766	-18.9813842773438	-40.7681922912598	1017.56506347656	-6.77546787261963	-49.296573638916	1020.22473144531	-7.66193199157715	-19.6060028076172	1012.72698974609
SNC-H23-096	-0.479621291160583	47.5873680114746	1020.98724365234	-1.02692782878876	43.0547332763672	1013.74188232422	-1.26640129089355	34.5578384399414	991.739624023438	-1.47874665260315	18.0198612213135	967.645935058594	-1.40527868270874	16.5243549346924	963.0703125	-1.68576884269714	-70.2188034057617	986.882019042969	-0.881306231021881	-52.9125862121582	1007.22454833984	-0.94343513250351	-36.1898307800293	1009.57611083984	-1.52205038070679	-14.1132507324219	999.241333007812	-1.08603131771088	0.461345732212067	1009.58923339844	-1.15728938579559	34.1770629882812	1015.77087402344	9.13853454589844	43.5931968688965	1018.74536132812	9.94176387786865	42.9564208984375	1019.38598632812	13.5714883804321	38.7592849731445	1020.95782470703	16.8547058105469	27.7574138641357	1023.30670166016	16.6602401733398	2.38141703605652	1019.77087402344	10.7518424987793	-6.27962303161621	1014.98333740234	3.70918107032776	32.156665802002	994.837097167969	1.44481563568115	15.6710014343262	975.397888183594	15.0987329483032	14.6840667724609	967.480346679688	31.8236408233643	6.94997453689575	976.575317382812	41.7637748718262	-9.56097030639648	1001.8310546875	34.4495811462402	-20.2857151031494	999.833801269531	14.1897239685059	-1.67377936840057	995.122375488281	NA	NA	NA	NA	NA	NA	5.34061241149902	-48.2413139343262	1008.80584716797	NA	NA	NA	-10.5873422622681	43.5118408203125	1019.38604736328	-11.5317735671997	42.7820434570312	1019.42718505859	-14.7854537963867	38.672191619873	1021.62353515625	-18.6001758575439	26.4723415374756	1023.60504150391	-17.547176361084	1.15972864627838	1020.61627197266	-11.5218639373779	-4.85095739364624	1014.96820068359	-6.86515855789185	32.5620651245117	995.582641601562	-3.68264079093933	15.9019451141357	975.2236328125	-17.0367412567139	14.534743309021	966.938598632812	-34.3543968200684	5.15135192871094	977.867431640625	-44.7923545837402	-11.4649658203125	1002.32025146484	-36.773738861084	-21.7538471221924	999.736694335938	-15.4954462051392	-2.28911542892456	996.013000488281	-30.9003486633301	-39.6894569396973	998.062561035156	-17.0664215087891	-39.1985168457031	1008.68157958984	-8.19013500213623	-46.2742080688477	1009.52227783203	-8.20831203460693	-19.4970722198486	1003.97924804688
SNC-H23-285	-0.774707615375519	65.981071472168	1010.74053955078	-1.18321621417999	58.6898384094238	1002.37994384766	-2.69929051399231	42.9912528991699	979.609313964844	-2.04265737533569	16.6802978515625	953.862915039062	-1.99871206283569	14.0923881530762	949.336059570312	1.57134532928467	-72.0370788574219	986.680297851562	1.82848644256592	-53.397590637207	1007.19317626953	1.26266515254974	-35.7658233642578	1009.11376953125	-0.350935786962509	-9.28871250152588	992.431396484375	-0.736223697662354	8.91343879699707	1002.2490234375	-1.45936334133148	47.1213798522949	1005.40087890625	10.0204267501831	58.699291229248	1007.82830810547	12.4358348846436	56.1736373901367	1007.97149658203	16.7031860351562	50.7830467224121	1012.18212890625	18.81955909729	38.5637054443359	1013.10168457031	16.0263214111328	12.1773500442505	1013.49597167969	10.2069664001465	4.35402727127075	1007.45178222656	4.26199531555176	41.444206237793	983.759948730469	1.62802803516388	15.6421298980713	961.481811523438	15.8444929122925	11.9616498947144	952.515075683594	33.6872406005859	6.17946290969849	964.468383789062	45.7434158325195	-8.72801208496094	995.604858398438	39.3198013305664	-16.5134258270264	994.727783203125	14.3714570999146	3.40496468544006	987.329711914062	33.3627700805664	-37.661979675293	993.7919921875	19.4501724243164	-36.7253036499023	1004.99291992188	9.3705415725708	-46.1677932739258	1008.72644042969	8.31354904174805	-16.5293445587158	998.781921386719	-11.7203073501587	59.2904205322266	1009.10583496094	-14.3951578140259	57.1321983337402	1009.91912841797	-17.0682411193848	52.2364654541016	1013.8076171875	-19.7976741790771	39.3209228515625	1013.91186523438	-17.8723621368408	12.5261459350586	1014.8984375	-11.5930376052856	3.49954771995544	1008.64263916016	NA	NA	NA	-4.92279291152954	14.6533613204956	961.175170898438	-20.0434722900391	10.7087097167969	952.072021484375	-36.223518371582	2.79798913002014	966.165649414062	-46.1475410461426	-12.155909538269	997.870849609375	-38.4749870300293	-18.3382759094238	997.716247558594	-17.1210117340088	2.77004289627075	987.892028808594	-30.0652980804443	-40.7124443054199	996.162963867188	-15.9332246780396	-39.0085372924805	1006.35925292969	-5.7889552116394	-47.0932312011719	1008.56018066406	-7.86099910736084	-17.223783493042	999.317749023438
TPM-M1656	-1.58596730232239	66.7907791137695	1086.01159667969	-1.31089627742767	59.4558448791504	1075.05163574219	-1.3699107170105	44.7006683349609	1053.18859863281	-0.745304584503174	22.2290840148926	1028.24353027344	-0.748049676418304	19.0493469238281	1024.09008789062	-0.750722527503967	-76.4277191162109	1054.1083984375	-0.725545465946198	-58.9811782836914	1073.19140625	-0.610009014606476	-38.9347381591797	1077.78173828125	-0.60002326965332	-9.10703277587891	1064.28967285156	-0.491016328334808	7.69312620162964	1075.08056640625	-1.65833711624146	48.950870513916	1079.41784667969	10.7368421554565	60.5557670593262	1083.03100585938	14.0051889419556	57.0290374755859	1085.58166503906	16.389669418335	49.1076774597168	1087.1044921875	18.5095825195312	37.4126014709473	1087.63562011719	17.7142295837402	12.0921697616577	1088.99243164062	10.98264503479	1.63616752624512	1082.10986328125	4.24183702468872	44.0960693359375	1056.62060546875	2.78220248222351	21.033863067627	1037.88391113281	17.5321979522705	16.2187213897705	1028.16674804688	34.9640884399414	7.36372995376587	1038.24279785156	47.4237251281738	-9.53778648376465	1071.00573730469	37.9978446960449	-21.4869003295898	1067.05688476562	15.4240970611572	2.36321377754211	1060.10595703125	32.4363861083984	-41.3414306640625	1064.66027832031	18.6262893676758	-43.5342178344727	1074.30895996094	7.64278221130371	-49.5704040527344	1076.49792480469	NA	NA	NA	-13.1075077056885	60.7030487060547	1083.78723144531	-16.4249935150146	56.7451324462891	1085.82922363281	-18.9797229766846	48.642391204834	1086.62963867188	-20.6977195739746	37.392879486084	1088.458984375	-19.5294742584229	11.701343536377	1089.34289550781	-12.1803016662598	1.89612030982971	1082.28173828125	-7.00030136108398	43.7868232727051	1056.83544921875	-4.43248796463013	20.6270732879639	1037.88513183594	-18.2848529815674	16.6812210083008	1027.74633789062	-35.9494743347168	6.96617031097412	1038.81713867188	-49.2425575256348	-10.8846988677979	1071.50891113281	-38.1642456054688	-21.8582630157471	1067.09802246094	-15.5469818115234	3.81816458702087	1061.61450195312	NA	NA	NA	NA	NA	NA	-8.59309005737305	-50.1161155700684	1075.98620605469	NA	NA	NA
TPM-M1889	-2.13238906860352	66.6280746459961	1083.74914550781	-2.21880722045898	59.2256546020508	1072.23962402344	-1.35506677627563	44.2542991638184	1049.68029785156	-0.920072674751282	22.6932964324951	1027.74145507812	-0.93933379650116	19.6119441986084	1022.38854980469	-1.84746289253235	-64.698127746582	1050.0234375	-1.97080588340759	-48.3852462768555	1071.80432128906	-1.53675258159637	-31.1412296295166	1074.80529785156	-1.34511303901672	-7.37933969497681	1062.20056152344	-1.4400383234024	11.5729866027832	1072.87243652344	-1.90291905403137	46.5681610107422	1074.884765625	8.1782693862915	60.8815307617188	1081.84033203125	12.0844402313232	58.4230575561523	1082.68884277344	15.2780981063843	50.4248466491699	1084.48107910156	17.7262840270996	38.2028694152832	1086.05017089844	16.3782482147217	11.5079307556152	1086.08264160156	10.4953880310059	3.19315814971924	1079.04284667969	3.65675902366638	43.3157348632812	1053.89025878906	2.5045793056488	19.6323776245117	1035.75537109375	16.7813663482666	18.8019828796387	1027.18237304688	34.5302314758301	11.5480823516846	1036.158203125	46.7970275878906	-6.90151739120483	1068.81286621094	36.9728698730469	-17.0552005767822	1066.57580566406	14.372899055481	4.60207414627075	1058.75317382812	31.3233966827393	-35.5285682678223	1061.21643066406	17.4916610717773	-36.0151138305664	1072.38842773438	7.06979656219482	-40.9013519287109	1074.84741210938	6.79065895080566	-14.8490219116211	1067.69897460938	-13.1108551025391	60.4030532836914	1081.92321777344	-15.6439590454102	59.09765625	1081.71606445312	-19.3326625823975	49.7917251586914	1084.08032226562	-21.2570877075195	38.4189186096191	1085.35327148438	-20.1569709777832	11.0658121109009	1086.12158203125	-13.8214530944824	3.07705116271973	1079.35168457031	-6.96754264831543	42.5419311523438	1053.28491210938	-4.28300905227661	20.8751392364502	1035.84313964844	-18.8653335571289	18.5181331634521	1027.53845214844	-36.6173858642578	11.5700340270996	1036.06359863281	-50.5946426391602	-5.94517087936401	1068.67199707031	-41.1124801635742	-16.2990074157715	1066.72729492188	-16.8740768432617	5.24034738540649	1058.95532226562	-34.6653480529785	-35.4573745727539	1061.56494140625	-21.0641746520996	-35.7408599853516	1073.02307128906	-10.8174295425415	-40.957145690918	1074.99096679688	-10.224702835083	-14.4376840591431	1068.34252929688
TPM-M3958	-1.57966935634613	73.3577728271484	1078.33728027344	-1.33245897293091	65.2687759399414	1068.95874023438	-1.48742425441742	47.4527969360352	1047.42431640625	-0.664048612117767	21.26881980896	1024.45300292969	-0.773001372814178	17.3785953521729	1019.09002685547	1.57217729091644	-65.8656387329102	1060.82104492188	1.56478536128998	-45.031608581543	1079.70166015625	1.03618955612183	-25.9060764312744	1080.55419921875	-0.313150972127914	-2.9116096496582	1061.37414550781	-1.01096725463867	16.052417755127	1071.86486816406	-1.4466141462326	53.1403007507324	1074.18322753906	10.8117971420288	66.3574829101562	1076.92150878906	13.1269330978394	65.4362258911133	1076.900390625	16.9714221954346	56.9996032714844	1080.90051269531	19.7080192565918	43.5794372558594	1084.205078125	17.3014469146729	14.1492300033569	1083.59313964844	10.7344617843628	8.76930046081543	1078.2099609375	4.33554220199585	46.3556175231934	1050.28381347656	2.44594430923462	22.0533504486084	1032.26916503906	18.371021270752	14.8819169998169	1026.43603515625	36.071590423584	6.69889831542969	1037.67102050781	48.4688682556152	-1.58466100692749	1065.20751953125	40.3481101989746	-10.7312545776367	1066.25805664062	14.6922302246094	9.0645170211792	1057.33081054688	34.1734046936035	-31.9705028533936	1065.84106445312	18.900447845459	-29.877326965332	1078.58520507812	9.94186878204346	-35.5446739196777	1082.345703125	9.20927619934082	-9.80009460449219	1069.41735839844	-14.3838748931885	66.6767730712891	1076.81689453125	-16.1736545562744	65.3031463623047	1076.77014160156	-19.9152812957764	57.286491394043	1081.1416015625	-22.2473468780518	43.512020111084	1084.04907226562	-17.8874530792236	13.0266962051392	1085.28125	-12.0840749740601	8.10903739929199	1078.69555664062	-6.055908203125	45.9270782470703	1049.82666015625	-4.02072525024414	21.4685039520264	1033.35766601562	-18.6175537109375	14.8860855102539	1023.58947753906	-36.6637306213379	8.51517868041992	1033.69201660156	-48.3400077819824	-3.83109068870544	1064.45080566406	-39.4646911621094	-13.5607757568359	1066.8271484375	-16.7447547912598	7.66243028640747	1056.41394042969	-32.2735710144043	-34.2696113586426	1066.11242675781	-16.7679347991943	-31.7967987060547	1078.63305664062	-7.37438058853149	-37.0983200073242	1081.45495605469	-8.01541328430176	-10.0948553085327	1068.97387695312
TPM-M4010	-1.10097098350525	53.9778442382812	1084.41796875	-1.77370464801788	48.1677780151367	1074.02075195312	-1.89228534698486	38.3480682373047	1053.67004394531	-0.334542274475098	20.3668041229248	1031.34167480469	-0.277965307235718	17.7272968292236	1026.50744628906	2.15124344825745	-65.1491317749023	1052.62670898438	0.320291787385941	-49.3696517944336	1070.7353515625	-1.14868974685669	-32.1204376220703	1073.79846191406	-0.658659398555756	-8.00904273986816	1061.37878417969	-1.14857041835785	5.40401697158813	1071.54528808594	-1.96725618839264	40.5955924987793	1077.958984375	8.84394931793213	49.8102760314941	1082.0068359375	10.0288286209106	48.4003372192383	1082.158203125	13.0396308898926	43.7085876464844	1083.98999023438	16.9164028167725	32.547492980957	1086.06604003906	16.1722984313965	6.53526544570923	1083.21130371094	10.7238988876343	0.50327056646347	1078.15026855469	3.42241764068604	37.1955947875977	1056.09240722656	2.72730445861816	18.702543258667	1038.76892089844	16.2569332122803	16.7591514587402	1030.37646484375	31.8725128173828	10.0041179656982	1039.83752441406	42.7696380615234	-3.52717971801758	1064.38635253906	36.1793518066406	-17.103307723999	1064.81823730469	16.495922088623	2.44281244277954	1058.78747558594	29.8281688690186	-34.2597389221191	1062.513671875	17.8098545074463	-34.8169975280762	1071.85510253906	7.47160243988037	-42.090217590332	1074.39892578125	6.9199914932251	-15.0580053329468	1066.93664550781	-12.1801433563232	49.2997016906738	1082.49584960938	-12.8533315658569	48.5503120422363	1082.58654785156	-16.261360168457	43.7707214355469	1083.62915039062	-19.9576396942139	32.7199211120605	1085.57275390625	-18.9488983154297	6.38494110107422	1082.58044433594	-12.4259204864502	0.0443773455917835	1077.47705078125	-6.08809852600098	37.3998603820801	1056.31677246094	-4.17562580108643	18.2092590332031	1038.04870605469	-16.300422668457	14.6210622787476	1028.84057617188	-31.8384304046631	6.43317127227783	1038.33264160156	-43.9319686889648	-6.77581119537354	1061.126953125	-35.0574264526367	-19.5250988006592	1061.86096191406	-15.7529296875	0.570718228816986	1057.37609863281	-29.3130950927734	-37.4921340942383	1059.91638183594	-18.2684898376465	-37.7900848388672	1070.20825195312	-7.99751567840576	-42.3368911743164	1073.74206542969	-8.66280651092529	-16.289852142334	1066.57287597656
TPM-M529	-1.91531538963318	61.267650604248	1087.07275390625	-1.54008615016937	57.4410438537598	1077.6123046875	-1.36441040039062	44.965030670166	1055.37927246094	-0.840717554092407	21.3276443481445	1028.07507324219	-0.666719973087311	18.429012298584	1023.17144775391	-1.38939356803894	-65.3089904785156	1051.31237792969	NA	NA	NA	NA	NA	NA	-0.889009237289429	-7.68521738052368	1062.46911621094	-1.10736393928528	7.48530006408691	1071.67626953125	-1.49172496795654	44.9431266784668	1079.55712890625	9.14187335968018	58.6052093505859	1084.33618164062	11.9867067337036	55.2283782958984	1084.66101074219	16.9443283081055	48.4311294555664	1086.52502441406	18.9532794952393	36.2700080871582	1087.95080566406	15.7199935913086	10.1668844223022	1084.63659667969	9.98623943328857	1.71524298191071	1078.33483886719	3.83555436134338	42.4566612243652	1057.509765625	2.2197060585022	19.9610939025879	1035.84484863281	15.4500360488892	15.7118225097656	1028.58435058594	30.5596714019775	11.8817024230957	1034.97937011719	45.438159942627	-7.25335597991943	1066.05505371094	36.0412902832031	-18.4550552368164	1065.33288574219	14.0898170471191	3.49372625350952	1059.86987304688	31.0671863555908	-36.4630661010742	1060.44909667969	NA	NA	NA	NA	NA	NA	6.8110556602478	-15.5422534942627	1067.78173828125	-12.4879512786865	58.4957809448242	1084.74694824219	-14.2221088409424	56.5551643371582	1084.15417480469	-19.3787441253662	49.7431526184082	1085.80651855469	-21.628978729248	37.307186126709	1087.37060546875	-18.5869426727295	11.4063329696655	1084.79174804688	-11.7210073471069	2.75426340103149	1077.98669433594	-6.47992181777954	42.1987686157227	1057.5068359375	-4.52490234375	20.2198791503906	1036.12670898438	-16.5551052093506	16.3097057342529	1026.25158691406	-33.0396537780762	11.0327444076538	1035.85180664062	-49.079475402832	-9.39081001281738	1068.47668457031	-40.6474990844727	-18.4968070983887	1066.35705566406	-17.5976314544678	4.79073762893677	1059.18298339844	-32.7756080627441	-35.7994422912598	1059.59118652344	NA	NA	NA	NA	NA	NA	-8.82609844207764	-14.7770118713379	1067.22778320312
TPM-M544	-2.02140498161316	52.1404914855957	1083.56042480469	-1.24613738059998	47.7817764282227	1077.45654296875	-1.35431706905365	37.78076171875	1053.73498535156	-1.28697752952576	20.0897407531738	1029.06945800781	-1.10050821304321	17.5924510955811	1024.033203125	-1.99264693260193	-64.6398086547852	1049.14245605469	-2.2311282157898	-50.3923835754395	1068.92517089844	-1.93472898006439	-33.9754486083984	1072.87536621094	-1.55784785747528	-10.1973295211792	1060.125	-1.41748559474945	2.86149048805237	1071.53723144531	-1.5074690580368	37.3949203491211	1078.28820800781	8.31494903564453	48.9996070861816	1084.13903808594	9.66777420043945	46.2639389038086	1084.45922851562	13.9784107208252	41.0562515258789	1085.49548339844	17.670618057251	31.248140335083	1085.54968261719	16.1555728912354	7.903564453125	1082.19506835938	10.3246011734009	-2.57785940170288	1077.03125	3.64056491851807	36.2461929321289	1056.68139648438	1.74196124076843	18.9225845336914	1039.16174316406	14.690541267395	15.5208330154419	1030.87219238281	29.7469348907471	7.90984106063843	1037.86999511719	42.5540046691895	-7.08528804779053	1062.77648925781	35.8082122802734	-19.4447212219238	1063.05932617188	14.595666885376	1.37683308124542	1058.38793945312	27.7048664093018	-36.2678260803223	1060.20678710938	15.23388671875	-39.1858711242676	1070.58361816406	5.54739475250244	-45.214599609375	1072.40795898438	4.86588716506958	-17.9326915740967	1066.60266113281	-11.8106994628906	47.5913505554199	1083.79345703125	-13.8524570465088	46.0004272460938	1084.18139648438	-17.6640548706055	40.8811111450195	1085.26098632812	-21.0438117980957	31.0106506347656	1084.74548339844	-19.4481105804443	7.95843172073364	1082.26306152344	-13.2583589553833	-2.63918805122375	1076.98315429688	-6.07770490646362	36.0212249755859	1056.9130859375	-4.35609912872314	18.8570041656494	1038.49267578125	-18.0062408447266	15.4170932769775	1029.84948730469	-32.9320335388184	7.51242399215698	1039.20178222656	-44.8960189819336	-9.75122356414795	1064.05114746094	-38.6185264587402	-19.3345508575439	1063.49682617188	-17.4405040740967	2.12007641792297	1059.08386230469	-31.7130241394043	-36.4965476989746	1060.76586914062	-19.865535736084	-39.6708221435547	1071.17321777344	-9.41502094268799	-45.8871002197266	1072.79443359375	-9.32318496704102	-18.8570861816406	1066.69787597656
TPM-M549	-0.88158792257309	44.9231605529785	1084.49841308594	-1.25400483608246	40.8045082092285	1078.36608886719	-1.37099254131317	33.309024810791	1058.32006835938	-2.13163566589355	15.5596504211426	1031.388671875	-2.01781368255615	14.1459674835205	1026.95178222656	0.782859623432159	-71.2634887695312	1049.78796386719	0.101796060800552	-56.9797782897949	1068.49462890625	-0.314894616603851	-41.438591003418	1072.45239257812	-0.670059561729431	-15.2766942977905	1060.91857910156	-1.04495573043823	-0.993545889854431	1072.02075195312	-1.38116431236267	31.1065883636475	1079.06713867188	9.59418201446533	39.1167793273926	1083.54162597656	10.6262445449829	37.6766929626465	1083.15197753906	14.061580657959	32.0062599182129	1084.44897460938	17.2522239685059	20.8951110839844	1085.27941894531	15.5247497558594	-4.15281200408936	1082.30334472656	10.4933233261108	-6.56549501419067	1078.43835449219	3.45160722732544	29.8921737670898	1058.8447265625	0.960661590099335	13.9641103744507	1039.95202636719	14.0041046142578	12.9256725311279	1030.83776855469	30.198356628418	5.54269409179688	1040.54711914062	42.3029747009277	-7.93717384338379	1063.06213378906	37.0492401123047	-21.6329612731934	1062.8505859375	12.2049055099487	-3.07012462615967	1059.55432128906	29.5053386688232	-41.4458198547363	1059.16516113281	19.2440338134766	-44.8939743041992	1069.39111328125	7.74688816070557	-51.3753471374512	1071.36730957031	4.99709463119507	-20.9122505187988	1065.16125488281	-11.6429605484009	39.3244972229004	1083.31848144531	-12.3429155349731	38.227970123291	1083.35607910156	-16.0851783752441	32.6112861633301	1084.84045410156	-19.2107791900635	21.9035148620605	1085.7568359375	-17.0195655822754	-3.93106293678284	1083.48657226562	-11.820294380188	-6.95792722702026	1079.10266113281	-6.32545566558838	30.3601722717285	1059.3720703125	-4.20893383026123	14.1399335861206	1039.85693359375	-17.6660575866699	12.7117118835449	1031.20581054688	-33.3952140808105	4.71717691421509	1043.06286621094	-44.0419502258301	-10.9763088226318	1064.71337890625	-37.0700912475586	-22.8436756134033	1064.63549804688	-15.7405595779419	-3.90214443206787	1059.94592285156	-30.417200088501	-42.956714630127	1061.31213378906	-18.4418601989746	-46.0589332580566	1071.36840820312	-7.19673585891724	-51.6637153625488	1071.72875976562	-6.8911247253418	-23.1850280761719	1065.47644042969
TPM-M600	-1.20134472846985	45.2927856445312	1105.85693359375	-1.35455238819122	42.0916709899902	1098.60192871094	-1.53596186637878	34.5047874450684	1075.66284179688	-1.59870684146881	16.7974948883057	1051.13916015625	-1.54976284503937	14.3095569610596	1046.888671875	-2.26967883110046	-67.8063812255859	1071.703125	-2.26343011856079	-52.0909156799316	1089.68286132812	-2.02515983581543	-37.7097244262695	1094.14013671875	-1.63625967502594	-13.420111656189	1081.80480957031	-1.15376138687134	0.789008855819702	1090.58557128906	-1.42775392532349	31.5869827270508	1098.41149902344	8.45606994628906	40.2799491882324	1103.75170898438	9.65938186645508	38.7400321960449	1103.79504394531	12.3426733016968	34.4916572570801	1105.19641113281	16.2743072509766	23.5211277008057	1105.39990234375	14.4627666473389	-2.51761269569397	1101.88708496094	9.27933979034424	-5.51217889785767	1097.83471679688	2.60286402702332	32.3598022460938	1077.73645019531	1.16044270992279	15.3717641830444	1059.69738769531	13.7698850631714	12.7505378723145	1050.41857910156	29.0432186126709	5.13735008239746	1059.06787109375	40.5690002441406	-11.7900714874268	1082.02563476562	33.3910636901855	-23.2499160766602	1082.48718261719	12.0912294387817	-3.94188904762268	1078.78588867188	26.6755962371826	-39.8094787597656	1079.24780273438	14.2078790664673	-40.9451713562012	1090.83813476562	4.89726448059082	-46.6304473876953	1092.24084472656	5.76675271987915	-20.2236289978027	1087.96960449219	-11.2502574920654	39.976921081543	1103.79699707031	-12.6496410369873	38.757640838623	1104.02197265625	-15.9019212722778	34.3753242492676	1104.42578125	-19.4529705047607	23.782398223877	1103.81677246094	-17.8319721221924	-2.5690450668335	1101.01159667969	-12.8877992630005	-5.6998291015625	1097.50207519531	-5.70711374282837	32.7621002197266	1078.1923828125	-4.31696462631226	15.1605920791626	1059.16625976562	-16.9918632507324	13.3017416000366	1050.31420898438	-32.2476005554199	5.12790584564209	1058.79443359375	-43.6400566101074	-11.3847961425781	1082.12390136719	-36.7421760559082	-21.5301170349121	1082.72790527344	-16.4900588989258	-2.78540921211243	1078.26892089844	-31.1905002593994	-39.4358863830566	1079.80981445312	-18.1760272979736	-40.4455986022949	1090.70324707031	-9.46059703826904	-46.0496101379395	1092.40466308594	-8.82922554016113	-19.9474220275879	1087.41687011719
TPM-M659	-0.817824065685272	71.3448944091797	1099.71008300781	-1.09066987037659	62.830192565918	1092.08874511719	-1.43452882766724	47.9480934143066	1069.68737792969	-1.73378574848175	23.290843963623	1045.34375	-1.80425024032593	19.9031829833984	1040.38598632812	-1.21877491474152	-65.5509414672852	1070.86608886719	-0.550174295902252	-47.2795906066895	1093.35083007812	-1.05496168136597	-29.3652877807617	1097.28063964844	-0.97960352897644	-3.58709836006165	1079.25805664062	-0.86841481924057	13.0243396759033	1091.76245117188	-0.913771390914917	48.441837310791	1093.46362304688	11.4391183853149	65.178955078125	1097.77563476562	13.2963275909424	62.8015975952148	1098.5400390625	17.3329792022705	54.4028167724609	1102.34814453125	18.7043190002441	42.4111785888672	1104.76574707031	17.4164028167725	14.7990255355835	1103.96215820312	10.2565698623657	8.09737682342529	1098.44201660156	4.4915599822998	46.5916328430176	1072.39025878906	1.86726009845734	22.6249771118164	1053.89990234375	15.1555519104004	19.3266735076904	1045.35754394531	31.7532711029053	13.3486814498901	1052.853515625	47.138671875	-2.75629353523254	1082.7177734375	39.0944671630859	-12.2841625213623	1082.89270019531	13.8508539199829	8.32875442504883	1077.61010742188	31.1847534179688	-32.8350143432617	1081.48168945312	17.9689865112305	-32.5631484985352	1093.97521972656	7.53791284561157	-39.7393455505371	1096.61181640625	8.17964363098145	-11.1825799942017	1088.05590820312	-12.9593229293823	64.0211715698242	1098.78149414062	-15.2840013504028	62.0334892272949	1099.31567382812	-18.572790145874	54.2995491027832	1102.36608886719	-19.5900058746338	41.6871490478516	1105.72290039062	-18.1575546264648	14.096851348877	1105.71228027344	-12.011079788208	8.09484004974365	1099.46655273438	-6.58024787902832	46.3346824645996	1072.71655273438	-4.56328010559082	22.936954498291	1054.67260742188	-19.3434352874756	19.650951385498	1046.47534179688	-34.7954139709473	12.177562713623	1056.04406738281	-49.5761413574219	-2.0217969417572	1085.02075195312	-38.4446449279785	-13.3343591690063	1084.96545410156	-16.8469467163086	8.19517135620117	1078.36462402344	-32.8661918640137	-35.3502960205078	1083.21069335938	-19.7826557159424	-34.1411781311035	1095.53125	-8.18171691894531	-40.7680015563965	1097.09020996094	-10.3361215591431	-11.7440013885498	1088.42309570312
TPM-M670	-1.146235704422	60.5433120727539	1078.43505859375	-0.733782470226288	54.0274658203125	1068.74865722656	-1.05501019954681	42.9034233093262	1050.06921386719	-0.720667541027069	22.9293575286865	1026.91247558594	-0.709995985031128	20.2347202301025	1023.35424804688	-2.09933185577393	-64.4956359863281	1057.35168457031	-1.29189991950989	-45.0350799560547	1072.5771484375	-1.48898303508759	-29.357551574707	1074.80163574219	-1.29285085201263	-5.0406813621521	1060.84423828125	-1.30258536338806	12.7085485458374	1069.80554199219	-1.02660524845123	45.4670677185059	1073.24438476562	9.13361263275146	55.8606491088867	1078.62487792969	10.5687522888184	53.8085746765137	1078.71789550781	14.4893884658813	48.5322113037109	1080.02282714844	18.3648281097412	38.9470405578613	1080.59851074219	16.0348434448242	12.5207118988037	1081.32421875	10.7896881103516	5.12922191619873	1075.99975585938	3.17836475372314	42.6802940368652	1053.15698242188	2.32664942741394	21.9979057312012	1034.29089355469	14.7406921386719	18.4847621917725	1026.97595214844	29.5849952697754	10.6928949356079	1036.06677246094	40.2611236572266	-3.27099370956421	1059.83264160156	34.2697601318359	-14.1031045913696	1062.53100585938	12.6122646331787	5.25098419189453	1057.59301757812	30.1926860809326	-31.617280960083	1061.11352539062	15.98450756073	-32.1431694030762	1071.79748535156	6.11792516708374	-38.9808387756348	1074.45178222656	5.6682538986206	-12.0463790893555	1065.59716796875	-11.6345062255859	55.2241096496582	1079.00366210938	-13.0950651168823	53.6468505859375	1079.17822265625	-17.0571155548096	48.6501808166504	1080.14294433594	-21.2863674163818	38.6915969848633	1080.72814941406	-19.0346813201904	13.2265882492065	1081.95666503906	-12.492862701416	4.88673973083496	1076.58581542969	-5.45024919509888	42.5213851928711	1053.3310546875	-3.5298855304718	22.1218585968018	1034.43823242188	-16.3247699737549	18.5478973388672	1027.14343261719	-32.7578582763672	12.3249959945679	1038.48840332031	-44.559139251709	-3.96895337104797	1061.95239257812	-36.398738861084	-13.3905935287476	1063.93151855469	-15.5506534576416	6.37014961242676	1057.38098144531	-33.6989440917969	-31.6397151947021	1064.57727050781	-18.1666870117188	-33.0381278991699	1073.09143066406	-8.33260440826416	-38.4273109436035	1074.44030761719	-8.86384677886963	-12.3157033920288	1066.20092773438
