id.string	X1	X2	X3	X4	X5	X6	X7	X8	X9	X10	X11	X12	X13	X14	X15	X16	X17	X18	X19	X20	X21	X22	X23	X24	X25	X26	X27	X28	X29	X30	X31	X32	X33	X34	X35	X36	X37	X38	X39	X40	X41	X42	X43	X44	X45	X46	X47	X48	X49	X50	X51	X52	X53	X54	X55	X56	X57	X58	X59	X60	X61	X62	X63	X64	X65	X66	X67	X68	X69	X70	X71	X72	X73	X74	X75	X76	X77	X78	X79	X80	X81	X82	X83	X84	X85	X86	X87	X88	X89	X90	X91	X92	X93	X94	X95	X96	X97	X98	X99	X100	X101	X102	X103	X104	X105	X106	X107	X108	X109	X110	X111	X112	X113	X114	X115	X116	X117	X118	X119	X120	X121	X122	X123	X124	X125	X126	X127	X128	X129	X130	X131	X132	X133	X134	X135
GMNH-V14-597	139.414749145508	-73.9585952758789	-969.651184082031	139.494491577148	-66.3180541992188	-979.427612304688	NA	NA	NA	140.891036987305	-30.1281585693359	-1016.52392578125	141.157577514648	-26.8715953826904	-1023.24713134766	144.540954589844	59.9057579040527	-985.761901855469	143.611679077148	39.4031791687012	-968.991882324219	142.743804931641	22.6570014953613	-966.960388183594	141.588516235352	-2.31670641899109	-984.00927734375	140.969223022461	-17.6792678833008	-973.802612304688	139.987121582031	-55.0888519287109	-975.098754882812	127.547050476074	-67.6475296020508	-970.432495117188	123.690628051758	-64.5551834106445	-968.21923828125	121.547828674316	-55.9222030639649	-967.397216796875	121.963836669922	-43.8039207458496	-964.868286132812	123.700553894043	-17.5385704040527	-960.203979492188	129.821929931641	-10.7526798248291	-965.792236328125	NA	NA	NA	137.388473510742	-28.4234066009521	-1010.76049804688	124.047309875488	-22.7390785217285	-1019.34368896484	107.548164367676	-12.2929916381836	-1014.12316894531	94.3222808837891	2.58986806869507	-982.050476074219	102.943115234375	10.3462934494019	-980.249694824219	128.066848754883	-10.1284599304199	-987.1201171875	109.845710754395	28.5496158599854	-981.944458007812	126.573181152344	25.2106552124023	-969.41064453125	136.115447998047	32.3565368652344	-966.974609375	134.710998535156	6.92616844177246	-976.0546875	151.842300415039	-68.6065444946289	-971.457763671875	155.567718505859	-66.2136383056641	-969.562072753906	158.288787841797	-58.4475936889649	-967.733215332031	161.192291259766	-46.0996208190918	-965.55224609375	159.260299682617	-20.0978107452393	-960.537475585938	153.835113525391	-12.226616859436	-965.756591796875	145.609664916992	-48.9561042785645	-995.277587890625	144.903579711914	-28.9256362915039	-1011.25939941406	158.526916503906	-25.099479675293	-1019.16461181641	176.477996826172	-16.1333847045898	-1013.19122314453	189.833404541016	-3.85189914703369	-980.015014648438	182.099792480469	6.63261032104492	-979.58203125	155.471755981445	-11.5844707489014	-988.116333007812	175.954803466797	24.4841003417969	-980.670104980469	160.91389465332	23.5909061431885	-969.126281738281	150.852325439453	31.7150764465332	-966.638000488281	148.9931640625	5.31931066513062	-976.371887207031
GMNH-V14-611	140.162811279297	-63.4804039001465	-928.234191894531	140.738632202148	-56.4322357177734	-940.616882324219	140.843704223633	-43.5524520874023	-958.893188476562	141.363082885742	-19.6341304779053	-980.509521484375	141.303024291992	-15.4308376312256	-987.124084472656	143.3955078125	72.0066528320312	-949.628173828125	142.940551757812	52.478401184082	-932.530700683594	142.742218017578	34.7887344360352	-930.16162109375	142.492630004883	11.062385559082	-945.390747070312	141.391220092773	-7.79921865463257	-936.036437988281	140.297790527344	-48.5288276672363	-934.827270507812	128.198059082031	-57.6094818115234	-929.569274902344	126.464241027832	-54.9556350708008	-928.367309570312	123.231964111328	-46.7593650817871	-926.645629882812	120.54386138916	-35.6997985839844	-925.725952148438	124.08585357666	-10.2745571136475	-922.933227539062	130.695693969727	-2.4481520652771	-929.064086914062	135.164520263672	-40.7120513916016	-956.213439941406	137.6064453125	-18.278844833374	-974.859375	121.206611633301	-13.6777124404907	-982.228820800781	106.461738586426	-5.53551054000854	-971.820922851562	94.3063201904297	7.73084402084351	-941.169494628906	103.320457458496	21.2602024078369	-941.858703613281	127.047996520996	-2.10345864295959	-948.6435546875	110.592323303223	40.3186111450195	-942.865112304688	124.051582336426	38.1886787414551	-933.643920898438	134.631011962891	45.0664863586426	-929.382202148438	135.58854675293	18.7714900970459	-939.42529296875	152.189575195312	-59.2259178161621	-929.794250488281	154.865844726562	-56.1485252380371	-929.17724609375	158.525314331055	-48.1275405883789	-927.270935058594	160.880615234375	-37.0376396179199	-925.043151855469	158.682861328125	-11.2497968673706	-922.566589355469	152.182205200195	-3.49585342407227	-928.556579589844	145.680694580078	-41.2370452880859	-957.168762207031	144.791015625	-18.6484985351562	-974.876281738281	160.257919311523	-15.4257392883301	-983.254211425781	177.9013671875	-8.61020374298096	-971.662658691406	189.240158081055	7.89404392242432	-941.731628417969	180.670974731445	19.9695377349854	-941.634765625	156.219573974609	-3.38850569725037	-949.241760253906	175.883041381836	39.0912170410156	-942.830871582031	159.188125610352	37.7263717651367	-933.160400390625	150.491836547852	44.6591644287109	-929.766052246094	149.552291870117	18.7669811248779	-938.614196777344
GMNH-V14-621	123.252250671387	-56.1820106506348	-938.465148925781	123.361450195312	-50.0829811096191	-945.250366210938	122.306129455566	-37.6890144348145	-962.449523925781	121.58878326416	-18.2389965057373	-983.080322265625	121.001747131348	-14.7148494720459	-989.413635253906	126.74324798584	63.5725975036621	-946.458862304688	126.981582641602	44.0677490234375	-932.33056640625	125.727729797363	28.3455905914307	-932.630432128906	124.980728149414	6.93573236465454	-949.004028320312	124.700668334961	-9.14164638519287	-942.111999511719	123.870292663574	-40.9035148620605	-942.434326171875	113.27409362793	-51.6710472106934	-938.182189941406	111.794204711914	-50.1928787231445	-937.390686035156	108.323234558105	-45.2579498291016	-935.784851074219	106.109573364258	-35.1437225341797	-932.953308105469	107.972953796387	-11.0909671783447	-930.163024902344	113.657646179199	-3.05198431015015	-933.593017578125	117.834121704102	-35.2171859741211	-960.440063476562	119.082153320312	-16.9844379425049	-975.982543945312	104.963401794434	-11.0336837768555	-983.673156738281	89.9228439331055	-4.56438255310059	-972.004089355469	83.0210647583008	8.13859272003174	-945.989135742188	90.3664855957031	16.0946311950684	-945.347412109375	109.602912902832	-2.77522015571594	-954.681457519531	96.760612487793	33.8529396057129	-944.503356933594	110.412628173828	32.3206214904785	-933.422180175781	119.424751281738	38.0197944641113	-930.629760742188	118.072196960449	13.4179039001465	-943.145324707031	133.909896850586	-52.8088493347168	-939.853942871094	134.832122802734	-51.394645690918	-939.378601074219	138.767211914062	-47.2158203125	-937.289489746094	142.220520019531	-36.6494827270508	-935.182434082031	143.046997070312	-13.4304780960083	-932.272521972656	137.784408569336	-4.58268070220947	-935.744995117188	126.991958618164	-34.6326179504395	-961.986145019531	125.912757873535	-17.0978965759277	-976.080993652344	139.99755859375	-11.8789100646973	-986.465942382812	156.138107299805	-7.33003520965576	-976.078002929688	167.661911010742	3.7910258769989	-951.297912597656	161.027160644531	14.3813667297363	-949.091430664062	138.372711181641	-3.70881342887878	-955.6513671875	154.808029174805	31.2803936004639	-947.343688964844	141.473571777344	31.1052055358887	-935.154113769531	133.617309570312	37.6448097229004	-931.219177246094	132.452133178711	12.0141696929932	-943.771423339844
GMNH-VM09-45	142.949569702148	-69.4848937988281	-949.136962890625	142.88639831543	-63.4981002807617	-956.947143554688	142.106872558594	-49.6578903198242	-977.830200195312	141.417694091797	-25.3042640686035	-997.845397949219	141.138732910156	-21.4995384216309	-1003.7939453125	144.345733642578	61.9337844848633	-966.02099609375	144.265594482422	42.452579498291	-947.985534667969	143.675720214844	26.9951553344727	-945.811340332031	142.496398925781	-0.1405298858881	-963.873107910156	143.600784301758	-15.3408479690552	-953.132995605469	143.287475585938	-53.6209678649902	-952.473022460938	132.000701904297	-65.7661209106445	-947.228759765625	128.800888061523	-62.2838439941406	-944.616271972656	126.879730224609	-55.2432289123535	-941.598022460938	125.89421081543	-43.9304733276367	-940.535583496094	126.845504760742	-18.8534183502197	-939.699890136719	132.398559570312	-9.91787338256836	-946.417053222656	137.596801757812	-48.0861167907715	-974.037048339844	138.611328125	-25.5587368011475	-988.849670410156	120.288108825684	-19.3343696594238	-998.093017578125	107.607276916504	-11.3911199569702	-986.12548828125	96.6113891601562	-2.33395981788635	-956.089904785156	104.769577026367	11.4544401168823	-954.362976074219	128.358154296875	-8.29672431945801	-965.155822753906	111.722747802734	30.3032913208008	-957.306762695312	127.083129882812	29.0262966156006	-947.122314453125	136.716583251953	35.8751258850098	-945.16259765625	135.353622436523	8.33712387084961	-955.558532714844	152.121154785156	-66.4288482666016	-948.278015136719	156.076873779297	-64.2506866455078	-945.920043945312	158.781295776367	-58.0846824645996	-942.717468261719	161.121658325195	-45.9796409606934	-941.537719726562	161.372909545898	-20.4119281768799	-941.28857421875	155.12385559082	-11.1475439071655	-947.726989746094	147.337493896484	-48.4786987304688	-974.2578125	145.109390258789	-25.4650650024414	-989.322265625	161.642059326172	-20.6574649810791	-999.360473632812	176.12467956543	-12.9924144744873	-989.470581054688	NA	NA	NA	181.697387695312	10.5456314086914	-958.724792480469	156.556549072266	-8.61245250701904	-966.921325683594	175.990753173828	28.8550567626953	-959.996887207031	159.429473876953	28.4294033050537	-949.726989746094	152.264297485352	35.3142547607422	-946.181579589844	151.440292358398	8.17360782623291	-956.881225585938
GMNH-VM09-457	149.314971923828	-68.6177062988281	-953.038818359375	148.384399414062	-60.3841705322266	-962.697570800781	146.952987670898	-44.6015014648438	-981.646911621094	146.325805664062	-17.2075061798096	-1001.22814941406	145.786331176758	-12.2772359848022	-1008.15795898438	148.618835449219	72.910774230957	-965.711669921875	149.831878662109	53.4598045349121	-948.097534179688	149.713989257812	36.5869560241699	-944.810363769531	148.668853759766	7.46388864517212	-964.316711425781	149.009155273438	-7.61855697631836	-955.037414550781	148.429870605469	-48.4942741394043	-957.416442871094	137.173080444336	-65.4173736572266	-953.363037109375	132.857009887695	-60.868465423584	-949.956237792969	129.524932861328	-53.9081001281738	-947.781066894531	126.783432006836	-41.8282775878906	-946.394287109375	130.067367553711	-16.808162689209	-941.598388671875	137.683700561523	-4.54463863372803	-947.207641601562	140.933471679688	-43.0070266723633	-978.8701171875	142.43701171875	-16.7963790893555	-995.217651367188	125.333511352539	-10.544750213623	-1001.74670410156	109.513198852539	-3.41851449012756	-991.098205566406	97.6445617675781	10.8006286621094	-954.961730957031	107.336318969727	18.0037651062012	-954.945617675781	132.117141723633	-3.28047895431519	-969.2626953125	116.542816162109	38.6079063415527	-956.991027832031	132.293029785156	38.3110961914062	-946.748779296875	142.039810180664	44.7399253845215	-944.495239257812	141.221054077148	16.1135292053223	-955.845947265625	160.709915161133	-64.0963897705078	-954.723571777344	164.326629638672	-59.6539077758789	-952.149719238281	168.730117797852	-53.0606842041016	-950.499084472656	170.781692504883	-41.8510818481445	-948.22802734375	169.532669067383	-17.2067604064941	-942.879699707031	161.408554077148	-3.76062679290771	-948.105102539062	153.953536987305	-42.9606094360352	-979.436096191406	151.185546875	-16.8905353546143	-995.427734375	166.57487487793	-10.251633644104	-1004.16198730469	184.509719848633	-3.73016047477722	-994.741882324219	199.881759643555	11.8468608856201	-959.799438476562	189.408203125	18.3987216949463	-958.523742675781	163.641265869141	-2.79438090324402	-970.498229980469	181.191452026367	38.4435577392578	-960.223876953125	167.348327636719	38.1844139099121	-948.769714355469	157.687652587891	45.0418090820312	-945.260498046875	157.34831237793	16.4228382110596	-958.005126953125
GMNH-VM10-348	122.328674316406	-66.2470626831055	-985.206420898438	122.830261230469	-58.5082855224609	-995.981628417969	122.561241149902	-46.2628288269043	-1012.63995361328	124.46369934082	-27.2142276763916	-1029.75219726562	125.146438598633	-22.9657649993896	-1034.50573730469	129.934036254883	53.676197052002	-987.790893554688	128.547286987305	32.4525337219238	-977.611328125	127.107406616211	15.8304376602173	-977.776489257812	125.951110839844	-3.87754225730896	-994.154113769531	124.59285736084	-19.1035575866699	-988.272399902344	123.217987060547	-50.1661415100098	-991.9599609375	111.575386047363	-60.8396911621094	-986.586486816406	110.088272094727	-59.2436485290527	-985.894409179688	107.908042907715	-55.0247001647949	-984.453308105469	104.806381225586	-44.163272857666	-981.573791503906	108.044105529785	-19.866361618042	-978.813842773438	113.307189941406	-12.6091833114624	-981.786804199219	118.528060913086	-44.6683502197266	-1010.35510253906	120.922988891602	-26.220386505127	-1022.61303710938	106.399040222168	-19.9499340057373	-1031.08349609375	91.3965072631836	-13.0147123336792	-1020.62866210938	83.5879364013672	-2.27011322975159	-993.885131835938	90.4685440063477	7.14977407455444	-991.383972167969	111.492317199707	-11.9271774291992	-999.770568847656	97.9264144897461	22.7312831878662	-989.547668457031	110.726516723633	18.8107299804688	-980.425476074219	119.993339538574	24.7569942474365	-976.232604980469	119.176078796387	2.93757915496826	-987.950927734375	133.438720703125	-62.4065780639648	-986.997863769531	134.81413269043	-60.8864440917969	-986.387329101562	138.532730102539	-56.3993721008301	-984.973937988281	141.79508972168	-46.1422882080078	-982.030517578125	142.216369628906	-22.0193767547607	-978.302795410156	136.860717773438	-14.4208831787109	-981.587585449219	127.523986816406	-45.5103416442871	-1010.22009277344	127.66236114502	-27.2053527832031	-1022.80529785156	144.224426269531	-22.0611419677734	-1030.45666503906	158.589401245117	-17.7078609466553	-1020.58843994141	168.060974121094	-7.25346279144287	-991.684143066406	162.876846313477	2.4466917514801	-990.213134765625	139.293655395508	-13.4101991653442	-999.413452148438	158.167129516602	19.1056632995605	-988.55126953125	143.194152832031	17.2390289306641	-979.233215332031	134.990829467773	23.9282779693604	-975.877258300781	132.86897277832	1.82312226295471	-988.378784179688
GMNH-VM10-427	127.482467651367	-69.4399185180664	-984.102966308594	127.581611633301	-64.0752258300781	-990.818115234375	127.740829467773	-51.354549407959	-1009.66748046875	128.960754394531	-30.8836860656738	-1029.66870117188	129.243515014648	-27.5107192993164	-1034.54516601562	131.112396240234	52.2562675476074	-995.210021972656	130.910430908203	32.538761138916	-982.527221679688	130.228225708008	16.1273937225342	-980.647705078125	129.379760742188	-7.05293369293213	-997.386535644531	128.535491943359	-21.8616027832031	-988.213684082031	128.136962890625	-53.7864112854004	-988.68994140625	116.245712280273	-63.8128662109375	-984.997680664062	115.161827087402	-62.3992881774902	-984.676513671875	111.401519775391	-55.7325325012207	-982.239868164062	108.827743530273	-45.4125175476074	-980.214477539062	112.138198852539	-19.9295825958252	-979.198913574219	116.48405456543	-15.4636650085449	-981.505676269531	122.929008483887	-50.1786689758301	-1005.96423339844	126.493873596191	-31.6540565490723	-1021.95861816406	113.22891998291	-24.6083011627197	-1032.16357421875	98.2820587158203	-19.3710250854492	-1021.63409423828	87.5270309448242	-7.86544036865234	-996.777526855469	94.6138610839844	0.872185528278351	-994.410217285156	114.363632202148	-17.0775356292725	-1000.62811279297	100.334518432617	19.2837524414062	-994.052001953125	114.319618225098	19.2408542633057	-983.21923828125	122.518951416016	25.6628971099854	-979.486694335938	122.547645568848	0.702985763549805	-989.77783203125	138.928527832031	-64.4595718383789	-985.484191894531	140.427841186523	-63.0812149047852	-983.903015136719	144.368911743164	-56.4759254455566	-981.528381347656	147.030288696289	-46.2982292175293	-979.313415527344	144.738891601562	-20.4745635986328	-978.956665039062	140.645004272461	-16.2962188720703	-980.879211425781	133.312789916992	-51.2471160888672	-1006.16546630859	131.490615844727	-31.7073020935059	-1022.31640625	146.406387329102	-25.8049545288086	-1031.33654785156	160.698837280273	-21.1441669464111	-1019.1513671875	171.253295898438	-10.6605730056763	-993.513427734375	164.977676391602	-0.247538775205612	-992.345092773438	143.551727294922	-17.418083190918	-1000.02215576172	159.464309692383	17.7317142486572	-992.47607421875	147.032485961914	19.0640907287598	-982.5732421875	137.094131469727	24.9109992980957	-979.893127441406	137.347320556641	-0.21902360022068	-990.158996582031
GMNH-VM11-16	137.763473510742	-57.6644744873047	-934.7998046875	137.222503662109	-52.0734977722168	-943.114929199219	135.887069702148	-38.3717422485352	-960.318786621094	134.759185791016	-14.5955667495728	-978.403015136719	134.313674926758	-10.5016164779663	-983.569396972656	135.537170410156	71.3230667114258	-943.212524414062	137.599670410156	51.6291122436523	-926.319274902344	138.158599853516	32.3567314147949	-924.142272949219	136.310913085938	10.4718332290649	-942.851501464844	137.007598876953	-6.08952379226685	-936.014526367188	137.492538452148	-41.9535331726074	-938.493896484375	125.252006530762	-53.6660690307617	-936.040283203125	122.655334472656	-52.279655456543	-934.972045898438	119.838661193848	-44.5582275390625	-931.585510253906	118.029998779297	-34.4178009033203	-927.593383789062	120.497535705566	-8.330397605896	-923.535095214844	125.436790466309	-1.66891527175903	-928.127258300781	131.091537475586	-37.5108413696289	-957.135498046875	130.9951171875	-15.4513454437256	-971.226745605469	117.230110168457	-9.7305097579956	-979.0048828125	100.750610351562	-0.626403033733368	-969.496520996094	88.9689712524414	9.88077354431152	-936.097229003906	96.330451965332	19.0950603485107	-934.00732421875	120.591773986816	-1.49085032939911	-947.431213378906	104.057891845703	38.0820922851562	-936.098022460938	118.605690002441	37.2060279846191	-925.267761230469	130.496932983398	43.5074691772461	-922.516845703125	128.494110107422	16.9512825012207	-935.4384765625	149.540115356445	-53.5237007141113	-936.79736328125	152.408843994141	-52.2446098327637	-936.763977050781	155.761825561523	-44.1287651062012	-934.054992675781	158.03157043457	-33.5564575195312	-929.072814941406	154.932174682617	-8.11741352081299	-925.78857421875	149.560333251953	-1.419517993927	-929.577819824219	141.059631347656	-36.9566078186035	-957.520080566406	138.813400268555	-14.9266166687012	-972.591979980469	152.665008544922	-9.67860794067383	-981.135498046875	169.781051635742	-0.861617505550385	-973.247131347656	184.85432434082	7.82355642318726	-942.03759765625	176.305145263672	18.3407287597656	-939.141418457031	151.677947998047	-1.55561661720276	-949.291137695312	169.509506225586	36.9603881835938	-940.336669921875	157.27180480957	36.0379219055176	-927.985046386719	146.079513549805	43.049015045166	-923.109191894531	146.502059936523	16.4320735931396	-936.821655273438
GMNH-VM12-388	145.701812744141	-62.5798645019531	-926.015075683594	145.136199951172	-55.0148887634277	-933.854125976562	145.862442016602	-34.5889778137207	-952.079406738281	148.103912353516	-12.2933149337769	-972.582763671875	148.109725952148	-8.86069011688232	-977.401977539062	148.332580566406	74.1718368530273	-934.12451171875	149.027053833008	51.9306678771973	-918.513244628906	148.537414550781	35.6232681274414	-917.341552734375	147.90397644043	13.8395347595215	-935.460388183594	147.250869750977	-2.13284850120544	-929.159057617188	145.158996582031	-42.6887741088867	-929.31640625	132.660339355469	-58.8869285583496	-926.341552734375	128.393005371094	-54.5902290344238	-924.002685546875	125.963569641113	-46.9741020202637	-921.640747070312	124.701766967773	-34.574779510498	-919.042419433594	129.048538208008	-8.1647891998291	-914.613830566406	135.684951782227	0.913643777370453	-920.10400390625	141.268432617188	-35.072265625	-949.18701171875	144.662353515625	-11.4335260391235	-963.763366699219	129.539123535156	-6.96796083450317	-974.322387695312	113.407600402832	0.758960127830505	-965.327453613281	100.634666442871	11.2723703384399	-932.538208007812	108.884300231934	22.5537147521973	-931.015197753906	133.108581542969	4.13965463638306	-940.97509765625	116.987854003906	39.3943862915039	-929.302978515625	132.287261962891	38.5174102783203	-920.628540039062	141.157363891602	44.6060104370117	-917.481506347656	140.706832885742	19.9387168884277	-929.615661621094	157.520263671875	-57.7897758483887	-925.388366699219	161.812103271484	-54.8103141784668	-924.271911621094	164.367736816406	-47.8690719604492	-921.16064453125	166.552490234375	-35.3800582885742	-918.077575683594	165.742965698242	-8.2372875213623	-913.069641113281	159.533752441406	1.00267159938812	-920.091979980469	150.737564086914	-34.6959800720215	-947.710083007812	151.636428833008	-12.7775707244873	-964.236694335938	166.906860351562	-7.16457319259644	-972.796569824219	183.435195922852	-1.0231477022171	-964.117919921875	195.815628051758	10.0762920379639	-930.418090820312	188.084884643555	21.828763961792	-930.310180664062	163.109283447266	4.94250011444092	-941.283996582031	180.453399658203	38.4474563598633	-928.240600585938	166.73747253418	37.9470558166504	-920.246154785156	155.796661376953	44.1837768554688	-917.449340820312	155.625991821289	20.304178237915	-929.002624511719
GMNH-VM12-450	128.218002319336	-66.08544921875	-935.245483398438	128.696792602539	-61.3451957702637	-943.624084472656	128.529968261719	-46.9169845581055	-963.933959960938	128.720779418945	-24.1189250946045	-984.472961425781	128.669921875	-21.6330814361572	-988.133117675781	133.604843139648	60.398681640625	-950.050842285156	132.419158935547	41.7513122558594	-935.468811035156	131.367172241211	25.2125911712646	-933.588745117188	130.39079284668	1.3299812078476	-948.357788085938	130.011138916016	-14.8585939407349	-940.405822753906	128.851043701172	-49.3520622253418	-942.138916015625	117.253898620605	-61.3814086914062	-937.161010742188	114.627105712891	-57.8310127258301	-936.736450195312	112.287666320801	-51.3959197998047	-933.833129882812	109.441833496094	-40.6276969909668	-932.475219726562	113.056091308594	-15.5634517669678	-929.203125	118.776664733887	-7.41301345825195	-933.205993652344	124.054565429688	-44.4885902404785	-962.44873046875	125.460906982422	-23.9128532409668	-974.888610839844	111.733612060547	-20.3891353607178	-983.59765625	96.7915191650391	-11.2432718276978	-972.98095703125	87.5755767822266	2.86585354804993	-945.209594726562	95.9174041748047	11.812783241272	-944.733520507812	116.376281738281	-7.74018573760986	-951.857238769531	102.179145812988	30.1274147033691	-944.217102050781	116.533103942871	29.541467666626	-933.970031738281	124.699752807617	34.7426834106445	-933.0654296875	123.700759887695	8.6017541885376	-942.239196777344	139.125671386719	-62.4603004455566	-936.314880371094	142.032958984375	-58.8914031982422	-936.4873046875	145.38346862793	-53.554126739502	-934.925659179688	149.983596801758	-42.1344795227051	-933.994750976562	148.414764404297	-16.3596744537354	-930.318298339844	142.118316650391	-8.46019458770752	-933.491088867188	133.010208129883	-45.283863067627	-962.003051757812	132.733810424805	-24.7577457427979	-975.394226074219	146.772796630859	-21.9655265808105	-983.816162109375	162.500045776367	-14.5144710540771	-974.646362304688	173.747512817383	-1.40427386760712	-946.135864257812	166.037887573242	8.42356300354004	-946.829467773438	144.594253540039	-9.69595623016357	-952.894470214844	161.087921142578	26.1094932556152	-945.389892578125	147.647033691406	26.9539699554443	-935.473999023438	139.91828918457	33.0751037597656	-932.402587890625	137.468963623047	7.64344882965088	-942.605529785156
GMNH-VM13-350	141.459533691406	-73.6791687011719	-960.240661621094	141.269348144531	-67.8236923217773	-968.095520019531	141.042434692383	-49.9140396118164	-986.495971679688	140.106216430664	-24.3485107421875	-1006.08892822266	139.693252563477	-21.1482257843018	-1010.30950927734	141.326477050781	59.2897033691406	-967.272705078125	142.635620117188	39.9249572753906	-954.653015136719	142.602157592773	24.9824199676514	-953.170227050781	141.939819335938	0.132087871432304	-970.990661621094	141.854400634766	-17.260570526123	-960.865295410156	141.332275390625	-56.2764625549316	-963.219299316406	129.38786315918	-68.0855331420898	-960.692321777344	127.533042907715	-66.3240051269531	-960.078125	123.783744812012	-57.8774604797363	-955.877563476562	121.885047912598	-47.0307502746582	-952.83203125	124.931198120117	-19.462064743042	-948.450927734375	130.770065307617	-12.9090662002563	-954.146057128906	135.484268188477	-47.9134254455566	-983.434509277344	136.931091308594	-25.1067447662354	-997.84375	121.692260742188	-19.5363464355469	-1006.03485107422	106.251098632812	-13.7690544128418	-995.814025878906	95.2817077636719	-0.497358590364456	-966.249450683594	103.085960388184	9.72551250457764	-963.276672363281	125.760093688965	-11.5387735366821	-974.225158691406	110.726921081543	27.5804977416992	-964.338806152344	125.01212310791	27.7466487884521	-955.704284667969	135.312484741211	32.8670120239258	-952.1240234375	134.882431030273	7.35434627532959	-963.385986328125	153.593551635742	-68.5354080200195	-961.616760253906	155.524856567383	-65.8495635986328	-960.846923828125	159.477127075195	-58.3830757141113	-958.027954101562	160.933639526367	-47.4624557495117	-953.828247070312	159.372344970703	-19.5710468292236	-949.518615722656	153.402282714844	-12.7247285842896	-954.579223632812	146.752731323242	-47.703254699707	-983.228942871094	144.248123168945	-25.1155414581299	-997.972900390625	159.544509887695	-20.3419933319092	-1007.24224853516	174.10546875	-15.2779293060303	-1000.38824462891	188.61262512207	-2.20008635520935	-967.777648925781	180.810882568359	8.24222278594971	-965.350036621094	156.606506347656	-11.1958780288696	-974.879211425781	173.787445068359	25.7778797149658	-966.185119628906	158.804336547852	27.0457878112793	-956.329406738281	149.912857055664	33.3710250854492	-952.629455566406	149.115005493164	7.9265923500061	-963.673828125
GMNH-VM13-388	131.325073242188	-71.0515441894531	-988.606018066406	131.420944213867	-63.7370719909668	-1000.13928222656	131.432373046875	-48.4044075012207	-1018.49444580078	131.870910644531	-25.9990653991699	-1037.44543457031	131.825042724609	-22.0890083312988	-1041.28967285156	134.037872314453	51.9994888305664	-993.931396484375	133.960693359375	31.964563369751	-981.229187011719	133.609664916992	15.625168800354	-980.9833984375	132.635772705078	-4.77990865707397	-999.11669921875	132.065017700195	-22.1308078765869	-991.298156738281	131.530044555664	-55.0401153564453	-995.232116699219	120.387237548828	-68.094482421875	-990.123901367188	117.861404418945	-66.6291885375977	-989.353271484375	114.590492248535	-60.702880859375	-986.255554199219	110.961013793945	-49.4173278808594	-983.033569335938	113.591468811035	-24.0786228179932	-980.214172363281	120.085952758789	-15.0116786956787	-983.383911132812	126.185386657715	-48.73828125	-1013.93774414062	128.436614990234	-27.7957363128662	-1026.28515625	115.625717163086	-21.2502994537354	-1034.96264648438	100.517044067383	-12.7320957183838	-1024.30834960938	88.0893478393555	-6.62383317947388	-997.023010253906	96.9652786254883	3.52319860458374	-994.7236328125	118.086502075195	-12.2796325683594	-1002.38842773438	103.461952209473	21.6279067993164	-994.043273925781	117.030601501465	19.5931377410889	-982.411254882812	126.755867004395	25.5268058776855	-979.448181152344	126.170440673828	1.3318647146225	-992.894653320312	142.40104675293	-69.7782287597656	-990.678405761719	145.13703918457	-67.6967239379883	-989.508422851562	149.659957885742	-61.594554901123	-985.638305664062	152.060195922852	-50.5745735168457	-982.541259765625	151.552795410156	-24.9668750762939	-979.918029785156	144.463348388672	-16.1077518463135	-983.1416015625	136.653228759766	-49.8632011413574	-1014.36688232422	135.928070068359	-28.3017959594727	-1026.95129394531	NA	NA	NA	165.431747436523	-15.3516998291016	-1023.66632080078	175.820526123047	-8.15179634094238	-997.264770507812	168.709899902344	1.74580717086792	-994.932434082031	146.518585205078	-14.1531143188477	-1003.17358398438	163.541152954102	19.6243019104004	-993.891845703125	151.315170288086	18.6638011932373	-982.744384765625	140.822601318359	24.8906936645508	-979.41162109375	140.624435424805	0.868890702724457	-992.395935058594
GMNH-VM13-392	125.733764648438	-73.761848449707	-953.841003417969	126.001823425293	-70.3974761962891	-961.083618164062	125.625	-60.0141334533691	-979.768249511719	124.149993896484	-36.4363899230957	-999.111022949219	123.900619506836	-33.5932121276855	-1003.29699707031	124.534744262695	46.8034362792969	-965.486938476562	123.967864990234	26.1086959838867	-951.263732910156	124.211402893066	10.3625650405884	-949.631591796875	124.754905700684	-12.7569446563721	-967.01904296875	124.597091674805	-26.7850971221924	-959.175354003906	125.3720703125	-59.4660034179688	-958.144287109375	115.291160583496	-68.7207336425781	-955.307739257812	114.621292114258	-68.3208999633789	-954.995483398438	111.457237243652	-63.5253143310547	-952.992980957031	107.331031799316	-53.6245880126953	-950.404541015625	108.718788146973	-28.6002426147461	-948.962463378906	113.698936462402	-22.3492565155029	-952.204711914062	120.447601318359	-57.9234733581543	-976.232360839844	121.259887695312	-36.2711601257324	-992.2958984375	107.79564666748	-30.0200252532959	-1001.03521728516	93.031852722168	-25.1368370056152	-990.417846679688	82.4462890625	-13.8066987991333	-961.831726074219	89.1846313476562	-4.85616064071655	-962.840393066406	110.886795043945	-21.2185573577881	-971.662048339844	95.1304473876953	13.9218215942383	-962.581665039062	108.075416564941	13.3719434738159	-951.770263671875	117.110107421875	19.376781463623	-948.471374511719	117.357032775879	-5.96702527999878	-960.289001464844	135.686218261719	-68.4466934204102	-955.737426757812	136.303787231445	-67.7374267578125	-955.197937011719	140.29296875	-62.0960388183594	-952.956298828125	142.521606445312	-52.8266487121582	-950.72265625	140.722213745117	-27.8144245147705	-949.54345703125	135.743682861328	-21.6350555419922	-952.368896484375	129.779205322266	-58.32470703125	-976.837158203125	127.353950500488	-36.5605850219727	-992.305480957031	140.524276733398	-29.6919193267822	-1001.19689941406	155.908996582031	-24.9068946838379	-991.083190917969	166.336654663086	-12.0984325408936	-961.871887207031	159.434020996094	-3.77172422409058	-962.610107421875	138.283309936523	-21.3517055511475	-971.797119140625	153.399765014648	14.1297569274902	-962.2021484375	141.338150024414	13.7483882904053	-952.059631347656	131.957107543945	18.9296474456787	-948.38330078125	132.196014404297	-6.04540967941284	-960.808837890625
GMNH-VM14-159	138.22688293457	-64.5063323974609	-930.769287109375	138.06755065918	-57.7106056213379	-937.321716308594	137.389434814453	-44.6238136291504	-955.218933105469	136.037628173828	-26.1819648742676	-977.672790527344	135.661437988281	-22.9696655273438	-982.43115234375	140.625915527344	66.5175857543945	-935.029174804688	140.818695068359	43.0810546875	-926.72705078125	140.274566650391	24.3745079040527	-925.762573242188	138.236450195312	1.7722179889679	-944.141479492188	138.365142822266	-13.2204332351685	-934.835205078125	138.246459960938	-48.3865814208984	-934.450012207031	128.788513183594	-61.2998008728027	-929.327209472656	126.819595336914	-58.9327011108398	-928.01171875	123.20174407959	-54.0015411376953	-926.185913085938	120.874931335449	-42.7784805297852	-924.35107421875	122.387794494629	-15.3327970504761	-922.483520507812	127.897254943848	-8.12555885314941	-927.28515625	132.586288452148	-43.0362701416016	-951.91259765625	133.331497192383	-24.8696517944336	-967.706359863281	119.464744567871	-19.73583984375	-977.306640625	103.942909240723	-12.0290374755859	-968.745300292969	93.6760482788086	-0.274281084537506	-940.167053222656	101.999069213867	11.4604253768921	-938.946838378906	123.450492858887	-7.42572402954102	-946.357666015625	107.897605895996	30.2888679504395	-938.195190429688	122.656257629395	27.3859901428223	-927.673950195312	131.264923095703	33.2151336669922	-923.514953613281	131.650039672852	7.68284273147583	-937.83447265625	148.807907104492	-60.2770576477051	-929.834655761719	150.994766235352	-58.7973556518555	-929.455993652344	154.783676147461	-53.6089172363281	-927.732055664062	157.897521972656	-43.2224502563477	-925.533386230469	156.951080322266	-15.6224756240845	-923.949645996094	151.068374633789	-9.23476600646973	-928.565002441406	143.274658203125	-43.419246673584	-952.748352050781	140.334625244141	-25.3377685546875	-968.099426269531	153.235168457031	-21.2372074127197	-978.630615234375	170.332077026367	-13.0693407058716	-969.919372558594	184.147232055664	-1.78106963634491	-945.188537597656	177.412322998047	9.21491050720215	-942.576782226562	154.036224365234	-8.55873584747314	-947.375427246094	171.415924072266	27.4965896606445	-940.544189453125	157.200576782227	26.1375541687012	-928.608764648438	149.158111572266	33.4961013793945	-924.768310546875	146.690048217773	7.0370135307312	-938.773620605469
GMNH-VM14-160	131.302825927734	-69.8385467529297	-960.519714355469	131.226028442383	-64.1599655151367	-967.845092773438	130.429931640625	-49.8211097717285	-987.857849121094	130.842987060547	-24.6128692626953	-1009.10528564453	130.51155090332	-22.0280780792236	-1013.005859375	132.259017944336	56.7023048400879	-973.047424316406	132.808441162109	38.2297401428223	-957.089172363281	132.210708618164	22.6470966339111	-955.711669921875	132.059799194336	0.414573132991791	-971.9326171875	131.276351928711	-17.2785053253174	-964.892700195312	130.990493774414	-52.5502014160156	-965.774963378906	120.048110961914	-64.1025009155273	-961.503723144531	118.675216674805	-62.2648506164551	-960.815368652344	114.836463928223	-57.2076416015625	-958.676696777344	111.753273010254	-46.573299407959	-957.107788085938	114.294525146484	-18.5222091674805	-953.416320800781	119.295341491699	-11.623893737793	-957.428955078125	125.567802429199	-47.2085151672363	-985.333435058594	127.442665100098	-24.2712688446045	-1000.98992919922	113.909103393555	-18.6663703918457	-1009.63513183594	98.0023193359375	-11.8792533874512	-999.170715332031	87.9348831176758	-1.92776501178741	-971.460693359375	96.9332122802734	9.8455924987793	-969.637756347656	119.886207580566	-9.21257781982422	-977.695495605469	102.76872253418	26.8997535705566	-968.473510742188	114.419937133789	25.4438743591309	-957.704040527344	124.995613098145	32.2004661560059	-954.086730957031	124.646797180176	6.3859715461731	-965.496520996094	142.502883911133	-64.8936996459961	-961.5068359375	144.027084350586	-62.9937477111816	-961.359497070312	147.378280639648	-58.3267021179199	-959.673095703125	151.127655029297	-46.9668121337891	-957.578552246094	149.922210693359	-19.5561676025391	-953.756530761719	143.785079956055	-12.7251605987549	-957.718139648438	136.413681030273	-47.6523780822754	-985.383728027344	133.732330322266	-25.020336151123	-1000.85949707031	147.582092285156	-19.8699417114258	-1010.24462890625	163.97248840332	-13.177773475647	-1001.84930419922	175.976928710938	-3.41345429420471	-972.10009765625	166.98291015625	8.79859638214111	-969.750366210938	145.47380065918	-9.58268642425537	-977.731628417969	162.641983032227	25.4700622558594	-968.536865234375	149.219436645508	25.4102325439453	-957.516540527344	139.853958129883	32.7049293518066	-954.614318847656	139.21321105957	6.63497829437256	-965.49267578125
GMNH-VM14-265	141.133193969727	-70.6147079467773	-951.179931640625	142.460205078125	-62.6871147155762	-961.951965332031	142.952133178711	-48.4650382995605	-980.722412109375	144.940994262695	-21.1569805145264	-1001.68634033203	145.436904907227	-17.2924518585205	-1005.42041015625	147.497177124023	64.2618713378906	-958.969360351562	145.759613037109	39.9687614440918	-943.418823242188	144.822448730469	25.0019226074219	-943.156677246094	144.236587524414	1.9355776309967	-963.5	143.196350097656	-14.5997095108032	-955.47998046875	142.855163574219	-50.3154487609863	-956.771362304688	129.614974975586	-64.7787628173828	-953.122619628906	125.773948669434	-61.2357215881348	-950.429809570312	123.513473510742	-53.031867980957	-948.256042480469	121.243392944336	-42.2066955566406	-946.614196777344	125.40446472168	-14.9982261657715	-942.2138671875	131.922134399414	-7.78046703338623	-948.82177734375	138.146041870117	-45.7931327819824	-978.213928222656	141.351486206055	-21.4458446502686	-994.766418457031	127.586822509766	-15.5766563415527	-1004.28497314453	110.828903198242	-9.19464683532715	-991.103759765625	98.8877258300781	3.17560338973999	-961.067565917969	107.552070617676	11.4737739562988	-959.181274414062	128.925735473633	-7.15499687194824	-969.238037109375	112.378036499023	30.6219120025635	-958.600036621094	128.575912475586	27.8983402252197	-946.815368652344	137.735366821289	33.9322624206543	-942.578552246094	136.953582763672	9.40625762939453	-956.716430664062	153.02880859375	-67.5204315185547	-951.727416992188	157.466293334961	-63.9231300354004	-948.891174316406	160.379547119141	-56.7968406677246	-947.036010742188	163.357223510742	-44.7172889709473	-945.204467773438	160.719192504883	-17.563814163208	-940.455261230469	154.632934570312	-9.59912014007568	-947.824035644531	148.873580932617	-46.0503997802734	-977.615173339844	148.209915161133	-22.0017471313477	-994.432006835938	162.602523803711	-16.9553260803223	-1002.47406005859	179.998901367188	-12.2445249557495	-987.934631347656	189.819290161133	-0.40553280711174	-959.0751953125	182.909530639648	8.69095230102539	-956.611877441406	158.599075317383	-8.59665775299072	-968.367919921875	177.839965820312	27.4780826568604	-956.324340820312	162.253143310547	27.0605220794678	-945.489807128906	153.024642944336	33.5537948608398	-942.024719238281	152.315383911133	7.95797443389893	-956.39111328125
GMNH-VM14-266	149.392425537109	-81.5890274047852	-928.924865722656	149.440155029297	-69.6393661499023	-939.527404785156	149.490463256836	-51.6477661132812	-957.368713378906	150.526962280273	-22.3133926391602	-977.764709472656	150.233139038086	-17.6129970550537	-982.224304199219	150.196105957031	60.5886917114258	-935.077941894531	150.398452758789	40.7167205810547	-917.118041992188	150.790313720703	22.2026443481445	-919.73779296875	150.600540161133	-0.0688825324177742	-936.826538085938	150.338714599609	-19.9146595001221	-929.824768066406	149.423385620117	-60.3072700500488	-934.026550292969	137.261520385742	-73.4835815429688	-930.779907226562	134.301864624023	-70.8790817260742	-929.460571289062	131.711776733398	-62.6687088012695	-925.674072265625	NA	NA	NA	131.84651184082	-23.8687191009521	-918.204162597656	138.196762084961	-16.0108642578125	-921.796569824219	144.373321533203	-51.3228988647461	-953.910522460938	147.198776245117	-23.0305671691895	-968.295593261719	132.48957824707	-17.0363864898682	-977.388977050781	114.726760864258	-9.76663208007812	-967.160400390625	101.545387268066	-3.26822733879089	-935.341735839844	109.26554107666	9.57141971588135	-932.301696777344	134.592132568359	-12.4431943893433	-943.984252929688	116.049354553223	29.370138168335	-930.298400878906	133.299591064453	25.3375682830811	-920.101867675781	141.863922119141	30.8571033477783	-916.057189941406	142.127059936523	5.36159944534302	-930.204040527344	162.088226318359	-73.5729904174805	-930.621459960938	164.409790039062	-71.368293762207	-929.420654296875	167.714248657227	-63.3714027404785	-926.337280273438	171.299774169922	-52.540828704834	-923.005249023438	169.470138549805	-24.9225978851318	-918.193481445312	162.857482910156	-16.6523513793945	-921.974487304688	154.993621826172	-50.67041015625	-953.463745117188	154.017700195312	-23.7592887878418	-968.445739746094	168.065505981445	-17.6792507171631	-976.842590332031	186.357666015625	-10.7512035369873	-965.852661132812	199.149230957031	-5.48831462860107	-935.381774902344	191.50764465332	9.33564758300781	-933.009521484375	164.885635375977	-11.5045137405396	-943.697631835938	184.518341064453	29.366641998291	-929.90869140625	167.198348999023	25.5457553863525	-919.280517578125	157.646270751953	32.6017532348633	-915.961975097656	159.631210327148	5.27839279174805	-930.294860839844
GMNH-VM14-269	151.411224365234	-67.9545669555664	-924.962463378906	151.99739074707	-59.1946487426758	-936.212158203125	152.399291992188	-42.8581123352051	-957.572875976562	153.973861694336	-13.1301488876343	-983.479736328125	154.43293762207	-8.44181728363037	-988.930969238281	158.318084716797	77.7059783935547	-947.046630859375	156.955688476562	56.8204040527344	-925.3779296875	156.190399169922	39.5707893371582	-924.44970703125	154.908874511719	11.2291736602783	-942.997497558594	154.448989868164	-6.5829668045044	-933.968078613281	152.747695922852	-44.5871887207031	-932.323608398438	138.663375854492	-60.8086242675781	-926.863952636719	136.200088500977	-58.7816925048828	-925.819946289062	134.340576171875	-48.7210159301758	-923.442138671875	132.330841064453	-37.1759338378906	-922.327697753906	135.620498657227	-9.28415966033936	-919.709777832031	142.102294921875	-0.449066132307053	-925.652221679688	146.377380371094	-41.5620307922363	-953.299438476562	150.29231262207	-14.3144435882568	-973.968505859375	136.433990478516	-7.32433080673218	-983.036376953125	118.867622375488	0.189189031720161	-973.291259765625	103.912872314453	13.7592334747314	-938.042175292969	112.303497314453	24.4257431030273	-937.317749023438	139.120895385742	2.21994805335999	-949.524658203125	119.690795898438	47.8439865112305	-937.625732421875	137.924560546875	43.1143951416016	-926.799133300781	148.820236206055	49.9253196716309	-923.069641113281	146.660888671875	22.0086975097656	-935.281127929688	163.12548828125	-61.0354919433594	-925.955505371094	167.366500854492	-60.2188758850098	-925.783142089844	170.377319335938	-50.1884651184082	-922.341857910156	173.323623657227	-39.1004104614258	-921.423889160156	172.14518737793	-11.3989515304565	-918.856140136719	166.911697387695	-1.39733815193176	-924.694213867188	158.11701965332	-42.6645240783691	-954.010009765625	157.868103027344	-13.9690437316895	-974.471130371094	172.265197753906	-7.95147562026978	-983.520874023438	191.864028930664	-2.80076885223389	-971.012878417969	206.470962524414	9.3321590423584	-936.473754882812	197.804672241211	21.5346755981445	-935.97021484375	170.242279052734	0.275461226701736	-948.304748535156	194.528945922852	44.51513671875	-936.448364257812	175.706787109375	41.513599395752	-926.01904296875	164.666442871094	49.2368469238281	-922.446655273438	163.803192138672	21.1548519134521	-934.556579589844
GMNH-VM14-325	122.100700378418	-63.7698936462402	-955.362365722656	121.979972839355	-56.7597236633301	-966.204895019531	121.804229736328	-44.713493347168	-982.616149902344	122.066673278809	-26.5891189575195	-1000.20635986328	121.910385131836	-23.9298915863037	-1003.96325683594	124.151634216309	53.6032981872559	-964.543151855469	125.174476623535	34.6257400512695	-953.20068359375	124.372703552246	17.9833164215088	-951.809204101562	123.595802307129	-1.88927137851715	-967.2490234375	123.491706848145	-16.6302547454834	-960.8193359375	122.420028686523	-48.7585334777832	-963.361328125	112.294860839844	-59.1647300720215	-956.7451171875	110.76277923584	-57.6326332092285	-956.387329101562	107.228019714355	-53.0431480407715	-954.905151367188	103.777961730957	-42.5533027648926	-952.119262695312	105.187225341797	-17.7477741241455	-950.455505371094	111.859298706055	-11.3628034591675	-954.710998535156	116.890441894531	-43.3843727111816	-980.187377929688	118.588851928711	-25.9067058563232	-993.314819335938	104.33177947998	-21.1189041137695	-1001.21069335938	91.0480346679688	-14.7021732330322	-992.944702148438	82.2227783203125	-2.49714469909668	-964.458374023438	88.7413558959961	6.42357873916626	-964.040832519531	108.400505065918	-11.0503225326538	-971.246948242188	95.0486602783203	23.125280380249	-963.746032714844	108.682525634766	20.4099063873291	-953.43505859375	117.090751647949	27.0707416534424	-952.055053710938	117.101913452148	4.43763780593872	-961.478881835938	131.924041748047	-60.0041236877441	-957.229187011719	133.778091430664	-58.2721786499023	-957.369018554688	136.713241577148	-53.413688659668	-955.351806640625	141.163925170898	-43.4863014221191	-952.615783691406	141.478866577148	-18.8874568939209	-950.94873046875	135.663864135742	-11.7307329177856	-954.60205078125	127.833862304688	-43.1875495910645	-979.439453125	125.997222900391	-25.6006698608398	-993.33837890625	140.912704467773	-22.1729640960693	-1001.86889648438	154.635482788086	-16.2619667053223	-993.40771484375	165.833450317383	-3.19356822967529	-966.229187011719	159.358016967773	5.01131772994995	-965.453002929688	138.006225585938	-11.4361505508423	-972.619018554688	153.353057861328	21.8761749267578	-964.926208496094	141.101776123047	19.6939277648926	-954.524780273438	131.738327026367	25.0924892425537	-951.636169433594	130.425064086914	3.85272145271301	-961.970947265625
GMNH-VM14-493	136.969909667969	-71.1093215942383	-970.259826660156	137.200744628906	-64.7412185668945	-978.616027832031	137.326019287109	-48.6309928894043	-997.796020507812	136.337646484375	-22.2097473144531	-1018.79901123047	136.499954223633	-18.1693325042725	-1023.96160888672	138.29280090332	62.3543243408203	-985.115661621094	138.373687744141	44.1590232849121	-967.184997558594	137.757675170898	26.2240447998047	-965.341552734375	137.520782470703	0.841330051422119	-983.873901367188	137.494125366211	-14.8155479431152	-973.484130859375	137.612380981445	-52.0774116516113	-974.082458496094	124.637359619141	-64.0699310302734	-970.931579589844	123.601852416992	-62.2804222106934	-970.417053222656	119.524826049805	-53.3657569885254	-967.292724609375	117.585548400879	-41.3520812988281	-964.351806640625	120.835159301758	-14.7611351013184	-961.343383789062	126.142906188965	-8.41832637786865	-966.734497070312	132.152038574219	-46.6968307495117	-995.305969238281	133.581451416016	-22.3049583435059	-1010.0888671875	119.334419250488	-17.7819633483887	-1020.81695556641	102.745727539062	-10.1451501846313	-1010.70843505859	90.6122436523438	3.8464298248291	-981.429382324219	98.0269393920898	13.9406280517578	-978.9072265625	120.775238037109	-8.37805271148682	-988.383483886719	106.639671325684	32.4325065612793	-978.962280273438	119.710624694824	31.0577487945557	-968.455322265625	129.818283081055	36.5472145080566	-964.916809082031	129.646560668945	9.79483032226562	-976.05322265625	149.167053222656	-65.106575012207	-971.533630371094	150.683731079102	-63.5685615539551	-971.183227539062	154.208343505859	-54.4251480102539	-967.814331054688	158.073287963867	-42.5619659423828	-965.466003417969	155.815872192383	-15.6081113815308	-962.406127929688	149.763442993164	-8.45190238952637	-967.346374511719	142.097854614258	-46.9646492004395	-995.223571777344	139.745361328125	-23.1476764678955	-1009.87609863281	155.30712890625	-17.969051361084	-1020.30352783203	170.740005493164	-12.1156063079834	-1011.34619140625	183.95719909668	2.34088921546936	-982.883056640625	176.538436889648	13.0879402160645	-981.650268554688	154.230545043945	-8.21501445770264	-989.81591796875	169.615844726562	31.0904884338379	-980.89453125	155.817337036133	30.1011180877686	-969.962890625	146.230178833008	35.8574333190918	-965.008361816406	145.230926513672	9.72948741912842	-976.990783691406
GMNH-VM14-500	136.981246948242	-73.0044479370117	-964.1484375	136.742431640625	-71.9631958007812	-968.566162109375	136.061767578125	-55.5037117004395	-990.087951660156	136.475280761719	-29.2450008392334	-1010.95098876953	136.423477172852	-24.814432144165	-1016.70721435547	143.571166992188	51.8494758605957	-979.424621582031	143.159622192383	32.4926071166992	-960.99609375	141.983703613281	14.6614208221436	-959.500854492188	140.125595092773	-5.91348505020142	-976.378234863281	139.546920776367	-23.1811752319336	-967.557556152344	137.590026855469	-58.3083000183105	-966.408935546875	126.819381713867	-70.7099761962891	-961.713806152344	123.295204162598	-69.3432388305664	-960.583862304688	120.823059082031	-62.5162162780762	-956.852172851562	119.050277709961	-51.8105773925781	-953.690612792969	122.393218994141	-27.0422458648682	-952.274658203125	128.129257202148	-17.8801784515381	-959.118103027344	130.644241333008	-53.7270545959473	-984.918151855469	134.03498840332	-29.713752746582	-1002.45672607422	121.130317687988	-22.7147636413574	-1010.94781494141	107.817779541016	-13.562647819519	-1000.79211425781	97.0824508666992	-5.10084104537964	-971.467468261719	103.191558837891	3.02961587905884	-971.044799804688	125.230323791504	-14.7883729934692	-980.187866210938	111.264198303223	21.4145011901855	-971.379272460938	124.36247253418	20.4540691375732	-961.620544433594	133.648712158203	25.0882949829102	-957.860656738281	133.268432617188	0.745940983295441	-969.06005859375	147.25146484375	-71.6994857788086	-963.608215332031	151.067504882812	-70.0544128417969	-961.873962402344	155.42561340332	-63.8130073547363	-960.3759765625	158.546188354492	-53.0493850708008	-957.022705078125	158.04541015625	-28.471809387207	-954.260864257812	152.616989135742	-18.3421459197998	-960.956359863281	141.750991821289	-54.5816993713379	-986.177062988281	139.497543334961	-29.8514976501465	-1002.69653320312	154.029418945312	-24.5510330200195	-1012.04962158203	170.244369506836	-19.5749740600586	-1003.35614013672	184.717788696289	-12.6859550476074	-974.267150878906	178.941314697266	-3.22973489761353	-974.121154785156	153.042724609375	-16.7686004638672	-981.66650390625	173.366516113281	17.2065486907959	-974.296752929688	159.604187011719	19.0138149261475	-963.052673339844	151.253189086914	24.509090423584	-959.091918945312	148.648971557617	-0.632247984409332	-970.379943847656
GMNH-VM14-502	132.665328979492	-63.9780464172363	-959.492614746094	131.775207519531	-58.4559059143066	-968.27197265625	130.752624511719	-41.3671417236328	-983.809204101562	130.557907104492	-17.3019275665283	-1004.36236572266	130.310913085938	-13.5812816619873	-1008.93463134766	134.236862182617	61.8187561035156	-968.441528320312	134.966201782227	42.6494560241699	-952.038757324219	134.614166259766	24.8877334594727	-950.914489746094	132.998901367188	2.6933605670929	-968.845275878906	133.389511108398	-13.0049600601196	-960.344116210938	132.233047485352	-47.1336135864258	-962.557739257812	121.699546813965	-58.9169006347656	-959.8349609375	120.642532348633	-57.5840377807617	-959.085144042969	117.164123535156	-51.2903251647949	-956.948303222656	114.384017944336	-41.0124473571777	-953.051696777344	117.439697265625	-16.5809535980225	-948.51123046875	122.100868225098	-8.60111999511719	-952.495483398438	126.238342285156	-41.2854118347168	-980.687927246094	128.202072143555	-18.291524887085	-996.11767578125	114.73560333252	-13.6343011856079	-1004.09826660156	99.4789276123047	-7.05743980407715	-994.22021484375	88.8510360717773	4.21296977996826	-962.542175292969	97.734619140625	13.3548049926758	-962.058837890625	119.101005554199	-6.77066135406494	-971.290405273438	106.096977233887	31.300407409668	-961.411804199219	118.905487060547	28.7337894439697	-951.272033691406	127.588562011719	34.66943359375	-948.406555175781	126.217079162598	10.2704658508301	-961.277893066406	143.412704467773	-59.2944641113281	-961.978942871094	144.252182006836	-57.6824989318848	-961.035217285156	148.314987182617	-51.3046760559082	-958.86669921875	151.157760620117	-42.1567535400391	-955.596618652344	150.135635375977	-17.3039665222168	-950.400024414062	145.574325561523	-8.42588233947754	-954.032592773438	136.195465087891	-41.8033142089844	-981.203796386719	133.759658813477	-18.3153285980225	-996.281188964844	145.49494934082	-14.1223850250244	-1006.69885253906	162.866027832031	-8.75400924682617	-998.28955078125	177.439239501953	1.88927137851715	-968.002014160156	169.213897705078	11.8537063598633	-966.518127441406	145.80012512207	-7.41784763336182	-973.026245117188	162.101715087891	29.6190509796143	-965.1533203125	150.545761108398	28.3028926849365	-952.814086914062	142.779846191406	35.0093383789062	-949.879821777344	141.648223876953	10.8387403488159	-962.753784179688
GMNH-VM14-535	128.919815063477	-62.8357925415039	-959.794128417969	129.038208007812	-58.5684928894043	-967.72216796875	128.588134765625	-48.3589248657227	-987.913696289062	129.023025512695	-25.6682796478271	-1011.03594970703	129.093505859375	-22.0572357177734	-1015.32983398438	128.844482421875	58.6160278320312	-971.71826171875	129.707824707031	37.3760261535645	-960.22412109375	129.109497070312	19.6618576049805	-960.265075683594	129.902297973633	-0.755014538764954	-977.068359375	129.407852172852	-16.9574851989746	-967.759155273438	129.03581237793	-49.8752937316895	-965.552001953125	118.184539794922	-58.2596092224121	-960.479919433594	117.138595581055	-56.8089790344238	-960.01904296875	114.806541442871	-52.0953903198242	-958.774780273438	111.707077026367	-41.5529861450195	-956.02099609375	114.148429870605	-16.7194900512695	-957.109802246094	118.932464599609	-12.117639541626	-961.772155761719	123.527618408203	-46.3891487121582	-985.073486328125	125.980339050293	-25.5940837860107	-1003.32745361328	113.28833770752	-21.636568069458	-1010.74664306641	98.8175430297852	-15.0695266723633	-1001.99627685547	85.3265533447266	-2.45820260047913	-972.012023925781	92.343879699707	5.2030463218689	-971.393249511719	114.804954528809	-12.692967414856	-981.616333007812	98.5817489624023	23.6502170562744	-971.478454589844	111.735527038574	23.3311023712158	-960.61376953125	121.342712402344	28.9630107879639	-958.614929199219	121.515830993652	4.52662801742554	-970.369934082031	139.997985839844	-58.5906829833984	-960.7275390625	140.723648071289	-56.9778480529785	-960.1650390625	143.631698608398	-52.4118423461914	-958.892944335938	146.39094543457	-42.8363647460938	-956.556762695312	144.985397338867	-16.7460594177246	-957.861877441406	139.950927734375	-12.1259717941284	-961.867126464844	134.287002563477	-46.663761138916	-984.389587402344	132.253814697266	-25.8583183288574	-1003.64239501953	145.365036010742	-21.4903144836426	-1011.78271484375	160.137954711914	-15.066746711731	-1000.76306152344	172.175338745117	-3.68662762641907	-971.661743164062	166.732116699219	5.65637540817261	-971.33251953125	143.68212890625	-11.7954998016357	-982.045715332031	160.233428955078	23.8582992553711	-971.398742675781	146.89892578125	23.3844604492188	-961.316467285156	137.299514770508	28.7071418762207	-958.199523925781	137.445770263672	4.58033847808838	-971.119506835938
GMNH-VM14-559	126.249656677246	-70.4283142089844	-982.542602539062	125.85563659668	-65.675895690918	-990.314208984375	124.186599731445	-53.0671539306641	-1007.46954345703	122.512313842773	-31.7742595672607	-1025.99426269531	122.123527526855	-28.6367740631104	-1030.02087402344	127.38395690918	48.1706809997559	-986.891723632812	128.779998779297	30.3699645996094	-975.200500488281	128.547653198242	13.3033075332642	-974.660827636719	126.784332275391	-7.97673845291138	-989.3671875	126.853744506836	-23.9658508300781	-982.606018066406	126.346672058105	-56.8067245483398	-985.894897460938	115.080436706543	-65.4401092529297	-981.991394042969	114.314331054688	-63.9279136657715	-981.469665527344	110.615928649902	-58.53564453125	-979.384643554688	108.156036376953	-48.5038299560547	-975.926330566406	110.61604309082	-23.0177974700928	-973.1630859375	114.933578491211	-17.7192344665527	-975.778991699219	120.282264709473	-51.8504333496094	-1004.11853027344	120.336639404297	-31.9342727661133	-1017.63275146484	106.761184692383	-26.5496978759766	-1024.04211425781	92.1303024291992	-18.028226852417	-1014.72387695312	85.4694442749023	-8.42736911773682	-987.812377929688	93.4422454833984	2.24020504951477	-983.695495605469	112.196983337402	-17.5637359619141	-993.98828125	98.1424713134766	18.3149566650391	-983.877136230469	113.430274963379	16.1556816101074	-974.196350097656	121.406913757324	22.5619888305664	-972.121948242188	121.387176513672	-2.07609915733337	-982.684020996094	137.765090942383	-66.7862091064453	-984.614807128906	138.846145629883	-64.9881362915039	-983.836303710938	143.215087890625	-60.042797088623	-982.450866699219	147.268890380859	-50.0159111022949	-979.294128417969	146.067947387695	-24.6015167236328	-976.217712402344	140.538436889648	-18.8962955474854	-977.977783203125	130.032470703125	-52.3303337097168	-1004.46209716797	127.028160095215	-33.351749420166	-1017.39855957031	139.791778564453	-27.319450378418	-1027.29565429688	156.084075927734	-19.8520164489746	-1019.76190185547	167.702041625977	-10.4282684326172	-995.881530761719	160.476058959961	0.943143665790558	-990.091064453125	140.797744750977	-19.5962085723877	-996.482604980469	157.319152832031	16.1333980560303	-989.858337402344	143.82048034668	15.5034837722778	-977.212646484375	135.638397216797	22.8656749725342	-973.587951660156	133.9423828125	-3.02005648612976	-985.129516601562
GMNH-VM14-563	NA	NA	NA	125.86190032959	-65.9721069335938	-934.464111328125	125.801239013672	-53.5119438171387	-956.980651855469	126.461181640625	-28.5757179260254	-977.992614746094	126.675262451172	-22.5481185913086	-983.4384765625	132.533264160156	57.7380218505859	-942.344787597656	132.357162475586	38.8603019714355	-928.147094726562	131.450820922852	21.8888511657715	-926.542541503906	129.65087890625	-0.454662501811981	-942.521789550781	128.856216430664	-17.2185192108154	-933.613647460938	127.365089416504	-54.8642616271973	-932.01953125	115.863639831543	-66.9883041381836	-925.359375	112.893531799316	-62.9835166931152	-924.599731445312	109.553489685059	-56.0494155883789	-924.017456054688	108.121253967285	-45.6754989624023	-923.629455566406	112.147117614746	-20.8581657409668	-922.061462402344	117.99925994873	-10.9349269866943	-926.232543945312	120.273719787598	-51.4415397644043	-952.697204589844	123.522491455078	-28.7559471130371	-970.694274902344	108.612533569336	-20.0119438171387	-978.209594726562	94.5277557373047	-14.954981803894	-967.788879394531	85.4969177246094	0.48006546497345	-939.028442382812	91.9235610961914	11.4586744308472	-937.367431640625	113.681579589844	-11.3698444366455	-946.290344238281	100.074661254883	30.3416843414307	-938.9755859375	114.467765808105	26.7673301696777	-929.330017089844	124.047988891602	31.772253036499	-924.989807128906	122.388984680176	8.72737693786621	-936.516052246094	NA	NA	NA	141.194488525391	-64.4644546508789	-927.768371582031	144.25390625	-59.4475784301758	-926.290771484375	147.645324707031	-48.3394660949707	-925.298645019531	145.924453735352	-23.2185764312744	-923.995910644531	141.066741943359	-13.1307067871094	-927.159912109375	131.546875	-52.3723526000977	-953.876953125	130.083389282227	-28.8067283630371	-971.042053222656	144.085159301758	-22.9626502990723	-979.714782714844	161.425552368164	-19.8647174835205	-971.243408203125	175.508697509766	-6.33856201171875	-942.599426269531	168.087554931641	6.36619424819946	-940.145324707031	143.89778137207	-13.5483856201172	-947.820495605469	162.894302368164	25.7480602264404	-941.5078125	148.304153442383	24.744421005249	-930.472778320312	140.331298828125	30.9829502105713	-926.164123535156	138.479476928711	6.37641954421997	-938.225891113281
GMNH-VM14-565	164.679321289062	-53.4223175048828	-930.186828613281	164.834991455078	-46.5347900390625	-938.369445800781	NA	NA	NA	164.935775756836	-11.302360534668	-978.765380859375	165.046859741211	-8.1543436050415	-983.040466308594	169.779159545898	68.0510940551758	-940.541198730469	172.010299682617	47.5955696105957	-927.771667480469	171.084854125977	33.0241470336914	-926.662658691406	168.889892578125	12.8542890548706	-943.548522949219	167.884368896484	-4.15101385116577	-935.809631347656	165.616836547852	-36.0140724182129	-935.844543457031	154.03547668457	-46.4927215576172	-930.865478515625	153.596298217773	-44.9768180847168	-930.178833007812	150.016036987305	-39.6657104492188	-928.668151855469	148.872970581055	-28.7432479858398	-925.979064941406	152.993988037109	-4.50516319274902	-924.141662597656	157.405044555664	1.43154788017273	-928.604064941406	NA	NA	NA	162.042907714844	-13.1612539291382	-970.116394042969	149.324295043945	-6.8996729850769	-978.4931640625	136.22624206543	0.732706010341644	-968.726989746094	125.44246673584	10.1260013580322	-942.522521972656	132.530364990234	20.159984588623	-939.204650878906	154.74658203125	2.77038979530334	-947.655151367188	141.370529174805	37.0091400146484	-938.532348632812	154.46223449707	36.1868057250977	-928.784484863281	164.196304321289	42.5697593688965	-925.991088867188	162.142349243164	16.911865234375	-938.089721679688	176.068267822266	-48.1160316467285	-931.633056640625	177.588745117188	-46.9174385070801	-931.277404785156	181.64404296875	-42.5752067565918	-930.579528808594	185.703308105469	-31.9172458648682	-928.157592773438	184.562240600586	-6.92489385604858	-925.764465332031	180.128204345703	0.155223026871681	-929.828552246094	NA	NA	NA	168.69287109375	-13.3862771987915	-970.317504882812	181.507369995117	-8.41390323638916	-979.952453613281	197.090530395508	-4.46958303451538	-970.616149902344	211.270278930664	5.32481670379639	-946.3701171875	205.310089111328	15.8996047973633	-942.775207519531	181.083770751953	0.152234524488449	-949.272766113281	198.544403076172	33.9806365966797	-940.925048828125	188.32048034668	34.7708549499512	-930.762084960938	178.337997436523	41.2521476745605	-926.66015625	176.523971557617	16.9365005493164	-938.050415039062
GMNH-VM14-567	133.989318847656	-66.377082824707	-936.347717285156	134.122528076172	-59.7643966674805	-944.136413574219	133.791748046875	-47.6814422607422	-963.840148925781	133.763626098633	-26.050573348999	-985.528259277344	133.870483398438	-21.606372833252	-991.306762695312	135.588607788086	60.4870910644531	-944.910217285156	136.142578125	39.7915153503418	-934.122375488281	135.404846191406	21.7482719421387	-932.684448242188	134.660263061523	-0.58917099237442	-950.405883789062	134.769546508789	-15.6598587036133	-941.013793945312	134.445709228516	-48.2390251159668	-942.484313964844	123.939071655273	-62.3245124816895	-936.785339355469	121.635688781738	-60.8565711975098	-936.584411621094	117.274368286133	-54.8002815246582	-933.226440429688	114.379554748535	-43.4973487854004	-931.717346191406	116.68204498291	-18.6201763153076	-929.035827636719	123.450248718262	-9.95243835449219	-933.808410644531	129.135528564453	-45.9026222229004	-961.255798339844	130.20573425293	-25.4892234802246	-977.906677246094	117.133087158203	-20.560152053833	-985.654296875	100.427360534668	-11.6725292205811	-974.955627441406	90.4306335449219	0.29333171248436	-946.172485351562	96.522102355957	8.240065574646	-944.840454101562	119.521629333496	-11.2271966934204	-955.269653320312	104.686408996582	28.2989501953125	-945.274963378906	119.533912658691	23.9153308868408	-934.561645507812	127.832878112793	30.8165054321289	-932.182739257812	127.844345092773	5.00295162200928	-943.696044921875	145.306457519531	-62.7953300476074	-937.55810546875	147.830627441406	-60.2866058349609	-936.409484863281	152.60270690918	-54.4775466918945	-934.110473632812	155.52326965332	-42.8146095275879	-932.657043457031	153.377166748047	-17.547830581665	-930.102905273438	146.834915161133	-9.52392101287842	-934.151672363281	138.491851806641	-46.0272789001465	-961.092529296875	137.410568237305	-25.7913074493408	-977.926574707031	151.915878295898	-21.0740623474121	-986.239868164062	168.221252441406	-13.203104019165	-976.326110839844	179.866424560547	-0.317376643419266	-946.221008300781	173.29084777832	6.79132080078125	-945.974243164062	149.618896484375	-10.9453744888306	-956.680541992188	167.305923461914	25.743013381958	-946.224731445312	151.751266479492	23.5233097076416	-935.111877441406	143.483734130859	30.3376235961914	-932.342102050781	142.381317138672	5.1426100730896	-943.480102539062
GMNH-VM14-573	138.67610168457	-73.2033386230469	-953.168029785156	137.510452270508	-65.8201599121094	-963.193542480469	136.45198059082	-52.5996055603027	-983.266723632812	134.851821899414	-26.8852043151855	-1005.14562988281	134.729049682617	-22.4156932830811	-1009.89605712891	144.338348388672	58.162670135498	-967.050964355469	144.678665161133	37.7797813415527	-949.624877929688	143.367858886719	19.9364013671875	-949.768188476562	140.242492675781	-1.32998585700989	-967.402954101562	140.294021606445	-19.4028701782227	-959.701171875	138.457717895508	-55.8464508056641	-958.041320800781	127.088768005371	-68.5406646728516	-953.157287597656	124.429374694824	-65.1609268188477	-950.526306152344	120.618911743164	-57.6801986694336	-948.578186035156	119.662620544434	-47.9413375854492	-946.193664550781	123.412300109863	-21.0403671264648	-945.10546875	130.048889160156	-14.1627130508423	-952.369201660156	130.908935546875	-51.7191505432129	-979.710144042969	131.762985229492	-26.1198310852051	-997.868347167969	117.099388122559	-19.0367050170898	-1005.00360107422	102.77995300293	-12.6706275939941	-993.667724609375	92.6156616210938	3.46276688575745	-963.499816894531	100.750381469727	9.63976287841797	-961.457336425781	124.248229980469	-12.3903484344482	-972.898071289062	110.703247070312	29.3198223114014	-961.769592285156	124.645347595215	25.5618515014648	-950.629577636719	136.764831542969	30.7238540649414	-947.162170410156	132.292251586914	5.59369516372681	-960.336486816406	150.736480712891	-69.4333953857422	-955.570983886719	153.670684814453	-66.7573928833008	-955.248474121094	157.195220947266	-60.2855606079102	-951.901184082031	160.580276489258	-49.5729751586914	-950.515014648438	159.243103027344	-22.8827457427979	-948.144836425781	152.436935424805	-15.8998050689697	-954.2626953125	142.410552978516	-50.4373893737793	-980.826416015625	139.550811767578	-26.5780353546143	-998.616882324219	154.482650756836	-21.4852542877197	-1008.38385009766	170.671524047852	-17.8451957702637	-1000.08734130859	188.757598876953	-3.18846917152405	-973.778991699219	183.86393737793	5.07034635543823	-970.6025390625	154.362762451172	-14.9452657699585	-975.704711914062	173.372299194336	23.7287349700928	-967.946716308594	162.612411499023	22.5718021392822	-954.469116210938	152.172622680664	29.51171875	-948.588073730469	151.054824829102	3.90848541259766	-962.528503417969
GMNH-VM14-609	126.512992858887	-59.1601982116699	-938.587036132812	127.012802124023	-52.5394744873047	-947.020812988281	127.101951599121	-39.0493087768555	-964.806457519531	127.862739562988	-18.5035915374756	-983.673400878906	128.082153320312	-14.736289024353	-988.047912597656	129.830947875977	63.5136184692383	-947.650817871094	130.478637695312	43.1359443664551	-934.982849121094	130.061645507812	25.6591377258301	-933.766235351562	129.147537231445	4.35258960723877	-949.438049316406	128.502593994141	-12.5239448547363	-942.365478515625	127.387733459473	-44.6438064575195	-944.070190429688	115.561882019043	-53.7906188964844	-939.429260253906	113.863082885742	-52.1122245788574	-938.895385742188	110.038383483887	-46.8646392822266	-937.189392089844	107.963478088379	-36.4215660095215	-934.744323730469	111.406425476074	-12.5981502532959	-932.981079101562	116.722579956055	-5.53240585327148	-935.305419921875	122.49291229248	-37.3807830810547	-962.558898925781	124.740158081055	-18.3729190826416	-976.645629882812	111.820899963379	-13.4515714645386	-983.658264160156	96.3080139160156	-5.2983717918396	-974.265014648438	86.5788803100586	5.67569208145142	-945.062683105469	93.1316680908203	15.5073232650757	-943.845153808594	114.654167175293	-4.79683017730713	-953.528564453125	100.219520568848	32.092041015625	-944.147888183594	114.207786560059	30.7906017303467	-934.522888183594	123.399482727051	35.7522659301758	-932.122802734375	122.215995788574	10.3409671783447	-943.3037109375	138.204208374023	-55.8152885437012	-939.356384277344	139.719436645508	-54.0950088500977	-938.982604980469	143.50520324707	-49.3375968933105	-937.40185546875	147.539581298828	-38.7076225280762	-935.164733886719	145.691268920898	-14.2527656555176	-933.148254394531	140.652084350586	-6.48288249969482	-935.372253417969	131.539321899414	-38.3916931152344	-962.476257324219	130.67155456543	-18.7715110778809	-976.715576171875	145.818450927734	-13.7295684814453	-983.214782714844	160.305130004883	-7.75147104263306	-974.261352539062	171.782211303711	2.35359811782837	-946.74951171875	166.196136474609	13.4091815948486	-944.540161132812	142.471054077148	-5.22565412521362	-953.775146484375	160.052307128906	30.2924976348877	-945.067077636719	146.003784179688	29.3958034515381	-935.411254882812	137.247451782227	35.5857734680176	-932.459106445312	137.056564331055	10.0570154190063	-943.751953125
GMNH-VM14-610	156.213836669922	-69.041015625	-940.435974121094	155.637924194336	-61.0767250061035	-949.504333496094	153.952499389648	-40.1897506713867	-968.721923828125	153.524826049805	-15.3429918289185	-988.487731933594	153.384552001953	-10.683690071106	-993.330810546875	158.525268554688	71.4146347045898	-953.373229980469	160.358901977539	50.2560997009277	-936.222717285156	159.808227539062	32.7214584350586	-935.675537109375	157.868621826172	9.19050979614258	-950.815795898438	157.72477722168	-8.77168941497803	-942.591186523438	155.905181884766	-47.3109664916992	-945.098388671875	142.592620849609	-63.9272270202637	-941.8720703125	138.050430297852	-60.7637748718262	-938.287353515625	135.959854125977	-52.9706993103027	-933.592529296875	135.28759765625	-40.7731018066406	-932.094116210938	139.958862304688	-13.5106029510498	-929.203857421875	146.326126098633	-3.96348357200623	-933.409973144531	148.590866088867	-39.7802810668945	-964.87646484375	150.522918701172	-16.1065254211426	-980.023315429688	135.118957519531	-11.0856027603149	-986.085815429688	117.972648620605	-1.14072585105896	-976.399780273438	106.94856262207	10.9885873794556	-944.210388183594	116.225395202637	20.0866947174072	-943.562133789062	143.772567749023	-0.575188517570496	-954.191833496094	126.283729553223	40.6481246948242	-944.386779785156	142.835861206055	36.872200012207	-936.098327636719	152.678482055664	44.2796974182129	-933.679382324219	150.317016601562	17.5581111907959	-943.265686035156	169.605224609375	-64.2874908447266	-942.011657714844	173.206069946289	-62.2987899780273	-940.967956542969	177.222137451172	-52.9546051025391	-937.956604003906	178.804962158203	-42.4316177368164	-936.023071289062	177.205413818359	-15.336163520813	-932.543884277344	170.823532104492	-4.75828123092651	-935.252075195312	159.713562011719	-40.1288833618164	-966.081359863281	157.203506469727	-15.9954586029053	-980.465881347656	172.236968994141	-10.9138746261597	-989.651245117188	191.698989868164	-3.5081512928009	-982.288452148438	208.320709228516	7.50977373123169	-951.137451171875	198.871292114258	17.1124305725098	-949.72119140625	170.490127563477	-1.97182834148407	-956.796936035156	191.854934692383	36.6811103820801	-948.5126953125	175.691345214844	35.9141006469727	-938.7861328125	167.865936279297	43.7245063781738	-934.556030273438	166.41374206543	16.81760597229	-944.489624023438
GMNH-VM14-614	135.747207641602	-59.4204788208008	-921.956298828125	134.708999633789	-54.6609954833984	-931.193603515625	133.206604003906	-42.8094482421875	-951.293334960938	132.694366455078	-19.2625865936279	-972.257446289062	132.382766723633	-14.1885547637939	-978.380065917969	131.706924438477	68.0758972167969	-934.434631347656	134.05061340332	46.5596046447754	-920.441955566406	134.571029663086	28.2149314880371	-920.608581542969	134.604232788086	5.7274374961853	-937.470520019531	134.859268188477	-8.76224231719971	-927.7890625	133.88606262207	-44.9953765869141	-929.082336425781	124.072067260742	-55.1077117919922	-923.241821289062	122.147850036621	-52.6727828979492	-922.19384765625	119.431648254395	-47.5797691345215	-919.987670898438	116.309768676758	-36.1539878845215	-917.65771484375	117.540878295898	-10.5456686019897	-916.0419921875	122.309196472168	-3.49057579040527	-920.430114746094	128.432708740234	-41.5388107299805	-947.561828613281	129.781372070312	-19.6684150695801	-964.91455078125	115.050064086914	-13.8577499389648	-971.838134765625	99.8406372070312	-8.26780319213867	-958.16259765625	90.6321640014648	2.82183337211609	-931.023193359375	97.4769744873047	12.2518701553345	-931.713928222656	121.337112426758	-3.40308475494385	-940.43212890625	100.475852966309	32.1080589294434	-932.772583007812	116.600219726562	31.277904510498	-921.663269042969	126.565048217773	38.3621025085449	-918.221435546875	127.231002807617	12.5323066711426	-930.331481933594	145.968063354492	-53.755672454834	-922.426879882812	147.660064697266	-52.407341003418	-922.262756347656	150.269561767578	-47.7178535461426	-920.369079589844	154.059112548828	-35.9582443237305	-918.489196777344	153.241226196289	-9.97866630554199	-916.849975585938	148.300491333008	-3.10446906089783	-921.336975097656	139.377349853516	-41.7404441833496	-947.997619628906	137.084197998047	-18.7539939880371	-963.852600097656	149.240478515625	-12.3410367965698	-973.519714355469	167.77294921875	-8.31868648529053	-958.582946777344	178.267013549805	6.33850622177124	-933.634155273438	170.551391601562	14.313229560852	-933.59912109375	148.316070556641	-2.93187761306763	-940.369323730469	165.880645751953	33.7736511230469	-934.578002929688	152.45556640625	32.6021957397461	-923.364196777344	142.638885498047	39.0099792480469	-918.456909179688	142.137298583984	13.072732925415	-930.507202148438
GMNH-VM14-616	126.745338439941	-52.8258171081543	-936.058654785156	127.317680358887	-46.3716812133789	-945.515686035156	127.597282409668	-34.9259185791016	-962.501525878906	128.301834106445	-12.2956027984619	-980.287536621094	128.475860595703	-7.89511728286743	-985.192626953125	128.401718139648	67.0557632446289	-941.795532226562	127.862098693848	47.070686340332	-928.31298828125	127.848983764648	31.8489990234375	-928.175109863281	127.728881835938	12.616418838501	-944.375427246094	127.928352355957	-5.91921377182007	-938.370178222656	127.53377532959	-37.0868263244629	-940.880981445312	116.905487060547	-49.0658493041992	-937.155822753906	115.233673095703	-47.9061050415039	-936.372192382812	112.427337646484	-43.188549041748	-933.216186523438	110.802192687988	-32.7961006164551	-930.289489746094	112.422096252441	-7.88989591598511	-926.375122070312	117.31999206543	-0.144449844956398	-930.787902832031	123.087844848633	-32.9355506896973	-959.044067382812	124.894187927246	-11.8013429641724	-973.542846679688	111.678939819336	-6.71609020233154	-981.216491699219	96.1783294677734	-1.62140810489655	-971.4951171875	85.8760375976562	10.4168338775635	-941.869506835938	92.4347152709961	18.5193424224854	-940.91162109375	113.494972229004	2.00298023223877	-950.069641113281	98.810188293457	35.7588157653809	-940.955078125	111.38005065918	35.0441360473633	-930.698425292969	120.799125671387	40.5479164123535	-927.553344726562	120.951446533203	16.5082588195801	-939.532287597656	137.348022460938	-50.5881462097168	-937.542663574219	139.020904541016	-48.5555152893066	-937.323791503906	143.350875854492	-44.2684707641602	-934.833618164062	146.032318115234	-34.1361694335938	-930.809875488281	144.450912475586	-9.73122501373291	-926.885192871094	138.442001342773	-1.25478971004486	-931.596923828125	132.568756103516	-33.752254486084	-959.606262207031	131.670745849609	-12.0912857055664	-973.259948730469	145.089584350586	-6.26117897033691	-980.857666015625	160.401733398438	-1.23656499385834	-970.336364746094	171.227645874023	13.0204401016235	-942.000061035156	164.346633911133	19.312671661377	-940.795654296875	140.806182861328	1.00078690052032	-950.494689941406	157.179473876953	36.3627128601074	-940.408447265625	143.519729614258	35.2866439819336	-929.790222167969	134.886260986328	40.3537559509277	-927.611511230469	135.06379699707	17.0010395050049	-939.459899902344
GMNH-VM14-619	144.70719909668	-80.9365539550781	-977.516784667969	144.822418212891	-71.3863296508789	-985.185668945312	145.455917358398	-56.2298927307129	-1004.81115722656	145.393783569336	-30.518871307373	-1025.68872070312	145.070755004883	-26.6036548614502	-1031.671875	148.113845825195	56.3013534545898	-987.802978515625	147.449645996094	32.8071327209473	-971.44482421875	146.578155517578	16.4010429382324	-969.515380859375	145.759170532227	-6.4608097076416	-990.483642578125	145.27214050293	-24.8608989715576	-979.810302734375	144.757781982422	-60.1781387329102	-981.262939453125	132.870330810547	-75.759033203125	-979.056640625	130.82536315918	-73.4826354980469	-977.030395507812	126.729431152344	-64.4649887084961	-975.570007324219	125.403503417969	-53.9093399047852	-970.191955566406	128.123382568359	-24.8933773040771	-968.034240722656	133.248504638672	-18.3088607788086	-972.488525390625	139.936157226562	-53.7457122802734	-1002.15997314453	141.57096862793	-29.4298267364502	-1018.72601318359	127.032722473145	-25.4812660217285	-1027.58837890625	110.099609375	-15.9779243469238	-1018.7197265625	98.4413681030273	-6.00607442855835	-985.480834960938	106.618240356445	2.40708231925964	-984.964111328125	130.120086669922	-14.8728914260864	-994.307922363281	113.529846191406	22.1589241027832	-983.3359375	129.402984619141	19.4244537353516	-972.756713867188	139.355010986328	25.8528900146484	-968.871398925781	138.012008666992	-0.260297536849976	-982.498291015625	156.693817138672	-75.8339309692383	-978.965637207031	158.684722900391	-73.5197525024414	-976.054504394531	162.678833007812	-65.8373413085938	-974.4814453125	165.004608154297	-54.7065734863281	-970.285705566406	163.523834228516	-26.7125129699707	-968.349853515625	158.14289855957	-19.7863216400146	-973.075134277344	150.569717407227	-54.8624839782715	-1002.37457275391	148.975006103516	-30.0676212310791	-1018.76257324219	165.208145141602	-25.8872299194336	-1028.46716308594	181.619476318359	-18.7681465148926	-1018.95562744141	194.790740966797	-9.06251811981201	-985.518737792969	185.275100708008	0.115037851035595	-985.317565917969	159.889617919922	-15.5361633300781	-994.500549316406	181.135040283203	20.9701709747314	-984.7578125	164.02375793457	18.4702110290527	-973.548278808594	155.247192382812	25.8231391906738	-968.945068359375	155.11018371582	-0.968026220798492	-983.376098632812
GMNH-VM14-620	116.582763671875	-54.6799507141113	-926.388000488281	116.863006591797	-49.384147644043	-935.372192382812	116.814933776855	-38.8665733337402	-956.518798828125	118.544532775879	-22.9635200500488	-977.779418945312	118.78394317627	-18.8876953125	-983.207336425781	123.48893737793	61.6145248413086	-946.034545898438	123.602767944336	43.5609359741211	-933.614929199219	121.975639343262	27.4055080413818	-932.656127929688	120.517997741699	6.97745990753174	-945.237670898438	119.949272155762	-7.57043838500977	-936.471862792969	117.645561218262	-40.6237449645996	-933.418090820312	106.581130981445	-50.7188262939453	-927.791076660156	105.091621398926	-48.1807250976562	-927.492919921875	100.973892211914	-42.5094375610352	-926.065368652344	98.910270690918	-31.3301258087158	-925.667846679688	103.682624816895	-6.83866596221924	-925.56689453125	109.683631896973	-1.2862069606781	-930.376159667969	111.727882385254	-38.6702651977539	-951.782104492188	115.113342285156	-20.7389430999756	-970.1865234375	102.000625610352	-16.1743106842041	-979.143249511719	87.3708114624023	-7.02565765380859	-968.736755371094	78.3337173461914	4.49105930328369	-943.702697753906	85.2272720336914	15.294397354126	-942.801635742188	105.01139831543	-2.73454022407532	-949.636779785156	93.4795379638672	32.1924018859863	-943.0634765625	106.60205078125	31.7566585540771	-934.058837890625	115.510566711426	36.4926567077637	-931.997436523438	114.599182128906	11.9490451812744	-940.628234863281	126.522636413574	-51.3103675842285	-928.093505859375	128.583694458008	-49.4705581665039	-928.011840820312	133.264221191406	-43.8012809753418	-926.272216796875	136.630172729492	-33.4065284729004	-925.372863769531	136.358627319336	-8.73864555358887	-925.292663574219	130.936309814453	-1.9755654335022	-930.427185058594	122.105690002441	-39.0673904418945	-952.206298828125	121.92253112793	-21.6422424316406	-970.124755859375	135.117736816406	-18.5095825195312	-979.565551757812	151.706298828125	-11.6111030578613	-968.953063964844	162.792037963867	-0.621113181114197	-943.733947753906	157.223770141602	10.7489576339722	-942.412475585938	134.351379394531	-4.69737386703491	-949.844299316406	151.136245727539	28.0207614898682	-943.091796875	138.319793701172	29.9165382385254	-934.586975097656	130.15690612793	35.763843536377	-931.88037109375	127.162719726562	10.8758001327515	-941.150817871094
GMNH-VM14-670	138.537796020508	-67.5367813110352	-928.312683105469	138.887145996094	-62.6191940307617	-936.42919921875	138.898971557617	-46.4280700683594	-957.055297851562	140.848541259766	-20.3392333984375	-979.194396972656	141.560913085938	-15.007625579834	-985.38232421875	148.296691894531	67.1460494995117	-941.249572753906	146.882522583008	46.5661964416504	-926.445373535156	145.571578979492	29.6427574157715	-923.797607421875	143.454925537109	4.5936427116394	-941.92578125	142.17919921875	-11.8619213104248	-934.653686523438	139.72053527832	-50.165641784668	-932.999267578125	127.671661376953	-61.4449005126953	-929.949584960938	125.646705627441	-59.284854888916	-930.024719238281	122.81819152832	-51.5549545288086	-928.321716308594	121.026679992676	-39.9152412414551	-924.471862792969	125.263931274414	-13.1012802124023	-923.693176269531	131.468948364258	-7.27708292007446	-928.105773925781	134.523193359375	-45.459285736084	-953.964904785156	137.673126220703	-20.9618091583252	-971.763427734375	123.641754150391	-12.7109603881836	-980.933837890625	108.15796661377	-7.80425310134888	-968.826477050781	96.2739334106445	5.08508682250977	-938.108520507812	105.073844909668	17.5008201599121	-937.835327148438	127.963203430176	-5.36413812637329	-947.970458984375	113.952964782715	37.2975463867188	-937.948486328125	129.198745727539	33.5961532592773	-926.135314941406	138.423919677734	40.2434349060059	-922.771179199219	136.841812133789	12.1459264755249	-934.568908691406	150.794799804688	-62.5302581787109	-930.698547363281	152.561279296875	-61.028980255127	-930.972778320312	156.955902099609	-53.7623443603516	-929.552673339844	160.362274169922	-42.4309234619141	-925.870910644531	159.09733581543	-15.170597076416	-923.643920898438	153.970596313477	-8.15347766876221	-927.894714355469	144.408584594727	-45.6103706359863	-953.450988769531	144.347869873047	-20.9964942932129	-972.325866699219	160.040969848633	-15.3558778762817	-981.303344726562	175.547286987305	-12.0756397247314	-969.959594726562	190.542892456055	-0.8883096575737	-939.298645019531	183.121276855469	12.6899538040161	-939.044860839844	158.423538208008	-7.3319821357727	-948.252990722656	178.849243164062	32.5424003601074	-937.833679199219	163.081298828125	31.5027236938477	-926.722900390625	154.113128662109	39.7955932617188	-923.219421386719	152.21955871582	11.9246997833252	-934.7802734375
GMNH-VM14-688	131.77116394043	-70.9454574584961	-976.512939453125	132.228073120117	-63.5190048217773	-986.728576660156	132.043640136719	-52.8400611877441	-1006.86999511719	131.085250854492	-29.1773796081543	-1026.89440917969	131.155151367188	-24.4140205383301	-1032.0029296875	130.818725585938	53.1051483154297	-981.681701660156	131.118347167969	31.9612369537354	-973.509948730469	130.786651611328	13.1918811798096	-974.2275390625	131.116546630859	-6.83231163024902	-989.460510253906	131.464859008789	-23.4461879730225	-982.210693359375	131.797454833984	-55.3763236999512	-982.496520996094	121.546943664551	-66.965087890625	-977.828369140625	119.744079589844	-63.7456970214844	-977.430786132812	115.812797546387	-59.6482048034668	-975.040161132812	NA	NA	NA	113.887596130371	-28.1034774780273	-970.394836425781	118.972869873047	-18.4112434387207	-975.009948730469	127.052505493164	-52.0249862670898	-1003.08917236328	127.828102111816	-30.0683631896973	-1018.55322265625	114.943733215332	-23.0699081420898	-1027.92468261719	98.7963256835938	-19.1949558258057	-1014.99194335938	86.8048858642578	-7.81750869750977	-987.076904296875	94.3591766357422	0.775013566017151	-986.040832519531	118.012054443359	-17.1119804382324	-995.044738769531	102.003517150879	19.1068229675293	-984.807800292969	115.048370361328	17.2108287811279	-975.084167480469	123.431739807129	21.9381790161133	-972.193969726562	123.935585021973	-2.21424055099487	-984.761840820312	141.460525512695	-66.4992599487305	-976.684631347656	143.264373779297	-64.3114166259766	-976.660949707031	147.432357788086	-59.9402351379395	-974.273010253906	150.162857055664	-51.048038482666	-972.084228515625	148.717697143555	-27.7225532531738	-970.799011230469	143.272033691406	-18.6063823699951	-975.025817871094	136.610900878906	-51.7248153686523	-1003.61474609375	134.974868774414	-29.2223167419434	-1017.33972167969	146.436798095703	-22.977560043335	-1028.02233886719	163.293670654297	-19.7778053283691	-1015.72845458984	174.933013916016	-7.67951202392578	-987.1513671875	167.489868164062	1.11612987518311	-986.3427734375	144.402770996094	-17.0256977081299	-995.877563476562	160.603790283203	18.4101181030273	-984.941223144531	147.843963623047	17.2949523925781	-975.639099121094	138.809005737305	21.8982944488525	-971.769775390625	138.030044555664	-2.34518194198608	-984.989990234375
GMNH-VM14-696	138.88655090332	-80.6777496337891	-984.894653320312	138.360946655273	-71.9511413574219	-994.103820800781	137.571060180664	-56.7198219299316	-1012.71234130859	137.118194580078	-35.1485366821289	-1034.84069824219	136.956359863281	-30.0732612609863	-1041.18176269531	135.848220825195	50.7939834594727	-989.761108398438	135.910583496094	29.4832649230957	-978.168579101562	135.544815063477	12.147406578064	-977.722412109375	135.40852355957	-7.96505641937256	-994.314575195312	135.738388061523	-25.5530986785889	-987.149597167969	137.306579589844	-61.4945182800293	-989.6279296875	127.228820800781	-74.4514999389648	-984.048828125	124.809913635254	-71.7494125366211	-983.146728515625	121.434883117676	-66.5153274536133	-980.737731933594	117.686859130859	-55.8811874389648	-979.197204589844	116.952041625977	-30.609302520752	-975.262756347656	122.150192260742	-19.4373989105225	-979.716064453125	132.499862670898	-55.3518676757812	-1010.48962402344	133.651977539062	-34.2785186767578	-1026.31896972656	118.810623168945	-28.0328788757324	-1035.8037109375	101.487350463867	-20.4889106750488	-1025.10144042969	92.0862274169922	-9.8340892791748	-993.918640136719	99.7151565551758	-0.890108823776245	-993.155395507812	122.02742767334	-18.4780406951904	-1001.37933349609	103.838729858398	18.0147113800049	-991.76123046875	119.296691894531	14.6514406204224	-979.913635253906	128.162811279297	21.7252426147461	-977.143859863281	128.314010620117	-3.29157495498657	-990.476745605469	149.21272277832	-75.0290145874023	-983.477355957031	151.232116699219	-71.1883087158203	-982.095520019531	154.237701416016	-65.4658813476562	-980.212219238281	156.736145019531	-54.7021026611328	-978.336242675781	155.137252807617	-29.7989711761475	-974.397644042969	149.237564086914	-19.104736328125	-979.072998046875	142.816650390625	-55.4867553710938	-1010.41680908203	140.901626586914	-33.6404724121094	-1026.56823730469	157.530303955078	-26.9658050537109	-1033.78186035156	172.751678466797	-19.4022121429443	-1023.80822753906	181.146347045898	-8.09222793579102	-991.946594238281	173.137832641602	-0.838015556335449	-991.946166992188	150.283737182617	-17.9898319244385	-1001.28686523438	168.48078918457	19.1189651489258	-990.534057617188	152.762573242188	15.5595378875732	-980.425415039062	143.952865600586	21.828197479248	-976.310302734375	143.411743164062	-4.0498776435852	-990.507995605469
GMNH-VM14-697	145.125701904297	-63.8856620788574	-936.740234375	145.003524780273	-58.1956634521484	-943.262878417969	143.887603759766	-42.7873458862305	-962.819213867188	143.842468261719	-11.6475925445557	-980.794189453125	144.12092590332	-7.43035936355591	-985.595336914062	144.614471435547	73.4609375	-944.458801269531	145.940383911133	53.0940856933594	-926.208435058594	146.117431640625	36.7615089416504	-925.564453125	145.573974609375	12.8372049331665	-942.130737304688	145.517059326172	-4.30338048934937	-935.993713378906	145.244903564453	-46.0342330932617	-939.99365234375	133.283660888672	-57.9261474609375	-936.804077148438	130.415542602539	-54.6927909851074	-935.405212402344	127.120475769043	-46.2513122558594	-931.96240234375	124.482925415039	-34.8934936523438	-929.155700683594	127.760688781738	-7.67240333557129	-925.069091796875	132.705413818359	-0.511772692203522	-928.390380859375	138.610015869141	-39.4194755554199	-959.347839355469	141.128326416016	-11.5272130966187	-972.913879394531	128.541931152344	-5.52459764480591	-981.312744140625	110.097953796387	-0.24320413172245	-971.152160644531	97.6404724121094	9.35399341583252	-942.469055175781	106.991477966309	19.7154560089111	-940.9453125	130.583694458008	1.82073509693146	-948.079406738281	114.472770690918	39.2225189208984	-939.780822753906	128.244354248047	37.8210182189941	-928.560119628906	137.965835571289	45.8644065856934	-924.721313476562	137.570724487305	19.6493072509766	-935.90673828125	157.545639038086	-57.4055023193359	-939.097900390625	160.242309570312	-53.5469055175781	-937.374694824219	164.467971801758	-45.8482284545898	-933.729675292969	NA	NA	NA	163.790740966797	-7.39426755905151	-925.85595703125	158.280181884766	-0.884184837341309	-928.532165527344	149.826782226562	-40.7488670349121	-959.504699707031	147.091567993164	-11.3382511138916	-973.284118652344	159.719650268555	-6.27892303466797	-982.3232421875	179.62614440918	-0.863023817539215	-971.69287109375	193.332580566406	9.15674591064453	-944.991027832031	184.220626831055	19.5146255493164	-941.758911132812	160.121292114258	0.894384443759918	-948.761413574219	177.335754394531	38.8642234802246	-940.547485351562	163.579406738281	38.0841522216797	-929.122375488281	154.337493896484	45.538459777832	-924.359619140625	154.064880371094	20.0303211212158	-935.939636230469
GMNH-VM14-700	134.508255004883	-60.139820098877	-930.79248046875	135.152206420898	-54.3495788574219	-939.6328125	135.105865478516	-43.1788558959961	-958.983154296875	135.401397705078	-21.2225704193115	-980.324279785156	135.511917114258	-18.4327163696289	-985.356750488281	137.105392456055	62.7220344543457	-942.429565429688	136.633026123047	41.3115921020508	-930.650512695312	136.346939086914	23.9256000518799	-930.205139160156	135.727447509766	4.69136047363281	-946.366455078125	135.392852783203	-12.4931764602661	-936.808898925781	135.380950927734	-45.8044891357422	-936.490905761719	NA	NA	NA	123.337036132812	-53.1461296081543	-930.979187011719	119.469520568848	-48.0172958374023	-927.93212890625	117.012741088867	-38.1050109863281	-925.807922363281	118.808433532715	-12.8259859085083	-924.761352539062	124.043128967285	-7.05636882781982	-929.580200195312	130.356735229492	-40.9611206054688	-956.008666992188	131.825408935547	-20.53639793396	-972.95556640625	119.582550048828	-16.4963970184326	-981.696655273438	102.924057006836	-10.4163131713867	-971.088928222656	89.9709167480469	2.93405556678772	-942.265441894531	97.3646926879883	11.1250247955322	-940.286743164062	121.595344543457	-6.36984300613403	-950.213684082031	105.254547119141	29.8982448577881	-940.976867675781	119.386322021484	28.5055141448975	-931.591491699219	129.251831054688	33.4114456176758	-928.96923828125	128.391647338867	9.13312911987305	-940.669494628906	145.865112304688	-55.4647369384766	-931.523681640625	147.181838989258	-53.6081657409668	-931.260803222656	150.856567382812	-48.9504165649414	-928.160095214844	153.69401550293	-39.1193809509277	-926.174194335938	153.205123901367	-14.2648553848267	-924.901489257812	146.864105224609	-7.98804330825806	-929.865234375	139.818115234375	-40.9542121887207	-956.624450683594	138.674453735352	-20.1827087402344	-973.311279296875	151.341537475586	-16.2296142578125	-981.642028808594	167.754806518555	-11.4597606658936	-971.168090820312	181.326019287109	2.63373684883118	-942.341979980469	174.308242797852	10.0584564208984	-940.722473144531	149.722320556641	-7.13510513305664	-950.522399902344	167.428344726562	28.4361820220947	-940.934143066406	153.290771484375	26.741418838501	-931.861206054688	144.506317138672	31.9946403503418	-928.351379394531	143.827484130859	8.65987682342529	-940.942443847656
GMNH-VM14-715	139.459884643555	-73.2660675048828	-952.192016601562	140.26789855957	-65.4333572387695	-962.34423828125	141.187576293945	-47.2553176879883	-981.675659179688	142.412490844727	-24.9496803283691	-999.776916503906	142.751235961914	-21.5927181243896	-1005.31268310547	144.779663085938	59.5287322998047	-969.238830566406	143.928436279297	39.9279823303223	-949.137268066406	142.739562988281	23.4142055511475	-946.847473144531	142.693710327148	1.53964078426361	-964.405700683594	141.923477172852	-16.1216735839844	-956.719543457031	139.571365356445	-53.9421920776367	-957.852294921875	127.855308532715	-68.3335342407227	-954.671569824219	124.514381408691	-65.1171798706055	-953.938293457031	121.393295288086	-57.5358200073242	-952.140808105469	119.108932495117	-45.9514007568359	-950.310974121094	122.589920043945	-19.8069400787354	-947.123962402344	129.419952392578	-10.9832468032837	-950.038757324219	135.748733520508	-48.3592185974121	-978.230834960938	138.837097167969	-24.7968368530273	-992.530456542969	124.934783935547	-21.1998748779297	-1001.71551513672	105.984764099121	-13.2932300567627	-991.718444824219	96.0757141113281	-1.62765955924988	-964.832397460938	104.797004699707	11.1132488250732	-963.10546875	127.531753540039	-9.57856559753418	-970.078552246094	112.675590515137	29.8024768829346	-963.158386230469	125.676338195801	28.172721862793	-950.338562011719	135.289199829102	34.3340721130371	-947.125854492188	135.315505981445	8.5452880859375	-958.284790039062	151.24690246582	-68.2587280273438	-953.804016113281	153.438751220703	-64.8611068725586	-952.667175292969	157.463348388672	-58.0856895446777	-950.820007324219	160.965789794922	-46.433464050293	-947.550170898438	158.723815917969	-21.0384120941162	-945.074035644531	153.701599121094	-11.4263181686401	-948.665100097656	146.525054931641	-48.0948486328125	-976.863586425781	145.387802124023	-24.8611297607422	-991.946655273438	160.815048217773	-22.8558139801025	-1000.57580566406	178.540405273438	-15.8390092849731	-989.281860351562	189.43017578125	-4.71097040176392	-960.360778808594	179.332168579102	7.67020797729492	-959.626831054688	156.421173095703	-10.5042400360107	-968.259033203125	175.429306030273	26.7202053070068	-960.707458496094	161.133255004883	26.8795051574707	-949.230590820312	151.872528076172	33.397331237793	-945.646667480469	150.917755126953	7.45799684524536	-958.13427734375
GMNH-VM14-716	144.123291015625	-80.9072952270508	-968.223266601562	144.600738525391	-71.4708633422852	-979.383483886719	144.943420410156	-57.1709213256836	-999.329956054688	145.418273925781	-33.1521110534668	-1018.66357421875	145.633666992188	-28.8457984924316	-1025.63928222656	146.236267089844	56.8453140258789	-989.367370605469	147.418365478516	34.8160629272461	-970.229309082031	146.679336547852	19.9529972076416	-967.668151855469	146.989196777344	-3.77226424217224	-985.327026367188	145.850692749023	-21.6446647644043	-974.817138671875	145.128967285156	-58.898796081543	-973.741760253906	131.685653686523	-74.8792572021484	-971.579528808594	128.124404907227	-71.5297470092773	-968.8671875	124.951095581055	-63.7882957458496	-966.015075683594	124.030136108398	-52.2848815917969	-964.039367675781	127.555030822754	-24.7451553344727	-960.390747070312	133.539413452148	-15.859302520752	-966.741638183594	138.793716430664	-53.5277404785156	-995.98681640625	141.998580932617	-30.8652153015137	-1011.97839355469	128.317306518555	-27.0130233764648	-1022.15924072266	108.139404296875	-17.2389678955078	-1010.82269287109	96.4496917724609	-0.270974099636078	-980.952941894531	106.011001586914	6.37332248687744	-981.025207519531	131.353561401367	-14.7401609420776	-988.415283203125	113.33984375	26.9659080505371	-981.778930664062	129.922180175781	23.1953144073486	-970.769653320312	139.532791137695	28.9060192108154	-968.144226074219	138.221649169922	2.38709473609924	-979.510009765625	157.301849365234	-74.582878112793	-970.226440429688	161.76220703125	-71.346061706543	-967.523681640625	164.815048217773	-64.3324279785156	-964.9833984375	166.208343505859	-52.0958671569824	-963.922180175781	163.707885742188	-25.0498886108398	-960.686950683594	158.283111572266	-15.7963562011719	-967.212219238281	151.50471496582	-53.7799415588379	-996.052307128906	149.151153564453	-31.1304035186768	-1011.67578125	163.906860351562	-26.7292518615723	-1022.02746582031	183.070556640625	-18.3665065765381	-1011.20989990234	196.528305053711	-1.6920690536499	-981.557678222656	185.706237792969	4.51495838165283	-981.386596679688	161.647003173828	-15.2617235183716	-988.982788085938	181.625793457031	25.5130653381348	-982.2158203125	163.816055297852	22.4535026550293	-970.820251464844	155.042007446289	28.5122261047363	-968.110107421875	155.39192199707	2.35280013084412	-979.534729003906
GMNH-VM14-725	150.720260620117	-74.581169128418	-936.712646484375	151.055328369141	-66.3850326538086	-944.561889648438	150.80810546875	-49.1986122131348	-962.093566894531	151.524490356445	-21.966251373291	-984.644653320312	151.798736572266	-18.2133388519287	-989.643859863281	154.060928344727	65.2477951049805	-948.533935546875	154.086044311523	43.8817253112793	-930.884704589844	153.586807250977	25.9676399230957	-928.238037109375	153.114028930664	2.82847380638123	-946.277282714844	152.704940795898	-16.0965824127197	-936.816345214844	151.210678100586	-55.1179122924805	-939.267333984375	138.423034667969	-67.7111968994141	-937.704650878906	136.876876831055	-65.7652206420898	-935.917602539062	132.884811401367	-58.2439041137695	-934.473999023438	130.334091186523	-46.5357322692871	-928.581298828125	134.472595214844	-19.0216941833496	-924.712707519531	140.277770996094	-10.9962816238403	-929.816345214844	145.904479980469	-47.1721649169922	-959.511108398438	148.989532470703	-23.0825881958008	-976.103515625	133.373825073242	-16.621603012085	-986.865478515625	117.100044250488	-10.7348966598511	-976.289611816406	104.962348937988	0.857635140419006	-945.089538574219	113.056655883789	14.7624673843384	-941.355834960938	136.725952148438	-8.73962688446045	-951.165832519531	120.639152526855	32.4883003234863	-942.473205566406	135.41569519043	29.8027534484863	-931.63525390625	145.391479492188	36.2734870910645	-927.557006835938	144.392776489258	10.0360317230225	-939.822998046875	163.340942382812	-67.9874572753906	-936.592529296875	165.949890136719	-66.6516952514648	-935.356994628906	170.552917480469	-59.6645355224609	-934.212951660156	174.459030151367	-47.8558387756348	-929.427062988281	171.525177001953	-20.2718086242676	-925.021179199219	166.316284179688	-11.1766538619995	-930.269592285156	157.421798706055	-47.7836151123047	-959.063415527344	154.859497070312	-23.2504234313965	-976.168640136719	171.228210449219	-17.7093925476074	-986.9638671875	187.033081054688	-12.7279100418091	-977.320434570312	201.417434692383	-1.96243250370026	-944.585205078125	192.527191162109	12.7192497253418	-941.888671875	168.408157348633	-8.9603271484375	-951.197265625	186.829345703125	30.9137287139893	-942.727416992188	171.490417480469	28.954719543457	-931.774719238281	161.537979125977	36.3438453674316	-928.427185058594	161.599594116211	9.50183391571045	-939.710266113281
GMNH-VM14-727	128.630340576172	-70.4145050048828	-968.289916992188	129.300765991211	-64.5537490844727	-975.861328125	129.659698486328	-53.5561141967773	-994.892211914062	130.357498168945	-32.7675399780273	-1018.38421630859	130.447845458984	-29.6536350250244	-1023.42864990234	134.540634155273	54.1236724853516	-985.003540039062	133.883255004883	33.2414703369141	-969.21484375	133.093399047852	17.2383060455322	-965.961547851562	131.117797851562	-6.69854593276978	-983.461181640625	130.931488037109	-21.5442581176758	-975.077087402344	129.53662109375	-54.0311813354492	-973.041687011719	117.68302154541	-65.1475601196289	-969.669494628906	116.593727111816	-63.3243980407715	-968.908081054688	113.17407989502	-58.5920143127441	-966.175659179688	110.788581848145	-47.0915718078613	-964.101989746094	114.081909179688	-21.5059375762939	-963.35009765625	118.777938842773	-15.2490682601929	-967.6064453125	124.667198181152	-51.2733154296875	-992.931762695312	126.91276550293	-31.962158203125	-1009.81518554688	114.039924621582	-29.3701133728027	-1019.51751708984	98.5823440551758	-20.2358169555664	-1008.33892822266	89.0545883178711	-9.09852600097656	-980.046447753906	95.669075012207	3.82094216346741	-979.121459960938	115.966331481934	-14.9887342453003	-988.301940917969	101.721778869629	22.0483303070068	-979.965270996094	115.426879882812	20.8853874206543	-968.823181152344	126.409881591797	26.803747177124	-966.135009765625	124.607841491699	0.111022800207138	-975.610290527344	139.820877075195	-65.6759643554688	-968.990356445312	140.705078125	-63.9865417480469	-968.565979003906	144.151397705078	-59.6011962890625	-965.886840820312	148.40315246582	-48.3743782043457	-964.002258300781	148.1708984375	-22.5379543304443	-963.883972167969	143.363983154297	-16.1662788391113	-967.718139648438	133.811737060547	-51.6178512573242	-993.318237304688	133.991607666016	-32.3909492492676	-1009.60021972656	147.807723999023	-29.517406463623	-1019.39172363281	163.329452514648	-22.6905651092529	-1008.70721435547	173.374725341797	-11.6550731658936	-982.025207519531	167.524063110352	0.96919184923172	-980.585327148438	145.432952880859	-16.4117317199707	-989.449951171875	163.390563964844	18.9302730560303	-980.892211914062	150.753189086914	19.7250537872314	-969.6162109375	140.534103393555	26.2789058685303	-966.553344726562	139.38395690918	-0.110840037465096	-977.162963867188
GMNH-VM14-728	161.048370361328	-76.027229309082	-963.309631347656	160.529418945312	-65.740837097168	-973.647399902344	159.315322875977	-46.8388977050781	-993.414428710938	159.661880493164	-15.0151958465576	-1011.81402587891	159.645202636719	-10.604001045227	-1016.04156494141	160.931076049805	74.4384155273438	-971.336975097656	160.868453979492	51.5863800048828	-952.49462890625	160.670593261719	33.6801300048828	-951.537292480469	160.492111206055	5.96877098083496	-972.747619628906	160.361053466797	-11.2363796234131	-963.052551269531	159.716247558594	-53.3173713684082	-967.882202148438	147.187088012695	-72.0080108642578	-965.102966308594	143.335830688477	-68.8284072875977	-964.232177734375	141.03190612793	-61.7507133483887	-958.681396484375	139.037155151367	-48.8384437561035	-955.893310546875	140.69270324707	-23.2121448516846	-949.220031738281	147.925811767578	-8.86184787750244	-954.838134765625	152.931045532227	-44.0324592590332	-989.062133789062	156.412551879883	-14.8272562026978	-1004.44787597656	140.224731445312	-8.78317928314209	-1013.88940429688	123.585990905762	-3.1818962097168	-1004.49743652344	107.976318359375	6.29389047622681	-969.016296386719	118.797821044922	17.5929183959961	-967.221801757812	143.930847167969	-3.76607823371887	-978.476501464844	127.487007141113	40.9831314086914	-966.601135253906	143.025024414062	37.5429573059082	-954.207580566406	153.16943359375	44.5568389892578	-950.748168945312	152.744964599609	16.4283561706543	-964.172119140625	174.229629516602	-71.3871307373047	-964.656311035156	178.533004760742	-67.8802108764648	-962.647888183594	180.911270141602	-60.2795677185059	-958.843383789062	181.88264465332	-47.8603858947754	-956.205383300781	180.091690063477	-21.6581039428711	-949.282592773438	173.678848266602	-7.80161190032959	-955.276000976562	164.811737060547	-45.2976493835449	-990.739074707031	163.738250732422	-14.9194459915161	-1003.99963378906	179.233901977539	-9.92454433441162	-1014.13665771484	196.680435180664	-4.73798274993896	-1005.71435546875	212.752853393555	6.13611698150635	-970.067138671875	202.726181030273	17.7741279602051	-968.46435546875	176.719100952148	-4.52506542205811	-978.374084472656	194.853164672852	39.8759422302246	-966.711730957031	179.964645385742	37.735481262207	-955.005126953125	169.157257080078	44.1328811645508	-950.499572753906	168.306671142578	17.0723934173584	-964.023132324219
GMNH-VM14-737	143.761306762695	-59.0306663513184	-935.03125	144.275650024414	-50.7488784790039	-944.512512207031	NA	NA	NA	144.798919677734	-19.8081035614014	-988.005737304688	144.866104125977	-16.551290512085	-993.237670898438	148.953887939453	69.1969833374023	-962.388671875	148.781814575195	49.0884475708008	-946.229248046875	148.016540527344	35.1078910827637	-942.724304199219	146.402313232422	7.64472532272339	-955.363830566406	146.422134399414	-7.10580492019653	-945.440490722656	144.799682617188	-40.3920249938965	-942.928588867188	133.12614440918	-53.0676651000977	-937.061767578125	132.075607299805	-51.213550567627	-936.454711914062	128.411712646484	-46.3094024658203	-934.812927246094	125.809921264648	-34.5862503051758	-932.479125976562	128.562927246094	-7.64400768280029	-931.383605957031	134.523681640625	-0.66429990530014	-938.089050292969	NA	NA	NA	141.649948120117	-18.3936786651611	-980.790100097656	126.948226928711	-15.0033206939697	-988.993408203125	111.757125854492	-7.13526058197021	-977.955627441406	104.345008850098	11.3145694732666	-949.844787597656	110.88151550293	16.620418548584	-952.238403320312	131.028381347656	-3.67678880691528	-957.925354003906	117.03539276123	36.2016754150391	-956.455505371094	130.681640625	37.9082641601562	-944.968566894531	141.760604858398	44.4058227539062	-943.94384765625	139.896057128906	16.6275939941406	-949.665100097656	154.921249389648	-54.1167297363281	-936.469604492188	155.836227416992	-52.7378807067871	-935.844909667969	159.970794677734	-47.9562339782715	-934.391784667969	163.733779907227	-36.4416351318359	-932.472045898438	164.08610534668	-9.700119972229	-931.783935546875	158.477172851562	-1.65458416938782	-938.676696777344	NA	NA	NA	148.400390625	-18.8045616149902	-981.034301757812	163.61604309082	-16.1123886108398	-989.271728515625	179.651657104492	-10.3671197891235	-979.115844726562	189.753311157227	8.24718952178955	-952.494018554688	182.62190246582	13.6493053436279	-953.829284667969	159.708465576172	-4.01474142074585	-958.955078125	177.907592773438	33.4439239501953	-956.940246582031	164.65022277832	36.1072235107422	-945.373107910156	155.719863891602	43.5069999694824	-943.301696777344	NA	NA	NA
GMNH-VM14-742	131.534912109375	-73.5071182250977	-966.8115234375	131.628219604492	-66.5159072875977	-973.916625976562	130.333312988281	-51.1348609924316	-991.585388183594	129.919509887695	-26.8007392883301	-1012.84692382812	130.119064331055	-22.7339172363281	-1017.72021484375	134.402648925781	56.21826171875	-966.641723632812	134.385772705078	33.909797668457	-955.977233886719	133.800689697266	16.7427597045898	-956.930603027344	132.788040161133	-3.59761762619019	-975.509582519531	132.472610473633	-19.7708721160889	-967.91748046875	131.593170166016	-55.7291984558105	-970.213745117188	120.290672302246	-69.0723724365234	-966.497924804688	117.798286437988	-66.5963973999023	-965.874450683594	114.248725891113	-61.0571670532227	-963.893737792969	112.387992858887	-50.4347381591797	-960.712829589844	114.312873840332	-24.4678916931152	-956.539306640625	120.810516357422	-15.0874128341675	-960.629638671875	126.180740356445	-49.265869140625	-989.708618164062	126.913932800293	-26.7048759460449	-1005.71844482422	112.444160461426	-19.5749683380127	-1013.05871582031	96.8068237304688	-12.4201135635376	-998.971618652344	88.7542343139648	-5.15669775009155	-968.912109375	96.125	4.78584575653076	-968.985290527344	117.519760131836	-13.3119621276855	-981.046691894531	100.646865844727	23.3585052490234	-967.787170410156	117.053062438965	21.2578754425049	-957.157104492188	127.03816986084	26.5094299316406	-954.418090820312	126.141532897949	1.81353259086609	-968.790893554688	142.627502441406	-68.9524230957031	-967.380798339844	144.609558105469	-66.5051574707031	-966.56396484375	148.412124633789	-61.5035362243652	-965.16552734375	151.151458740234	-50.9648895263672	-962.048583984375	150.949142456055	-24.5992698669434	-957.698425292969	145.042556762695	-15.0464601516724	-961.651733398438	135.231903076172	-49.0798301696777	-989.71240234375	134.012023925781	-26.1816234588623	-1005.31958007812	149.076919555664	-20.450927734375	-1014.38616943359	165.285415649414	-14.5645542144775	-1002.69262695312	177.575927734375	-7.15167903900146	-974.470275878906	168.970291137695	3.64735460281372	-972.849548339844	148.483581542969	-14.2651262283325	-983.1865234375	166.595794677734	21.3050575256348	-971.827758789062	151.477294921875	20.7403812408447	-959.986145019531	141.940475463867	26.1174755096436	-955.4013671875	140.071914672852	1.38909387588501	-970.568298339844
GMNH-VM14-765	125.531158447266	-58.5814781188965	-936.098022460938	125.439323425293	-49.48779296875	-946.260192871094	125.104484558105	-37.2153549194336	-964.0341796875	125.705795288086	-15.2215404510498	-981.727966308594	125.806396484375	-11.139199256897	-986.160461425781	131.6328125	63.2629280090332	-941.20556640625	130.970245361328	43.6191749572754	-931.180603027344	129.682403564453	26.4336318969727	-930.090881347656	128.193344116211	7.13217306137085	-944.774230957031	127.308387756348	-9.67537212371826	-939.130920410156	125.844329833984	-42.6065330505371	-941.078247070312	115.243225097656	-52.7536926269531	-936.523681640625	114.89102935791	-51.9178733825684	-936.084167480469	111.602493286133	-46.8899612426758	-933.532958984375	109.79411315918	-36.4034461975098	-930.486206054688	111.65104675293	-11.1979417800903	-927.55419921875	116.984825134277	-5.25672626495361	-931.567993164062	121.064682006836	-36.7068977355957	-960.081970214844	122.499488830566	-16.3049983978271	-973.629516601562	110.252395629883	-10.2945966720581	-982.792114257812	95.0716094970703	-3.95571494102478	-970.731506347656	86.8138198852539	5.96633529663086	-941.563354492188	94.4244003295898	15.8522939682007	-940.687561035156	113.220558166504	-3.69250297546387	-950.729919433594	100.30989074707	33.694652557373	-940.896667480469	113.901428222656	30.5058860778809	-932.022766113281	123.098991394043	34.9172325134277	-928.69677734375	122.212966918945	10.2917203903198	-940.548156738281	136.087219238281	-55.3198890686035	-937.196350097656	136.895629882812	-53.9143524169922	-936.557983398438	140.57048034668	-49.0076599121094	-934.511352539062	144.084915161133	-38.9579048156738	-931.701599121094	144.485214233398	-12.9380340576172	-928.714294433594	139.468124389648	-6.63638496398926	-932.712463378906	130.093139648438	-36.1590385437012	-960.9013671875	129.306869506836	-16.1162452697754	-974.242126464844	141.955169677734	-12.3651504516602	-982.865295410156	157.95637512207	-7.25924634933472	-972.769409179688	170.117172241211	1.78942954540253	-943.423400878906	164.448028564453	12.0627288818359	-942.498840332031	139.080032348633	-4.63856506347656	-952.05029296875	159.073135375977	29.6340160369873	-942.61279296875	146.624053955078	28.5876941680908	-932.548767089844	137.505752563477	34.4110717773438	-929.089294433594	135.678619384766	10.4725580215454	-940.629028320312
GMNH-VM14-777	134.66682434082	-59.0305213928223	-937.318786621094	135.394912719727	-52.9721870422363	-946.328125	NA	NA	NA	135.163436889648	-15.7394971847534	-981.762634277344	135.096771240234	-10.944727897644	-986.746154785156	135.440719604492	62.3607978820801	-937.838134765625	135.11018371582	42.3452835083008	-930.886962890625	134.849258422852	24.285758972168	-934.372619628906	135.225311279297	5.57574129104614	-948.137023925781	135.074417114258	-10.7892408370972	-941.886291503906	135.279754638672	-44.4072570800781	-942.466857910156	124.438362121582	-56.567699432373	-938.852355957031	123.17928314209	-54.6489219665527	-938.419311523438	118.95295715332	-50.6750984191895	-937.585021972656	115.989990234375	-39.6788101196289	-934.873413085938	118.253883361816	-15.4074296951294	-932.018310546875	123.288047790527	-5.53547382354736	-933.940124511719	130.801010131836	-39.4062271118164	-961.266479492188	131.749114990234	-15.0721979141235	-976.744995117188	119.991493225098	-7.13686895370483	-984.216735839844	103.731803894043	-4.33157634735107	-972.09619140625	92.9367370605469	1.26015722751617	-945.948974609375	99.260383605957	12.4994049072266	-942.416259765625	122.207214355469	-3.63360667228699	-951.035583496094	105.728530883789	30.0432548522949	-943.106811523438	119.309783935547	28.008415222168	-933.101745605469	126.901969909668	32.9400939941406	-930.566223144531	128.298690795898	11.1862659454346	-941.104370117188	145.075546264648	-56.5825500488281	-937.542785644531	146.571640014648	-55.2775077819824	-936.957092285156	149.850769042969	-50.2925033569336	-936.374572753906	153.595489501953	-39.8447723388672	-934.463806152344	152.006866455078	-16.4107036590576	-932.114990234375	146.175430297852	-5.47243309020996	-934.008605957031	NA	NA	NA	138.667190551758	-14.6407814025879	-976.412780761719	151.788070678711	-7.2304368019104	-984.449951171875	166.716445922852	-4.04456806182861	-972.685424804688	176.777893066406	2.73783040046692	-947.631530761719	169.817779541016	11.8335762023926	-943.97802734375	148.118942260742	-2.89213919639587	-951.527465820312	164.884292602539	29.2928142547607	-943.277770996094	150.035369873047	27.3429946899414	-933.2724609375	142.695205688477	32.5344314575195	-930.578735351562	142.260345458984	10.3669719696045	-942.032287597656
GMNH-VM14-778	151.54133605957	-68.560302734375	-936.669616699219	151.600082397461	-62.1943168640137	-944.97509765625	150.543930053711	-45.6693954467773	-965.916748046875	151.034118652344	-16.0741405487061	-983.440307617188	151.088623046875	-11.2947292327881	-988.628662109375	157.562530517578	70.2584075927734	-944.810607910156	157.014266967773	49.8402671813965	-925.85009765625	156.077529907227	30.3381938934326	-926.122253417969	153.749298095703	4.89759635925293	-947.300598144531	153.908630371094	-10.4182834625244	-938.34814453125	152.300521850586	-50.8596305847168	-939.279724121094	139.820587158203	-62.9884605407715	-936.772033691406	137.986907958984	-60.1180801391602	-934.731567382812	133.989868164062	-53.0615997314453	-932.191284179688	132.262008666992	-42.030029296875	-929.000061035156	134.409210205078	-16.2935161590576	-924.923583984375	141.446212768555	-5.99244499206543	-929.478759765625	145.555938720703	-44.5689926147461	-961.841674804688	147.027786254883	-15.2278003692627	-977.145446777344	130.141708374023	-6.70734596252441	-984.73681640625	116.839904785156	0.0776109471917152	-973.691528320312	105.583946228027	11.1517400741577	-938.895690917969	114.629005432129	17.4199409484863	-940.239990234375	136.743713378906	-3.51119685173035	-950.242065429688	121.686309814453	38.6283836364746	-937.365173339844	139.200408935547	32.1117362976074	-926.575500488281	147.788558959961	38.3450813293457	-924.226745605469	146.127487182617	12.737401008606	-938.49462890625	163.610565185547	-64.1836471557617	-937.5048828125	166.381896972656	-61.5186920166016	-935.652709960938	170.459838867188	-54.8727722167969	-933.321960449219	173.795455932617	-43.9964256286621	-930.124206542969	173.184677124023	-17.9995651245117	-926.090942382812	166.506698608398	-6.0660834312439	-931.16943359375	156.496948242188	-44.4208602905273	-962.911804199219	156.038665771484	-15.5177946090698	-977.271484375	172.9296875	-8.8046293258667	-986.106872558594	187.755920410156	-3.60244870185852	-977.143615722656	203.47380065918	8.60263347625732	-944.219970703125	194.031982421875	14.9574995040894	-944.85791015625	170.271347045898	-4.4376482963562	-952.479614257812	190.614547729492	34.7223014831543	-941.039978027344	172.367401123047	31.284049987793	-929.003723144531	164.989868164062	37.9038581848145	-925.759582519531	162.780197143555	12.4997825622559	-939.487915039062
GMNH-VM14-806	129.892120361328	-55.3527603149414	-924.961975097656	129.120147705078	-50.9263381958008	-934.447143554688	129.140319824219	-43.3144645690918	-955.820922851562	131.01286315918	-18.7223300933838	-978.08740234375	131.114669799805	-15.8455982208252	-983.335144042969	134.58088684082	67.5390777587891	-942.262390136719	134.043197631836	49.6334419250488	-929.855651855469	133.637741088867	30.2131099700928	-928.698059082031	132.399459838867	5.92293977737427	-944.622863769531	131.30793762207	-7.55535316467285	-932.82666015625	129.889877319336	-38.7979888916016	-932.970520019531	118.195610046387	-50.908634185791	-926.781433105469	116.190765380859	-48.0340309143066	-926.209594726562	113.033363342285	-42.0737648010254	-924.292724609375	111.330230712891	-30.6906394958496	-922.300720214844	114.749603271484	-6.21662282943726	-921.920227050781	120.066284179688	-0.497113645076752	-927.422973632812	124.931350708008	-38.694206237793	-952.961242675781	127.319946289062	-16.8560562133789	-970.075622558594	114.641983032227	-11.8689212799072	-977.582275390625	99.5087890625	-3.12351703643799	-969.414306640625	87.0741271972656	8.54125595092773	-939.613525390625	93.4376678466797	18.8626174926758	-938.715698242188	118.001930236816	-0.7605761885643	-946.0517578125	102.11661529541	36.963794708252	-938.992126464844	117.716506958008	34.7911987304688	-930.062072753906	125.960746765137	39.3995780944824	-927.715454101562	125.590217590332	13.4211568832397	-937.636840820312	140.975433349609	-51.6912117004395	-927.146850585938	142.858596801758	-49.4782943725586	-926.9208984375	147.010818481445	-43.1021690368652	-924.473754882812	149.936492919922	-32.3072853088379	-922.624633789062	147.941757202148	-7.59892797470093	-921.657958984375	142.838241577148	-1.21493256092072	-926.230041503906	134.917526245117	-40.2502822875977	-952.292175292969	135.087539672852	-17.1153469085693	-970.048217773438	148.774490356445	-13.639232635498	-977.618286132812	164.823333740234	-7.54665279388428	-968.544982910156	177.757827758789	5.37204265594482	-939.649169921875	170.7890625	15.5237007141113	-938.444152832031	146.496597290039	-2.89673662185669	-946.766906738281	165.219955444336	33.7220802307129	-938.226379394531	149.426208496094	32.9751663208008	-929.581298828125	141.392166137695	38.5955543518066	-927.798583984375	140.149398803711	12.2631988525391	-937.997619628906
GMNH-VM15-5	132.886093139648	-64.513786315918	-951.071716308594	133.29020690918	-58.3421020507812	-958.492980957031	133.465591430664	-45.7460021972656	-975.687866210938	132.836074829102	-26.2428951263428	-996.51220703125	132.56413269043	-21.730978012085	-1003.68023681641	136.232879638672	62.5805015563965	-963.664245605469	135.305953979492	40.486026763916	-948.4404296875	134.835311889648	23.6924171447754	-946.480895996094	134.247695922852	1.86281740665436	-962.797302246094	133.570190429688	-14.4396162033081	-955.392700195312	133.421325683594	-49.2338066101074	-954.816040039062	121.440910339355	-57.8149070739746	-951.210998535156	120.01261138916	-55.934253692627	-949.938293457031	117.150756835938	-50.659839630127	-947.636901855469	113.980400085449	-39.3166198730469	-944.94189453125	117.456665039062	-12.2166538238525	-944.576293945312	121.774307250977	-8.86350536346436	-948.360595703125	127.291213989258	-44.3391647338867	-973.255676269531	129.018341064453	-24.6917114257812	-990.0791015625	114.602676391602	-20.9966640472412	-998.803161621094	99.2557678222656	-11.4150800704956	-987.262084960938	89.612060546875	2.59130120277405	-956.566040039062	97.2489547729492	10.2753925323486	-957.4736328125	118.894897460938	-8.35356998443604	-968.055847167969	103	28.8980388641357	-957.419738769531	118.001914978027	27.9108142852783	-947.483215332031	127.68888092041	34.133415222168	-946.001586914062	126.850860595703	7.70562839508057	-956.457397460938	144.501388549805	-58.7314033508301	-951.200500488281	146.127151489258	-56.8205871582031	-950.12744140625	148.731460571289	-51.572395324707	-947.901733398438	153.101898193359	-40.3044090270996	-945.396362304688	150.939910888672	-13.8618659973145	-945.554016113281	145.633255004883	-9.8262186050415	-948.803283691406	138.900634765625	-43.952766418457	-973.594177246094	137.263290405273	-24.4895992279053	-990.55078125	152.061264038086	-20.7819137573242	-999.958618164062	167.008651733398	-12.2990808486938	-988.885620117188	178.591156005859	0.243526563048363	-960.494445800781	171.044921875	8.50715065002441	-959.838623046875	148.84489440918	-9.45083522796631	-969.244079589844	166.44709777832	26.7965641021729	-959.311706542969	152.028930664062	26.739990234375	-949.070495605469	142.962112426758	33.5434150695801	-945.970458984375	141.615386962891	7.0648922920227	-958.245483398438
HNCC-02-20	-1.22059905529022	-59.0296363830566	-1132.72692871094	-1.41674983501434	-53.0754089355469	-1126.39379882812	-0.936127185821533	-39.7540321350098	-1107.55517578125	-1.3438766002655	-21.4709339141846	-1086.71887207031	-1.43201291561127	-17.2886238098145	-1081.18408203125	-0.663062810897827	63.7480545043945	-1120.37756347656	-1.18730211257935	44.0688247680664	-1136.59814453125	-1.02551734447479	28.1286773681641	-1137.17553710938	-1.56028890609741	5.09021139144897	-1118.59729003906	-1.2153205871582	-9.50443935394287	-1127.82800292969	-1.37456572055817	-40.8959770202637	-1129.12573242188	10.1612367630005	-52.828441619873	-1132.912109375	11.8764171600342	-51.3512535095215	-1132.98083496094	15.2340383529663	-46.2946281433105	-1135.53857421875	17.9976558685303	-35.5606346130371	-1138.29541015625	13.7346620559692	-9.68297672271728	-1136.67529296875	10.9088315963745	-4.58484601974487	-1134.9091796875	3.60138440132141	-38.7951202392578	-1110.56079101562	1.72101283073425	-19.8880748748779	-1094.35070800781	17.5677433013916	-15.5077285766602	-1085.53125	31.5666446685791	-8.84542274475098	-1096.78356933594	42.7953033447266	2.20884704589844	-1125.1767578125	32.4707489013672	11.1738977432251	-1123.79675292969	13.1979608535767	-5.4508843421936	-1116.68872070312	31.6973972320557	29.8030204772949	-1122.40405273438	16.6954879760742	30.8495140075684	-1133.36108398438	6.46226358413696	37.7384834289551	-1137.50219726562	5.5439624786377	11.1102523803711	-1126.15051269531	-12.6437253952026	-52.8690528869629	-1133.32373046875	-13.86607837677	-51.6921195983887	-1133.77978515625	-16.6342620849609	-46.6158447265625	-1135.53271484375	-19.25537109375	-36.3112487792969	-1138.41040039062	-17.6896724700928	-10.1035385131836	-1138.93615722656	-12.2093639373779	-3.46777987480164	-1134.81567382812	-5.74183416366577	-39.6886520385742	-1110.77880859375	-4.37579679489136	-19.1054439544678	-1094.36633300781	-19.5975513458252	-15.4919662475586	-1085.5068359375	-33.9946403503418	-7.8617525100708	-1097.63366699219	-44.7420501708984	2.27740097045898	-1125.96606445312	-32.3857498168945	13.1052665710449	-1122.56762695312	-13.6760540008545	-4.26475667953491	-1116.52673339844	-32.9023246765137	30.9164752960205	-1122.85485839844	-18.6490268707275	31.4685497283936	-1134.26525878906	-8.5210657119751	37.8190460205078	-1137.96459960938	-8.15917491912842	11.9223489761353	-1127.42651367188
HNCC-03-10	0.296479970216751	-73.4977874755859	-1086.40954589844	-0.233432233333588	-65.1577072143555	-1075.20251464844	-0.556881308555603	-50.4264602661133	-1051.4013671875	-0.707888603210449	-22.558988571167	-1027.35974121094	-1.05582237243652	-17.6562252044678	-1020.640625	-1.18570625782013	70.6072616577148	-1047.47155761719	0.145427271723747	56.7852020263672	-1072.24243164062	0.162674263119698	38.711799621582	-1077.61999511719	-0.650040030479431	9.04470729827881	-1063.93981933594	0.065004251897335	-9.8550386428833	-1073.60668945312	-0.168598935008049	-51.4898910522461	-1078.38842773438	13.0647277832031	-65.5012741088867	-1082.75952148438	16.4279193878174	-62.0250129699707	-1083.64721679688	18.824068069458	-54.4341926574707	-1085.29614257812	21.3289413452148	-41.8952445983887	-1087.11450195312	18.6139221191406	-14.1581764221191	-1086.98583984375	11.9631786346436	-5.23317193984985	-1080.42578125	5.04107904434204	-46.6377296447754	-1053.67053222656	2.19107103347778	-22.0196132659912	-1034.40112304688	18.9764137268066	-17.4135627746582	-1024.87646484375	37.9440498352051	-8.77616119384766	-1033.89453125	52.1611137390137	5.90063953399658	-1065.98095703125	40.1646842956543	17.9507427215576	-1065.80017089844	14.2847929000854	-5.56055116653442	-1058.74926757812	33.3271217346191	39.8517227172852	-1060.69152832031	18.2245483398438	42.0270538330078	-1074.37805175781	8.30104064941406	50.3785820007324	-1076.82141113281	6.82853031158447	18.2148418426514	-1070.04553222656	-12.5588693618774	-66.5575942993164	-1083.89721679688	-16.9322090148926	-62.770450592041	-1084.82214355469	-19.9837226867676	-54.6313362121582	-1086.1650390625	-21.0048522949219	-42.5088157653809	-1088.45190429688	-18.5466651916504	-14.8503065109253	-1087.99340820312	-12.8970966339111	-5.78088331222534	-1080.42700195312	-6.62837648391724	-47.3199348449707	-1054.8349609375	-4.5004711151123	-21.3975925445557	-1034.60095214844	-21.4742851257324	-18.1143379211426	-1025.71398925781	-40.1850700378418	-9.90865993499756	-1033.77307128906	-53.8470077514648	5.21861171722412	-1067.32946777344	-40.1094207763672	19.1204509735107	-1067.09887695312	-15.6318273544312	-6.16538572311401	-1058.89025878906	-34.4718437194824	39.7263450622559	-1062.05944824219	-19.9386539459229	42.2987213134766	-1073.56042480469	-7.85205745697021	51.0787048339844	-1077.07934570312	-7.33672332763672	18.0010852813721	-1070.30163574219
HNCC-03-17	-1.14066410064697	-59.915355682373	-1135.72045898438	-1.19147658348083	-52.5937080383301	-1125.59118652344	-1.28332531452179	-43.836669921875	-1103.67846679688	-2.11637592315674	-23.7057723999023	-1079.60852050781	-2.13321781158447	-20.2528533935547	-1074.60095214844	-0.613979458808899	62.1635055541992	-1107.14807128906	-0.570390284061432	45.6311569213867	-1124.77331542969	-0.605981171131134	28.5977745056152	-1128.11010742188	-1.36342322826385	6.02216577529907	-1115.59924316406	-1.37693190574646	-10.0419006347656	-1122.70544433594	-0.941539943218231	-44.2901763916016	-1128.37780761719	9.69454097747803	-54.816951751709	-1133.841796875	11.3558473587036	-52.8031158447266	-1133.76916503906	14.937123298645	-47.2777976989746	-1135.11218261719	17.0532779693604	-37.1147155761719	-1135.85485839844	15.476881980896	-11.1460723876953	-1134.47436523438	9.82150554656982	-5.10087537765503	-1128.85766601562	3.81170797348022	-42.9501800537109	-1107.20068359375	1.29545545578003	-22.6281719207764	-1087.13940429688	14.5375499725342	-18.3094425201416	-1078.37890625	31.1104316711426	-10.3129367828369	-1088.20910644531	41.9632301330566	0.812128126621246	-1116.09814453125	34.3918685913086	12.1538076400757	-1115.61206054688	12.8360395431519	-6.76957750320435	-1108.12280273438	30.3493919372559	31.1836071014404	-1113.39660644531	16.2565288543701	32.3071556091309	-1125.03076171875	6.62207937240601	39.662956237793	-1127.27673339844	6.42229127883911	11.7331876754761	-1119.60827636719	-10.8716897964478	-55.0273246765137	-1134.61108398438	-12.4492130279541	-53.1837463378906	-1134.68347167969	-16.5903644561768	-48.0663795471191	-1135.95153808594	-19.1395835876465	-37.535572052002	-1136.60192871094	-18.4761619567871	-11.626522064209	-1135.39086914062	-12.6692686080933	-5.04409742355347	-1129.10437011719	-6.42192697525024	-42.886058807373	-1106.74230957031	-5.51475477218628	-21.9818820953369	-1087.07482910156	-20.7560577392578	-16.3621959686279	-1078.67468261719	-34.6498374938965	-10.1219701766968	-1088.48608398438	-46.7077980041504	2.59017205238342	-1116.44165039062	-37.3762702941895	13.2571268081665	-1116.47412109375	-15.3551645278931	-5.36088514328003	-1107.72155761719	-31.4039039611816	31.360668182373	-1115.05859375	-18.172643661499	32.9935913085938	-1126.00891113281	-8.0819206237793	39.502571105957	-1128.4873046875	-9.02078723907471	11.6717729568481	-1119.79614257812
HNCC-03-18	-1.37576723098755	-62.0361480712891	-1070.16625976562	-1.07558870315552	-57.3927574157715	-1063.75708007812	-0.737513601779938	-42.3356437683105	-1042.83117675781	-1.75998687744141	-24.1255798339844	-1022.82781982422	-1.88558435440063	-20.2560157775879	-1017.94451904297	-2.37177157402039	61.3287582397461	-1051.90063476562	-2.27764439582825	44.8101081848145	-1071.1005859375	-2.35152649879456	27.6350917816162	-1073.5126953125	-2.39561367034912	3.62223052978516	-1058.57373046875	-2.01897549629211	-12.5211753845215	-1065.30798339844	-0.819383084774017	-45.3567123413086	-1065.96691894531	9.36840152740479	-55.835880279541	-1068.95532226562	11.0318489074707	-54.339469909668	-1069.66796875	14.0467481613159	-49.4626121520996	-1071.68798828125	17.2390155792236	-39.3374290466309	-1074.42980957031	15.1865015029907	-14.3076868057251	-1076.50402832031	9.25284957885742	-8.6173210144043	-1071.94287109375	4.05645895004272	-42.1514205932617	-1046.93347167969	1.46671664714813	-23.2876071929932	-1030.55627441406	15.0289115905762	-18.2301235198975	-1022.23150634766	29.2929706573486	-10.3677434921265	-1031.73620605469	39.5213508605957	0.230229064822197	-1059.4501953125	34.3970260620117	10.9755220413208	-1060.03442382812	11.8568000793457	-8.00885200500488	-1053.77307128906	29.2022552490234	29.4290657043457	-1058.56018066406	15.5200147628784	29.8737201690674	-1070.93920898438	5.99172210693359	37.2016448974609	-1073.97741699219	5.25196695327759	9.33119010925293	-1065.0029296875	-11.2489995956421	-56.2207450866699	-1068.51879882812	-12.6970491409302	-54.5177345275879	-1069.69458007812	-15.7071228027344	-49.7652473449707	-1071.87548828125	-19.8249530792236	-40.1138954162598	-1074.39013671875	-18.8136596679688	-14.8364839553833	-1076.42456054688	-13.1394186019897	-9.0848798751831	-1071.77124023438	-5.5178689956665	-43.1474113464355	-1046.66186523438	-5.143226146698	-22.8525562286377	-1029.94470214844	-19.8145427703857	-18.0793628692627	-1022.66174316406	-32.905200958252	-10.8805513381958	-1032.0908203125	-43.3558769226074	-0.204877510666847	-1058.92785644531	-37.1963653564453	10.7873802185059	-1059.849609375	-16.2581157684326	-8.66803455352783	-1053.15734863281	-33.2411003112793	28.3687744140625	-1059.61572265625	-21.0218105316162	30.4597644805908	-1070.96545410156	-9.92677021026611	37.6975135803223	-1073.53784179688	-9.43945217132568	9.0828857421875	-1064.36682128906
HNCC-03-22	-1.32865858078003	-56.851016998291	-1144.83923339844	-1.53312885761261	-52.0196151733398	-1137.50866699219	-1.69645357131958	-44.6472015380859	-1117.1376953125	-1.86953139305115	-25.2118625640869	-1090.94030761719	-2.06408929824829	-22.3785381317139	-1084.83947753906	-2.01449179649353	64.7485275268555	-1110.51953125	-2.07614374160767	47.5903358459473	-1130.00756835938	-1.87003743648529	32.0988922119141	-1135.35144042969	-1.67234110832214	5.20696115493774	-1122.55725097656	-1.46173059940338	-9.36202049255371	-1133.06457519531	-1.8723771572113	-41.4546813964844	-1139.06567382812	9.53125953674316	-50.8620872497559	-1143.09387207031	11.2216730117798	-49.3960838317871	-1143.00329589844	14.479133605957	-43.0851707458496	-1145.64074707031	17.9768581390381	-31.7388668060303	-1146.36486816406	16.2471580505371	-4.93696212768555	-1143.23522949219	10.022313117981	-0.99400407075882	-1139.97485351562	3.15865993499756	-42.0164947509766	-1119.28137207031	1.00124335289001	-24.0526580810547	-1097.58813476562	15.5563554763794	-19.6674003601074	-1087.88452148438	31.0807609558105	-11.0624933242798	-1098.81372070312	40.3577537536621	4.14532327651978	-1124.24829101562	34.3523902893066	14.2530288696289	-1124.83996582031	11.7623100280762	-4.85882759094238	-1118.52368164062	28.7963275909424	32.0937385559082	-1122.38720703125	15.0201463699341	34.0209045410156	-1133.09619140625	5.61176919937134	40.6580810546875	-1133.87609863281	4.55787467956543	12.1819219589233	-1128.30725097656	-12.743016242981	-51.3757019042969	-1143.53698730469	-13.858738899231	-50.3656349182129	-1143.84155273438	-17.5930099487305	-44.2595710754395	-1145.78894042969	-21.3235931396484	-32.9633522033691	-1146.65747070312	-19.9553775787354	-6.33021450042725	-1143.40856933594	-13.5877313613892	-2.31153917312622	-1139.458984375	-6.37942314147949	-42.8277473449707	-1119.56762695312	-4.84271383285522	-23.2105121612549	-1097.70568847656	-19.6782531738281	-19.4457550048828	-1087.94226074219	-34.8424530029297	-11.0644626617432	-1099.32763671875	-44.7898941040039	4.10119533538818	-1124.66198730469	-38.1788368225098	13.5056867599487	-1124.20446777344	-14.9709920883179	-5.09179973602295	-1118.81420898438	-32.4912490844727	31.8102893829346	-1121.79760742188	-18.730978012085	33.9676208496094	-1132.82214355469	-9.36545562744141	40.549560546875	-1133.69873046875	-8.84792900085449	11.3924922943115	-1128.34680175781
HNCC-04-14	-1.60744118690491	-68.3656539916992	-1068.55249023438	-1.3443808555603	-61.7164649963379	-1059.87438964844	-1.48311948776245	-45.4324798583984	-1036.52001953125	-1.89394152164459	-21.912410736084	-1013.16729736328	-1.8054267168045	-17.8382377624512	-1007.29229736328	-1.1398389339447	74.1407470703125	-1036.10998535156	-1.65943574905396	57.8317031860352	-1061.39111328125	-1.26195096969604	39.6193695068359	-1063.01904296875	-1.55634212493896	11.414059638977	-1049.2900390625	-1.68850255012512	-7.58638906478882	-1057.66198730469	-1.35580766201019	-47.3740844726562	-1062.60754394531	11.8552341461182	-60.9268913269043	-1066.47009277344	13.4193572998047	-58.6274375915527	-1066.63110351562	18.013126373291	-48.8212661743164	-1068.66918945312	20.9384269714355	-36.8406600952148	-1071.75939941406	17.6652126312256	-9.73968696594238	-1071.78149414062	10.6936912536621	-1.92173862457275	-1065.57800292969	4.62145853042603	-44.4949417114258	-1039.56945800781	2.10566782951355	-21.0113925933838	-1021.00817871094	18.6862926483154	-16.0308780670166	-1010.74212646484	35.5530052185059	-8.18567085266113	-1019.44641113281	46.4182167053223	9.65774154663086	-1050.66918945312	37.002197265625	20.0052890777588	-1049.85632324219	15.0027236938477	-2.48501181602478	-1044.20825195312	33.0884437561035	41.2918663024902	-1046.59252929688	17.7916469573975	41.6648063659668	-1058.59716796875	7.70312452316284	51.157054901123	-1064.24304199219	7.18799209594727	20.3632431030273	-1054.11938476562	-15.0575227737427	-60.6040496826172	-1067.57641601562	-16.2400588989258	-58.8311042785645	-1068.07946777344	-20.3110485076904	-49.7886352539062	-1069.74963378906	-22.4897880554199	-37.6428337097168	-1072.81811523438	-19.5656509399414	-9.37469577789307	-1072.81494140625	-13.150707244873	-1.61681747436523	-1066.14575195312	-7.74110412597656	-44.573974609375	-1040.05444335938	-5.60180521011353	-20.3870048522949	-1021.85803222656	-22.9607734680176	-15.3604984283447	-1011.1884765625	-39.206356048584	-8.46130084991455	-1021.07659912109	-49.3989448547363	10.8849868774414	-1052.82067871094	-39.6054458618164	20.6269760131836	-1051.58813476562	-16.9076404571533	-1.37019646167755	-1044.826171875	-35.4638786315918	42.28173828125	-1048.18188476562	-19.918363571167	42.8920021057129	-1061.46765136719	-9.49265193939209	50.9084968566895	-1065.43737792969	-9.58408164978027	20.7789573669434	-1055.40405273438
HNCC-04-15	-1.69725477695465	-66.0923538208008	-1135.47045898438	-1.57183408737183	-59.7105331420898	-1124.61865234375	-1.99736678600311	-47.769962310791	-1104.20532226562	-2.16595029830933	-23.3903636932373	-1079.15734863281	-2.31508374214172	-19.637451171875	-1074.32177734375	-1.1169091463089	62.4865989685059	-1119.4150390625	-1.13340139389038	41.1123695373535	-1133.43835449219	-1.02121472358704	26.406795501709	-1134.45068359375	-1.5464631319046	2.90226864814758	-1119.05297851562	-1.06659781932831	-12.8188943862915	-1127.767578125	-1.72083914279938	-48.8707237243652	-1128.12915039062	9.51477909088135	-62.5265045166016	-1132.81628417969	11.0502672195435	-61.570858001709	-1132.83605957031	14.6243419647217	-57.8038215637207	-1135.96875	18.4458675384521	-45.663745880127	-1137.69909667969	17.3065490722656	-19.2904968261719	-1138.4599609375	10.5000286102295	-7.83935308456421	-1133.93835449219	3.24047160148621	-46.8684425354004	-1107.48059082031	1.5397664308548	-23.5877628326416	-1089.05041503906	15.8470621109009	-18.1964988708496	-1079.88525390625	32.9593658447266	-10.5560035705566	-1089.21411132812	41.1687240600586	-3.38896179199219	-1117.62915039062	34.8142433166504	10.0069189071655	-1120.47521972656	14.1014757156372	-7.03263282775879	-1112.44140625	30.9747924804688	29.590892791748	-1120.56274414062	14.2333507537842	29.46462059021	-1131.94079589844	5.95077085494995	35.0116386413574	-1134.08361816406	5.4529595375061	10.0204191207886	-1124.75341796875	-12.6861543655396	-62.5306701660156	-1133.123046875	-14.2230539321899	-60.8308906555176	-1133.81896972656	-18.1276454925537	-56.0156211853027	-1135.89660644531	-20.9545478820801	-44.7015342712402	-1137.76403808594	-19.871675491333	-18.7102584838867	-1139.88159179688	-12.9199466705322	-7.16073513031006	-1134.54833984375	-7.23791599273682	-47.0086212158203	-1107.21862792969	-5.00935792922974	-23.3709964752197	-1089.23376464844	-20.2597351074219	-17.6642093658447	-1080.41870117188	-36.2027931213379	-9.68403053283691	-1090.67492675781	-44.8967437744141	-1.44895446300507	-1118.60461425781	-38.5407028198242	10.6553010940552	-1122.49560546875	-15.3870944976807	-6.35664319992065	-1112.93493652344	-33.1385650634766	30.2552452087402	-1122.38403320312	-16.536979675293	30.1183414459229	-1132.86743164062	-8.19741725921631	35.1291198730469	-1135.23791503906	-8.96335792541504	10.1532754898071	-1124.47253417969
HNCC-04-60	-1.95319962501526	-68.2798080444336	-1065.18859863281	-1.91764879226685	-62.794059753418	-1059.41564941406	-1.45332527160645	-48.1862831115723	-1039.69946289062	-1.71376156806946	-21.3395557403564	-1018.14093017578	-1.77928578853607	-16.8747520446777	-1012.87786865234	-2.12486219406128	68.1224670410156	-1060.49230957031	-2.18335700035095	46.9552268981934	-1071.09509277344	-1.53590130805969	27.7895450592041	-1071.09387207031	-1.67629742622375	3.37147617340088	-1055.14318847656	-1.66580188274384	-13.888222694397	-1061.67346191406	-1.81771945953369	-49.5104217529297	-1064.1240234375	9.53870487213135	-63.967700958252	-1063.37719726562	11.517599105835	-62.4390525817871	-1064.28442382812	16.7110176086426	-56.0870170593262	-1068.07897949219	19.0829334259033	-45.2056045532227	-1071.12145996094	17.3702068328857	-19.4624824523926	-1073.69848632812	10.9511642456055	-9.9954195022583	-1070.10424804688	4.04347467422485	-45.9493522644043	-1041.83764648438	1.15473866462708	-21.9639587402344	-1024.78356933594	15.8118133544922	-14.84730052948	-1016.13323974609	31.8125972747803	-10.9211473464966	-1027.28430175781	43.5125694274902	-1.40340936183929	-1061.42028808594	35.5226402282715	11.5284862518311	-1059.48327636719	12.3610363006592	-8.59572887420654	-1049.5166015625	32.4985427856445	32.1479148864746	-1059.91589355469	17.3180141448975	31.1252136230469	-1070.04504394531	6.1600284576416	36.7101821899414	-1072.484375	6.11396741867065	10.5204439163208	-1062.4296875	-12.9277782440186	-63.9839973449707	-1064.11206054688	-15.3571949005127	-62.3778686523438	-1064.71533203125	-19.4446563720703	-55.5692558288574	-1068.52770996094	-21.8883438110352	-44.952995300293	-1071.10949707031	-20.4622993469238	-19.2088584899902	-1073.11608886719	-14.1074733734131	-10.2798004150391	-1069.806640625	-7.36509466171265	-45.9633712768555	-1042.21740722656	-5.08637428283691	-21.2541790008545	-1025.11315917969	-19.3354663848877	-14.709939956665	-1016.68927001953	-35.1329193115234	-11.0068349838257	-1027.1103515625	-47.7835578918457	-1.95557820796967	-1060.671875	-39.8991813659668	11.052149772644	-1059.61791992188	-16.3569355010986	-9.10088729858398	-1049.87890625	-35.6406860351562	31.064395904541	-1060.72436523438	-20.47776222229	30.3512744903564	-1071.04125976562	-9.63505744934082	35.8000183105469	-1072.75354003906	-9.53993892669678	10.2056045532227	-1062.82470703125
HNCC-04-85	-0.592083394527435	-65.3749389648438	-1151.41625976562	-0.884919047355652	-60.1930961608887	-1143.59448242188	-0.534871876239777	-50.7887763977051	-1121.46447753906	-0.244491413235664	-22.7231998443604	-1095.91760253906	-0.692046046257019	-17.7789611816406	-1089.55261230469	-2.2846839427948	63.9637336730957	-1129.24255371094	-1.9485809803009	45.8970603942871	-1145.96655273438	-1.42987382411957	29.0627422332764	-1146.546875	-0.499244302511215	4.76841688156128	-1131.59619140625	-0.476459890604019	-14.720513343811	-1139.54907226562	-1.06029272079468	-48.8269882202148	-1144.79565429688	10.4478054046631	-59.4964599609375	-1149.9013671875	12.2828454971313	-57.622730255127	-1150.66833496094	15.5820455551147	-52.1641120910645	-1151.08850097656	19.2611274719238	-41.7373046875	-1152.20080566406	17.6125640869141	-15.7182216644287	-1151.57836914062	11.1652202606201	-7.8916187286377	-1145.65673828125	5.17216634750366	-48.05615234375	-1123.96813964844	2.72530150413513	-23.036434173584	-1103.83728027344	17.197057723999	-16.8664779663086	-1094.27514648438	32.1561851501465	-10.3053560256958	-1104.94482421875	44.3707580566406	1.29180121421814	-1133.73278808594	37.1115837097168	13.1307134628296	-1134.42590332031	14.5610046386719	-7.54892587661743	-1125.55676269531	31.4738883972168	32.3484230041504	-1133.99279785156	16.6693019866943	32.0466270446777	-1145.96899414062	6.48235750198364	38.7229194641113	-1147.65600585938	7.28003692626953	10.9237613677979	-1137.85339355469	-11.9728183746338	-59.8771743774414	-1149.94787597656	-14.046181678772	-57.9393692016602	-1149.7939453125	-17.043981552124	-52.0933837890625	-1150.67810058594	-20.5385208129883	-41.5310287475586	-1151.97705078125	-18.870059967041	-15.5322008132935	-1151.19213867188	-12.9263381958008	-8.25645446777344	-1145.88293457031	-5.79292631149292	-48.7091941833496	-1123.41662597656	-3.45226812362671	-22.4135150909424	-1104.15502929688	-18.0157260894775	-17.6590404510498	-1094.69470214844	-33.4323692321777	-11.1466464996338	-1104.73461914062	-45.6711921691895	-1.41787767410278	-1133.86767578125	-38.764720916748	11.4114332199097	-1133.61767578125	-14.5321950912476	-8.84646415710449	-1126.24755859375	-33.756477355957	30.4846363067627	-1133.24047851562	-19.7591323852539	30.5873069763184	-1144.84448242188	-9.62125492095947	37.7317886352539	-1147.98669433594	-8.81136703491211	9.83077239990234	-1136.73156738281
HNCC-04-89	-2.1010468006134	-64.6790466308594	-1123.07336425781	-2.61251616477966	-56.3049774169922	-1114.88647460938	-1.97241830825806	-43.9034881591797	-1094.80920410156	-0.411347717046738	-16.511604309082	-1074.86840820312	-0.304553329944611	-12.3334541320801	-1070.32116699219	0.61104017496109	61.3193397521973	-1122.50866699219	-0.187591075897217	40.6713943481445	-1133.53820800781	0.259438931941986	19.8899021148682	-1132.53857421875	-0.127899527549744	2.22449159622192	-1113.98376464844	-0.496807903051376	-13.7761812210083	-1120.30187988281	-1.95731437206268	-46.9213104248047	-1118.08410644531	8.33208656311035	-60.6883316040039	-1121.95642089844	10.358941078186	-58.3480186462402	-1122.93103027344	13.347466468811	-54.5222816467285	-1124.29907226562	17.4915409088135	-43.2342834472656	-1127.07141113281	18.1600379943848	-18.7930793762207	-1131.39868164062	12.0909910202026	-9.93744277954102	-1127.55102539062	3.17728281021118	-42.0732727050781	-1097.85632324219	2.20177173614502	-17.9400157928467	-1083.16650390625	16.511474609375	-10.9905462265015	-1075.71166992188	32.8196067810059	-8.71078109741211	-1086.38537597656	44.2267761230469	-0.668414354324341	-1114.5283203125	36.944709777832	9.15649318695068	-1117.37243652344	13.8699464797974	-6.68855619430542	-1108.04125976562	30.1149196624756	25.9331741333008	-1120.48706054688	16.0682563781738	24.1698684692383	-1130.97216796875	8.30552959442139	29.622257232666	-1134.71655273438	6.82519674301147	7.35686731338501	-1120.92102050781	-12.1891193389893	-60.4806976318359	-1122.2646484375	-13.8288373947144	-58.7274551391602	-1123.34765625	-17.1892871856689	-53.962329864502	-1125.56945800781	-20.1762676239014	-43.0278244018555	-1128.33532714844	-19.6459579467773	-18.7772979736328	-1131.27868652344	-12.3769807815552	-9.56309127807617	-1127.63049316406	-7.12420988082886	-40.6478881835938	-1097.1357421875	-3.28597521781921	-17.1126079559326	-1083.55358886719	-17.2701892852783	-10.1214456558228	-1075.47082519531	-33.5826263427734	-8.23606777191162	-1087.30859375	-44.2732009887695	1.80736398696899	-1113.84423828125	-37.458854675293	10.4544334411621	-1116.07788085938	-12.8866500854492	-6.56901454925537	-1107.94067382812	-30.1891632080078	26.347541809082	-1119.39208984375	-17.1464977264404	24.6972541809082	-1130.72973632812	-7.86017036437988	30.0269947052002	-1134.36633300781	-6.7049822807312	7.41256809234619	-1120.119140625
HNCC-05-17	-1.77836084365845	-67.6089401245117	-1070.15698242188	-1.70209610462189	-60.3194847106934	-1061.71765136719	-1.10076653957367	-46.5100555419922	-1037.75988769531	-0.896706163883209	-19.1916522979736	-1014.27581787109	-1.40323555469513	-14.8083477020264	-1009.07788085938	-1.4522852897644	67.9882125854492	-1044.6630859375	-1.79907357692719	49.4389152526855	-1064.92321777344	-1.92555129528046	32.2700729370117	-1068.10913085938	-1.2592601776123	9.32065296173096	-1053.76928710938	-1.61358904838562	-9.13209342956543	-1060.48583984375	-1.58940732479095	-49.1545104980469	-1065.23229980469	10.5018196105957	-62.0327262878418	-1068.19384765625	13.2357196807861	-59.3283081054688	-1069.23840332031	16.1819076538086	-52.0676727294922	-1071.56628417969	18.6351509094238	-39.8797035217285	-1073.47094726562	15.8644418716431	-12.8869791030884	-1074.60083007812	10.3681039810181	-4.12583446502686	-1067.85437011719	4.56880903244019	-43.8463935852051	-1041.57275390625	2.14975571632385	-18.9280891418457	-1021.44989013672	17.8502540588379	-13.0791702270508	-1013.59124755859	35.7520599365234	-5.37776327133179	-1024.76965332031	49.3675994873047	7.71563673019409	-1056.68981933594	37.0099563598633	17.0018558502197	-1056.08337402344	13.9939393997192	-1.71563744544983	-1045.875	33.9317359924316	38.4346122741699	-1054.66540527344	15.313422203064	35.6721839904785	-1064.59033203125	5.49904918670654	43.5841026306152	-1067.70947265625	6.50463962554932	15.8998737335205	-1058.04626464844	-14.103835105896	-62.3626098632812	-1068.3134765625	-17.3472061157227	-59.6585807800293	-1069.9462890625	-19.7936706542969	-51.9292144775391	-1071.86315917969	-22.2772064208984	-40.483039855957	-1073.20788574219	-20.5447216033936	-13.1215991973877	-1074.47302246094	-14.0652952194214	-3.99779748916626	-1067.88427734375	-7.12158632278442	-44.4223251342773	-1041.20043945312	-4.99057292938232	-18.6743717193604	-1022.11126708984	-22.1349811553955	-12.7282886505127	-1014.0400390625	-40.3814086914062	-6.64519214630127	-1026.66186523438	-52.7346992492676	4.94519710540771	-1057.10473632812	-41.8227691650391	16.7489280700684	-1056.36730957031	-16.3453159332275	-2.384197473526	-1046.41247558594	-37.5329742431641	37.6647872924805	-1053.62475585938	-19.6488780975342	36.768928527832	-1064.75134277344	-9.74436473846436	42.6136436462402	-1067.40026855469	-8.70258712768555	15.5286951065063	-1057.81286621094
HNCC-05-23	-1.26401102542877	-61.6509208679199	-1145.580078125	-1.16228330135345	-56.2753944396973	-1137.45300292969	-0.946594536304474	-45.9261093139648	-1116.96691894531	-1.20016431808472	-25.5903301239014	-1091.150390625	-1.35680687427521	-21.675121307373	-1085.04125976562	-2.21019530296326	64.6618728637695	-1121.55322265625	-2.16041541099548	42.6689605712891	-1137.26257324219	-1.31463003158569	26.4560451507568	-1139.39367675781	-1.70910775661469	3.86146545410156	-1125.27612304688	NA	NA	NA	-1.45122289657593	-47.5805702209473	-1139.68322753906	NA	NA	NA	11.3576669692993	-53.4996643066406	-1144.57470703125	13.9632034301758	-48.1710739135742	-1145.85009765625	16.5227756500244	-39.1983222961426	-1147.26306152344	16.5052604675293	-15.1413297653198	-1145.37622070312	10.6482677459717	-5.58156824111938	-1141.19860839844	4.40899181365967	-44.5120468139648	-1118.7763671875	2.04372954368591	-24.3020572662354	-1099.14685058594	16.1644916534424	-21.0930633544922	-1090.7119140625	31.3168525695801	-12.6567869186401	-1101.4755859375	41.9911956787109	0.415724784135818	-1129.40600585938	35.5846977233887	13.9478931427002	-1128.62963867188	11.3378772735596	-6.6108078956604	-1119.82373046875	30.4786643981934	32.0213813781738	-1126.40539550781	14.9901609420776	30.7076187133789	-1137.5078125	5.7868070602417	35.8558692932129	-1140.71447753906	5.88690090179443	8.93441677093506	-1129.97839355469	-11.5339441299438	-57.3666687011719	-1143.83996582031	-13.6347675323486	-54.7884979248047	-1144.21032714844	-17.1686878204346	-48.8271598815918	-1145.17407226562	-20.5176467895508	-39.6645317077637	-1146.10473632812	-19.9792881011963	-15.9494924545288	-1144.84130859375	-14.8326292037964	-7.33149719238281	-1140.62878417969	-6.24090003967285	-45.0532989501953	-1117.98425292969	-4.63699102401733	-24.0076599121094	-1099.11755371094	-18.5651359558105	-21.2439517974854	-1090.70104980469	-34.2186164855957	-13.1538286209106	-1102.10546875	-45.7112998962402	-1.64762675762177	-1129.29321289062	-39.8946304321289	12.2195539474487	-1128.53747558594	-14.9357233047485	-6.1782021522522	-1120.06005859375	-34.4420013427734	30.6485061645508	-1126.74401855469	-18.4278831481934	30.1944007873535	-1137.53210449219	-9.16916751861572	35.9790840148926	-1140.27758789062	-9.20291519165039	8.67240142822266	-1130.18298339844
HNCC-05-43	-2.21203684806824	-69.9171295166016	-1084.82690429688	-1.62467467784882	-63.8232421875	-1075.24450683594	-0.885125577449799	-49.5489044189453	-1051.39770507812	-0.325145602226257	-24.3670177459717	-1025.38098144531	-0.167374864220619	-19.8160095214844	-1019.15106201172	-1.070760846138	68.0019760131836	-1056.24230957031	-0.730760037899017	50.7170600891113	-1071.59777832031	-0.910512328147888	31.7473316192627	-1075.95874023438	-0.702747642993927	5.29945373535156	-1061.82934570312	-0.729074954986572	-12.7415771484375	-1073.53332519531	-1.51975548267365	-51.9833106994629	-1078.93981933594	10.2568473815918	-65.7213592529297	-1083.80871582031	14.3119478225708	-62.3324394226074	-1084.50805664062	17.7296981811523	-53.1193313598633	-1086.4013671875	20.1770687103271	-41.1566505432129	-1087.56115722656	17.8387355804443	-17.0480899810791	-1087.52563476562	11.9744729995728	-6.0331916809082	-1080.79345703125	4.69754934310913	-47.9759788513184	-1054.56225585938	3.1973876953125	-23.5539817810059	-1033.41687011719	17.7450580596924	-18.3908958435059	-1023.400390625	36.962215423584	-10.0636625289917	-1036.0771484375	47.8297920227051	6.01037120819092	-1065.95617675781	40.2050094604492	14.7575359344482	-1065.2998046875	13.4782314300537	-7.27919769287109	-1059.62036132812	32.4988670349121	35.181999206543	-1062.6591796875	14.8887815475464	34.8598098754883	-1073.11242675781	7.91893196105957	41.4141998291016	-1075.24890136719	7.08096885681152	13.7750873565674	-1067.35473632812	-13.8803882598877	-65.0636749267578	-1083.80603027344	-18.0075912475586	-61.9153823852539	-1083.79455566406	-21.1137008666992	-53.4706344604492	-1086.17333984375	-22.5919513702393	-40.5592727661133	-1087.70080566406	-19.6391887664795	-17.5329895019531	-1087.54138183594	-13.7495441436768	-6.21122884750366	-1080.71948242188	-6.83637428283691	-46.6536445617676	-1053.98022460938	-3.7164192199707	-23.6827945709229	-1033.36853027344	-18.7614936828613	-17.8673820495605	-1023.32873535156	-38.4792976379395	-10.5772666931152	-1036.28869628906	-49.786491394043	6.1994891166687	-1066.14282226562	-40.9849433898926	15.1620397567749	-1065.88415527344	-14.7208251953125	-7.21941804885864	-1060.24560546875	-34.1229057312012	36.2709655761719	-1064.05102539062	-19.3964672088623	36.9565811157227	-1073.4677734375	-9.00118541717529	41.9410285949707	-1074.99938964844	-8.96268939971924	14.0457830429077	-1067.61901855469
HNCC-06-23	-1.41573262214661	-77.2673568725586	-1069.53381347656	-1.65215492248535	-69.7542037963867	-1061.90844726562	-1.91091990470886	-51.6672782897949	-1040.33569335938	-1.61535346508026	-16.4571571350098	-1021.4697265625	-1.88140082359314	-10.4556674957275	-1015.85906982422	-0.40564039349556	67.6102828979492	-1071.95373535156	-1.43383848667145	43.3407135009766	-1085.41833496094	-1.05790567398071	26.0421390533447	-1085.70129394531	-1.17308855056763	4.14538526535034	-1065.17517089844	-0.931478977203369	-17.4666690826416	-1068.56359863281	-1.56954526901245	-56.3945159912109	-1066.85217285156	11.4892234802246	-71.0851364135742	-1069.61169433594	13.5914697647095	-69.3316192626953	-1070.34033203125	17.7362594604492	-59.5429191589355	-1074.60546875	20.1835269927979	-49.5396575927734	-1077.16796875	18.0806198120117	-22.1021041870117	-1081.05432128906	11.6391582489014	-13.3568983078003	-1077.10131835938	3.38302302360535	-51.6829223632812	-1044.00183105469	2.08536410331726	-19.0737953186035	-1030.3984375	19.1917572021484	-12.2743196487427	-1022.06597900391	35.903621673584	-5.73815965652466	-1032.91064453125	49.227668762207	1.50616228580475	-1067.75048828125	37.3755416870117	13.5309410095215	-1069.62731933594	15.2894449234009	-8.03382015228271	-1055.68615722656	35.3772392272949	33.2515602111816	-1072.52307128906	16.1363296508789	28.8705978393555	-1082.48168945312	6.82754516601562	35.5745811462402	-1086.787109375	6.85533332824707	8.3597936630249	-1070.63635253906	-14.5458316802979	-71.1090698242188	-1069.3095703125	-16.7151336669922	-69.225944519043	-1070.05139160156	-21.0026969909668	-59.8777236938477	-1074.08935546875	-23.1434860229492	-49.6322937011719	-1077.0986328125	-20.7349452972412	-22.3939189910889	-1081.3115234375	-14.3958530426025	-13.7570457458496	-1077.02111816406	-8.19570350646973	-51.3393745422363	-1044.88146972656	-5.69649696350098	-18.5567855834961	-1030.43981933594	-22.8104648590088	-11.7267084121704	-1021.98651123047	-39.3458976745605	-5.64492416381836	-1033.31188964844	-52.0106201171875	2.4126079082489	-1067.51342773438	-41.1378211975098	12.4950037002563	-1070.19116210938	-18.096170425415	-8.2718505859375	-1055.61828613281	-37.2810325622559	32.6502494812012	-1073.06604003906	-19.0414886474609	28.843433380127	-1082.34753417969	-9.21932220458984	35.8913345336914	-1086.87780761719	-10.0631074905396	9.65315532684326	-1071.09362792969
HNCC-06-35	-2.4450786113739	-58.1969947814941	-1171.15417480469	-3.06467723846436	-52.4320335388184	-1162.63635253906	-2.52290296554565	-42.519100189209	-1141.83654785156	-1.84251534938812	-18.4684085845947	-1118.330078125	-1.81097769737244	-13.7769441604614	-1113.03759765625	-1.79347789287567	63.7414627075195	-1159.28576660156	-1.80404627323151	42.4736061096191	-1169.89611816406	-1.74615287780762	25.9456024169922	-1169.39868164062	-2.34364819526672	5.42864274978638	-1153.33166503906	-2.35470247268677	-10.3204317092896	-1161.88159179688	-3.1033194065094	-43.2512512207031	-1165.44140625	7.82755517959595	-52.2454452514649	-1168.9169921875	9.79136562347412	-49.4284706115723	-1169.21398925781	13.2768039703369	-44.8183670043945	-1171.19738769531	16.9373989105225	-34.4844779968262	-1172.47583007812	14.6862096786499	-11.2394495010376	-1173.09521484375	8.9877758026123	-5.09041357040405	-1168.02368164062	2.41910028457642	-40.3712997436523	-1144.47424316406	1.07414078712463	-18.39453125	-1125.67749023438	15.3557796478271	-11.7024030685425	-1118.607421875	29.874979019165	-6.62506151199341	-1129.701171875	42.2277297973633	3.85728144645691	-1157.419921875	32.6197700500488	12.2666282653809	-1156.64562988281	11.8184785842896	-4.54594087600708	-1149.39916992188	30.0696353912354	32.2865142822266	-1155.951171875	15.6670770645142	30.2890644073486	-1168.55151367188	5.73879432678223	35.6744918823242	-1171.15185546875	5.90726852416992	12.0009450912476	-1159.1845703125	-13.4399471282959	-52.0481910705566	-1169.435546875	-15.3660268783569	-49.3968620300293	-1170.12292480469	-18.5886421203613	-44.7868194580078	-1171.20910644531	-21.5723838806152	-34.0181617736816	-1172.30871582031	-19.6947803497314	-11.1778764724731	-1173.38012695312	-13.9806537628174	-3.9806387424469	-1167.98046875	-7.08913564682007	-40.5760726928711	-1143.57885742188	-5.13973379135132	-18.4173069000244	-1126.81005859375	-17.9159526824951	-10.5206184387207	-1116.97790527344	-34.286693572998	-6.42513704299927	-1128.65124511719	-46.2990570068359	2.96872496604919	-1156.30224609375	-38.1231269836426	12.7669248580933	-1156.10510253906	-15.3264408111572	-3.87991237640381	-1148.70629882812	-33.87451171875	33.2186660766602	-1155.07238769531	-19.7862339019775	30.5951118469238	-1167.55505371094	-9.74030017852783	35.8165054321289	-1170.62487792969	-9.47520923614502	11.4157867431641	-1158.41882324219
HNCC-06-40	-2.30796837806702	-61.7046852111816	-1101.52673339844	-1.99059188365936	-57.8488731384277	-1093.3798828125	-1.71302330493927	-46.2414512634277	-1070.91223144531	-1.63809251785278	-24.8724308013916	-1043.61547851562	-1.5628410577774	-21.078742980957	-1035.4033203125	2.95508527755737	66.6030349731445	-1054.78405761719	2.80985021591187	54.5828170776367	-1080.32775878906	2.62502765655518	37.94970703125	-1086.65783691406	1.2398179769516	10.2188491821289	-1074.60656738281	0.768759071826935	-6.43069076538086	-1084.94372558594	-1.2383736371994	-46.0607299804688	-1095.14697265625	9.37180233001709	-56.388355255127	-1098.82299804688	11.9842309951782	-53.9267120361328	-1098.66906738281	15.8864088058472	-45.950267791748	-1100.59692382812	20.0721111297607	-35.175708770752	-1101.51831054688	19.0605335235596	-9.35834407806396	-1100.24853515625	12.0206365585327	-1.44976389408112	-1091.20837402344	3.06383299827576	-44.297966003418	-1071.96081542969	2.36550092697144	-22.5572052001953	-1051.3017578125	17.5640735626221	-19.9325752258301	-1039.68322753906	34.0173149108887	-10.9568204879761	-1046.28771972656	48.4451713562012	4.92729568481445	-1076.3125	39.0508995056152	18.3233184814453	-1075.25830078125	14.8620824813843	-4.04767465591431	-1071.80322265625	34.33447265625	37.3885078430176	-1070.66650390625	18.6682929992676	40.2795677185059	-1083.34130859375	10.8454036712646	47.6936492919922	-1084.02099609375	8.65998554229736	17.1553573608398	-1078.81384277344	-13.0656042098999	-55.2737426757812	-1099.05334472656	-14.6596069335938	-53.3660049438477	-1099.10327148438	-18.4309406280518	-44.38671875	-1101.529296875	-20.5981273651123	-33.4288558959961	-1102.39428710938	-18.4109477996826	-8.13356590270996	-1100.53979492188	-10.7540082931519	0.00212362711317837	-1091.44067382812	-7.2929859161377	-43.5426712036133	-1072.08850097656	-4.35801887512207	-22.3341178894043	-1051.48229980469	-19.8646926879883	-18.4041862487793	-1041.81079101562	-36.0501747131348	-9.13805770874023	-1049.22192382812	-46.9204750061035	8.42843627929688	-1079.34692382812	-36.3929405212402	21.1131172180176	-1077.46081542969	-12.214771270752	-3.25855684280396	-1072.0224609375	-29.9296264648438	39.4138374328613	-1072.23327636719	-14.6892356872559	41.3952751159668	-1083.57312011719	-5.68949794769287	48.1737861633301	-1085.54760742188	-5.34939002990723	17.8020763397217	-1079.41491699219
HNCC-06-59	-1.16843974590302	-72.3127059936523	-1085.07299804688	-1.75695931911469	-65.4506225585938	-1075.20080566406	-1.03325998783112	-49.757682800293	-1051.73486328125	-0.661274373531342	-24.1925849914551	-1025.580078125	-0.849362552165985	-19.8227138519287	-1019.96838378906	-0.313938707113266	68.5508728027344	-1057.58776855469	-0.324488043785095	47.5422477722168	-1077.51977539062	-0.791630625724792	28.9660663604736	-1078.05139160156	-0.507733047008514	4.75912618637085	-1062.60021972656	-0.977698981761932	-15.0151014328003	-1074.68713378906	-1.45635771751404	-54.2333869934082	-1079.22265625	11.1251945495605	-67.5212631225586	-1082.17297363281	14.4665603637695	-65.1285018920898	-1082.23364257812	18.4430732727051	-56.7385864257812	-1085.53796386719	21.1879558563232	-45.5619049072266	-1087.54736328125	19.1191825866699	-19.7250537872314	-1087.93469238281	10.9850311279297	-8.21895599365234	-1081.12805175781	4.05171203613281	-48.0536270141602	-1054.70849609375	2.48321390151978	-24.8123817443848	-1034.48352050781	17.1241092681885	-20.6503429412842	-1025.54772949219	35.494457244873	-11.6199893951416	-1035.64416503906	48.1813926696777	1.23075926303864	-1067.55163574219	37.700267791748	12.1864404678345	-1065.56384277344	14.4533138275146	-7.27564239501953	-1058.14709472656	34.5911521911621	34.4106330871582	-1063.93395996094	17.8421211242676	33.2082862854004	-1075.38635253906	7.59779596328735	42.0356826782227	-1077.88818359375	7.42521953582764	11.0196743011475	-1068.31970214844	-13.6713075637817	-66.5724105834961	-1082.61047363281	-16.3278026580811	-64.1693572998047	-1083.57385253906	-20.4360580444336	-55.6858444213867	-1086.84973144531	-23.4571685791016	-45.0077743530273	-1088.33862304688	-20.8787059783936	-19.3802452087402	-1089.53466796875	-14.097056388855	-7.85614490509033	-1081.86853027344	-6.51147317886353	-46.4798583984375	-1053.68469238281	-4.94343185424805	-24.1941356658936	-1035.51550292969	-18.3029747009277	-19.033016204834	-1025.75415039062	-37.1821937561035	-10.9570960998535	-1035.37255859375	-51.2397880554199	1.01035189628601	-1067.75219726562	-41.7642784118652	13.3852729797363	-1066.88806152344	-15.6517944335938	-6.86612176895142	-1057.92810058594	-35.904052734375	35.2167663574219	-1064.26745605469	-19.0462169647217	33.8591690063477	-1076.03137207031	-8.57700061798096	41.1788291931152	-1078.69409179688	-9.41459083557129	11.644528388977	-1068.55529785156
HNCC-06-60	-1.89746844768524	-67.5845947265625	-1096.20581054688	-1.59616434574127	-61.5590553283691	-1087.49108886719	-0.533985316753387	-48.3377532958984	-1063.46008300781	-1.39788365364075	-22.2923889160156	-1035.67993164062	-1.48614990711212	-18.1206760406494	-1029.08935546875	-1.82119166851044	70.61865234375	-1061.91613769531	-0.774460971355438	50.012882232666	-1082.74755859375	-1.00779676437378	32.5812568664551	-1086.89770507812	-1.02112090587616	8.75578880310059	-1070.9873046875	-0.77740740776062	-9.1840181350708	-1081.94152832031	-1.35922205448151	-49.6529808044434	-1090.00073242188	10.3938970565796	-61.4308280944824	-1092.64990234375	13.4398527145386	-59.4622573852539	-1094.1376953125	17.5603160858154	-50.6719779968262	-1096.44519042969	20.0245170593262	-39.1827049255371	-1097.30627441406	17.4254627227783	-9.94882106781006	-1096.71643066406	11.3726358413696	-3.37146806716919	-1089.14318847656	4.86108207702637	-47.2091102600098	-1066.52978515625	1.79976046085358	-22.0764427185059	-1043.81176757812	16.9485874176025	-17.7416667938232	-1034.92163085938	34.3368949890137	-10.0743083953857	-1042.52075195312	47.5274353027344	6.00718593597412	-1074.56848144531	38.7534866333008	15.8532915115356	-1074.646484375	13.9856414794922	-4.71423482894897	-1067.61010742188	34.5945434570312	37.4377136230469	-1070.81811523438	17.3739566802979	35.9552841186523	-1082.81921386719	6.590003490448	43.1026077270508	-1085.29211425781	6.72353553771973	14.0192956924438	-1076.72253417969	-14.2857437133789	-61.2134857177734	-1093.07055664062	-17.6192531585693	-59.5223045349121	-1093.724609375	-20.7916011810303	-50.31787109375	-1096.71154785156	-22.8653755187988	-38.0283622741699	-1097.17749023438	-18.8404731750488	-10.7349309921265	-1096.84912109375	-12.1473178863525	-3.55080986022949	-1088.99926757812	-7.04282236099243	-46.9470481872559	-1065.95495605469	-4.95257139205933	-21.1764278411865	-1044.47180175781	-19.8010311126709	-17.3969383239746	-1036.24426269531	-36.5899467468262	-10.6115703582764	-1042.986328125	-49.6101989746094	8.27720928192139	-1076.224609375	-38.7347602844238	15.8239269256592	-1075.60070800781	-15.5417613983154	-4.12671995162964	-1067.76989746094	-37.5611610412598	36.8345565795898	-1073.3359375	-18.42307472229	37.060302734375	-1083.75146484375	-8.72317409515381	43.0994758605957	-1085.46435546875	-8.67480564117432	14.6035461425781	-1076.30798339844
HNCC-86-3Y	-1.41053676605225	-60.5647087097168	-1072.22021484375	-1.5422158241272	-55.9849967956543	-1065.64624023438	-1.01088511943817	-46.1708106994629	-1045.97802734375	-1.08849561214447	-23.3380317687988	-1025.77819824219	-1.18517029285431	-20.3271903991699	-1020.50695800781	-1.5584704875946	61.1698226928711	-1060.78552246094	-1.41586685180664	40.2900314331055	-1076.85363769531	-1.43308854103088	23.95680809021	-1077.65551757812	-1.8926043510437	1.2785392999649	-1061.24560546875	-1.39020872116089	-13.8371276855469	-1066.23046875	-1.71916699409485	-45.8572196960449	-1067.89001464844	8.7957067489624	-54.8161392211914	-1071.18176269531	10.6725625991821	-53.0128898620605	-1071.53894042969	13.4867401123047	-47.62451171875	-1073.26306152344	16.912561416626	-38.510181427002	-1074.79565429688	14.6321077346802	-14.9295616149902	-1075.74096679688	9.77625179290772	-9.55337905883789	-1072.49304199219	4.10978937149048	-44.4687881469727	-1048.48095703125	1.71969795227051	-22.9816665649414	-1033.30297851562	15.029408454895	-19.2525386810303	-1025.95922851562	30.0386753082275	-12.9345760345459	-1034.68920898438	39.9142456054688	-4.16997480392456	-1060.08190917969	32.130931854248	8.98711395263672	-1061.38842773438	12.3315486907959	-8.3622350692749	-1055.54321289062	29.1159019470215	26.9738540649414	-1063.01989746094	15.5776042938232	28.1301441192627	-1073.47863769531	6.67301607131958	34.5234985351562	-1078.12670898438	5.20735692977905	7.81838226318359	-1067.23962402344	-11.3480644226074	-54.4945907592773	-1071.64672851562	-12.8126697540283	-52.8593940734863	-1072.32397460938	-16.0283794403076	-46.978630065918	-1072.8515625	-18.8693695068359	-38.1698188781738	-1075.12854003906	-17.0092639923096	-15.145260810852	-1076.02233886719	-12.1142597198486	-9.13315963745117	-1072.60009765625	-6.19392442703247	-44.730884552002	-1049.06018066406	-3.92787981033325	-22.9078216552734	-1033.70080566406	-18.0223045349121	-18.924201965332	-1025.13220214844	-32.1917419433594	-12.061861038208	-1034.56335449219	-41.9168548583984	-4.46583795547485	-1061.97802734375	-34.0642204284668	9.89267349243164	-1062.833984375	-14.4042272567749	-8.26743984222412	-1055.44494628906	-30.8746376037598	26.2643070220947	-1064.55114746094	-18.9909820556641	28.3032894134521	-1074.69787597656	-9.07361221313477	34.4127235412598	-1078.64916992188	-8.43553733825684	8.0748987197876	-1066.90698242188
PRI-10044	-1.49066472053528	-53.3275566101074	-1031.59924316406	-1.69438421726227	-46.8846015930176	-1021.04498291016	-1.45557689666748	-38.965446472168	-997.649963378906	-0.941612184047699	-17.4051094055176	-974.304443359375	-1.01320922374725	-14.0768156051636	-969.11572265625	0.384091138839722	68.1412582397461	-1001.736328125	-0.259725689888	51.432373046875	-1018.75836181641	-0.167466685175896	33.1576843261719	-1020.11596679688	-1.0898277759552	8.06936359405518	-1005.33709716797	-0.88882714509964	-7.01506948471069	-1017.26159667969	-1.15259277820587	-38.9696998596191	-1022.29949951172	10.4538831710815	-47.740177154541	-1028.52551269531	11.1309995651245	-46.9488677978516	-1028.90747070312	13.8102111816406	-42.0941429138184	-1029.57666015625	17.1418113708496	-31.9127101898193	-1030.80822753906	16.4435329437256	-6.97206592559814	-1028.21081542969	11.3232765197754	-0.629157960414886	-1022.69543457031	2.63308262825012	-38.8318176269531	-1002.01696777344	2.1653561592102	-17.6120910644531	-981.476867675781	14.8704767227173	-12.5281476974487	-973.456359863281	30.6328735351562	-7.7185549736023	-984.419860839844	43.0570297241211	2.92275214195251	-1007.56207275391	36.9804649353027	16.1251640319824	-1009.9501953125	14.6148128509521	-2.75894808769226	-1001.95758056641	31.9881782531738	34.6504135131836	-1007.51953125	16.3404922485352	35.3671531677246	-1019.43572998047	8.33960819244385	41.6928901672363	-1020.86444091797	7.11502170562744	15.6292524337769	-1013.49609375	-13.0838270187378	-47.6168823242188	-1028.21850585938	-13.7010679244995	-46.5587501525879	-1028.65661621094	-16.5088768005371	-41.7333450317383	-1029.35314941406	-20.1539268493652	-31.272928237915	-1030.57202148438	-18.5934505462646	-6.63679122924805	-1028.47375488281	-14.1918153762817	-0.715764284133911	-1023.02087402344	-5.62985372543335	-38.1754989624023	-1002.02545166016	-4.06345415115356	-17.2887115478516	-982.019653320312	-17.0966186523438	-11.2271766662598	-973.987854003906	-32.8644638061523	-6.6460223197937	-985.337219238281	-42.4337959289551	4.92856884002686	-1008.998046875	-38.5728378295898	17.6963977813721	-1010.33233642578	-16.7911014556885	-2.62213826179504	-1002.39154052734	-32.1564598083496	36.657054901123	-1008.92785644531	-17.4909229278564	35.9670944213867	-1020.89636230469	-7.89134120941162	42.2329940795898	-1021.12939453125	-8.77890586853027	15.4750356674194	-1012.5498046875
PRI-10045	-0.645114779472351	-54.1391296386719	-1033.28454589844	-0.758668124675751	-49.6176605224609	-1024.80126953125	-1.54360914230347	-39.043327331543	-1001.35382080078	-1.87624716758728	-15.5182704925537	-977.088012695312	-1.97726356983185	-12.4936952590942	-971.673706054688	0.231668874621391	74.4305572509766	-1007.15734863281	-0.27030274271965	56.8994178771973	-1024.73864746094	-0.48785874247551	37.8406524658203	-1027.78002929688	-0.969985961914062	14.1720724105835	-1011.1572265625	-0.425690680742264	-2.00943350791931	-1022.70458984375	-0.743647277355194	-38.4685821533203	-1026.10546875	11.4965991973877	-48.4403228759766	-1031.35876464844	13.2230920791626	-47.1240310668945	-1031.78674316406	15.859034538269	-39.0055236816406	-1034.13537597656	18.0145778656006	-28.4069843292236	-1035.44982910156	16.4758377075195	-1.71395194530487	-1034.84631347656	11.2234554290771	3.72279787063599	-1027.97619628906	3.33876252174377	-37.6244926452637	-1005.02307128906	1.8469649553299	-15.1803636550903	-984.211486816406	15.3653917312622	-11.4962921142578	-975.499694824219	33.8304443359375	-5.09547233581543	-986.427856445312	47.1262512207031	12.3590955734253	-1014.33862304688	38.6078109741211	21.2020835876465	-1015.13690185547	14.8243026733398	1.32175290584564	-1006.61462402344	33.8233909606934	41.3497772216797	-1013.75396728516	19.4433364868164	42.2293395996094	-1024.96472167969	7.37983274459839	48.4630012512207	-1027.85009765625	7.47953605651855	21.3860015869141	-1018.74438476562	-13.2643489837646	-48.7804069519043	-1031.05529785156	-14.6441717147827	-47.5822410583496	-1031.35205078125	-17.4325065612793	-39.5822257995605	-1034.12658691406	-19.4681453704834	-28.595085144043	-1036.16772460938	-17.4379386901855	-2.22516298294067	-1035.85693359375	-12.5759954452515	3.50483989715576	-1028.98034667969	-6.66234827041626	-37.9792556762695	-1005.58911132812	-5.15982913970947	-15.6192817687988	-984.341552734375	-19.2250175476074	-10.9154739379883	-976.190795898438	-35.9887504577637	-3.85958671569824	-986.798828125	-48.6947441101074	12.6730442047119	-1015.83190917969	-39.8721160888672	23.3651924133301	-1016.54351806641	-16.2486934661865	1.34880781173706	-1006.58233642578	-34.0185394287109	41.965404510498	-1015.212890625	-17.4811229705811	42.5017166137695	-1025.18896484375	-7.10289907455444	49.5143280029297	-1027.19580078125	-8.15143966674805	22.2257747650146	-1019.09399414062
PRI-10076	-1.8265837430954	-59.9815826416016	-1011.16931152344	-1.36130511760712	-54.2344779968262	-1003.48394775391	0.0720173567533493	-44.2685813903809	-980.481018066406	-0.214294940233231	-18.7326984405518	-953.227478027344	-0.118220113217831	-15.9341173171997	-947.702026367188	-1.39408326148987	73.9610595703125	-979.488159179688	-1.51969707012177	55.0450897216797	-1000.48181152344	-0.512994825839996	37.7243766784668	-1003.83404541016	-0.468995839357376	11.8931741714478	-989.482727050781	-0.719118654727936	-4.16077995300293	-1000.07934570312	-1.10912644863129	-41.9780502319336	-1005.06079101562	10.5069961547852	-53.6350021362305	-1008.63977050781	13.2535104751587	-50.8599281311035	-1009.69854736328	16.5688800811768	-43.5195960998535	-1011.82025146484	19.9308815002441	-32.5158233642578	-1013.33856201172	15.8640747070312	-6.27261543273926	-1013.04095458984	11.0513229370117	1.46380746364594	-1006.30413818359	5.43044090270996	-41.9916191101074	-983.668395996094	2.51673603057861	-17.4798316955566	-960.885986328125	17.0561218261719	-13.2386980056763	-951.982116699219	34.3199653625488	-9.05681228637695	-963.3232421875	49.3791160583496	8.98705863952637	-992.468627929688	39.4307289123535	20.7887783050537	-992.339782714844	14.9033985137939	-0.0494983829557896	-983.869445800781	32.0751609802246	41.7268180847168	-989.710144042969	15.6861848831177	40.556884765625	-1001.51739501953	7.31273746490479	48.0618743896484	-1003.48461914062	6.286949634552	19.943338394165	-996.411010742188	-12.9026775360107	-52.9240684509277	-1008.90844726562	-15.9081945419312	-50.040470123291	-1009.76977539062	-18.4661560058594	-43.5165824890137	-1011.35906982422	-22.2091484069824	-32.2065238952637	-1013.11218261719	-17.9896774291992	-6.738600730896	-1012.85998535156	-12.6784572601318	1.43828284740448	-1006.66827392578	-6.18448686599731	-42.4612197875977	-984.677490234375	-3.75286364555359	-17.7257499694824	-961.017211914062	-17.5112495422363	-13.6650228500366	-951.557922363281	-35.1477584838867	-9.19161510467529	-961.568115234375	-51.0646820068359	7.44696950912476	-990.603149414062	-37.9915657043457	20.3449325561523	-991.95361328125	-15.8750038146973	-0.0605851002037525	-983.289916992188	-34.880256652832	40.2480583190918	-988.3818359375	-17.8385562896729	39.612850189209	-1000.94201660156	-8.93379783630371	47.471607208252	-1003.70544433594	-8.54158878326416	19.2485790252686	-995.371826171875
PRI-10095	-2.81281280517578	-55.154598236084	-1006.16723632812	-2.64325380325317	-50.2428359985352	-999.362731933594	-2.31929159164429	-38.512149810791	-977.130432128906	-1.88538420200348	-16.765323638916	-951.814819335938	-1.70235407352448	-13.0559434890747	-945.544311523438	-2.16691064834595	71.7484970092773	-977.302551269531	-1.95014071464539	54.4336395263672	-995.975891113281	-1.73244893550873	37.9367179870605	-998.367736816406	-1.88952100276947	11.9971599578857	-984.841918945312	-2.09551119804382	-4.40140199661255	-996.043090820312	-2.6287157535553	-38.4804573059082	-1002.5634765625	9.19670391082764	-50.5517272949219	-1005.47497558594	10.0962963104248	-49.723690032959	-1006.15032958984	14.7362594604492	-40.5180587768555	-1008.77130126953	17.8161468505859	-29.983118057251	-1009.50988769531	14.1329727172852	-3.89109492301941	-1008.81079101562	9.5869779586792	2.50106000900269	-1001.54370117188	2.46234369277954	-36.7871742248535	-980.381896972656	0.892397403717041	-16.0024185180664	-959.32666015625	15.0859069824219	-11.0985708236694	-948.247375488281	31.4488716125488	-6.03897333145142	-960.102844238281	46.4050369262695	10.0797910690308	-986.345947265625	37.6410064697266	21.210693359375	-987.733215332031	13.4167957305908	0.90058434009552	-979.646667480469	31.0180816650391	40.7955856323242	-983.932678222656	15.2668828964233	41.2175064086914	-995.641296386719	5.99982595443726	47.1851272583008	-998.49853515625	5.75768899917603	20.2349910736084	-991.567260742188	-14.5492000579834	-50.6796989440918	-1005.78179931641	-15.355110168457	-50.3337669372559	-1006.05682373047	-19.349048614502	-40.9838943481445	-1008.982421875	-22.1352462768555	-30.1619510650635	-1010.12341308594	-18.4820957183838	-4.2473578453064	-1009.08349609375	-14.0794544219971	2.70891952514648	-1001.86724853516	-7.15211486816406	-36.5072135925293	-979.918212890625	-5.07308483123779	-15.6502637863159	-959.046630859375	-18.5933322906494	-11.1525096893311	-948.628540039062	-35.8988265991211	-6.37268972396851	-960.347717285156	-51.1714096069336	9.78795146942139	-987.079406738281	-43.0209617614746	21.6115913391113	-988.619873046875	-17.4954738616943	0.683091163635254	-978.872192382812	-35.7825927734375	40.1461448669434	-985.571899414062	-19.7772693634033	41.6872978210449	-995.887390136719	-10.1659688949585	46.6615295410156	-998.087158203125	-9.72966289520264	20.5472087860107	-991.000427246094
PRI-10110	-0.16976261138916	-48.2854270935059	-989.027893066406	-0.140859633684158	-44.5747985839844	-984.423706054688	-0.728912234306335	-35.8539352416992	-964.717834472656	-2.09237313270569	-13.8276357650757	-944.530029296875	-2.20480561256409	-10.7769994735718	-939.47607421875	-2.94845962524414	62.8649978637695	-974.203735351562	-3.342857837677	46.8421058654785	-988.691528320312	-3.04133367538452	30.1639194488525	-989.936706542969	-2.21515941619873	8.20810604095459	-976.811645507812	-1.5328494310379	-7.31306982040405	-984.723449707031	-0.645498275756836	-35.8581771850586	-987.080017089844	10.1666736602783	-43.742733001709	-989.377197265625	11.0408248901367	-43.2684288024902	-989.506652832031	13.8446378707886	-38.232234954834	-992.448547363281	16.1266937255859	-29.2060585021973	-994.320922851562	13.5660610198975	-5.71811008453369	-993.716552734375	9.61870002746582	-0.97906082868576	-989.600830078125	3.95206880569458	-34.0615997314453	-967.821716308594	0.456089854240417	-12.7212915420532	-950.8232421875	13.8027906417847	-8.11255168914795	-942.103088378906	28.3456840515137	-5.121009349823	-954.99609375	41.1072654724121	6.15417337417603	-978.679748535156	33.4736061096191	16.0435466766357	-979.273193359375	11.2659931182861	0.335243105888367	-970.278076171875	26.5986499786377	33.230224609375	-979.615112304688	13.5818176269531	32.7581443786621	-988.897155761719	3.92087602615356	37.9567604064941	-991.529357910156	3.89236927032471	13.8312330245972	-981.84326171875	-10.7459449768066	-43.8586845397949	-990.06884765625	-11.161322593689	-43.2163124084473	-990.648864746094	-14.0479364395142	-39.316089630127	-993.057006835938	-17.6706027984619	-29.4624557495117	-994.954284667969	-16.6303653717041	-6.61219024658203	-994.536010742188	-12.3916645050049	-1.52888369560242	-989.731140136719	-4.85953426361084	-34.546760559082	-967.431884765625	-4.50984191894531	-14.6266975402832	-951.550415039062	-18.1577949523926	-7.75002384185791	-942.54541015625	-32.5285224914551	-5.82461023330688	-956.306213378906	-44.9528884887695	3.81090807914734	-981.073669433594	-37.9636650085449	14.7498445510864	-980.541015625	-15.713547706604	-0.854085326194763	-971.518798828125	-31.6771430969238	30.670862197876	-980.499450683594	-18.7981986999512	32.9007911682129	-989.02783203125	-10.8925428390503	37.7329139709473	-991.601623535156	-8.68964672088623	13.7227945327759	-982.045532226562
PRI-10126	-0.96180248260498	-50.0305824279785	-1000.36212158203	-1.1145304441452	-45.9157752990723	-992.467529296875	-1.07514607906342	-37.24169921875	-970.629821777344	-0.848245739936829	-15.2076015472412	-947.391906738281	-0.814413487911224	-12.3619775772095	-941.738525390625	-3.68019866943359	65.5213851928711	-973.817626953125	-1.98753380775452	50.7569198608398	-992.583190917969	-1.91494035720825	34.703971862793	-995.135437011719	-1.39909899234772	11.0814418792725	-982.066650390625	-1.339879155159	-3.86039710044861	-988.962646484375	-1.34240019321442	-35.9137420654297	-992.97705078125	10.3472003936768	-43.6005249023438	-999.236938476562	12.2304220199585	-42.6672630310059	-999.649108886719	14.2445020675659	-38.1540832519531	-1002.19427490234	16.7745609283447	-27.0298824310303	-1003.04418945312	14.3663139343262	-2.17005515098572	-1002.27087402344	9.88332462310791	3.49027132987976	-995.915588378906	2.96102499961853	-34.6787261962891	-973.278015136719	1.92798018455505	-13.8661050796509	-954.666198730469	14.6523494720459	-10.2052450180054	-945.294677734375	29.7165184020996	-3.95603561401367	-955.73486328125	39.9657287597656	11.202052116394	-981.310852050781	33.8973197937012	21.3270988464355	-982.912353515625	13.3595399856567	1.98237919807434	-975.700317382812	27.2268505096436	37.7945365905762	-982.245361328125	15.159987449646	38.4650001525879	-993.984497070312	5.18530559539795	44.7422332763672	-995.993591308594	4.91330814361572	18.0994815826416	-988.535949707031	-12.343204498291	-45.0657806396484	-998.17236328125	-13.8551111221313	-43.7876129150391	-998.567077636719	-17.0502548217773	-38.493766784668	-1001.07934570312	-19.3851318359375	-28.1305351257324	-1002.40026855469	-18.1885509490967	-3.40312933921814	-1002.17590332031	-13.012882232666	3.04757189750671	-995.72216796875	-5.18856906890869	-35.8662872314453	-973.768188476562	-4.14679861068726	-13.9261569976807	-954.638488769531	-16.2817344665527	-10.9373693466187	-945.4453125	-32.5139198303223	-5.92757511138916	-955.603637695312	-43.9219703674316	10.0012474060059	-981.713684082031	-36.6782455444336	18.8841800689697	-983.596984863281	-16.3046836853027	2.02869272232056	-975.272705078125	-31.9396438598633	35.082878112793	-982.596130371094	-19.138090133667	37.8187561035156	-994.130004882812	-10.3558168411255	44.6436424255371	-996.029724121094	-7.78482484817505	15.9373731613159	-987.1005859375
PRI-10227	1.58225250244141	-51.0889320373535	-1241.98046875	0.383914589881897	-49.8334503173828	-1235.51391601562	-1.73233604431152	-43.4764289855957	-1215.76965332031	-4.9929027557373	-28.2896327972412	-1193.5	-5.48170375823975	-26.4467220306396	-1188.52770996094	NA	NA	NA	-4.65873861312866	40.1057662963867	-1226.1611328125	-3.52773237228394	24.8653564453125	-1230.53857421875	-4.12753009796143	1.18258357048035	-1220.21228027344	-2.06747531890869	-10.4640502929688	-1230.17919921875	-0.0742432251572609	-39.5950050354004	-1235.28527832031	10.0955867767334	-46.0485610961914	-1237.41491699219	10.6399717330933	-45.3166770935059	-1237.38293457031	13.4775390625	-40.2837409973145	-1237.94592285156	15.9417810440063	-30.9341583251953	-1238.39587402344	13.0579442977905	-7.95990753173828	-1234.59399414062	9.10166072845459	-4.82170820236206	-1233.0400390625	3.5294303894043	-40.9283561706543	-1218.408203125	-1.65697777271271	-26.1578521728516	-1199.43493652344	10.8677921295166	-22.0870895385742	-1188.94079589844	25.8908214569092	-15.3914356231689	-1199.37438964844	34.640453338623	0.961888611316681	-1220.087890625	26.4698848724365	9.68640422821045	-1218.36743164062	9.79540920257568	-6.64463710784912	-1215.4248046875	23.1947708129883	25.7840766906738	-1214.96459960938	11.4899301528931	25.7363376617432	-1227.0009765625	2.12946128845215	33.804027557373	-1228.98889160156	2.64049959182739	6.97321796417236	-1223.64001464844	-7.90781259536743	-47.2703514099121	-1240.2861328125	-8.92045021057129	-46.3884735107422	-1240.45666503906	-11.4908599853516	-41.4717292785645	-1241.84069824219	-15.4371147155762	-33.4371604919434	-1242.23413085938	-16.1364288330078	-10.4159269332886	-1238.23217773438	-12.7980575561523	-5.74689674377441	-1235.46630859375	-6.56128072738647	-41.9463844299316	-1218.830078125	-7.58564472198486	-26.8775119781494	-1200.26306152344	-20.8190364837646	-23.6764812469482	-1192.20263671875	-35.5511054992676	-18.077449798584	-1206.28845214844	-41.0127296447754	-1.95986819267273	-1228.79089355469	-34.0115966796875	8.28094387054443	-1225.25622558594	-16.3361339569092	-7.4042854309082	-1218.06652832031	-32.9497146606445	23.4424457550049	-1221.84216308594	-19.2517604827881	25.134183883667	-1230.68139648438	-10.8183441162109	33.5074424743652	-1230.45764160156	-9.93583011627197	6.60713624954224	-1224.64514160156
PRI-10228	0.136880740523338	-51.3641014099121	-1000.59637451172	-0.364098697900772	-47.8971061706543	-992.943969726562	-1.2228821516037	-36.6821594238281	-972.451599121094	-3.03246736526489	-15.4307308197021	-948.903869628906	-3.30820679664612	-12.2810134887695	-943.783020019531	-3.88121938705444	68.710693359375	-975.1865234375	-2.46812915802002	51.5526123046875	-993.820190429688	-2.47139310836792	34.8832168579102	-995.830017089844	-2.3403742313385	11.7566833496094	-982.631958007812	-1.58006632328033	-4.49844312667847	-990.617980957031	-0.419070839881897	-37.2877616882324	-994.431091308594	9.58559894561768	-46.3519401550293	-999.530883789062	11.8438262939453	-44.3403511047363	-999.246887207031	15.1316194534302	-38.9340133666992	-999.904968261719	18.5006217956543	-28.6812286376953	-1000.85717773438	15.7386713027954	-4.60043573379517	-1000.66979980469	9.95930480957031	2.08118891716003	-996.565307617188	3.16827750205994	-36.0737266540527	-974.468505859375	0.256868153810501	-15.1403160095215	-956.7421875	13.0485572814941	-8.90480136871338	-946.589965820312	27.5190773010254	-4.52045965194702	-955.766296386719	43.1277618408203	8.88927936553955	-982.557250976562	34.2406234741211	21.0061683654785	-984.155029296875	12.9942626953125	1.57707369327545	-976.854614257812	27.2776412963867	39.3076629638672	-982.209289550781	13.3729429244995	38.4223976135254	-994.138732910156	5.0915379524231	43.6065521240234	-996.153747558594	3.90190386772156	17.7587394714355	-988.242004394531	-9.84949398040772	-47.0894813537598	-1000.09405517578	-12.4402179718018	-44.7511940002441	-1000.38427734375	-16.1188411712646	-39.7346420288086	-1001.56262207031	-20.0662612915039	-29.7560653686523	-1002.37310791016	-18.0184574127197	-5.44059181213379	-1002.0458984375	-13.2551794052124	1.68216907978058	-997.372314453125	-6.10051202774048	-35.9693565368652	-976.191650390625	-6.13062906265259	-15.3070878982544	-956.79833984375	-20.1955280303955	-8.81580257415771	-948.228271484375	-33.4976806640625	-4.5101113319397	-958.575134277344	-46.9565277099609	6.85221862792969	-986.650085449219	-38.6360130310059	18.3291110992432	-986.793823242188	-16.316478729248	1.79820239543915	-977.205688476562	-32.7726745605469	37.2505874633789	-985.443054199219	-18.513298034668	38.1854705810547	-995.297058105469	-9.78090858459473	44.2111968994141	-996.891296386719	-9.41457462310791	17.8946056365967	-988.369567871094
PRI-10377	110.274124145508	-56.2444114685059	-852.484558105469	110.077476501465	-51.4042778015137	-858.456848144531	109.704109191895	-43.8792610168457	-874.091674804688	110.679756164551	-24.3409690856934	-895.518249511719	110.690483093262	-21.5376625061035	-899.723449707031	115.440238952637	51.1712265014648	-867.391357421875	114.255912780762	33.6949462890625	-853.511291503906	113.679534912109	17.4263458251953	-851.83984375	112.103988647461	-3.58745813369751	-867.085266113281	111.968475341797	-15.4174709320068	-857.391906738281	110.416023254395	-43.9585914611816	-855.749267578125	101.154365539551	-51.5634613037109	-852.290405273438	99.877326965332	-50.8054122924805	-851.883422851562	97.0152206420898	-46.7813339233398	-850.487243652344	94.3916625976562	-37.2009468078613	-848.274597167969	98.0120086669922	-13.949122428894	-849.563720703125	102.064743041992	-10.9951009750366	-853.264099121094	105.323837280273	-42.2669067382812	-871.500671386719	108.333076477051	-23.9002361297607	-888.938415527344	97.5839309692383	-17.7734832763672	-899.099609375	83.4162292480469	-13.2304134368896	-888.0615234375	73.6904296875	-1.39028573036194	-863.521484375	79.3878173828125	6.56196594238281	-863.093444824219	98.8296737670898	-11.0364427566528	-870.538146972656	86.5425491333008	22.4811134338379	-863.913452148438	98.9087142944336	20.6751365661621	-854.116027832031	106.83618927002	26.3748607635498	-851.407287597656	106.510047912598	3.45219945907593	-862.066772460938	119.297973632812	-52.3709259033203	-852.877197265625	120.714485168457	-51.6876792907715	-852.933715820312	123.46395111084	-47.8169784545898	-850.620422363281	127.680198669434	-38.2529716491699	-848.921081542969	126.401100158691	-15.08558177948	-849.836791992188	122.514373779297	-11.540961265564	-853.213317871094	114.522636413574	-42.6007080078125	-871.43603515625	113.089691162109	-23.8586444854736	-888.626770019531	124.061531066895	-18.5041790008545	-899.219970703125	138.580413818359	-15.4784927368164	-889.326538085938	151.412750244141	-3.40891361236572	-865.137023925781	145.295928955078	4.23882627487183	-863.752868652344	125.057830810547	-11.221396446228	-870.928771972656	139.883255004883	19.4992580413818	-864.176940917969	127.06379699707	20.5838241577148	-854.369323730469	121.146781921387	25.3680305480957	-851.613708496094	119.065757751465	4.19091606140137	-861.271057128906
PRI-10635	-1.19321417808533	-48.5510215759277	-999.720520019531	-1.27280020713806	-44.4550399780273	-990.984924316406	-0.508199036121368	-34.7752494812012	-971.128540039062	0.199687093496323	-17.2401866912842	-949.1259765625	0.574456632137299	-14.0175533294678	-942.954223632812	-0.0984252840280533	69.3402099609375	-976.649108886719	-0.565994322299957	50.6143226623535	-994.037719726562	-0.230571553111076	34.6002464294434	-996.478881835938	-0.18168006837368	11.5052604675293	-981.185363769531	-0.77587103843689	-1.97445642948151	-988.894714355469	-1.09758484363556	-33.6324234008789	-993.418273925781	9.32448673248291	-42.8474426269531	-998.218872070312	11.5107297897339	-40.5209655761719	-999.170532226562	13.9376268386841	-35.6470947265625	-1001.26574707031	16.4037704467773	-25.2109470367432	-1002.50885009766	14.810359954834	-0.703467786312103	-1000.33038330078	10.9345254898071	2.92461013793945	-995.955383300781	4.14556074142456	-33.2447700500488	-974.500183105469	2.67481660842896	-15.9039993286133	-955.477233886719	18.1478328704834	-12.8271293640137	-947.691345214844	32.4257392883301	-5.331618309021	-958.827453613281	42.9364776611328	7.59313249588013	-984.60595703125	34.8607139587402	20.6337337493896	-985.512756347656	14.9752388000488	0.829494178295135	-975.90771484375	30.7010669708252	36.8509521484375	-983.194885253906	17.2055339813232	38.7948989868164	-993.854553222656	7.11361122131348	45.1035118103027	-996.677917480469	6.70475053787231	18.9119300842285	-987.922546386719	-11.9904670715332	-43.098316192627	-997.135986328125	-13.9205312728882	-41.2288627624512	-997.783325195312	-17.3876209259033	-35.9447746276855	-999.839721679688	-20.2495269775391	-25.4807434082031	-1000.69366455078	-17.4712963104248	-0.658347487449646	-998.897033691406	-13.4092636108398	2.60687732696533	-995.090942382812	-5.55780267715454	-33.2744789123535	-974.385070800781	-2.57166981697083	-15.6657867431641	-955.031005859375	-17.0696849822998	-12.3782501220703	-946.148559570312	-32.6684989929199	-5.17247009277344	-957.375732421875	-44.0142631530762	7.42965364456177	-980.216369628906	-35.2950859069824	20.9205150604248	-981.990661621094	-14.927734375	1.43170380592346	-975.138061523438	-30.8257713317871	36.7465515136719	-980.954162597656	-17.4641208648682	38.7705001831055	-992.421569824219	-7.79854249954224	45.1775665283203	-996.422546386719	-7.92477607727051	18.7513942718506	-986.827331542969
PRI-10651	-1.80332577228546	-56.7012596130371	-1000.26116943359	-1.81537795066833	-51.2593154907227	-991.480041503906	-1.93830215930939	-44.5574913024902	-970.770446777344	-2.25446677207947	-20.9361934661865	-948.245178222656	-2.22445964813232	-17.3519649505615	-942.987854003906	-1.93270015716553	60.062614440918	-983.112609863281	-2.50833177566528	39.0066871643066	-995.083129882812	-1.58376002311707	23.3027019500732	-994.064025878906	-2.03255248069763	3.28197288513184	-981.902893066406	-1.78813874721527	-11.7398319244385	-990.377685546875	-1.65976631641388	-44.282844543457	-995.281921386719	9.05155277252197	-51.3081016540527	-999.14599609375	10.0629768371582	-50.4006462097168	-999.670715332031	13.2729482650757	-46.0727272033691	-1001.00109863281	16.6304092407227	-35.8206748962402	-1002.78424072266	13.5321044921875	-11.3364992141724	-1002.06042480469	9.18483924865723	-7.10219478607178	-997.070007324219	2.94805645942688	-42.5363121032715	-974.13037109375	0.282528162002563	-21.4112930297852	-955.476684570312	14.0698862075806	-16.029109954834	-946.844909667969	27.5311679840088	-11.9494733810425	-956.723266601562	39.2663040161133	0.00488062761723995	-980.92919921875	32.7223815917969	8.87787914276123	-983.683349609375	12.4362716674805	-5.97946643829346	-976.6484375	28.8666763305664	27.4689331054688	-984.43701171875	13.71741771698	25.5404758453369	-994.708618164062	5.48478126525879	31.7653846740723	-995.882507324219	4.14359569549561	7.46103286743164	-987.360778808594	-12.3410758972168	-51.2387161254883	-999.139343261719	-13.1511545181274	-50.470401763916	-999.758911132812	-15.9082374572754	-46.1599235534668	-1001.71411132812	-19.6281185150146	-36.0717582702637	-1003.46575927734	-17.4987545013428	-11.9583578109741	-1002.40197753906	-13.0968351364136	-7.20080327987671	-996.418334960938	-6.52048015594482	-42.8313293457031	-974.017883300781	-5.08826541900635	-21.1078109741211	-955.137145996094	-18.8399524688721	-16.3303413391113	-946.419555664062	-32.6951637268066	-13.5869989395142	-957.798645019531	-44.4911231994629	-0.509455025196075	-982	-38.345645904541	9.18516159057617	-984.4052734375	-17.2143173217773	-7.27770471572876	-975.762512207031	-32.3282051086426	26.1385269165039	-984.221618652344	-17.1618518829346	26.0584888458252	-994.6923828125	-8.7808837890625	32.3735008239746	-995.949279785156	-8.38718700408936	7.26501417160034	-987.25634765625
PRI-10652	-0.0180952195078135	-54.2349090576172	-997.253723144531	-0.453365623950958	-49.0629463195801	-989.439575195312	-1.99340152740479	-40.0682182312012	-970.541076660156	-3.62151765823364	-16.8117694854736	-948.333740234375	-3.917813539505	-13.7038536071777	-944.147766113281	-3.716548204422	66.2028732299805	-984.198913574219	-3.16069531440735	45.8773193359375	-996.361450195312	-2.31482553482056	29.0662899017334	-996.565063476562	-2.15078210830688	6.23366212844849	-982.017639160156	-2.02003598213196	-8.91065406799316	-990.783020019531	-1.076451420784	-39.9953536987305	-992.58203125	10.1955699920654	-48.0049629211426	-996.354736328125	11.2779035568237	-46.7584953308105	-997.207275390625	14.5640554428101	-42.292610168457	-998.868347167969	17.6267261505127	-31.6759452819824	-999.962646484375	14.759711265564	-6.37545919418335	-1000.13287353516	10.4952621459961	-1.77211129665375	-996.409423828125	2.15943360328674	-38.248420715332	-973.200500488281	-0.688097238540649	-16.9148941040039	-955.1279296875	14.0769691467285	-11.4227142333984	-946.932434082031	29.355281829834	-6.33635234832764	-958.294921875	41.8045501708984	9.73716831207275	-982.952331542969	33.3880882263184	16.4221839904785	-983.174987792969	11.6704139709473	-0.306666851043701	-974.789245605469	26.2828102111816	34.1687507629395	-983.869445800781	14.1142444610596	32.9557685852051	-995.129577636719	4.67558145523071	38.1421127319336	-997.507934570312	4.538330078125	13.4126234054565	-988.380432128906	-10.8739519119263	-48.5112762451172	-997.250183105469	-12.2018756866455	-47.2911262512207	-997.918579101562	-15.2957944869995	-42.7918357849121	-1000.16625976562	-19.055685043335	-32.4337272644043	-1001.61859130859	-17.8565731048584	-6.99199914932251	-1002.14178466797	-13.7395000457764	-2.42465376853943	-997.862854003906	-5.73822355270386	-38.8638191223145	-973.303955078125	-6.33372688293457	-16.9207000732422	-955.347900390625	-20.105318069458	-12.2282657623291	-948.922729492188	-36.0045547485352	-8.66918563842773	-962.602172851562	-46.5993804931641	8.52870464324951	-988.198547363281	-39.3119087219238	14.970664024353	-987.804992675781	-16.5934448242188	-2.43578004837036	-976.885192871094	-32.8436241149902	32.2751884460449	-987.146240234375	-18.5113468170166	31.6021461486816	-996.321228027344	-10.4130849838257	37.7393074035645	-998.09423828125	-9.61531925201416	13.0996856689453	-988.409484863281
PRI-10653	-2.35767507553101	-49.7130661010742	-997.735717773438	-2.08307600021362	-44.8249206542969	-990.319458007812	-2.09223556518555	-36.6797065734863	-968.621765136719	-2.31932926177979	-12.4355792999268	-945.307861328125	-2.27906560897827	-8.54870796203613	-939.814147949219	-3.22932600975037	72.1148223876953	-980.959289550781	-3.12841987609863	51.9220314025879	-991.4130859375	-3.22339630126953	34.0531578063965	-993.100280761719	-2.46221470832825	11.0764036178589	-978.300354003906	-2.50658082962036	-5.07125616073608	-987.290222167969	-1.9841548204422	-35.3080062866211	-991.992370605469	8.7577657699585	-44.0876350402832	-996.3857421875	9.23422622680664	-43.8759117126465	-996.391784667969	12.1592674255371	-39.3467788696289	-998.440612792969	15.6019258499146	-29.4203586578369	-1000.08319091797	13.5941457748413	-3.65017127990723	-998.061706542969	9.59401035308838	0.199342519044876	-993.307800292969	2.2519736289978	-35.1457862854004	-972.224426269531	0.165432900190353	-12.1027336120605	-952.769165039062	13.8257818222046	-6.6294436454773	-943.560546875	29.6894340515137	-3.43409156799316	-957.6787109375	40.9253921508789	8.01170825958252	-982.148986816406	33.531063079834	19.4688606262207	-983.327941894531	11.2558717727661	2.07277178764343	-974.189636230469	29.0600738525391	37.4851837158203	-981.867614746094	14.3219385147095	35.826717376709	-991.734313964844	4.76419878005981	42.9986686706543	-994.117614746094	5.22619867324829	16.589563369751	-985.313232421875	-12.8503742218018	-43.8348655700684	-994.907958984375	-12.8294448852539	-43.1602592468262	-995.676147460938	-16.9612941741943	-38.5163154602051	-998.244445800781	-20.4024620056152	-28.0477905273438	-999.862426757812	-17.9112586975098	-2.60609936714172	-997.9228515625	-14.7733135223389	1.21088445186615	-993.71142578125	-6.5008053779602	-34.948802947998	-972.869567871094	-4.86041593551636	-12.2514715194702	-951.069152832031	-17.9104328155518	-6.31163692474365	-942.99365234375	-33.8172988891602	-3.17572784423828	-955.141357421875	-46.0352020263672	9.61892509460449	-982.206848144531	-39.2545700073242	19.4249019622803	-983.708435058594	-17.3056468963623	1.39506638050079	-973.470581054688	-34.4482307434082	37.6292190551758	-982.660888671875	-20.053539276123	36.5517425537109	-992.022644042969	-10.3836936950684	43.6006851196289	-993.882019042969	-10.3330554962158	17.622917175293	-985.073181152344
PRI-10658	-1.53435230255127	-51.9732856750488	-1020.69458007812	-1.89733529090881	-48.7925682067871	-1012.69677734375	-2.27116656303406	-41.4834671020508	-991.970947265625	-3.38121008872986	-22.9840755462646	-971.517211914062	-3.46247720718384	-20.7317066192627	-966.452697753906	-2.65549540519714	60.5896339416504	-993.431030273438	-2.87217378616333	43.447826385498	-1010.16864013672	-2.26513743400574	26.5824413299561	-1012.42999267578	-2.83093309402466	4.38166236877441	-1001.00177001953	-2.22058606147766	-9.93483257293701	-1009.87951660156	-2.02769207954407	-38.6723175048828	-1014.26977539062	9.06891250610352	-46.0935211181641	-1018.44696044922	9.87648010253906	-44.9314346313477	-1018.994140625	12.1727247238159	-40.4330596923828	-1020.11370849609	15.595947265625	-31.2770175933838	-1021.33984375	12.6229944229126	-7.35813760757446	-1019.03649902344	9.17975616455078	-4.16415882110596	-1015.22314453125	2.00617241859436	-40.000659942627	-995.677001953125	-0.208072304725647	-21.9874076843262	-977.584838867188	12.3554010391235	-17.0075187683105	-967.182556152344	27.2522659301758	-10.6213216781616	-978.991455078125	38.1495513916016	3.51708745956421	-1002.74914550781	31.788215637207	12.8805208206177	-1000.66412353516	11.8815727233887	-5.5844464302063	-995.2861328125	25.8492107391357	30.7503662109375	-999.810119628906	13.8365612030029	29.398063659668	-1011.69525146484	4.75869655609131	36.3736228942871	-1013.34765625	3.7387375831604	10.3293495178223	-1006.03466796875	-11.9881715774536	-46.347972869873	-1019.33557128906	-12.7474393844604	-45.7261772155762	-1019.59588623047	-15.924409866333	-41.4211921691895	-1020.16400146484	-19.0659084320068	-31.5066223144531	-1020.56109619141	-16.9938926696777	-8.76753425598145	-1018.82745361328	-13.2837009429932	-4.52873945236206	-1015.14379882812	-6.26050806045532	-39.9984436035156	-996.469055175781	-5.99268579483032	-21.8180332183838	-977.438293457031	-21.0405426025391	-17.4189872741699	-968.317993164062	-33.848747253418	-10.9400243759155	-982.1201171875	-42.7692222595215	3.15748405456543	-1006.23651123047	-37.5405769348145	12.1542701721191	-1004.14245605469	-17.9754619598389	-5.36601161956787	-996.171081542969	-32.5897521972656	29.3044204711914	-1002.03173828125	-18.4600391387939	29.7172145843506	-1013.18414306641	-9.84985542297363	36.8849945068359	-1013.75939941406	-9.045973777771	9.98082733154297	-1006.19976806641
PRI-10673	-4.60669898986816	-55.2462158203125	-1017.28607177734	-4.0704927444458	-49.377513885498	-1008.23620605469	-2.88935899734497	-39.9731559753418	-987.520629882812	-1.13619101047516	-20.4902973175049	-963.875305175781	-0.744833469390869	-18.1423511505127	-958.557983398438	-0.593616843223572	67.4041290283203	-989.884887695312	-1.61572539806366	49.4009056091309	-1006.01898193359	-1.84722328186035	32.8479080200195	-1009.11737060547	-2.03294110298157	8.13405895233154	-995.783508300781	-2.87020087242126	-5.37749481201172	-1006.70446777344	-3.89751124382019	-39.4724884033203	-1010.51153564453	6.17216491699219	-49.2115058898926	-1016.47595214844	7.3583083152771	-47.5035629272461	-1017.51989746094	10.1490230560303	-42.256046295166	-1019.54174804688	14.4825925827026	-31.7130699157715	-1020.47894287109	13.6547632217407	-5.5021915435791	-1018.57751464844	8.43554306030273	0.452772378921509	-1012.46691894531	2.10883665084839	-38.613826751709	-991.629028320312	1.48561143875122	-19.225830078125	-970.2939453125	15.3244857788086	-14.8652219772339	-962.231811523438	30.4514446258545	-8.28067207336426	-973.720275878906	40.423526763916	4.37479639053345	-1000.19244384766	34.023738861084	15.0711421966553	-999.099731445312	14.0466165542603	-2.91462588310242	-992.510986328125	29.0442085266113	34.0880584716797	-996.163879394531	16.1008453369141	36.1060943603516	-1007.08636474609	5.84032964706421	42.8750419616699	-1009.20269775391	3.7550675868988	16.3934726715088	-1001.85040283203	-14.9754066467285	-48.6088600158691	-1015.90087890625	-16.5639915466309	-47.0812950134277	-1016.52783203125	-18.9076118469238	-42.7246170043945	-1018.02258300781	-22.744987487793	-31.7174987792969	-1019.26550292969	-20.3423080444336	-5.21696996688843	-1018.24206542969	-14.7724084854126	0.949196517467499	-1012.40270996094	-7.71206045150757	-38.9147262573242	-990.924682617188	-4.53549289703369	-18.9273338317871	-970.319885253906	-17.8574352264404	-14.2249670028687	-961.897399902344	-34.5722274780273	-7.97019290924072	-973.065185546875	-45.0979957580566	7.08383321762085	-998.884399414062	-36.819751739502	16.6673393249512	-997.00830078125	-16.8722972869873	-1.87885046005249	-991.130676269531	-32.1108818054199	35.1602783203125	-993.959594726562	-17.9687767028809	36.910472869873	-1005.69805908203	-8.73747825622559	43.297981262207	-1008.13653564453	-9.01004981994629	15.9457397460938	-1001.2109375
PRI-10674	-3.52602314949036	-52.3889503479004	-1019.51257324219	-3.51918292045593	-48.6834259033203	-1012.26245117188	-3.31588125228882	-37.9496574401855	-990.962158203125	-2.88305020332336	-15.9723329544067	-970.880004882812	-2.70826888084412	-12.5248470306396	-966.050659179688	-0.875357747077942	67.9067230224609	-1002.7822265625	-2.06206011772156	48.8539695739746	-1016.57513427734	-2.11728358268738	31.3679046630859	-1016.90484619141	-2.14401245117188	8.60181713104248	-1004.96783447266	-1.9293395280838	-5.56539297103882	-1013.06317138672	-2.89302253723145	-37.4047431945801	-1014.45495605469	7.26592874526978	-47.0443801879883	-1019.33392333984	8.28274059295654	-46.088939666748	-1020.17834472656	11.5606908798218	-41.9348793029785	-1020.94580078125	14.6608352661133	-31.5161724090576	-1022.71661376953	13.1010046005249	-6.88575029373169	-1022.86413574219	9.507493019104	-1.14645397663116	-1018.42877197266	1.5839387178421	-38.6949348449707	-996.423706054688	-0.138385117053986	-15.7466049194336	-977.366455078125	12.7988882064819	-10.423903465271	-968.300048828125	27.9112892150879	-6.93418121337891	-979.716369628906	40.8534927368164	3.65780544281006	-1003.37963867188	33.348949432373	16.004768371582	-1005.70501708984	12.4326372146606	-0.808547556400299	-998.08935546875	29.0237979888916	33.7606773376465	-1005.91235351562	14.0238742828369	34.3293838500977	-1016.54125976562	5.79045629501343	40.961727142334	-1017.77606201172	4.78293800354004	14.2525405883789	-1009.97479248047	-13.7388610839844	-46.2488327026367	-1019.36602783203	-14.7192106246948	-45.1598243713379	-1019.77545166016	-17.6247062683105	-40.6801452636719	-1021.48358154297	-20.3709049224854	-30.4740257263184	-1023.04315185547	-17.4484367370605	-6.00146865844727	-1022.71868896484	-13.7519569396973	-0.896885871887207	-1019.07452392578	-7.99243831634521	-38.4824142456055	-996.797302246094	-5.88992691040039	-15.0318584442139	-977.161682128906	-19.2360324859619	-10.0634326934814	-969.456298828125	-34.2334251403809	-7.1679048538208	-982.948669433594	-45.4356384277344	6.68091917037964	-1007.28179931641	-40.8805656433105	16.3207855224609	-1007.68286132812	-16.8488807678223	-0.108134657144547	-998.538757324219	-32.7897338867188	34.1421928405762	-1007.61956787109	-18.9142436981201	35.0871734619141	-1017.35559082031	-9.27332019805908	41.0303039550781	-1018.29943847656	-9.15050315856934	14.5318632125854	-1010.43304443359
PRI-10675	-1.59152781963348	-54.3922233581543	-1026.55456542969	-1.24284076690674	-49.7825393676758	-1018.99072265625	-1.77399408817291	-39.7618789672851	-996.662841796875	-2.40700101852417	-18.9947891235352	-974.237915039062	-2.37999868392944	-16.5541381835938	-970.017578125	-3.23748469352722	67.4019546508789	-997.870544433594	-2.97087597846985	51.0092010498047	-1017.84399414062	-2.05688047409058	33.9911346435547	-1021.32513427734	-1.9595353603363	10.991473197937	-1010.18621826172	-2.104163646698	-6.60423374176025	-1016.87579345703	-1.1089928150177	-38.5818939208984	-1019.72479248047	9.74782085418701	-48.7024078369141	-1025.21740722656	11.3320589065552	-46.6504592895508	-1025.47839355469	14.8114719390869	-41.5739250183105	-1026.25036621094	18.3414649963379	-31.1493854522705	-1028.13110351562	14.6023330688477	-6.88289165496826	-1028.5185546875	8.97481918334961	-0.600058972835541	-1023.0380859375	2.45555520057678	-39.3887786865234	-1000.4765625	0.271961808204651	-18.3967628479004	-982.710327148438	13.7499666213989	-14.165301322937	-973.156555175781	29.5486679077148	-10.7449626922607	-984.099060058594	42.1661071777344	5.67426872253418	-1009.41589355469	34.5419120788574	18.6084270477295	-1010.58081054688	12.53173828125	-2.44706439971924	-1003.60845947266	29.4127368927002	36.5562744140625	-1007.67974853516	15.1841745376587	38.7637329101562	-1020.08465576172	4.64923477172852	44.1689262390137	-1020.94250488281	3.99951815605164	17.1898040771484	-1015.21929931641	-12.3293867111206	-49.1201400756836	-1024.80554199219	-13.6216812133789	-47.5309066772461	-1025.00524902344	-17.621768951416	-42.0111770629883	-1026.46862792969	-21.1718006134033	-31.6864719390869	-1027.95178222656	-18.8647518157959	-8.11481952667236	-1028.41357421875	-13.4773273468018	-0.63108092546463	-1022.70733642578	-5.80329370498657	-39.0204696655273	-1000.96789550781	-5.03266191482544	-18.6396198272705	-982.898803710938	-18.1782646179199	-14.2583541870117	-973.650451660156	-34.3390846252441	-11.5045623779297	-984.236145019531	-47.5230941772461	4.4363865852356	-1008.79705810547	-39.9698066711426	17.56028175354	-1009.89672851562	-15.9763526916504	-1.80909323692322	-1003.81488037109	-34.7452239990234	35.600399017334	-1007.55493164062	-20.735502243042	37.3782997131348	-1019.01647949219	-10.6425886154175	43.6594886779785	-1020.87994384766	-8.8616533279419	16.7176933288574	-1014.78753662109
PRI-10676	0.0166459586471319	-63.4599266052246	-1033.572265625	0.88491016626358	-61.0222854614258	-1027.35766601562	-0.326287001371384	-46.9190940856934	-1002.75378417969	-1.63114011287689	-20.6929817199707	-975.494567871094	-1.93554282188416	-17.5972747802734	-969.027954101562	-3.50857210159302	70.4814605712891	-999.775512695312	-2.03036999702454	54.0088043212891	-1018.15203857422	-1.53676080703735	34.9482879638672	-1023.46545410156	-1.32026886940002	10.4936351776123	-1011.70184326172	-0.791256368160248	-8.90884017944336	-1020.19647216797	0.476659417152405	-46.7516403198242	-1027.83178710938	11.7525901794434	-59.5997314453125	-1033.26953125	14.7750225067139	-55.5810775756836	-1034.25451660156	17.968240737915	-50.1035423278809	-1035.07141113281	20.6047210693359	-37.603515625	-1035.28442382812	17.4399433135986	-12.3925075531006	-1034.33251953125	11.5071125030518	-2.19882130622864	-1028.07727050781	5.1542329788208	-45.8206024169922	-1006.56286621094	1.36494278907776	-18.1790218353271	-983.060302734375	14.9976072311401	-15.4856252670288	-970.753662109375	30.5605278015137	-10.6180839538574	-981.283203125	48.011360168457	8.09816646575928	-1007.97918701172	39.5647048950195	17.1221103668213	-1010.06207275391	14.4132509231567	-2.61724901199341	-1005.05938720703	30.9433135986328	38.9457168579102	-1006.39129638672	15.5903978347778	38.836555480957	-1020.49975585938	6.201988697052	46.0087356567383	-1022.47076416016	6.32407236099243	17.0726451873779	-1015.92755126953	-9.6091423034668	-59.3545112609863	-1033.17358398438	-13.5950326919556	-55.6108093261719	-1033.99084472656	-16.5612812042236	-49.3100891113281	-1035.595703125	NA	NA	NA	-18.6707744598389	-12.0505971908569	-1035.70922851562	-13.3425893783569	-1.87759232521057	-1028.53002929688	-4.45457935333252	-44.6956253051758	-1006.28814697266	-4.87978219985962	-18.4583930969238	-982.799865722656	-18.6515884399414	-14.96950340271	-972.556091308594	-34.759033203125	-11.8179521560669	-984.607849121094	-50.6680641174316	6.16637182235718	-1013.12725830078	-42.1455497741699	15.9617671966553	-1013.62066650391	-16.1382713317871	-2.23258972167969	-1005.74548339844	-35.0589904785156	37.4642715454102	-1009.30200195312	-18.7487678527832	38.6035499572754	-1022.66790771484	-9.90712833404541	45.9901123046875	-1023.01391601562	-9.37598037719727	17.3731479644775	-1016.625
PRI-10678	0.144399970769882	-56.8242683410645	-1036.73937988281	-0.489055335521698	-51.8448944091797	-1028.07531738281	0.0477259382605553	-41.2373847961426	-1005.845703125	-2.05707502365112	-20.2531280517578	-980.15673828125	-2.35584449768066	-17.3560123443604	-973.410827636719	-1.63721168041229	71.236930847168	-1004.65747070312	-1.95906710624695	55.1499214172363	-1021.63012695312	-1.61061918735504	37.8306121826172	-1024.48315429688	-2.40370583534241	12.7455959320068	-1014.03375244141	-1.85189139842987	-4.75344514846802	-1022.17071533203	-0.486738413572311	-39.2199592590332	-1028.423828125	10.7617321014404	-51.7900886535645	-1034.494140625	13.394868850708	-50.1810150146484	-1034.98071289062	16.4863033294678	-41.9055137634277	-1035.46533203125	18.4907455444336	-30.3457126617432	-1036.83581542969	14.8022518157959	-5.02841520309448	-1035.96508789062	10.3167915344238	2.19141817092896	-1028.08154296875	4.94917249679565	-40.1010704040527	-1009.02624511719	0.599828779697418	-18.494701385498	-986.061279296875	13.883279800415	-15.5377922058105	-976.841064453125	31.383264541626	-10.3071384429932	-986.292358398438	45.2555541992188	6.35528469085693	-1013.57928466797	35.5096092224121	18.432596206665	-1012.39868164062	13.6736373901367	-1.31322526931763	-1007.13403320312	30.2775077819824	38.0477981567383	-1010.13983154297	14.6926116943359	40.6990623474121	-1022.19647216797	6.17540407180786	47.4948272705078	-1024.31127929688	5.70951175689697	19.8310394287109	-1018.84552001953	-11.464527130127	-51.9648780822754	-1034.52087402344	-12.6154890060425	-50.5743179321289	-1034.90234375	-16.36159324646	-41.1420822143555	-1036.466796875	-19.965145111084	-30.07448387146	-1038.33728027344	-17.85959815979	-5.60274839401245	-1037.60778808594	-13.92174243927	2.17993760108948	-1029.45080566406	-5.37202739715576	-40.9160194396973	-1009.58227539062	-4.68084383010864	-18.7342929840088	-985.942016601562	-21.6006050109863	-16.0749683380127	-977.860534667969	-36.5922927856445	-10.680233001709	-989.581237792969	-46.8769302368164	6.31349039077759	-1017.78344726562	-39.1208992004395	18.5957450866699	-1015.90313720703	-16.902946472168	-1.5855393409729	-1007.93835449219	-34.4788436889648	38.3278884887695	-1012.72229003906	-18.8319931030273	40.5269737243652	-1024.52734375	-10.0339450836182	47.5325622558594	-1024.71850585938	-10.2218894958496	19.769115447998	-1019.13092041016
PRI-10680	-3.10805296897888	-61.2121238708496	-1017.58947753906	-3.51695966720581	-55.8616104125977	-1008.43786621094	-3.53430271148682	-42.9605903625488	-984.309326171875	-1.23325169086456	-21.2830772399902	-962.450317382812	-1.1795117855072	-18.240701675415	-957.886169433594	-1.42156636714935	65.6631088256836	-981.621032714844	-1.88564074039459	51.0456733703613	-1003.39849853516	-1.56893396377563	33.4420471191406	-1008.13519287109	-1.65206527709961	6.62241077423096	-994.470275878906	-1.9265615940094	-9.44963932037354	-1004.41278076172	-2.8390781879425	-42.9424133300781	-1010.36364746094	9.02487754821777	-55.4698638916016	-1015.99670410156	11.8111209869385	-52.5767631530762	-1016.69848632812	13.6973924636841	-45.1088447570801	-1018.12707519531	17.1795406341553	-33.582893371582	-1019.01977539062	13.9268712997437	-7.29349517822266	-1017.98980712891	8.61633205413818	-2.64871263504028	-1011.10888671875	1.23550760746002	-42.1526794433594	-988.614685058594	1.24768698215485	-19.6369285583496	-968.607543945312	15.5099630355835	-13.906792640686	-958.574401855469	34.2507019042969	-10.3080024719238	-970.073059082031	46.7364349365234	4.86423873901367	-997.99658203125	39.4627151489258	16.6581039428711	-997.654235839844	13.7606449127197	-4.11846876144409	-990.777587890625	31.007884979248	35.1511497497559	-995.054748535156	16.1357421875	35.3710594177246	-1005.75280761719	6.09781265258789	43.1635627746582	-1007.55084228516	5.27204036712646	15.4915246963501	-1000.03253173828	-14.9471216201782	-55.5995712280273	-1016.98590087891	-17.3601016998291	-53.5693283081055	-1017.54309082031	-19.2303810119629	-46.6867370605469	-1019.36303710938	-21.964412689209	-34.522819519043	-1019.42614746094	-18.7139358520508	-7.77042579650879	-1017.43493652344	-13.7739419937134	-2.84020900726318	-1010.68969726562	-7.66039991378784	-42.0316467285156	-988.205749511719	-4.49678945541382	-19.6267738342285	-968.285888671875	-18.8574523925781	-14.3248310089111	-958.111572265625	-37.5647392272949	-9.5336217880249	-969.263427734375	NA	NA	NA	-42.0679931640625	17.2993030548096	-996.010009765625	-16.4572372436523	-4.13835620880127	-989.940368652344	-34.5724029541016	35.3488235473633	-994.112548828125	-19.7576160430908	35.9965400695801	-1005.45550537109	-9.91189098358154	43.4474945068359	-1007.12921142578	-10.1934309005737	15.6656589508057	-1000.38336181641
PRI-10682	-3.04805135726929	-51.7965774536133	-1173.12744140625	-3.28967833518982	-47.0386276245117	-1164.21044921875	-3.02767515182495	-39.5476875305176	-1142.48791503906	-2.93952965736389	-20.9348392486572	-1120.07971191406	-2.99142622947693	-18.2132720947266	-1114.44104003906	-6.62110996246338	64.9261093139648	-1146.89331054688	-6.36666631698608	48.0929183959961	-1162.02954101562	-5.70220804214478	31.1153774261475	-1165.76953125	-4.68990230560303	7.88642978668213	-1152.45361328125	-3.94382286071777	-6.19530057907104	-1160.63623046875	-3.34101939201355	-37.2323150634766	-1165.96984863281	8.01915264129639	-46.248291015625	-1170.94067382812	8.98218441009521	-45.217887878418	-1171.14233398438	12.1284875869751	-40.3789024353027	-1172.28149414062	15.4904699325562	-29.9064121246338	-1173.69177246094	12.4820890426636	-6.32119846343994	-1172.58142089844	7.3522686958313	-0.34898042678833	-1167.54455566406	1.18751883506775	-37.9496879577637	-1145.80053710938	0.24447737634182	-19.0171585083008	-1126.81201171875	13.0700559616089	-14.8013572692871	-1117.69226074219	28.2219104766846	-9.4022274017334	-1128.24243164062	41.2084732055664	5.56853723526001	-1152.51245117188	32.9811553955078	18.3091773986816	-1154.66064453125	10.4397678375244	-1.34615182876587	-1145.24572753906	25.1047077178955	35.7389221191406	-1153.78857421875	11.4831848144531	35.121768951416	-1163.90698242188	1.31300342082977	40.7895393371582	-1165.80554199219	2.73022556304932	14.0835208892822	-1158.2685546875	-14.3851842880249	-46.8674125671387	-1170.69787597656	-15.1736364364624	-45.7303123474121	-1170.8740234375	-18.3678340911865	-40.9884300231934	-1172.15368652344	-21.8743362426758	-30.891902923584	-1173.1142578125	-20.5717163085938	-7.53907108306885	-1172.20446777344	-15.7673797607422	-0.915136814117432	-1167.01049804688	-8.09652709960938	-37.4990882873535	-1146.40466308594	-6.19746685028076	-19.4097328186035	-1126.16687011719	-19.0350456237793	-15.816478729248	-1117.72863769531	-35.3484764099121	-11.8041019439697	-1127.66748046875	-49.5794715881348	2.30740427970886	-1151.49719238281	-42.5299339294434	15.4283437728882	-1153.58178710938	-18.3227100372314	-2.51169896125793	-1144.82238769531	-36.9108734130859	32.8031539916992	-1153.08752441406	-22.207088470459	33.3316307067871	-1163.12255859375	-13.4670572280884	40.3170394897461	-1164.89892578125	-11.9699544906616	13.0545053482056	-1157.13830566406
PRI-10684	-1.47334265708923	-52.4827842712402	-1021.20385742188	-1.97730553150177	-47.3429183959961	-1013.21728515625	-2.82614612579346	-37.8282165527344	-992.840148925781	-3.12429404258728	-19.8246269226074	-972.950378417969	-3.3689272403717	-17.9957466125488	-967.669189453125	0.744799613952637	66.9977798461914	-997.839111328125	1.16912925243378	48.232837677002	-1014.92028808594	0.980743527412415	32.5790939331055	-1017.82678222656	-0.72952401638031	10.1879501342773	-1006.43078613281	-0.91068822145462	-6.3643102645874	-1013.48321533203	-1.84624350070953	-36.6493148803711	-1015.35217285156	9.31429672241211	-45.9485511779785	-1019.04400634766	10.2244052886963	-45.441463470459	-1019.45806884766	13.6126852035522	-40.7803993225098	-1021.5517578125	16.4240627288818	-30.4887599945068	-1024.84033203125	15.020881652832	-5.84746980667114	-1025.19470214844	10.2227468490601	-0.0256700981408358	-1019.78765869141	1.68178570270538	-36.8889465332031	-996.165649414062	-0.210094109177589	-17.1445350646973	-978.885620117188	13.606201171875	-14.9274129867554	-969.078918457031	29.592134475708	-7.5072021484375	-979.250549316406	41.1263084411621	4.02746391296387	-1004.32025146484	34.5653076171875	15.0859851837158	-1005.54180908203	13.1174955368042	-0.136829599738121	-998.658325195312	29.8340301513672	33.3447761535645	-1002.50524902344	16.0431804656982	34.2981948852539	-1016.14349365234	7.88121700286865	41.3794174194336	-1016.19561767578	5.97701644897461	15.1674861907959	-1010.71887207031	-12.4185552597046	-46.0270156860352	-1020.47521972656	-12.8585348129272	-44.7648849487305	-1021.18237304688	-15.9597759246826	-39.8569183349609	-1022.85827636719	-19.2211761474609	-28.9892921447754	-1025.2529296875	-16.4979438781738	-4.05859804153442	-1026.3330078125	-12.1129598617554	0.807013392448425	-1020.74755859375	-7.08048295974731	-36.4012184143066	-997.875366210938	-5.85381555557251	-17.6047515869141	-979.048583984375	-19.9133338928223	-13.7084970474243	-971.285522460938	-35.3385353088379	-6.20691251754761	-983.517883300781	-43.6832466125488	7.1934380531311	-1007.84973144531	-36.3741798400879	17.089469909668	-1008.0078125	-15.9387283325195	0.97862321138382	-999.7666015625	-30.1884288787842	35.3036651611328	-1005.64825439453	-15.5400838851929	35.6672973632812	-1017.43872070312	-6.49839782714844	41.6190910339355	-1018.20989990234	-6.92831182479858	15.6081275939941	-1010.93170166016
PRI-10690	-2.9729266166687	-62.1360664367676	-1187.3076171875	-2.26236009597778	-55.1253356933594	-1177.32580566406	-2.36245608329773	-43.0443458557129	-1151.48486328125	-0.981710195541382	-16.547550201416	-1124.16711425781	-0.790205001831055	-12.7658643722534	-1118.0224609375	-3.27122259140015	74.4306869506836	-1146.56140136719	-3.25206542015076	59.2707138061523	-1167.48413085938	-2.8001925945282	42.1480979919434	-1170.83459472656	-2.10025501251221	12.366735458374	-1157.38513183594	-2.27825880050659	-4.6564793586731	-1170.50854492188	-2.37988352775574	-42.6274452209473	-1178.68383789062	9.06182861328125	-57.2390937805176	-1186.69445800781	11.7295684814453	-54.7070426940918	-1187.72265625	15.516604423523	-47.9964485168457	-1188.68530273438	18.7741622924805	-35.8656158447266	-1187.97998046875	17.0004787445068	-9.78844833374023	-1186.50524902344	10.6584215164185	1.55153143405914	-1176.57641601562	3.46988391876221	-41.8827819824219	-1155.53833007812	2.20063304901123	-14.6237525939941	-1130.56909179688	16.690896987915	-10.0310201644897	-1122.32751464844	35.2583770751953	-3.75696730613708	-1133.90478515625	46.9583396911621	9.55857944488525	-1164.47387695312	39.5340843200684	22.3197784423828	-1161.69689941406	14.5736560821533	1.43699502944946	-1153.12927246094	32.6303215026855	44.5893821716309	-1158.60778808594	15.5158233642578	46.4368667602539	-1170.38024902344	5.631507396698	51.0877685546875	-1170.96166992188	5.84999418258667	21.6598339080811	-1165.06030273438	-14.3694658279419	-57.8352241516113	-1185.75341796875	-17.4703674316406	-55.0143585205078	-1186.39599609375	-21.362361907959	-47.7169418334961	-1187.38952636719	-23.56103515625	-35.3976516723633	-1187.67297363281	-22.5477828979492	-9.47732925415039	-1185.71801757812	-16.2106285095215	1.75773179531097	-1176.64770507812	-7.59688997268677	-41.7826042175293	-1155.33520507812	-4.43188047409058	-15.3729677200317	-1130.18005371094	-19.5793724060059	-10.91832447052	-1121.63684082031	-38.8699951171875	-5.05525732040405	-1132.79382324219	-52.899227142334	8.17760944366455	-1159.8349609375	-43.8503189086914	22.7122936248779	-1159.79614257812	-20.1549091339111	0.978621363639832	-1152.38439941406	-37.4687156677246	44.7444000244141	-1156.26501464844	-20.8897476196289	46.0179061889649	-1168.74548339844	-10.7270994186401	51.0749244689941	-1170.14892578125	-10.1274662017822	21.8534469604492	-1163.57751464844
PRI-10691	-1.82057332992554	-50.2281036376953	-1184.39685058594	-1.7644636631012	-47.3453369140625	-1176.28686523438	-1.15711259841919	-42.1183967590332	-1153.75866699219	-1.61814761161804	-24.3055763244629	-1131.24670410156	-1.6038339138031	-22.4348373413086	-1125.58435058594	-4.81133317947388	65.448844909668	-1150.43835449219	-4.20651197433472	48.7552871704102	-1166.03149414062	-3.15915107727051	31.3818778991699	-1171.05004882812	-2.76169085502625	6.44248628616333	-1158.89465332031	-2.7920458316803	-8.58191204071045	-1169.93896484375	-2.15306282043457	-38.1544876098633	-1177.224609375	8.64175987243652	-44.3451309204102	-1181.54382324219	9.34960842132568	-43.0137672424316	-1182.24047851562	11.3659439086914	-38.4151077270508	-1183.73583984375	14.2881021499634	-28.4828758239746	-1185.00598144531	11.8405952453613	-4.44273853302002	-1181.97229003906	7.88266134262085	-0.870824992656708	-1176.3466796875	2.78280901908875	-39.2329254150391	-1156.5654296875	1.28521704673767	-22.4800930023193	-1137.08666992188	15.4064960479736	-17.5243320465088	-1128.29443359375	29.2117538452148	-10.2708473205566	-1138.82775878906	39.645393371582	9.87046432495117	-1162.19104003906	31.5469188690186	16.6796531677246	-1161.27014160156	12.0294666290283	-3.70331883430481	-1154.86083984375	26.880500793457	33.8012771606445	-1157.94763183594	12.1855564117432	33.3000106811523	-1168.55236816406	4.03985404968262	40.6839790344238	-1169.79992675781	3.65163445472717	13.0425987243652	-1166.12194824219	-12.6576080322266	-45.0509796142578	-1180.99304199219	-13.67262840271	-44.1295623779297	-1181.36181640625	-16.2338962554932	-39.3126831054688	-1182.34985351562	-19.7697887420654	-29.6453475952148	-1183.2314453125	-18.2119026184082	-5.26704835891724	-1180.57666015625	-14.5041961669922	-1.73946809768677	-1175.45629882812	-5.48016452789307	-40.1214408874512	-1156.662109375	-4.55900144577026	-22.7437114715576	-1136.96496582031	-18.1848258972168	-18.811674118042	-1127.61975097656	-33.5755958557129	-11.7581386566162	-1139.08325195312	-46.9920120239258	6.27986764907837	-1160.359375	-39.595588684082	15.6419982910156	-1160.55932617188	-16.3815765380859	-3.37113380432129	-1154.63061523438	-35.0618629455566	32.0071868896484	-1157.517578125	-20.036190032959	33.0392532348633	-1169.0478515625	-11.8007926940918	40.1937789916992	-1170.53515625	-10.2117919921875	12.5171546936035	-1165.92846679688
PRI-10693	-0.93083119392395	-54.8011016845703	-1182.044921875	-0.537941992282867	-49.9905242919922	-1170.91845703125	-0.188985794782639	-39.9504203796387	-1149.96618652344	-0.472353458404541	-21.7996959686279	-1126.2587890625	-0.505540430545807	-19.125997543335	-1120.79956054688	-5.73131322860718	62.1295471191406	-1147.49060058594	-5.25783252716064	45.748664855957	-1164.82080078125	-4.26102685928345	29.2701778411865	-1167.06262207031	-3.44589948654175	8.16372013092041	-1157.29382324219	-2.99335432052612	-7.22970533370972	-1167.52404785156	-1.45659995079041	-40.5586585998535	-1173.96533203125	9.67276763916016	-49.0405082702637	-1179.9833984375	10.4444561004639	-47.6741371154785	-1180.40478515625	12.8585624694824	-42.351806640625	-1181.59191894531	15.2094573974609	-31.3494491577148	-1182.20446777344	12.5728988647461	-6.21810245513916	-1179.06335449219	8.39074897766113	-0.342101126909256	-1173.74572753906	3.54188466072083	-39.4355354309082	-1153.52319335938	1.97769284248352	-20.5650882720947	-1132.69274902344	15.5332927703857	-15.291428565979	-1123.96765136719	31.1528224945068	-9.97118759155273	-1136.58715820312	38.8937873840332	5.07500839233398	-1159.35095214844	31.4429588317871	15.4653081893921	-1158.86840820312	12.0450582504272	-2.89616465568542	-1152.80615234375	25.7874317169189	33.1624526977539	-1154.96459960938	10.9207983016968	33.1105422973633	-1167.18225097656	3.28836750984192	38.7072448730469	-1167.28076171875	3.17424440383911	13.6629476547241	-1162.73852539062	-11.9279356002808	-50.4067802429199	-1178.80590820312	-13.1035528182983	-49.2047233581543	-1179.14465332031	-16.4784393310547	-44.0150299072266	-1180.50671386719	-20.8028354644775	-33.4575958251953	-1180.4130859375	-19.467113494873	-8.26314926147461	-1178.03674316406	-15.5551156997681	-1.78801918029785	-1172.66735839844	-4.81422901153564	-40.091438293457	-1153.48034667969	-4.16996145248413	-20.650053024292	-1132.24841308594	-16.9560222625732	-16.7827816009521	-1122.42321777344	-34.3913459777832	-12.7978572845459	-1133.69946289062	-45.2431182861328	2.32261204719543	-1155.013671875	-39.3913764953613	12.4999313354492	-1155.08935546875	-16.7583408355713	-4.06418609619141	-1150.23889160156	-33.9772911071777	30.6951122283936	-1152.134765625	-19.8676567077637	31.699254989624	-1165.51611328125	-13.4363613128662	37.8796005249023	-1167.130859375	-11.1622152328491	12.9339437484741	-1161.57153320312
PRI-10695	-0.504204452037811	-58.7424278259277	-1171.92761230469	-0.709511578083038	-55.2318725585938	-1164.439453125	-2.01404738426208	-45.3308906555176	-1142.18627929688	-3.97548270225525	-20.7214317321777	-1119.51049804688	-4.40015172958374	-17.5723667144775	-1115.341796875	-5.57353019714355	60.1515426635742	-1148.06591796875	-4.91503620147705	42.2256317138672	-1164.20886230469	-4.18036365509033	23.049243927002	-1166.18151855469	-3.82876420021057	1.52213406562805	-1152.52136230469	-3.04788780212402	-14.1419477462769	-1161.29077148438	-1.53102505207062	-44.3881454467773	-1165.19152832031	9.93275547027588	-51.9601135253906	-1170.0673828125	10.5234432220459	-51.289794921875	-1170.31506347656	12.6872482299805	-46.9600410461426	-1171.65942382812	15.5698661804199	-37.1101493835449	-1172.92333984375	13.5081968307495	-13.3048143386841	-1171.6533203125	8.14047622680664	-8.29033851623535	-1166.98400878906	2.71025705337524	-44.2031669616699	-1144.82983398438	-1.32657301425934	-21.5070896148682	-1125.34216308594	11.5645523071289	-15.5525102615356	-1117.4716796875	26.1819229125977	-10.3370800018311	-1130.09240722656	37.2502593994141	-0.208388581871986	-1153.58947753906	30.4378032684326	9.85672473907471	-1154.3525390625	10.1917676925659	-6.76763916015625	-1146.65026855469	25.323558807373	28.6588973999023	-1153.33410644531	12.1121912002563	26.8560237884521	-1164.97583007812	3.11184310913086	33.6061210632324	-1167.59948730469	3.19089722633362	7.66666316986084	-1158.16369628906	-11.3584642410278	-53.0492897033691	-1170.34558105469	-11.7376832962036	-52.6622543334961	-1170.85913085938	-14.589542388916	-47.1284637451172	-1172.68395996094	-17.2563095092773	-37.2674446105957	-1173.12255859375	-18.0350494384766	-14.1515502929688	-1172.6669921875	-13.93834400177	-9.3662166595459	-1167.38842773438	-6.9625096321106	-44.5908355712891	-1145.95092773438	-6.4008321762085	-21.3120040893555	-1125.61108398438	-19.3872184753418	-16.7157096862793	-1118.79138183594	-34.3348922729492	-13.0869331359863	-1131.96069335938	-44.3736953735352	-3.77732992172241	-1156.13110351562	-38.2070121765137	7.49481439590454	-1156.14013671875	-18.0843658447266	-7.22406816482544	-1147.30419921875	-34.8474006652832	25.672399520874	-1154.99401855469	-20.7944107055664	25.9115371704102	-1166.07434082031	-12.5265626907349	33.4109306335449	-1167.94445800781	-10.8013334274292	7.40606069564819	-1159.25939941406
PRI-10700	0.494888186454773	-63.3708686828613	-1185.07043457031	0.614436388015747	-59.3705825805664	-1176.333984375	0.7862948179245	-47.7057838439941	-1151.13000488281	-0.407501846551895	-23.8725547790527	-1125.91528320312	-0.258213460445404	-21.3043937683105	-1119.91174316406	-4.90659046173096	66.3423461914062	-1145.47216796875	-4.80417966842651	53.5948791503906	-1165.044921875	-3.58351349830627	35.2820472717285	-1170.09216308594	-1.88270366191864	6.19521188735962	-1157.52868652344	-1.56490159034729	-8.38988876342773	-1169.7890625	0.0281160809099674	-44.863697052002	-1177.45288085938	11.8659362792969	-56.1411514282227	-1183.63232421875	13.6438465118408	-54.9844512939453	-1184.00695800781	17.1699905395508	-46.0224456787109	-1184.82312011719	18.94997215271	-34.3528022766113	-1185.97314453125	13.9599895477295	-7.59798049926758	-1184.66198730469	8.87024784088135	-1.6142406463623	-1175.28796386719	5.09645366668701	-46.5333938598633	-1155.90991210938	2.15524911880493	-22.5633163452148	-1133.26123046875	16.5128555297852	-18.6606025695801	-1122.49572753906	33.9684104919434	-11.011155128479	-1135.54943847656	45.983455657959	9.71947383880615	-1163.00549316406	35.4940376281738	18.6395053863525	-1162.83264160156	15.4430255889893	-4.33626842498779	-1153.40515136719	30.0457458496094	37.3899192810059	-1158.11779785156	12.6609926223755	39.1351699829102	-1168.48107910156	3.81604242324829	46.0613403320312	-1169.55798339844	4.54148721694946	16.1321506500244	-1163.55493164062	-11.7764930725098	-57.8632164001465	-1182.24487304688	-13.7750749588013	-56.2648162841797	-1182.89685058594	-17.6113605499268	-47.4485321044922	-1183.50769042969	-20.762393951416	-36.086498260498	-1184.36242675781	-18.8907566070557	-9.87722682952881	-1183.58410644531	-13.9800844192505	-2.84716749191284	-1174.82153320312	-4.19232654571533	-47.0221099853516	-1155.01147460938	-4.04645776748657	-22.9701538085938	-1133.1357421875	-16.174409866333	-18.7817249298096	-1122.35620117188	-35.4945106506348	-14.5258960723877	-1133.90673828125	-50.7260055541992	4.24105834960938	-1160.810546875	-41.2108840942383	14.4470281600952	-1160.74731445312	-17.1697254180908	-5.55902719497681	-1152.71936035156	-37.1166763305664	33.5142211914062	-1156.28784179688	-21.3827171325684	36.7575263977051	-1167.32653808594	-13.2246885299683	44.0621490478516	-1170.23229980469	-9.27637577056885	15.738917350769	-1163.25964355469
PRI-10702	-2.80631637573242	-63.0483627319336	-1185.62145996094	-3.08295917510986	-58.4464683532715	-1178.41650390625	-2.19665360450745	-45.7198104858398	-1155.22412109375	-2.13141536712646	-18.5149421691895	-1126.07165527344	-2.00699758529663	-14.4257946014404	-1120.37658691406	-5.76150226593018	76.8420791625977	-1154.77209472656	-5.24060487747192	57.2382888793945	-1174.74194335938	-4.51811933517456	40.3021812438965	-1178.01452636719	-3.73084759712219	13.4191913604736	-1163.08874511719	-3.70873427391052	-4.02019357681274	-1173.71350097656	-3.38671517372131	-45.0801849365234	-1180.26184082031	9.02478408813477	-55.7915954589844	-1186.17272949219	11.2131052017212	-53.4525032043457	-1186.6953125	14.0357971191406	-44.2524757385254	-1188.21997070312	16.9079895019531	-32.0972099304199	-1188.75988769531	14.0341157913208	-4.79703617095947	-1188.55615234375	8.5669355392456	2.50661587715149	-1179.84399414062	2.36183857917786	-44.279972076416	-1157.75390625	0.989046931266785	-17.7454071044922	-1136.24060058594	16.7553291320801	-12.25377368927	-1125.76525878906	33.2684173583984	-5.2125096321106	-1138.06909179688	46.2567367553711	8.61019039154053	-1166.25378417969	35.0323219299316	23.6908226013184	-1166.81103515625	13.6874780654907	1.7564297914505	-1158.14953613281	30.7463722229004	43.8525505065918	-1164.48864746094	15.7712030410767	44.3843994140625	-1174.54638671875	3.22617483139038	51.6724014282227	-1177.82849121094	4.36809492111206	22.3381843566895	-1169.71459960938	-15.4372873306274	-56.7792358398438	-1184.83935546875	-18.1405029296875	-54.3774337768555	-1185.41052246094	-20.8276481628418	-45.8331604003906	-1187.7294921875	-23.7502708435059	-33.7876892089844	-1188.82861328125	-22.2379875183105	-5.8993239402771	-1187.81396484375	-16.8930187225342	1.30935525894165	-1179.29040527344	-8.37436485290527	-43.780876159668	-1158.06335449219	-6.18183994293213	-18.4167156219482	-1135.92822265625	-19.976448059082	-13.3280754089355	-1125.00012207031	-39.3235740661621	-7.69149017333984	-1137.32629394531	-54.1379432678223	5.15906620025635	-1163.6806640625	-44.9791526794434	21.5150623321533	-1165.12316894531	-20.1621170043945	-0.190208911895752	-1156.74279785156	-40.3570938110352	41.2631645202637	-1163.28039550781	-25.5253257751465	43.4765586853027	-1174.04956054688	-13.341233253479	50.966625213623	-1177.62390136719	-13.0580635070801	21.5348854064941	-1168.767578125
PRI-10703	-2.02647495269775	-57.7445831298828	-1183.59448242188	-1.8654294013977	-54.055908203125	-1175.69116210938	NA	NA	NA	-2.27754139900208	-24.1463317871094	-1126.71765136719	-2.15834283828735	-21.6719532012939	-1121.30505371094	-5.16178321838379	70.5158767700195	-1144.7509765625	-5.39249563217163	52.8427581787109	-1166.02270507812	-4.77842569351196	35.3409080505371	-1171.09326171875	-4.02055788040161	7.36501789093018	-1156.99157714844	-3.65042853355408	-8.01952934265137	-1169.59289550781	-2.24122524261475	-41.8996505737305	-1176.26538085938	9.0718297958374	-52.6511535644531	-1182.56823730469	11.4499464035034	-49.9344673156738	-1183.17163085938	13.8967189788818	-44.064338684082	-1182.26086425781	15.6009435653687	-32.9872817993164	-1184.05407714844	11.8373594284058	-8.26084613800049	-1182.291015625	7.99616813659668	-1.37550592422485	-1175.9345703125	2.64043498039246	-42.9008445739746	-1155.38891601562	0.616864204406738	-22.4415435791016	-1133.37182617188	15.4686603546143	-19.3490333557129	-1125.01708984375	32.0144500732422	-15.5593614578247	-1136.978515625	43.2409896850586	2.62841200828552	-1161.74621582031	33.2244262695312	17.8268699645996	-1162.1533203125	11.5135536193848	-2.80387210845947	-1154.33264160156	29.0028247833252	37.4005279541016	-1157.35791015625	12.016432762146	39.2584800720215	-1168.57043457031	2.49209594726562	46.144458770752	-1169.49475097656	3.11953544616699	15.4265022277832	-1163.42846679688	-12.6903629302979	-53.5428276062012	-1181.55810546875	-15.4133176803589	-51.5585746765137	-1181.82336425781	-19.1215839385986	-45.311580657959	-1180.98937988281	-21.6870994567871	-33.9642524719238	-1183.27282714844	-20.0042858123779	-9.3526725769043	-1181.89038085938	-16.7284545898438	-2.98315358161926	-1176.63806152344	NA	NA	NA	-4.95681762695312	-22.6187858581543	-1133.658203125	-19.5953636169434	-19.3526630401611	-1124.05224609375	-36.1589202880859	-16.9938621520996	-1135.06201171875	-50.1069755554199	-1.39394438266754	-1160.24157714844	-41.5697326660156	16.14186668396	-1161.20751953125	-18.3588981628418	-5.09330463409424	-1153.91015625	-37.758113861084	34.291202545166	-1156.81335449219	-21.4576587677002	38.0395927429199	-1169.26000976562	-12.3440847396851	45.4542503356934	-1168.90075683594	-11.7494764328003	14.5909748077393	-1163.474609375
PRI-10704	-2.4546480178833	-58.7424774169922	-1183.76403808594	-2.69169235229492	-54.1993942260742	-1175.69152832031	-1.78025937080383	-44.5129356384277	-1152.50305175781	-0.909237146377563	-18.8668327331543	-1126.28991699219	-0.622579038143158	-15.8381490707397	-1120.04089355469	-0.723969221115112	70.3357620239258	-1149.01501464844	-2.2293016910553	53.2013206481934	-1167.96215820312	-1.4490407705307	35.8667259216309	-1169.99645996094	-1.60720336437225	9.61901950836182	-1156.89172363281	-1.39807450771332	-6.73443365097046	-1167.55883789062	-2.58860516548157	-41.9243316650391	-1175.82580566406	8.24830532073975	-54.3718376159668	-1183.00732421875	9.97068405151367	-52.4106559753418	-1183.31848144531	14.1046648025513	-44.4253616333008	-1184.80395507812	16.7605247497559	-33.7262496948242	-1185.18798828125	15.6563587188721	-6.82013702392578	-1181.06616210938	10.6016569137573	-0.02608329243958	-1174.90966796875	2.95291709899902	-42.7594528198242	-1155.66638183594	1.45633089542389	-17.9798240661621	-1132.21081542969	16.0920066833496	-12.7253398895264	-1123.85339355469	32.1273002624512	-7.67953634262085	-1135.17370605469	46.4316329956055	8.60242748260498	-1161.14819335938	38.765983581543	21.162748336792	-1160.02673339844	14.1283235549927	-1.73825740814209	-1153.39440917969	30.3063678741455	39.1456985473633	-1159.07080078125	16.1261348724365	38.3689308166504	-1169.06604003906	7.04837560653687	45.538745880127	-1171.35229492188	6.38806676864624	18.018762588501	-1163.34167480469	-14.2866802215576	-53.845630645752	-1181.38647460938	-16.1440963745117	-52.0560188293457	-1181.30554199219	-19.7351303100586	-43.1204986572266	-1183.43884277344	-21.9735565185547	-33.1682739257812	-1182.33081054688	-18.9427700042725	-5.41855669021606	-1180.02612304688	-15.3239984512329	0.652669727802277	-1174.15466308594	-6.44102430343628	-42.5485000610352	-1155.17468261719	-3.79566049575806	-18.1496524810791	-1131.8701171875	-18.0660228729248	-12.5546569824219	-1122.57287597656	-33.9737014770508	-8.92021083831787	-1134.00891113281	-50.0491333007812	7.93134927749634	-1158.95361328125	-41.0923080444336	20.6569271087646	-1158.22692871094	-16.6755199432373	-3.27829146385193	-1154.603515625	-34.6678466796875	38.9097518920898	-1157.208984375	-19.8443298339844	38.773551940918	-1167.798828125	-10.5137519836426	46.6701393127441	-1169.82531738281	-9.98473930358887	18.1319808959961	-1162.70825195312
PRI-10705	-1.43396425247192	-65.0716094970703	-1195.65283203125	-1.54703378677368	-60.5293273925781	-1184.55944824219	-2.02944254875183	-46.8369522094727	-1161.30493164062	-2.85445809364319	-24.0188007354736	-1139.09399414062	-2.9435703754425	-19.942741394043	-1132.67663574219	-7.99904108047485	66.116325378418	-1159.92980957031	-7.03224468231201	49.2982139587402	-1180.30847167969	-5.50624561309814	31.7033748626709	-1185.01086425781	-4.14473342895508	5.63325595855713	-1173.05749511719	-3.3781144618988	-11.118857383728	-1181.04357910156	-2.40228676795959	-49.1754341125488	-1187.271484375	10.9355049133301	-59.4646530151367	-1192.3994140625	13.0558376312256	-56.8332901000977	-1193.88916015625	15.9292783737183	-49.5848503112793	-1195.21728515625	18.3131675720215	-37.6015357971191	-1194.787109375	11.7914161682129	-9.66321468353271	-1193.15478515625	7.4214277267456	-5.02898836135864	-1188.27124023438	3.03568649291992	-46.9938316345215	-1166.02941894531	0.147417664527893	-22.9451675415039	-1144.3623046875	13.8912677764893	-16.7431564331055	-1136.125	28.4110317230225	-12.2823333740234	-1146.78625488281	41.9860687255859	3.8319456577301	-1175.77307128906	33.4086227416992	15.3739824295044	-1175.37255859375	11.8951416015625	-6.28094005584717	-1167.08410644531	27.8977947235107	34.9138069152832	-1172.21728515625	13.2071542739868	36.7020606994629	-1183.09521484375	2.0779185295105	41.6257781982422	-1183.90441894531	3.13010954856873	13.7196969985962	-1178.94848632812	-13.7945175170898	-60.150074005127	-1192.654296875	-16.0121841430664	-58.6260414123535	-1193.25866699219	-19.6299152374268	-50.1492080688477	-1194.63598632812	-22.7118053436279	-39.1678504943848	-1194.42272949219	-20.2632503509521	-11.4226560592651	-1192.1337890625	-16.2838401794434	-6.17154359817505	-1187.68981933594	-7.2243595123291	-47.3860816955566	-1166.36376953125	-6.28158044815063	-22.6294136047363	-1144.29077148438	-20.5429248809814	-18.9819087982178	-1136.30810546875	-36.0714912414551	-16.5084171295166	-1146.30004882812	-51.4942855834961	-0.961928606033325	-1174.54602050781	-42.0652503967285	11.7906064987183	-1174.86352539062	-18.8345928192139	-8.0073070526123	-1166.28942871094	-39.3647651672363	30.8460655212402	-1171.98181152344	-24.2677192687988	34.3277702331543	-1182.68334960938	-14.7153062820435	40.2012214660645	-1183.89831542969	-12.686448097229	12.4879693984985	-1178.19848632812
PRI-10710	0.356700092554092	-58.2462730407715	-1179.74243164062	0.0573563426733017	-54.0613250732422	-1172.29284667969	-0.0064836791716516	-44.1020927429199	-1150.73742675781	-0.789733707904816	-24.6238479614258	-1126.33911132812	-0.881634771823883	-22.2452945709229	-1120.90600585938	-3.75887370109558	61.5214080810547	-1152.92150878906	-4.03943252563477	42.2379302978516	-1167.7529296875	-3.04305291175842	26.5755176544189	-1170.25695800781	-2.14780831336975	3.50657534599304	-1156.83801269531	-1.50461328029633	-12.0554180145264	-1168.1376953125	-0.080865278840065	-43.4223937988281	-1173.79309082031	10.6689214706421	-52.4110488891602	-1177.40441894531	11.5141973495483	-51.7196006774902	-1177.70434570312	14.7991609573364	-46.2106666564941	-1179.61767578125	17.8279438018799	-36.2115821838379	-1180.98657226562	14.5974245071411	-11.3140525817871	-1179.53967285156	10.6090259552002	-5.58624219894409	-1172.67138671875	3.59057354927063	-43.5090026855469	-1154.53527832031	2.23424601554871	-23.663480758667	-1134.78454589844	15.5081949234009	-18.8110771179199	-1125.13562011719	29.5915374755859	-13.4345054626465	-1136.57263183594	42.7275009155273	1.63942730426788	-1158.44482421875	32.7795448303223	10.6001405715942	-1160.0576171875	13.147421836853	-5.44172716140747	-1151.76171875	27.0129089355469	30.7282009124756	-1156.89709472656	14.7379007339478	31.5021171569824	-1167.95556640625	4.47638130187988	36.8490142822266	-1170.63452148438	4.92689561843872	9.28583526611328	-1162.09399414062	-10.2905426025391	-52.6319847106934	-1178.08142089844	-11.1765718460083	-51.9273948669434	-1178.37634277344	-14.1722087860107	-46.455623626709	-1180.00317382812	-18.0249557495117	-36.9009895324707	-1181.04602050781	-17.1912097930908	-12.1506481170654	-1179.01904296875	-13.6926593780518	-7.28073453903198	-1172.76647949219	-4.08069896697998	-43.982593536377	-1154.22900390625	-4.09750604629517	-24.1979103088379	-1134.47082519531	-16.6803169250488	-20.287899017334	-1124.70324707031	-32.9078636169434	-15.7722730636597	-1137.0615234375	-46.472583770752	-3.14690518379211	-1159.47595214844	-38.8329849243164	8.17385387420654	-1159.18408203125	-16.5896492004395	-7.46879005432129	-1151.08117675781	-33.7276344299316	27.1197052001953	-1157.00012207031	-20.9031810760498	28.9943084716797	-1168.55969238281	-11.2178373336792	36.1979141235352	-1170.47216796875	-9.91716957092285	8.45323276519775	-1162.16540527344
PRI-10711	-1.01369869709015	-56.4200477600098	-1187.90026855469	-1.61705017089844	-53.241756439209	-1179.87365722656	-2.13568353652954	-43.8588752746582	-1155.62072753906	-2.09346580505371	-19.4506969451904	-1129.35717773438	-2.04675698280334	-16.0035152435303	-1124.4306640625	-2.72170042991638	72.1115646362305	-1152.71997070312	-2.82297277450562	56.2533683776855	-1173.0078125	-2.27819633483887	39.4101753234863	-1176.7490234375	-2.44363260269165	12.8420667648315	-1165.01013183594	-2.02271199226379	-4.22322559356689	-1173.84948730469	-1.45227003097534	-41.7740592956543	-1180.23376464844	10.622748374939	-51.6055793762207	-1185.89453125	13.1592617034912	-50.1023864746094	-1185.39782714844	15.153546333313	-41.2215194702148	-1187.40100097656	17.6347732543945	-30.3488235473633	-1188.15075683594	14.7874774932861	-5.24293994903564	-1187.14428710938	9.3684778213501	1.1299467086792	-1180.26025390625	3.59227132797241	-42.3775901794434	-1159.20300292969	1.0675460100174	-18.7537612915039	-1137.78283691406	15.0241012573242	-12.5976696014404	-1127.99377441406	32.4329681396484	-5.35251188278198	-1138.52038574219	46.4060249328613	11.5943002700806	-1163.97631835938	37.0831642150879	21.1389350891113	-1165.88012695312	12.936824798584	0.688969731330872	-1158.28015136719	29.8138389587402	40.6131057739258	-1162.88195800781	15.2211465835571	42.5742301940918	-1174.69201660156	5.7036828994751	49.2815132141113	-1176.84350585938	5.54707813262939	21.3470687866211	-1169.86267089844	-13.845832824707	-51.8461380004883	-1186.38977050781	-15.7342891693115	-50.9014930725098	-1186.72937011719	-18.6496238708496	-41.4961967468262	-1187.41711425781	-21.3267059326172	-30.938346862793	-1187.81079101562	-19.253267288208	-5.71116924285889	-1187.21337890625	-13.8173713684082	1.16829538345337	-1180.27502441406	-7.91692781448364	-42.5020408630371	-1159.50573730469	-5.38813591003418	-18.9880619049072	-1137.61669921875	-20.6095218658447	-13.5396747589111	-1128.24182128906	-38.0785140991211	-8.37943077087402	-1139.85034179688	-52.3853378295898	8.28311252593994	-1164.40405273438	-42.5653915405273	20.1674423217773	-1165.85217285156	-18.4936199188232	0.152718931436539	-1158.81433105469	-36.2305564880371	39.7678413391113	-1163.08447265625	-20.8375434875488	42.392650604248	-1174.380859375	-11.1682929992676	49.3509483337402	-1176.71850585938	-10.9221086502075	21.3574466705322	-1170.92797851562
PRI-10712	-0.777060091495514	-54.9923133850098	-1183.53503417969	-0.984803795814514	-49.5872535705566	-1173.96362304688	-2.57025504112244	-41.6946144104004	-1149.44201660156	-2.27890682220459	-19.4966678619385	-1126.291015625	-2.29647588729858	-16.972864151001	-1120.44885253906	-6.35328006744385	66.9309692382812	-1151.841796875	-4.94249057769775	47.7167205810547	-1169.23657226562	-4.46782541275024	33.2682876586914	-1172.69201660156	-3.41611075401306	9.0431432723999	-1160.72033691406	-2.94705939292908	-8.32501888275146	-1169.16784667969	-1.27141952514648	-40.6511535644531	-1176.73840332031	9.67360210418701	-49.8088722229004	-1180.7412109375	11.2986917495728	-48.7544822692871	-1180.66772460938	15.1791229248047	-43.4474067687988	-1182.85925292969	17.4152965545654	-32.8485336303711	-1183.79077148438	14.0291337966919	-7.89822387695312	-1182.67785644531	9.04250526428223	-0.128072902560234	-1176.4892578125	2.23035860061646	-38.750301361084	-1153.81396484375	0.475494652986526	-16.9800033569336	-1132.94201660156	13.5498704910278	-13.7943134307861	-1124.35498046875	28.5403575897217	-9.129225730896	-1133.60412597656	42.1059150695801	7.20598554611206	-1157.1279296875	34.4230041503906	20.3854026794434	-1160.56188964844	12.4019966125488	-2.08085823059082	-1154.68334960938	25.186710357666	36.8748970031738	-1158.11633300781	12.3400926589966	37.7018547058105	-1170.41870117188	2.50011205673218	42.4848251342773	-1171.41357421875	3.4125292301178	15.6946172714233	-1165.47570800781	-11.5613861083984	-50.8286781311035	-1180.60693359375	-12.9878807067871	-49.6713256835938	-1181.00378417969	-16.7353363037109	-44.7119293212891	-1183.10754394531	-20.111234664917	-35.0444869995117	-1184.39758300781	-19.6288108825684	-9.76954174041748	-1183.0400390625	-16.0584545135498	-1.15945148468018	-1176.47583007812	-6.4756326675415	-39.7819633483887	-1153.56970214844	-5.51605701446533	-18.2971534729004	-1132.73168945312	-18.8115921020508	-15.2162809371948	-1123.75476074219	-33.8889770507812	-12.2991571426392	-1134.1982421875	-48.6395378112793	2.41769123077393	-1156.90234375	-43.3049087524414	17.3636093139648	-1160.8349609375	-18.4817428588867	-3.58896088600159	-1154.4814453125	-34.6246147155762	33.5741653442383	-1158.17907714844	-21.795467376709	35.5683288574219	-1170.30517578125	-12.6532964706421	41.6335487365723	-1171.59094238281	-11.2368431091309	15.3295621871948	-1165.49279785156
PRI-10713	-0.970850944519043	-61.9481964111328	-1174.69311523438	-1.59199202060699	-54.9051856994629	-1168.60827636719	-1.49987995624542	-39.356632232666	-1141.74035644531	-2.13567423820496	-14.7672472000122	-1118.68981933594	-2.09146523475647	-11.2971057891846	-1112.908203125	-6.2574782371521	74.9005508422852	-1151.80834960938	-6.00781011581421	55.6900062561035	-1169.84887695312	-4.37597799301147	36.5033302307129	-1170.89733886719	-3.09443545341492	11.8952703475952	-1156.09973144531	-2.76320648193359	-6.35593032836914	-1164.70629882812	NA	NA	NA	10.84557056427	-55.3469200134277	-1175.03637695312	13.6522998809814	-52.9299468994141	-1175.677734375	16.035120010376	-46.2459869384766	-1175.56494140625	18.7573223114014	-35.3875961303711	-1176.86535644531	NA	NA	NA	9.82993507385254	0.348511636257172	-1171.83337402344	3.1163637638092	-39.8272666931152	-1147.82543945312	1.04069077968597	-13.3522148132324	-1125.57202148438	15.1909713745117	-8.88033580780029	-1117.25085449219	31.2565078735352	-5.77002429962158	-1128.14074707031	46.6978607177734	8.861496925354	-1157.57373046875	35.7809524536133	22.4395217895508	-1160.78088378906	13.169774055481	1.49394798278809	-1148.41589355469	29.1962890625	42.6973075866699	-1161.87817382812	12.0234203338623	40.6805648803711	-1169.24450683594	3.21723413467407	46.5218162536621	-1172.22985839844	4.19947910308838	19.4691429138184	-1161.44982910156	-13.5535554885864	-57.1745758056641	-1175.04333496094	-16.6504325866699	-54.2724609375	-1176.15637207031	-18.7397403717041	-48.080680847168	-1176.8818359375	-21.4226665496826	-36.888500213623	-1178.54455566406	-20.6086044311523	-10.680172920227	-1179.31372070312	-17.1649513244629	-1.59942471981049	-1172.53784179688	-6.64241743087769	-38.7693176269531	-1146.73266601562	-5.38038873672485	-14.5699090957642	-1124.96276855469	-19.2143650054932	-9.92648983001709	-1116.65747070312	-35.6398620605469	-8.50410747528076	-1127.568359375	-51.560131072998	3.5815110206604	-1155.70324707031	-43.4866027832031	19.0603313446045	-1160.14038085938	-18.3601970672607	0.383825480937958	-1148.62841796875	-39.2577171325684	39.0182685852051	-1160.59545898438	-21.4939289093018	39.3377838134766	-1169.03991699219	-13.3584327697754	45.2194213867188	-1171.81970214844	-12.6022329330444	18.5218505859375	-1161.54113769531
PRI-10716	1.35684323310852	-65.0820770263672	-1201.25500488281	0.0736824199557304	-60.9484100341797	-1192.69470214844	-0.192438289523125	-49.2615165710449	-1171.330078125	-1.22720205783844	-24.2529964447021	-1146.56848144531	-1.12047028541565	-20.8229446411133	-1140.39453125	-5.0977029800415	62.7748489379883	-1173.07482910156	-3.52469491958618	45.287223815918	-1193.73803710938	-3.35479927062988	28.7006778717041	-1195.22021484375	-3.01132297515869	1.93988645076752	-1179.07299804688	-1.78850901126862	-12.9807109832764	-1189.15319824219	0.229177817702293	-49.0658226013184	-1194.47595214844	11.8574094772339	-59.9379425048828	-1198.02746582031	14.1840934753418	-58.3062896728516	-1198.66857910156	16.924259185791	-50.1480712890625	-1199.78955078125	18.960391998291	-39.4052467346191	-1201.5390625	16.2109241485596	-14.2275524139404	-1200.90808105469	10.5995321273804	-7.1227617263794	-1194.86901855469	4.60603189468384	-48.8131065368652	-1174.69763183594	1.29091107845306	-24.4718837738037	-1152.736328125	14.8007593154907	-18.5049591064453	-1142.59008789062	30.3062858581543	-13.4432649612427	-1153.11938476562	44.4376945495605	2.33043718338013	-1179.40783691406	34.6813621520996	13.8701238632202	-1180.52526855469	13.043080329895	-6.30275106430054	-1173.85961914062	28.0111198425293	31.9766044616699	-1179.99487304688	16.0539741516113	32.932991027832	-1192.15771484375	5.35450601577759	38.2183532714844	-1195.88671875	5.43284034729004	10.7425537109375	-1186.48486328125	-10.6366004943848	-61.0844688415527	-1198.49243164062	-12.2191925048828	-59.1168594360352	-1198.79357910156	-16.5394115447998	-51.1939010620117	-1200.44470214844	-19.0415267944336	-41.2850723266602	-1202.83764648438	-19.0055027008057	-16.1032562255859	-1202.00158691406	-14.8517045974731	-7.9074969291687	-1195.53369140625	-5.76124572753906	-48.6993179321289	-1174.62280273438	-3.95037746429443	-23.8328247070312	-1153.06188964844	-18.6685600280762	-19.503927230835	-1142.84729003906	-33.6399421691895	-16.2246799468994	-1153.46887207031	-49.3991928100586	-1.76877558231354	-1181.41687011719	-40.9765205383301	11.0292291641235	-1182.55334472656	-16.394287109375	-8.25389099121094	-1174.42614746094	-36.1249313354492	29.8276653289795	-1181.83117675781	-23.4116477966309	30.5993881225586	-1193.61950683594	-12.3865833282471	37.9725532531738	-1196.78576660156	-11.9743385314941	10.6438980102539	-1186.6982421875
PRI-10722	-4.14224529266357	-66.6780776977539	-1179.91528320312	-4.11318588256836	-59.6782302856445	-1169.46850585938	-3.80875205993652	-47.3316535949707	-1146.236328125	-4.39654588699341	-21.8324127197266	-1121.49963378906	-4.23769903182983	-17.6755180358887	-1115.76281738281	-5.6824140548706	65.1453094482422	-1155.73095703125	-6.37949705123901	44.1774406433105	-1171.55688476562	-5.92202472686768	27.2091674804688	-1172.40808105469	-5.47740888595581	2.87043476104736	-1156.61022949219	-5.56498908996582	-11.9125633239746	-1167.50109863281	-4.17059803009033	-47.9656372070312	-1172.63171386719	7.27648591995239	-61.3066673278809	-1177.638671875	8.08813381195068	-61.0345649719238	-1177.75573730469	13.5997552871704	-52.5766296386719	-1179.5146484375	16.3311557769775	-41.6749839782715	-1180.72302246094	12.671480178833	-14.9502210617065	-1180.15625	8.19846534729004	-7.31857204437256	-1175.03503417969	0.299460530281067	-45.6344757080078	-1148.69738769531	-1.35185253620148	-20.8572235107422	-1128.32263183594	12.7144708633423	-15.2284851074219	-1118.60327148438	30.0774593353271	-8.66461086273193	-1130.76391601562	45.185432434082	2.53748846054077	-1160.97253417969	36.3915557861328	13.8343067169189	-1160.7275390625	11.2515020370483	-7.46426010131836	-1151.2314453125	27.7522583007812	33.5817756652832	-1161.12426757812	12.5308895111084	30.3704280853271	-1171.41784667969	1.73520362377167	37.3465309143066	-1173.76025390625	2.52139949798584	9.48964023590088	-1162.50769042969	-15.8653879165649	-61.7793769836426	-1175.99145507812	-16.2635841369629	-61.0995979309082	-1176.06384277344	-21.967414855957	-52.7288093566895	-1178.67907714844	-25.0065155029297	-41.3674621582031	-1180.26147460938	-22.886848449707	-16.2612762451172	-1179.41455078125	-19.195333480835	-7.14529085159302	-1174.47839355469	-9.08095932006836	-47.7829208374023	-1149.94799804688	-7.72563076019287	-21.9779605865479	-1127.8759765625	-22.3171787261963	-15.0779600143433	-1118.11889648438	-40.1394081115723	-9.47643947601318	-1131.02001953125	-55.1561241149902	0.288585603237152	-1161.80541992188	-45.6087532043457	12.1349658966064	-1160.29260253906	-20.8225727081299	-7.30369758605957	-1150.10217285156	-39.6352272033691	32.1500205993652	-1160.95434570312	-21.7599411010742	30.2655658721924	-1170.37060546875	-13.9532279968262	37.1596069335938	-1174.14477539062	-13.0584659576416	9.44986724853516	-1161.86474609375
PRI-10723	1.81079053878784	-58.4128456115723	-1172.4892578125	1.36005616188049	-53.3018569946289	-1161.52917480469	1.08669292926788	-43.9562530517578	-1141.12182617188	-0.167314007878304	-23.5709743499756	-1118.25390625	-0.241373404860497	-21.1094646453857	-1113.59680175781	-1.19277489185333	61.5419769287109	-1147.60913085938	-1.5178827047348	45.7748413085938	-1165.25244140625	-1.20426297187805	30.8723926544189	-1167.6748046875	-1.41434502601624	4.53362798690796	-1154.43737792969	-0.571604013442993	-11.8583707809448	-1160.95751953125	1.12418723106384	-44.6089324951172	-1165.35192871094	12.3852386474609	-51.9929428100586	-1170.185546875	13.0647077560425	-50.6442527770996	-1171.04235839844	15.9988851547241	-45.8396034240723	-1172.32043457031	19.1071662902832	-34.954647064209	-1173.61572265625	16.5484066009521	-9.56470680236816	-1172.6875	11.480447769165	-5.11349773406982	-1167.17749023438	5.51922845840454	-42.7198677062988	-1143.4208984375	3.08983516693115	-23.0147171020508	-1125.12353515625	15.7832469940186	-17.1115474700928	-1117.28137207031	30.4097061157227	-11.9289445877075	-1128.20849609375	43.4889945983887	1.67456638813019	-1151.732421875	35.3794555664062	12.8461780548096	-1154.37487792969	13.7228231430054	-6.15073776245117	-1147.77307128906	28.0045719146729	31.1535301208496	-1153.18981933594	15.0807342529297	32.9349937438965	-1165.27685546875	6.21276092529297	39.9648933410645	-1167.07897949219	6.03140068054199	12.4249591827393	-1160.51586914062	-9.73102951049805	-52.6110000610351	-1170.10192871094	-10.7629823684692	-51.5178680419922	-1170.22595214844	-13.3157663345337	-47.0294609069824	-1172.365234375	-17.4198093414307	-36.8959274291992	-1173.5458984375	-17.3239116668701	-11.4786396026611	-1173.62609863281	-12.325834274292	-5.58269882202148	-1167.55639648438	-4.02828598022461	-44.2135734558105	-1144.23657226562	-3.94003987312317	-22.8841247558594	-1124.90075683594	-16.8768196105957	-17.7432861328125	-1117.25280761719	-32.1951866149902	-12.5541877746582	-1128.34619140625	-44.5834693908691	2.03801012039185	-1153.33898925781	-37.108829498291	13.2498149871826	-1155.85424804688	-15.4691963195801	-5.68122100830078	-1147.28198242188	-30.4835891723633	31.8980007171631	-1154.85510253906	-16.4933528900146	32.9406356811523	-1166.68579101562	-8.53261756896973	40.0457191467285	-1167.54528808594	-8.18545913696289	12.9009265899658	-1161.06005859375
PRI-10724	-0.605337798595428	-60.4838333129883	-1157.91101074219	-1.18614375591278	-54.990852355957	-1150.46618652344	-1.04090297222137	-43.1183547973633	-1133.19055175781	-2.68784666061401	-19.4683399200439	-1114.51379394531	-2.89773774147034	-16.2597541809082	-1109.66564941406	-9.63612937927246	60.6068153381348	-1154.27307128906	-7.55734062194824	39.9082565307617	-1167.69750976562	-6.63099384307861	21.8213577270508	-1168.30187988281	-4.8135495185852	0.346929639577866	-1149.47399902344	-3.63637351989746	-15.8799657821655	-1156.71276855469	-1.87266623973846	-46.2922706604004	-1154.8984375	9.55056953430176	-53.9357147216797	-1156.65222167969	10.193263053894	-53.2170906066895	-1157.32836914062	13.1884422302246	-49.4075889587402	-1159.51721191406	16.1342315673828	-39.4694709777832	-1164.07238769531	12.6247730255127	-14.8208827972412	-1167.36462402344	7.85851335525513	-9.84733486175537	-1163.6845703125	3.30548787117004	-42.6894645690918	-1136.34313964844	-0.211452260613441	-18.7892303466797	-1121.00439453125	11.8822813034058	-12.8953018188477	-1112.37121582031	26.8720817565918	-9.60939788818359	-1123.39526367188	37.9380531311035	1.63070285320282	-1152.56958007812	30.6299343109131	10.1635437011719	-1153.78540039062	10.7044305801392	-6.77058172225952	-1143.80554199219	23.9449291229248	28.6070251464844	-1156.01831054688	9.78386688232422	25.4002285003662	-1166.89868164062	0.82483959197998	30.8196678161621	-1169.40405273438	0.6970055103302	7.36008930206299	-1157.56042480469	-11.9523029327393	-55.2714881896973	-1156.95837402344	-12.5520687103271	-54.3684043884277	-1157.59155273438	-16.0518684387207	-50.7754402160645	-1159.39685058594	-21.0409336090088	-40.6357650756836	-1163.3818359375	-18.9634552001953	-15.5165586471558	-1167.56420898438	-15.2944889068604	-10.9446353912354	-1163.62219238281	-5.3676643371582	-43.4483985900879	-1136.6337890625	-5.32484912872314	-19.4785709381104	-1120.93505859375	-18.3959846496582	-14.1978378295898	-1112.52465820312	-34.5224647521973	-13.3235101699829	-1124.64379882812	-46.7248039245605	-3.40910387039185	-1151.3916015625	-40.787223815918	5.37802124023438	-1153.58129882812	-18.4933757781982	-9.0917329788208	-1143.87121582031	-37.1316986083984	24.7730178833008	-1156.05541992188	-23.2923221588135	23.119026184082	-1167.67761230469	-15.166374206543	29.7033290863037	-1169.61352539062	-12.0557098388672	6.08755826950073	-1156.77905273438
PRI-10726	-1.84263944625854	-55.373836517334	-1186.31115722656	-2.00866031646729	-51.6865463256836	-1177.42248535156	-2.07934665679932	-43.5481109619141	-1156.30493164062	-2.7237663269043	-19.3145751953125	-1133.6494140625	-2.66671991348267	-16.9764213562012	-1128.95056152344	-7.16997528076172	64.4511108398438	-1161.73828125	-6.7313084602356	48.5076141357422	-1177.73474121094	-5.56968641281128	30.9343490600586	-1180.82971191406	-4.53015947341919	6.48047399520874	-1167.69787597656	-3.35834097862244	-9.36696720123291	-1175.66162109375	-2.21956515312195	-41.8817825317383	-1179.12451171875	9.3499813079834	-50.1823463439941	-1183.57934570312	10.050853729248	-49.4393424987793	-1183.70043945312	13.2137308120728	-44.8039360046387	-1185.69750976562	15.5885219573975	-34.418758392334	-1187.82092285156	12.6660737991333	-10.5581293106079	-1188.29821777344	6.82947206497192	-3.61385941505432	-1182.28527832031	2.50866007804871	-39.8123435974121	-1158.68298339844	-0.099512591958046	-18.4332580566406	-1141.13330078125	13.3989133834839	-13.0400686264038	-1132.17724609375	27.6694946289062	-8.20503997802734	-1143.9404296875	40.7136993408203	6.31115198135376	-1168.42199707031	32.5729713439941	18.4605274200439	-1169.99487304688	11.3147468566895	-1.35934293270111	-1160.74694824219	24.9076271057129	34.5050239562988	-1167.45727539062	10.0906915664673	33.9233436584473	-1178.43896484375	1.55246615409851	40.5762748718262	-1180.28942871094	2.11205863952637	15.0553283691406	-1174.2333984375	-13.7734632492065	-50.8579559326172	-1183.38977050781	-14.4213943481445	-50.0649719238281	-1183.63024902344	-17.2906455993652	-45.2056274414062	-1185.66638183594	-20.7140274047852	-35.3645820617676	-1187.86608886719	-19.3828125	-11.9818334579468	-1188.609375	-14.148922920227	-4.7012619972229	-1181.89086914062	-7.34459018707275	-41.6187210083008	-1158.8623046875	-6.13803291320801	-18.4141693115234	-1140.29748535156	-18.8178558349609	-14.7208623886108	-1132.30224609375	-34.939208984375	-11.6705951690674	-1142.11401367188	-49.192310333252	3.92730164527893	-1168.08935546875	-42.1288223266602	14.59925365448	-1169.83923339844	-19.6471920013428	-4.36073637008667	-1161.43017578125	-36.7935371398926	31.205680847168	-1167.23901367188	-22.3087959289551	32.2554969787598	-1178.84460449219	-13.9824666976929	39.9157752990723	-1180.68347167969	-11.5182456970215	14.0866956710815	-1173.82250976562
PRI-10727	-0.90852302312851	-53.4033508300781	-1186.67004394531	-0.9188432097435	-49.3651924133301	-1179.69384765625	-1.70707929134369	-40.6565322875977	-1157.35168457031	-2.61710906028748	-19.9517936706543	-1131.56567382812	-2.74342322349548	-17.1088695526123	-1125.86340332031	-3.80892634391785	66.4529418945312	-1157.21533203125	-2.80695867538452	49.8864097595215	-1172.63818359375	-2.84728932380676	32.6411056518555	-1177.12121582031	-1.91455817222595	6.76757001876831	-1164.53735351562	-1.29775238037109	-9.42492294311523	-1176.09655761719	-0.54768842458725	-38.6636772155762	-1180.99035644531	9.70601749420166	-47.3474044799805	-1184.6796875	10.6787776947021	-46.6646423339844	-1185.19104003906	14.2065229415894	-42.0183219909668	-1187.46032714844	18.4060554504395	-31.3547439575195	-1188.69018554688	16.096752166748	-6.53463172912598	-1188.23583984375	10.5782041549683	-1.47443997859955	-1181.41137695312	2.68945717811584	-38.7825546264648	-1160.26770019531	-0.119433999061584	-19.2103862762451	-1139.54113769531	15.0090522766113	-14.7459440231323	-1129.82971191406	29.4637985229492	-9.13920974731445	-1140.54479980469	43.3132247924805	6.94920921325684	-1165.2333984375	34.5728492736816	16.3918342590332	-1166.27490234375	12.7470998764038	-3.47438359260559	-1159.37963867188	28.569766998291	34.5441055297852	-1162.53234863281	14.0319042205811	34.6262474060059	-1174.84912109375	5.1241340637207	42.2576293945312	-1176.302734375	4.82838296890259	14.5644626617432	-1171.23608398438	-10.8690986633301	-46.7626190185547	-1185.93579101562	-13.1467208862305	-46.0598297119141	-1186.21105957031	-16.1733741760254	-41.7483673095703	-1187.96435546875	-20.8584308624268	-31.1350326538086	-1189.74536132812	-19.0275077819824	-5.9128999710083	-1188.95520019531	-13.9199275970459	-1.2486298084259	-1182.90270996094	-6.39869499206543	-39.2416458129883	-1161.58862304688	-5.41358423233032	-18.9401206970215	-1139.35546875	-19.4732265472412	-15.5878086090088	-1130.08276367188	-35.5324935913086	-10.0024929046631	-1143.93627929688	-47.9087142944336	6.24365043640137	-1169.54748535156	-39.4996681213379	15.436450958252	-1169.12487792969	-18.1379432678223	-3.68790531158447	-1160.0126953125	-33.9853782653809	33.7825012207031	-1165.220703125	-20.2800273895264	35.3369369506836	-1175.95043945312	-10.0379648208618	41.984001159668	-1177.26257324219	-9.0516185760498	15.2488698959351	-1171.39135742188
PRI-10729	1.00624799728394	-71.5347366333008	-1121.28063964844	0.427550375461578	-65.9543075561523	-1112.27001953125	NA	NA	NA	-0.167885810136795	-30.8219890594482	-1059.87548828125	-0.25519397854805	-27.3163089752197	-1054.53381347656	-4.95323181152344	58.3826942443848	-1079.01818847656	-5.39567279815674	42.3751525878906	-1103.0478515625	-4.35582399368286	25.4119892120361	-1106.68762207031	-3.38787770271301	-0.465425610542297	-1093.80261230469	-1.94299328327179	-18.350715637207	-1105.87866210938	-0.0612301304936409	-54.7794570922852	-1115.02526855469	11.7761497497559	-66.3199462890625	-1119.42175292969	13.9031896591187	-64.4913635253906	-1120.115234375	16.3909473419189	-54.7014541625977	-1122.76049804688	18.47705078125	-44.6331062316895	-1123.39172363281	14.436749458313	-19.332857131958	-1120.1748046875	8.7444429397583	-10.7044162750244	-1111.16796875	5.46749925613403	-53.7027854919434	-1092.48547363281	2.8803071975708	-29.7225818634033	-1067.74938964844	17.2246208190918	-24.2085208892822	-1058.36206054688	33.9897422790527	-17.8166751861572	-1069.12829589844	44.8090744018555	-2.86472344398499	-1092.68432617188	36.1783218383789	8.48569297790527	-1093.24731445312	14.3709621429443	-10.3687391281128	-1086.34497070312	27.4304351806641	28.1262664794922	-1091.01391601562	13.0065021514893	29.3871212005615	-1104.12658691406	3.20624732971191	36.6431732177734	-1106.20776367188	3.66309285163879	7.86270332336426	-1099.06079101562	-10.9163761138916	-67.5421447753906	-1119.76684570312	-13.0063905715942	-66.2512588500977	-1120.32580566406	-17.0143527984619	-57.7895736694336	-1121.77880859375	-20.424186706543	-47.189022064209	-1122.39343261719	-20.2919692993164	-21.5204887390137	-1119.85961914062	-15.0799026489258	-12.1844444274902	-1111.14538574219	-4.97119998931885	-54.1424598693848	-1092.01147460938	-3.5249924659729	-30.2100563049316	-1067.81164550781	-18.001651763916	-27.6412353515625	-1058.99829101562	-36.4294128417969	-22.2076244354248	-1069.11999511719	-49.8068542480469	-6.23335409164429	-1094.41674804688	-43.1231880187988	5.88189888000488	-1094.00793457031	-18.9807605743408	-11.8805246353149	-1086.51599121094	-37.7728004455566	27.1498851776123	-1091.18701171875	-21.9918117523193	27.5947551727295	-1104.08728027344	-12.938494682312	35.8263511657715	-1107.15905761719	-11.721658706665	7.79708242416382	-1099.27612304688
PRI-10731	-0.290401071310043	-67.8740234375	-1115.88049316406	-0.877368152141571	-60.8861885070801	-1106.81005859375	-0.539525270462036	-46.8640747070312	-1085.3916015625	-1.29245805740356	-27.9961338043213	-1061.255859375	-1.24682748317719	-24.9897842407227	-1054.31677246094	-6.51761865615845	58.1001853942871	-1081.52111816406	-5.89471387863159	42.8708114624023	-1103.68664550781	-4.2998161315918	28.2394123077393	-1105.9140625	-3.08622694015503	1.8501558303833	-1095.16528320312	-2.52959299087524	-14.7926397323608	-1105.00659179688	-1.35778284072876	-50.8792037963867	-1109.99853515625	11.2926635742188	-61.5601119995117	-1115.31823730469	13.5090923309326	-58.7385292053223	-1115.57495117188	16.5980892181396	-50.2072982788086	-1116.98571777344	19.7554416656494	-38.2776222229004	-1116.833984375	15.0591888427734	-12.5498142242432	-1115.96899414062	9.40845966339111	-6.66054773330688	-1109.90649414062	4.00552129745483	-47.9850006103516	-1090.08544921875	1.7810685634613	-25.6206970214844	-1066.61254882812	16.439754486084	-22.1373043060303	-1058.33911132812	32.1970825195312	-16.6746692657471	-1069.68591308594	45.8456954956055	2.74293637275696	-1096.35559082031	35.5644264221191	14.2853603363037	-1096.18408203125	13.2765235900879	-9.61156558990478	-1088.34436035156	27.3609066009521	31.3016185760498	-1093.68481445312	13.399956703186	31.3898143768311	-1104.7548828125	3.28388500213623	37.2915992736816	-1106.20007324219	3.95266389846802	9.75561237335205	-1099.20935058594	-12.2447204589844	-62.7708969116211	-1113.99548339844	-13.9517936706543	-60.2076721191406	-1114.37841796875	-18.5866222381592	-51.9921379089355	-1116.73376464844	-22.2843837738037	-40.5824279785156	-1116.13732910156	-19.7757377624512	-14.6280603408813	-1115.39636230469	-15.2303123474121	-8.96194171905518	-1109.54321289062	-5.93171739578247	-48.3991851806641	-1089.90979003906	-4.76752996444702	-26.2914161682129	-1067.40454101562	-18.1879291534424	-23.7006397247314	-1058.87097167969	-36.5767440795898	-21.082836151123	-1070.015625	-51.0802879333496	-4.41292428970337	-1094.99963378906	-42.765079498291	9.77701950073242	-1095.72741699219	-17.5584583282471	-11.4368419647217	-1088.31579589844	-36.640266418457	27.0904903411865	-1093.18762207031	-22.1818714141846	29.5334758758545	-1104.89282226562	-12.68821144104	36.3643264770508	-1106.30163574219	-11.6527185440063	9.30576038360596	-1099.36865234375
PRI-10732	-2.60942959785461	-69.0432968139648	-1113.81970214844	-2.79769468307495	-65.0641708374023	-1104.14624023438	-1.74210953712463	-50.3850479125977	-1078.60400390625	-0.698364853858948	-25.754674911499	-1054.20849609375	-0.631855309009552	-21.7332363128662	-1047.80419921875	-1.69972121715546	62.7885360717773	-1077.47021484375	-1.15472054481506	47.8683738708496	-1100.11083984375	-1.10414552688599	30.9226894378662	-1102.97302246094	-1.42248213291168	4.03316020965576	-1090.85583496094	-1.87097752094269	-13.8852834701538	-1099.54028320312	-2.63911151885986	-51.0005989074707	-1104.78991699219	9.08973979949951	-64.6745529174805	-1111.14953613281	13.2473640441895	-60.872673034668	-1112.17041015625	15.5203657150269	-54.4824295043945	-1113.60424804688	17.0150489807129	-43.4739456176758	-1113.36828613281	16.1511039733887	-17.0803718566895	-1114.07702636719	11.3449687957764	-7.29645347595215	-1107.57556152344	2.74569058418274	-51.6153373718262	-1084.40356445312	2.12386441230774	-24.9756355285645	-1061.15417480469	16.5682277679443	-18.9272537231445	-1052.80798339844	33.7154159545898	-18.1044864654541	-1064.16174316406	49.0974617004395	0.296141982078552	-1093.32666015625	38.3503494262695	12.009482383728	-1093.009765625	14.318585395813	-8.11587429046631	-1084.58129882812	32.5964050292969	31.0878467559814	-1090.54333496094	15.878472328186	33.3547782897949	-1100.78515625	6.31224584579468	40.3011779785156	-1103.49914550781	5.86700963973999	11.0802383422852	-1094.90954589844	-14.3644542694092	-64.5079193115234	-1111.10119628906	-18.1035461425781	-60.997631072998	-1111.24133300781	-20.0388774871826	-54.7408218383789	-1112.79626464844	-22.1574668884277	-43.248664855957	-1112.91735839844	-20.3438415527344	-16.7186489105225	-1114.15783691406	-15.7151069641113	-6.28929328918457	-1106.40295410156	-7.41483163833618	-51.6845550537109	-1085.53186035156	-4.44683122634888	-25.4139232635498	-1061.39831542969	-18.1604118347168	-20.2389602661133	-1052.48791503906	-36.2687034606934	-17.2661552429199	-1063.00390625	-50.8454322814941	0.563847064971924	-1091.04724121094	-41.3818397521973	12.7548007965088	-1091.99572753906	-16.9416599273682	-8.78877639770508	-1083.78466796875	-35.2637748718262	31.4884986877441	-1090.44567871094	-18.8528614044189	33.6099128723145	-1100.81506347656	-8.80505561828613	39.988842010498	-1103.03796386719	-8.7010498046875	10.9416065216064	-1095.11364746094
PRI-10734	-2.54888653755188	-71.4640045166016	-1110.61633300781	-2.45767140388489	-67.3778228759766	-1100.90710449219	-2.19091534614563	-56.7929573059082	-1075.82287597656	-1.69759833812714	-27.6071166992188	-1048.02746582031	-1.77274990081787	-23.7494583129883	-1041.66943359375	-3.8741729259491	64.4259948730469	-1075.35668945312	-3.38985252380371	47.0512809753418	-1095.3681640625	-2.77774810791016	27.752872467041	-1100.16491699219	-2.33392548561096	1.37009525299072	-1083.40551757812	-2.09422016143799	-17.4902515411377	-1094.6298828125	-1.90138936042786	-56.2343063354492	-1102.04113769531	8.55090236663818	-65.8213729858398	-1107.03894042969	12.1895351409912	-63.9134674072266	-1106.70764160156	15.1088886260986	-56.7427406311035	-1108.68176269531	17.594705581665	-45.2275886535645	-1109.15197753906	15.4757585525513	-19.6427383422852	-1108.14538574219	10.3753747940063	-10.9204549789429	-1100.8935546875	2.68065333366394	-53.5646591186523	-1079.33203125	0.737273037433624	-26.8225898742676	-1054.7890625	14.3170928955078	-20.1644954681396	-1045.41333007812	31.749361038208	-14.738377571106	-1058.19787597656	47.3105964660645	-1.71769380569458	-1084.04125976562	38.6029434204102	12.982720375061	-1086.66613769531	12.7027931213379	-8.23436546325684	-1076.5166015625	30.7803268432617	32.4406089782715	-1086.20056152344	14.4745693206787	31.0197639465332	-1098.11437988281	4.34364414215088	38.0259437561035	-1099.24450683594	5.30298614501953	8.48096084594727	-1090.18139648438	-13.9866418838501	-65.6463851928711	-1106.53955078125	-17.4390354156494	-62.5656089782715	-1109.01428222656	-19.1424350738525	-55.2084846496582	-1110.89086914062	-21.794361114502	-44.255184173584	-1109.58276367188	-19.148494720459	-19.4929542541504	-1108.01611328125	-15.1139583587646	-10.5387630462646	-1100.90173339844	-7.07121324539185	-53.2525062561035	-1080.05139160156	-4.96021223068237	-26.3823833465576	-1054.30249023438	-18.3843193054199	-20.9109401702881	-1045.16577148438	-36.8870086669922	-16.2143535614014	-1058.53076171875	-51.5491218566895	-2.79928541183472	-1085.52795410156	-43.9468841552734	10.9997434616089	-1085.8583984375	-18.293924331665	-9.30168151855469	-1076.59985351562	-36.3692398071289	31.0567531585693	-1086.13623046875	-19.7550373077393	29.175537109375	-1097.07849121094	-11.1703634262085	37.7769622802734	-1099.37866210938	-10.6558790206909	8.21844673156738	-1089.751953125
PRI-10736	-2.21768760681152	-67.0213394165039	-1125.52587890625	-2.34943675994873	-61.4372138977051	-1116.92163085938	-1.37923967838287	-48.0890579223633	-1094.13208007812	-0.446635544300079	-23.0509643554688	-1067.48486328125	-0.303037405014038	-19.6966037750244	-1061.24829101562	-1.96742177009583	68.0722885131836	-1092.87487792969	-2.20562267303467	51.2255401611328	-1111.3759765625	-2.32675099372864	33.248176574707	-1115.708984375	-2.51316404342651	7.01710605621338	-1102.07788085938	-2.43209958076477	-10.3991556167603	-1111.74548339844	-2.18881225585938	-48.3860702514648	-1118.23840332031	9.88108444213867	-61.2781562805176	-1122.07629394531	11.5996704101562	-59.0139465332031	-1122.33752441406	16.0849914550781	-49.8120231628418	-1123.35754394531	18.2872943878174	-38.1074180603027	-1125.68798828125	14.8491611480713	-11.8502340316772	-1124.67761230469	10.2240686416626	-4.69775676727295	-1118.92895507812	3.23100328445435	-46.2508583068848	-1097.21166992188	2.10124492645264	-21.6566429138184	-1073.08752441406	16.2695369720459	-17.5385971069336	-1065.072265625	33.337574005127	-13.0332698822021	-1075.9052734375	47.4887771606445	5.51753711700439	-1104.33142089844	34.272876739502	17.017707824707	-1102.60083007812	13.6926069259644	-5.60471725463867	-1096.52429199219	32.2860450744629	37.6522521972656	-1101.59985351562	13.9603118896484	36.7364273071289	-1113.35485839844	6.34799861907959	43.8946151733398	-1115.30676269531	4.74183082580566	13.8396444320679	-1108.7021484375	-14.4702072143555	-60.4414367675781	-1122.27099609375	-15.7171754837036	-58.6960563659668	-1122.50744628906	-20.3449001312256	-49.4576110839844	-1123.39013671875	-22.6919384002686	-38.2194938659668	-1125.85900878906	-19.7512531280518	-12.4687194824219	-1124.42297363281	-15.7566823959351	-4.52450275421143	-1117.8408203125	-7.26588535308838	-46.8163795471191	-1097.12292480469	-3.899258852005	-21.7632236480713	-1073.13647460938	-16.8555774688721	-17.430103302002	-1063.71618652344	-35.9051551818848	-13.1259346008301	-1075.06286621094	-50.9782371520996	4.59390020370483	-1102.48120117188	-37.9824752807617	17.3463172912598	-1101.67932128906	-16.9843978881836	-4.77084636688232	-1095.55163574219	-35.5414657592773	37.4171562194824	-1100.76635742188	-19.832935333252	37.789192199707	-1112.98596191406	-10.8752250671387	43.4104118347168	-1115.98291015625	-9.15884971618652	13.5857887268066	-1107.87646484375
PRI-10737	-3.4040539264679	-65.5138244628906	-1120.88830566406	-3.29338979721069	-59.7719535827637	-1112.7548828125	-1.28877997398376	-44.667163848877	-1090.005859375	-1.59431076049805	-20.0509700775146	-1061.44592285156	-1.37127149105072	-16.1842155456543	-1054.93103027344	-2.15446162223816	71.9495010375977	-1084.49865722656	-2.59953546524048	56.925048828125	-1107.54663085938	-3.04074478149414	38.526611328125	-1111.7744140625	-2.8972532749176	12.2426061630249	-1099.95361328125	-2.82882452011108	-5.3759446144104	-1109.16833496094	-2.82996773719788	-46.3570289611816	-1115.34191894531	8.38613033294678	-60.4011039733887	-1117.87072753906	12.297191619873	-57.466667175293	-1118.47705078125	15.0081434249878	-50.3508644104004	-1121.10913085938	18.1019191741943	-39.4910507202148	-1123.14074707031	16.6553554534912	-14.2018337249756	-1122.48596191406	10.9620800018311	-0.305077493190765	-1115.66711425781	3.0444483757019	-43.3930549621582	-1094.13317871094	1.29587268829346	-18.9083480834961	-1068.92004394531	16.6270904541016	-14.0094976425171	-1058.85192871094	33.3576583862305	-9.15999412536621	-1068.98400878906	50.8853073120117	8.49492073059082	-1096.93505859375	38.6407890319824	21.4756946563721	-1099.22497558594	13.3485145568848	-2.05577945709229	-1092.90173339844	32.9188270568848	41.7419281005859	-1097.17016601562	16.4738864898682	42.7094116210938	-1108.96862792969	5.56120491027832	50.6701431274414	-1111.45397949219	5.5192346572876	19.8184413909912	-1104.67919921875	-14.4571523666382	-59.2324638366699	-1118.18347167969	-17.6595573425293	-56.3459854125977	-1118.74829101562	-21.9767532348633	-50.0620155334473	-1121.21264648438	-24.2843418121338	-38.9757690429688	-1122.39916992188	-22.7490291595459	-13.8809080123901	-1121.71655273438	-16.3193416595459	0.283418416976929	-1115.22680664062	-6.92085552215576	-43.7565078735352	-1093.68981933594	-5.54641056060791	-17.8921318054199	-1069.17150878906	-21.1911563873291	-14.6738052368164	-1058.72814941406	-37.0770874023438	-8.82789993286133	-1067.23022460938	-55.5032539367676	7.98367071151733	-1097.00305175781	-44.4986801147461	22.2819118499756	-1097.71948242188	-18.9658527374268	-1.28896880149841	-1091.76721191406	-37.5645866394043	42.4814186096191	-1097.1435546875	-21.4849433898926	44.0020599365234	-1109.41711425781	-10.7242441177368	50.7610855102539	-1111.25231933594	-11.0779876708984	20.1048603057861	-1104.40551757812
PRI-10739	-2.95931935310364	-63.3139495849609	-1117.810546875	-3.05612373352051	-57.5664825439453	-1110.05261230469	-2.5364408493042	-45.2763633728027	-1088.1328125	-2.44397711753845	-22.7372703552246	-1063.20422363281	-2.37913084030151	-19.4495182037354	-1057.20251464844	-2.84372711181641	67.1987533569336	-1088.93286132812	-3.62339997291565	50.2347679138184	-1108.89331054688	-3.19725799560547	32.0945014953613	-1112.17272949219	-3.03620362281799	7.07337331771851	-1094.94750976562	-3.24188876152039	-7.89706993103027	-1107.56701660156	-3.37617659568787	-45.5689811706543	-1112.8466796875	9.01272201538086	-57.2013359069824	-1116.22570800781	10.1660919189453	-55.3506393432617	-1116.99841308594	13.551248550415	-47.6762466430664	-1117.74133300781	15.7064142227173	-35.9544868469238	-1120.35766601562	13.2626209259033	-9.46395206451416	-1121.0185546875	7.63476705551147	-2.21678185462952	-1114.14697265625	1.82513892650604	-43.3575477600098	-1091.20935058594	0.0546070523560047	-21.4813499450684	-1070.74145507812	13.832968711853	-17.4884433746338	-1061.54626464844	30.7279834747314	-11.4968099594116	-1071.69226074219	44.8822708129883	5.74991750717163	-1101.59509277344	35.6202812194824	16.2879657745361	-1100.84460449219	12.1890172958374	-2.97438097000122	-1092.44677734375	29.5989723205566	36.4041786193848	-1098.32922363281	13.3634338378906	36.4412689208984	-1111.14978027344	3.99620008468628	43.5349655151367	-1112.10766601562	4.28703165054321	16.6140766143799	-1103.88940429688	-15.2034950256348	-57.2600784301758	-1115.83764648438	-16.5328960418701	-55.8726768493652	-1116.15637207031	-19.9514427185059	-48.3140258789062	-1118.0341796875	-23.2866268157959	-36.6933822631836	-1120.03686523438	-20.5229396820068	-10.2653751373291	-1120.83117675781	-15.1369791030884	-2.8747935295105	-1113.15454101562	-7.40350151062012	-44.2482986450195	-1091.73608398438	-5.80103254318237	-21.4625244140625	-1070.0458984375	-18.4017372131348	-17.8298931121826	-1060.82678222656	-36.1849098205566	-11.918438911438	-1070.63098144531	NA	NA	NA	NA	NA	NA	-18.615873336792	-3.48395895957947	-1090.974609375	-35.9881362915039	35.9863090515137	-1096.79846191406	-21.0742530822754	36.1334381103516	-1109.40698242188	-11.1576175689697	43.4113578796387	-1112.09887695312	-10.5092420578003	15.5430488586426	-1103.07690429688
PRI-10740	0.396627813577652	-65.1195449829102	-1082.62280273438	-0.467220067977905	-59.0005950927734	-1075.96337890625	-0.922450065612793	-44.8325157165527	-1054.88403320312	-0.526547133922577	-21.9290924072266	-1030.59484863281	-0.661158084869385	-18.856351852417	-1025.39965820312	-2.26572632789612	67.3044281005859	-1055.48950195312	-2.4144184589386	53.1203994750977	-1077.6943359375	-1.91149687767029	35.3108901977539	-1081.47692871094	-1.28906297683716	7.94668865203857	-1067.41711425781	-1.4790153503418	-9.74090194702148	-1077.31799316406	-0.7262864112854	-46.2949523925781	-1079.20483398438	10.8334083557129	-57.5151710510254	-1082.75219726562	13.2564649581909	-55.640510559082	-1083.30993652344	15.9507122039795	-49.0827865600586	-1085.22192382812	19.2320098876953	-37.3681640625	-1088.32897949219	16.7236328125	-12.4330701828003	-1091.08251953125	10.8111667633057	-4.18352317810059	-1084.30480957031	4.0589542388916	-42.8019943237305	-1057.89929199219	2.04512214660645	-20.9660968780518	-1038.62744140625	16.623706817627	-15.4144239425659	-1028.24291992188	33.2362327575684	-10.7864809036255	-1038.29675292969	47.9899482727051	8.4656457901001	-1067.42834472656	38.5394096374512	17.7804203033447	-1068.93188476562	14.3375911712646	-3.36581206321716	-1061.076171875	29.9802303314209	37.931266784668	-1067.50012207031	15.8590087890625	37.484561920166	-1080.240234375	6.03370428085327	45.3533325195312	-1081.193359375	5.92612838745117	17.3153553009033	-1075.14929199219	-11.4184627532959	-58.3982810974121	-1081.96997070312	-14.4890651702881	-55.8752288818359	-1082.85437011719	-17.7170639038086	-49.3356399536133	-1085.22229003906	-21.0754451751709	-38.5621528625488	-1087.83349609375	-19.6472988128662	-13.4024114608765	-1090.88256835938	-14.2902317047119	-5.18317079544067	-1084.51586914062	-5.60941982269287	-43.9057655334473	-1058.65747070312	-4.03027391433716	-20.6794109344482	-1038.45544433594	-17.9177093505859	-16.3501358032227	-1028.86608886719	-35.5556945800781	-13.4214143753052	-1039.05920410156	-50.2878074645996	7.55884408950806	-1067.62316894531	-43.0532913208008	16.2917366027832	-1068.34057617188	-16.0328884124756	-4.27292346954346	-1061.02197265625	-33.1376037597656	36.4008674621582	-1067.162109375	-19.2863845825195	37.3008651733398	-1079.8408203125	-10.3994426727295	45.1129188537598	-1080.6328125	-9.2507905960083	16.9123058319092	-1074.03039550781
PRI-10742	-0.544079899787903	-56.4320373535156	-1099.66552734375	-0.705498278141022	-52.4186019897461	-1091.85595703125	-0.910217463970184	-43.3493881225586	-1070.998046875	-1.58808040618896	-21.7111148834229	-1047.72277832031	-1.6854076385498	-19.00168800354	-1041.84069824219	-3.8009717464447	63.3272666931152	-1073.43896484375	-4.0835165977478	47.1759719848633	-1090.69897460938	-3.37389135360718	31.0269260406494	-1091.42700195312	-2.42096948623657	7.07698488235474	-1080.9423828125	-1.37830853462219	-9.54222297668457	-1089.97705078125	-0.773845851421356	-44.1327705383301	-1095.03344726562	9.9411449432373	-50.9849586486816	-1098.3330078125	10.4755792617798	-50.1276206970215	-1098.5986328125	13.2340564727783	-45.5949172973633	-1100.75378417969	16.7182083129883	-35.4858474731445	-1102.99047851562	14.832239151001	-11.3447122573853	-1101.55285644531	10.1749238967896	-4.26020431518555	-1095.71423339844	3.45442295074463	-41.194465637207	-1073.529296875	0.888307332992554	-20.2936916351318	-1054.5234375	13.2797422409058	-16.068811416626	-1045.34375	28.8780345916748	-9.68080615997314	-1057.01318359375	40.8545074462891	2.50813841819763	-1080.51965332031	34.0533714294434	13.3851327896118	-1080.22644042969	11.0629177093506	-3.1170916557312	-1074.17224121094	26.874698638916	30.7998886108398	-1079.05187988281	13.0636615753174	32.1514053344727	-1090.0263671875	4.35087442398071	38.8556175231934	-1092.73986816406	4.97013854980469	10.9838924407959	-1085.28735351562	-11.4726991653442	-51.8735694885254	-1098.03430175781	-11.7073860168457	-51.5990982055664	-1098.43078613281	-15.2149858474731	-46.3321075439453	-1099.81823730469	-18.8912696838379	-36.609016418457	-1102.3642578125	-17.7451591491699	-12.3462324142456	-1101.81945800781	-13.086012840271	-4.4991340637207	-1096.72570800781	-5.4984130859375	-42.6607894897461	-1074.13562011719	-4.06401920318604	-20.943000793457	-1054.61706542969	-17.275936126709	-17.335901260376	-1046.62255859375	-32.8853530883789	-12.5605173110962	-1057.57763671875	-45.4222259521484	1.46264362335205	-1082.19079589844	-38.8454513549805	10.6454925537109	-1082.65771484375	-15.9557361602783	-4.75317716598511	-1075.38171386719	-34.3654403686523	28.9671401977539	-1080.30395507812	-19.591775894165	31.2706050872803	-1091.00671386719	-11.6331262588501	38.4155387878418	-1093.177734375	-9.53354549407959	11.634105682373	-1085.99206542969
PRI-10744	-1.52466249465942	-57.2507705688477	-1140.07336425781	-1.89314615726471	-53.3663368225098	-1132.34289550781	-1.70370984077454	-45.6233749389649	-1111.05688476562	-2.29962086677551	-26.0129280090332	-1087.84362792969	-2.42861866950989	-23.5580387115479	-1082.58911132812	-4.50464296340942	60.9059867858887	-1109.74768066406	-4.031409740448	44.2127418518066	-1126.41162109375	-3.79577231407166	27.6824283599854	-1130.37841796875	-3.0364236831665	3.95993447303772	-1118.58752441406	-2.83078289031982	-12.4813480377197	-1129.31860351562	-1.71003401279449	-43.1527976989746	-1134.337890625	8.92916965484619	-51.2412452697754	-1138.98815917969	10.1337480545044	-50.0930709838867	-1139.18005371094	12.697169303894	-45.389274597168	-1140.22473144531	16.1302299499512	-35.0878829956055	-1140.95568847656	13.4364995956421	-11.210090637207	-1140.66638183594	9.6181640625	-5.98073053359985	-1134.70678710938	2.5825035572052	-44.2749938964844	-1114.88671875	0.437933325767517	-24.573881149292	-1095.38732910156	13.4605579376221	-21.6014919281006	-1085.80725097656	29.2564735412598	-16.3565654754639	-1096.64221191406	41.239631652832	1.42791712284088	-1120.78125	34.2034759521484	10.8402290344238	-1119.12170410156	11.9579830169678	-7.42133235931396	-1112.95227050781	25.8041152954102	29.2767391204834	-1116.05871582031	12.2439441680908	30.4841690063477	-1128.66796875	4.12804889678955	37.1450653076172	-1129.94873046875	3.77334928512573	9.55866622924805	-1124.51989746094	-12.3889894485474	-50.9870948791504	-1138.90576171875	-13.2335081100464	-49.8469161987305	-1139.22509765625	-15.9628763198853	-45.2299652099609	-1140.306640625	-19.6653594970703	-34.8671493530273	-1141.42614746094	-18.4090423583984	-11.2685642242432	-1140.77111816406	-14.8513994216919	-5.76009035110474	-1134.86596679688	-6.19243049621582	-44.0970840454102	-1114.91320800781	-5.33106994628906	-25.2270336151123	-1095.53649902344	-17.3894538879395	-22.0932426452637	-1085.94689941406	-34.5132484436035	-17.8440799713135	-1097.96337890625	-47.2845115661621	-0.457885950803757	-1120.75183105469	-41.3296661376953	9.50863647460938	-1120.62573242188	-17.4371547698975	-8.51280307769775	-1113.71875	-34.0732879638672	27.9807415008545	-1117.46203613281	-21.1744594573975	30.0593719482422	-1129.48999023438	-11.6806602478027	37.1303634643555	-1129.85595703125	-10.5504379272461	9.13323783874512	-1124.67114257812
PRI-10751	-2.77095174789429	-52.4803161621094	-1138.73876953125	-3.40237212181091	-49.2991104125977	-1128.4384765625	-3.40474247932434	-41.0847053527832	-1107.8740234375	-3.61587166786194	-22.3809604644775	-1085.44091796875	-3.66818356513977	-20.2400646209717	-1080.93273925781	-0.483489722013474	61.1507415771484	-1110.88500976562	-1.6162645816803	45.2784194946289	-1127.27197265625	-1.99140286445618	29.0893459320068	-1130.27514648438	-2.63678312301636	4.55724430084229	-1116.46081542969	-2.23242950439453	-9.2796573638916	-1126.66125488281	-3.09949350357056	-39.3027420043945	-1131.060546875	7.87617254257202	-48.4443359375	-1135.58032226562	8.99105739593506	-47.210090637207	-1136.32141113281	12.1714515686035	-42.4271621704102	-1137.55676269531	16.0518951416016	-32.2165908813477	-1138.86962890625	13.399600982666	-6.87209987640381	-1136.67578125	9.19833374023438	-2.23943138122559	-1132.31677246094	0.717601239681244	-40.1707763671875	-1110.92687988281	-0.420543879270554	-21.6857109069824	-1093.13403320312	14.544924736023	-17.4902839660645	-1083.90563964844	29.2424373626709	-12.2941312789917	-1095.36877441406	40.6052398681641	4.27625036239624	-1119.49426269531	33.9215049743652	12.8011608123779	-1119.09851074219	11.2749700546265	-4.00250339508057	-1111.94030761719	27.5022659301758	28.8485717773438	-1117.41040039062	13.9283094406128	30.0488910675049	-1128.28845214844	6.28618478775024	37.6458129882812	-1129.02221679688	4.85004091262817	10.9334907531738	-1123.40551757812	-14.0798044204712	-47.9950981140137	-1136.59521484375	-15.1369113922119	-46.5389404296875	-1136.81018066406	-17.4445858001709	-41.6507530212402	-1139.01440429688	-21.1452255249023	-31.4654521942139	-1139.79016113281	-18.2678508758545	-6.93937349319458	-1137.55200195312	-13.4479818344116	-2.19931101799011	-1132.65283203125	-7.29084777832031	-40.1056823730469	-1110.69091796875	-6.71146440505981	-21.6655807495117	-1093.49084472656	-19.6824321746826	-16.9665603637695	-1085.25952148438	-36.2321472167969	-11.1694135665894	-1097.82104492188	NA	NA	NA	-38.3197212219238	15.1215038299561	-1121.54772949219	-17.2604484558105	-3.71636724472046	-1112.10107421875	-31.5483779907227	30.4938735961914	-1120.20361328125	-18.3171539306641	31.3052978515625	-1129.12731933594	-9.62634944915771	38.1841583251953	-1130.31872558594	-9.6426944732666	11.4827337265015	-1123.54858398438
PRI-10765	126.484222412109	-54.8399505615234	-843.973754882812	126.685180664062	-49.4045562744141	-851.635559082031	126.476837158203	-39.1879615783691	-870.775329589844	127.545692443848	-17.0745544433594	-893.773193359375	127.694732666016	-13.1791133880615	-898.981079101562	129.168441772461	67.7563400268555	-865.568725585938	128.808517456055	50.0469512939453	-850.529907226562	128.39387512207	32.4635314941406	-847.591003417969	128.277145385742	9.48445987701416	-862.393737792969	128.042785644531	-2.76500701904297	-850.620178222656	126.457046508789	-39.2420043945312	-849.776916503906	115.709701538086	-48.5316314697266	-844.484497070312	113.388236999512	-46.0451049804688	-843.939453125	111.319915771484	-38.4014930725098	-841.678405761719	NA	NA	NA	112.901176452637	-2.66147875785828	-841.507873535156	117.242225646973	2.59205436706543	-846.280395507812	121.226837158203	-36.6389846801758	-868.151611328125	124.843330383301	-15.209282875061	-886.90087890625	113.065704345703	-12.8956575393677	-894.921447753906	97.4607925415039	-2.20134830474854	-885.511169433594	86.0954284667969	9.41248321533203	-858.293823242188	92.9081039428711	17.8832664489746	-858.739807128906	114.206115722656	-0.343288779258728	-865.430725097656	98.7173080444336	36.8824462890625	-860.936157226562	112.415573120117	38.1178436279297	-851.018127441406	120.609092712402	41.6202850341797	-847.170532226562	121.352195739746	18.4035358428955	-856.999206542969	137.434539794922	-48.5497894287109	-844.664672851562	139.278091430664	-46.1019744873047	-843.913513183594	NA	NA	NA	NA	NA	NA	142.967269897461	-4.08232688903809	-841.53857421875	139.077270507812	2.56311082839966	-846.225280761719	132.525344848633	-37.0577621459961	-867.224609375	130.295257568359	-15.494345664978	-887.203674316406	142.372177124023	-12.0388555526733	-895.478271484375	158.99201965332	-4.07379913330078	-883.080139160156	169.923080444336	7.20956134796143	-858.341979980469	163.334197998047	16.4790515899658	-858.948486328125	141.768127441406	-0.541903734207153	-865.411071777344	159.299331665039	36.4375877380371	-860.421081542969	144.331680297852	38.0847091674805	-849.712463378906	136.395065307617	42.4276084899902	-847.229736328125	135.167587280273	18.9440441131592	-857.457763671875
PRI-10767	110.220718383789	-43.0133094787598	-848.516052246094	110.438758850098	-38.2200813293457	-856.13525390625	110.16145324707	-30.0592308044434	-872.550842285156	111.539199829102	-13.4093570709229	-893.329528808594	111.91943359375	-10.8251028060913	-898.235534667969	112.051452636719	63.7295112609863	-870.871704101562	111.402130126953	49.023006439209	-853.747375488281	110.890449523926	35.5995597839355	-850.521667480469	111.131950378418	10.6927967071533	-864.964477539062	110.949691772461	-0.395404279232025	-856.066955566406	110.120445251465	-31.0992088317871	-853.067077636719	100.146240234375	-38.1562004089355	-849.837585449219	98.6474151611328	-36.6547698974609	-849.377380371094	96.4236145019531	-32.2075424194336	-847.759094238281	93.2596435546875	-22.4301929473877	-847.26416015625	97.3680267333984	2.52458548545837	-849.595947265625	100.498977661133	4.45309638977051	-852.03759765625	106.203010559082	-29.2390823364258	-870.292724609375	109.018440246582	-12.4374446868896	-887.228698730469	97.0843963623047	-9.35610103607178	-896.871276855469	83.1316223144531	-0.364924639463425	-887.54931640625	73.4095840454102	11.6384801864624	-863.928955078125	82.7919769287109	20.9590473175049	-863.689453125	97.1858367919922	3.288245677948	-869.725952148438	84.2566299438477	36.5335807800293	-865.533935546875	97.2366409301758	38.4363632202148	-854.28369140625	104.353088378906	44.143238067627	-851.772155761719	105.49536895752	20.393274307251	-858.244567871094	120.145973205566	-38.1656379699707	-848.819396972656	121.229393005371	-36.8463516235352	-848.644470214844	123.730316162109	-32.643367767334	-847.22998046875	127.565238952637	-22.3115081787109	-846.722106933594	124.555656433105	1.84283769130707	-848.59228515625	120.50382232666	4.1957106590271	-851.554321289062	115.042503356934	-29.419282913208	-869.829223632812	114.112609863281	-12.3596839904785	-886.494934082031	126.290878295898	-9.45387077331543	-895.428283691406	140.703063964844	-1.16467726230621	-884.787414550781	148.288696289062	10.9138822555542	-861.071472167969	142.024551391602	20.3502979278564	-861.508911132812	125.866996765137	3.39597845077515	-868.696350097656	138.47541809082	35.4646072387695	-863.727661132812	125.184799194336	37.5576820373535	-853.369934082031	117.403427124023	43.7692832946777	-850.808410644531	117.137649536133	19.9028358459473	-858.651672363281
PRI-10771	112.429092407227	-49.2298851013184	-888.667297363281	112.755767822266	-43.8511848449707	-893.881530761719	112.476501464844	-33.0629501342773	-912.207458496094	112.950546264648	-13.9443550109863	-933.96533203125	112.921951293945	-10.2090454101562	-938.518920898438	115.133827209473	63.3401260375977	-901.994018554688	115.12215423584	45.2362251281738	-889.01904296875	114.68285369873	28.6027450561523	-886.857604980469	114.326522827148	8.4298620223999	-902.472961425781	113.852470397949	-6.13517332077026	-893.953430175781	112.691207885742	-36.4071884155273	-891.818481445312	103.356948852539	-46.0057983398438	-888.179809570312	101.733406066895	-44.3757743835449	-887.760192871094	98.669059753418	-40.4029541015625	-886.438171386719	95.9916534423828	-30.3649063110352	-885.018249511719	98.5376663208008	-6.14113140106201	-887.762817382812	103.388122558594	-0.621726751327515	-888.245727539062	NA	NA	NA	110.664772033691	-13.2217226028442	-927.225463867188	98.2962112426758	-7.32990169525146	-936.380798339844	84.589111328125	-2.4414689540863	-925.933959960938	75.2622375488281	6.94484329223633	-902.280700683594	82.8490371704102	16.3204441070557	-899.354675292969	99.4565277099609	-0.0139038544148207	-907.867980957031	86.622314453125	33.1697540283203	-900.060913085938	100.194000244141	31.8734455108643	-888.570556640625	107.430686950684	37.9437713623047	-886.395263671875	107.711990356445	15.790114402771	-895.689086914062	121.962768554688	-45.8440589904785	-887.841491699219	123.66121673584	-44.3476753234863	-887.809448242188	127.077011108398	-40.5757598876953	-887.003051757812	130.264663696289	-30.7537307739258	-885.74658203125	128.274978637695	-6.27198362350464	-887.642456054688	124.9287109375	-1.00650691986084	-888.622619628906	117.538536071777	-34.2591323852539	-909.307739257812	115.234497070312	-13.6456613540649	-926.498718261719	126.89867401123	-7.24119138717651	-936.870788574219	142.063369750977	-3.22580432891846	-925.236022949219	152.764831542969	6.87665700912476	-902.073547363281	146.375961303711	14.8731241226196	-899.756042480469	127.628028869629	-0.397255420684814	-908.211303710938	142.345962524414	31.63014793396	-899.436889648438	129.980895996094	31.1793403625488	-888.766235351562	122.130088806152	37.2852668762207	-885.755676269531	121.026786804199	15.1759557723999	-896.554260253906
PRI-10789	131.225219726562	-56.7441711425781	-847.201538085938	130.621643066406	-50.8624572753906	-852.211853027344	129.486419677734	-38.1164741516113	-870.526184082031	129.044723510742	-12.539288520813	-892.277221679688	128.898178100586	-7.74760913848877	-897.476257324219	137.255157470703	69.6784210205078	-857.886352539062	136.293609619141	48.5330467224121	-841.625305175781	134.868301391602	33.2291221618652	-840.002990722656	133.157135009766	10.5567045211792	-859.530517578125	132.7041015625	-5.77026796340942	-849.606079101562	131.050796508789	-41.5375175476074	-848.805786132812	119.826156616211	-51.902099609375	-846.221557617188	118.096794128418	-49.9616012573242	-845.565490722656	114.801223754883	-43.4009628295898	-842.978759765625	112.543632507324	-33.42138671875	-840.24853515625	116.473731994629	-7.12143468856812	-838.159240722656	122.072982788086	-0.641162216663361	-844.220886230469	123.956069946289	-37.2218742370605	-867.07470703125	126.531219482422	-11.1193017959595	-887.239807128906	113.694869995117	-5.05848789215088	-895.410217285156	97.9665145874023	1.52570116519928	-884.428466796875	86.4955215454102	15.0771703720093	-857.096862792969	96.2193603515625	23.0611381530762	-853.540832519531	119.95450592041	2.09439158439636	-865.253784179688	105.082366943359	41.5512504577637	-853.588745117188	120.179466247559	38.1167373657227	-842.209350585938	128.299087524414	43.1817741394043	-839.487060546875	127.021575927734	20.1003322601318	-850.316650390625	142.113082885742	-52.8963203430176	-847.16796875	143.985382080078	-51.6598777770996	-846.919006347656	148.026565551758	-43.7185020446777	-843.727844238281	151.427368164062	-34.3309135437012	-841.495483398438	149.221908569336	-8.00526142120361	-839.811096191406	144.3857421875	-1.14665758609772	-845.740051269531	135.093811035156	-37.425609588623	-867.792541503906	132.582763671875	-11.2980833053589	-887.324768066406	144.562606811523	-6.78478097915649	-897.352233886719	162.808685302734	-2.6368944644928	-888.803649902344	177.320022583008	8.82237529754639	-861.623901367188	171.940246582031	17.5123424530029	-858.117309570312	145.802658081055	1.02832412719727	-866.245300292969	166.78662109375	37.4834594726562	-857.506286621094	151.253952026367	35.9291610717773	-843.427307128906	143.684295654297	42.135570526123	-840.260620117188	141.715301513672	18.992488861084	-851.160400390625
PRI-10928	-4.85644006729126	-61.7636795043945	-1168.54956054688	-4.10475540161133	-56.7722778320312	-1158.26843261719	-2.9834463596344	-46.5320434570312	-1132.16577148438	-2.83313393592834	-24.5151290893555	-1101.17468261719	-2.59829783439636	-20.1127052307129	-1094.02612304688	-2.61587429046631	70.071533203125	-1123.92993164062	-3.6695191860199	50.3841819763184	-1142.24951171875	-3.46295309066772	34.1299819946289	-1146.83935546875	-3.36146068572998	5.62875699996948	-1131.240234375	-3.96758675575256	-8.57507228851318	-1145.39819335938	-4.02631092071533	-45.3050079345703	-1159.3291015625	6.77338075637817	-57.2407722473145	-1165.4267578125	10.1586751937866	-54.8739585876465	-1165.87231445312	13.5710906982422	-47.5787658691406	-1166.99401855469	15.6251592636108	-35.763599395752	-1165.71411132812	12.8981552124023	-10.5718002319336	-1161.17553710938	6.82879686355591	-3.16828799247742	-1152.88989257812	1.96243190765381	-45.9727935791016	-1134.01623535156	0.280922293663025	-23.0727806091309	-1106.97631835938	15.6214914321899	-18.7908954620361	-1098.4033203125	31.6790084838867	-10.7535963058472	-1108.16198730469	42.7180213928223	7.06046628952026	-1137.26245117188	34.9987869262695	16.7486476898193	-1137.74206542969	10.7445430755615	-3.00037670135498	-1127.91235351562	30.0768299102783	38.1391067504883	-1132.76025390625	13.9355421066284	39.0113639831543	-1144.77392578125	3.59859037399292	45.4189491271973	-1145.76025390625	4.56014156341553	14.986554145813	-1138.41552734375	-15.7928142547607	-57.4502716064453	-1164.38830566406	-17.8909378051758	-55.0675659179688	-1164.57629394531	-21.1049385070801	-46.924144744873	-1166.23583984375	-23.366849899292	-35.8140830993652	-1164.75708007812	-21.4062042236328	-10.4445018768311	-1160.25341796875	-15.0426836013794	-1.6476571559906	-1151.49792480469	-8.61867713928223	-45.4724082946777	-1133.7216796875	-6.66867017745972	-21.7401733398438	-1106.56494140625	-21.8021621704102	-18.1930446624756	-1098.01281738281	-38.2151947021484	-11.1832256317139	-1106.80859375	-50.1119499206543	6.35930299758911	-1134.89318847656	-43.1699714660645	15.1376390457153	-1135.36315917969	-18.6935787200928	-4.23601675033569	-1127.42883300781	-37.7685585021973	36.9210624694824	-1130.41247558594	-21.642557144165	37.0330657958984	-1142.98388671875	-11.2391719818115	44.3441429138184	-1145.28649902344	-12.0282068252563	17.1696681976318	-1138.33740234375
PRI-11109	121.635231018066	-55.3925552368164	-842.161193847656	122.449226379395	-49.714916229248	-848.8837890625	123.346046447754	-37.5908088684082	-866.947875976562	125.036949157715	-20.0129947662354	-890.248107910156	125.312103271484	-17.6147785186768	-894.80126953125	125.781730651855	63.9584999084473	-865.174377441406	124.026466369629	46.1926460266113	-847.412780761719	123.937705993652	30.1138668060303	-845.887145996094	124.476959228516	7.91498279571533	-859.085083007812	123.397506713867	-6.81048202514648	-849.917541503906	122.653678894043	-39.6817092895508	-847.331176757812	111.51099395752	-50.4092025756836	-845.319458007812	109.952301025391	-48.6205825805664	-845.38720703125	105.901260375977	-42.9386520385742	-843.84423828125	103.024536132812	-32.2721252441406	-842.668212890625	106.188812255859	-5.72789287567139	-841.738830566406	111.350524902344	-1.08781349658966	-844.373901367188	119.04638671875	-37.1753616333008	-864.852722167969	121.81079864502	-19.1147747039795	-882.979431152344	109.034454345703	-16.510669708252	-892.429931640625	94.84326171875	-9.34200286865234	-885.518188476562	79.8851318359375	3.87519383430481	-859.3310546875	87.0679779052734	16.8066902160645	-857.932373046875	109.752418518066	-2.2129373550415	-863.353942871094	93.7889785766602	33.9046478271484	-859.096130371094	108.190719604492	34.3887023925781	-848.323486328125	116.628509521484	39.2716217041016	-845.635498046875	117.082466125488	13.6716051101685	-853.0166015625	132.56298828125	-50.3489990234375	-843.640197753906	133.852416992188	-49.1718254089355	-843.186401367188	137.776168823242	-43.3994750976562	-841.2900390625	141.039566040039	-32.5984306335449	-839.922424316406	139.775665283203	-6.98479461669922	-838.700500488281	135.132705688477	-1.44279670715332	-843.179809570312	128.056564331055	-37.2697792053223	-864.494384765625	127.584655761719	-19.0698223114014	-882.542724609375	141.148834228516	-16.5130386352539	-890.522583007812	155.200622558594	-10.7822494506836	-881.63818359375	167.589218139648	2.19340634346008	-854.351928710938	161.116577148438	15.778923034668	-853.595397949219	137.990844726562	-2.6365213394165	-862.13427734375	154.851425170898	33.4858131408691	-855.578063964844	140.515213012695	34.5743789672852	-847.001403808594	131.28630065918	39.3293190002441	-844.571594238281	131.156021118164	13.5429887771606	-852.654541015625
PRI-11285	106.407440185547	-54.6921463012695	-850.191955566406	106.707313537598	-50.8521347045898	-854.303039550781	106.424438476562	-44.9127922058105	-870.286926269531	107.222045898438	-26.199104309082	-893.024719238281	107.286026000977	-23.1469535827637	-897.595886230469	109.18000793457	51.5459785461426	-868.659301757812	109.224975585938	34.8493995666504	-854.450500488281	108.586692810059	18.4264183044434	-852.814453125	108.183807373047	-3.16064810752869	-865.492065429688	108.061767578125	-13.4461269378662	-855.3251953125	106.856903076172	-43.6301231384277	-852.275329589844	97.6403503417969	-50.3698577880859	-848.835815429688	96.2535705566406	-49.2434844970703	-848.39453125	92.3645858764648	-44.4591484069824	-847.305603027344	89.2409286499023	-34.0758781433105	-846.237731933594	94.7227554321289	-10.8884944915771	-848.369140625	97.0328598022461	-7.78055953979492	-850.508178710938	102.177215576172	-42.9114952087402	-868.543579101562	104.991806030273	-25.9083499908447	-886.670349121094	94.3174438476562	-20.5622081756592	-896.391784667969	79.4986877441406	-13.5721569061279	-887.235473632812	69.6611938476562	-2.08322739601135	-864.587158203125	79.742919921875	6.12280416488647	-863.8046875	94.1178359985352	-10.6645832061768	-869.236999511719	82.4891586303711	22.78053855896	-865.405578613281	94.5490646362305	21.8377914428711	-855.060913085938	101.576522827148	28.0318927764893	-852.472229003906	102.620376586914	5.32142305374146	-859.89111328125	115.606513977051	-51.6711807250977	-848.873413085938	116.685813903809	-50.0974655151367	-848.399780273438	121.387802124023	-45.1694107055664	-847.132019042969	125.214996337891	-35.3742485046387	-847.087463378906	121.639358520508	-12.4650650024414	-848.530212402344	118.739875793457	-9.37455463409424	-850.58447265625	111.112037658691	-43.4997138977051	-868.807556152344	109.824020385742	-25.6385612487793	-886.842224121094	121.603271484375	-20.7728958129883	-895.771728515625	136.526641845703	-15.6864290237427	-885.584655761719	146.24137878418	-4.6019549369812	-863.940734863281	138.506042480469	4.75629281997681	-863.294982910156	122.325675964355	-10.7118864059448	-869.619506835938	135.118194580078	20.8497905731201	-864.592956542969	123.752838134766	22.0108489990234	-853.824584960938	116.355201721191	27.6444492340088	-851.785827636719	114.629989624023	4.728759765625	-860.268371582031
PRI-11318	121.821678161621	-55.8650436401367	-837.060424804688	121.952583312988	-50.3587951660156	-844.128845214844	122.558418273926	-41.175952911377	-862.964111328125	123.123916625977	-23.3765659332275	-886.994750976562	123.125991821289	-19.7203788757324	-893.18505859375	128.839279174805	66.3179626464844	-853.513122558594	128.561859130859	46.2736167907715	-840.709594726562	127.624603271484	28.135274887085	-840.133911132812	125.89720916748	5.62539863586426	-855.534484863281	124.525260925293	-8.52947521209717	-845.6181640625	122.604133605957	-39.6828727722168	-841.889526367188	110.894470214844	-48.8660278320312	-838.1201171875	110.172836303711	-47.8675918579102	-837.480346679688	107.642021179199	-43.0040626525879	-835.740478515625	104.570289611816	-31.900484085083	-834.311218261719	108.136199951172	-7.2748122215271	-835.515441894531	112.933128356934	-2.59471917152405	-839.316284179688	117.080551147461	-39.5865249633789	-860.00341796875	120.103378295898	-22.0179672241211	-878.23046875	105.765838623047	-16.8311290740967	-887.037902832031	92.557014465332	-7.67882394790649	-877.759094238281	80.4683685302734	5.13453817367554	-854.164245605469	87.8131484985352	18.6813163757324	-850.877746582031	110.280082702637	-3.45243310928345	-857.654602050781	96.6596145629883	35.2021713256836	-851.244812011719	111.818206787109	33.1111946105957	-841.319274902344	120.506080627441	37.8797760009766	-839.1845703125	119.203125	12.612452507019	-848.071838378906	133.661911010742	-49.9145622253418	-838.491027832031	134.328872680664	-48.9633293151855	-838.144165039062	136.907333374023	-44.6993637084961	-835.728576660156	141.408599853516	-33.8237838745117	-833.898681640625	141.375091552734	-9.50614833831787	-835.142700195312	137.444793701172	-3.96488332748413	-839.392211914062	128.378997802734	-40.0034255981445	-859.153503417969	126.733779907227	-22.3851337432861	-878.933715820312	140.862518310547	-19.4326992034912	-887.156005859375	156.454071044922	-12.0858201980591	-877.544982910156	170.678298950195	0.211677446961403	-854.161254882812	164.675491333008	13.9851408004761	-850.414672851562	138.950912475586	-5.75789499282837	-857.756774902344	158.191390991211	31.6457557678223	-851.59423828125	143.77294921875	30.2523746490479	-841.439392089844	135.311996459961	36.4924011230469	-838.715454101562	133.477020263672	12.3917064666748	-848.081176757812
PRI-11320	123.748603820801	-56.1756286621094	-834.141723632812	124.12850189209	-51.8200721740723	-841.097351074219	125.132438659668	-42.4781227111816	-861.866638183594	125.912322998047	-24.5115699768066	-884.283203125	126.251808166504	-21.0353775024414	-890.652038574219	130.965896606445	65.0163726806641	-856.678283691406	129.305755615234	47.5641746520996	-841.221252441406	128.243286132812	30.0318927764893	-838.966613769531	127.371635437012	6.67110347747803	-853.70751953125	126.199630737305	-10.2417259216309	-842.444702148438	124.452758789062	-41.8739204406738	-838.516479492188	113.163688659668	-50.0599784851074	-835.379821777344	112.050712585449	-49.1395797729492	-835.323608398438	108.471328735352	-43.2732887268066	-833.9560546875	106.090705871582	-31.7106895446777	-833.062316894531	109.94987487793	-5.88243293762207	-835.233154296875	114.182106018066	-2.63112688064575	-837.411254882812	119.729866027832	-41.0562934875488	-858.508422851562	122.655937194824	-22.1386756896973	-878.653564453125	109.85205078125	-18.1454219818115	-886.365539550781	94.8163146972656	-8.43183898925781	-878.098876953125	85.0761108398438	7.6909990310669	-852.085510253906	92.5850982666016	15.8310375213623	-852.177368164062	113.038909912109	-2.1084303855896	-858.059020996094	98.391975402832	35.3673858642578	-853.130676269531	112.779312133789	35.8535690307617	-840.816711425781	121.567642211914	40.8198318481445	-838.326965332031	120.389465332031	13.3027076721191	-846.12841796875	135.274108886719	-51.2980194091797	-835.34912109375	136.136947631836	-50.2408065795898	-834.875793457031	140.55224609375	-44.692813873291	-833.399658203125	143.757797241211	-33.5383338928223	-832.330261230469	142.896377563477	-7.96046304702759	-834.113830566406	138.750625610352	-3.82291412353516	-836.540649414062	130.081039428711	-41.4232635498047	-857.331237792969	128.992614746094	-22.6103496551514	-878.419738769531	142.692672729492	-19.634521484375	-885.717102050781	158.915618896484	-10.8622608184814	-876.224975585938	169.93603515625	3.6641731262207	-851.159423828125	163.849380493164	12.4859256744385	-850.644653320312	142.667083740234	-4.25648546218872	-857.525512695312	158.853454589844	32.464469909668	-851.410339355469	145.463836669922	34.3791275024414	-839.846008300781	135.562316894531	39.9845161437988	-837.439147949219	135.031005859375	12.9171648025513	-845.725402832031
PRI-11322	128.20133972168	-60.8985824584961	-836.816223144531	128.634155273438	-55.7646751403809	-844.721008300781	128.832000732422	-47.7064933776855	-864.492736816406	130.14680480957	-28.5548915863037	-888.661987304688	130.247451782227	-25.4338035583496	-894.555541992188	133.065383911133	65.0833740234375	-861.641845703125	132.728225708008	45.2237281799316	-848.850341796875	132.05419921875	27.8719463348389	-844.871643066406	131.618637084961	2.44567084312439	-858.017333984375	130.499099731445	-11.6520261764526	-847.312072753906	128.897247314453	-45.8252868652344	-842.085083007812	117.311431884766	-54.2473373413086	-837.809753417969	115.703887939453	-52.8323822021484	-837.336364746094	112.966796875	-46.0791168212891	-835.535095214844	110.314636230469	-34.7789077758789	-834.562438964844	115.110282897949	-8.63447856903076	-839.095642089844	118.403312683105	-6.65668535232544	-841.646606445312	124.774063110352	-45.6740264892578	-862.180480957031	126.893753051758	-26.8170623779297	-883.688049316406	112.734870910645	-22.3958129882812	-891.491394042969	97.3214492797852	-13.4067230224609	-881.059631347656	86.7240676879883	1.18925857543945	-855.966613769531	93.3575134277344	13.9694223403931	-856.872863769531	117.617401123047	-7.71752452850342	-862.097290039062	101.366584777832	32.1815910339355	-857.067810058594	113.620223999023	32.9875183105469	-847.603454589844	125.057586669922	38.145206451416	-844.900451660156	124.115585327148	9.65039348602295	-851.688354492188	139.95719909668	-55.0144348144531	-838.158386230469	141.16569519043	-53.6741027832031	-837.201477050781	144.576705932617	-47.1513900756836	-835.104370117188	148.53938293457	-36.1061363220215	-834.027954101562	146.391372680664	-10.1871566772461	-838.230407714844	143.288986206055	-7.17102098464966	-841.310607910156	133.708145141602	-46.159107208252	-862.381469726562	133.627899169922	-27.4274368286133	-883.390747070312	147.067993164062	-24.0761432647705	-891.567260742188	164.056488037109	-16.6842937469482	-880.440734863281	176.15461730957	-2.99716258049011	-855.064575195312	171.75325012207	10.8745059967041	-855.467468261719	144.436019897461	-9.83134651184082	-861.350952148438	164.069564819336	29.7685775756836	-856.634521484375	152.207534790039	32.5723152160645	-847.565979003906	140.737518310547	37.6700096130371	-844.419921875	138.913772583008	9.36156749725342	-851.53564453125
PRI-11328	124.972198486328	-55.2704582214355	-836.940856933594	126.257278442383	-50.9078559875488	-843.078125	127.617309570312	-43.4670639038086	-862.373107910156	128.14111328125	-21.9533882141113	-887.392883300781	128.574264526367	-19.34255027771	-893.964050292969	130.233032226562	67.6069946289062	-865.897705078125	130.253494262695	50.3523406982422	-849.372802734375	128.94189453125	34.0565719604492	-845.915222167969	128.352554321289	7.88927745819092	-860.325378417969	127.569465637207	-6.22253942489624	-847.617431640625	126.702346801758	-41.7636680603027	-840.818481445312	114.150283813477	-48.5408058166504	-839.058654785156	113.175117492676	-47.797607421875	-838.854675292969	110.003883361816	-41.8965644836426	-836.885314941406	107.55736541748	-29.8356342315674	-834.786926269531	110.319282531738	-3.26508855819702	-838.102966308594	114.572059631348	1.21263158321381	-842.458618164062	121.588844299316	-41.1484832763672	-860.140014648438	125.171691894531	-20.3642635345459	-881.396850585938	111.587882995605	-15.7005319595337	-890.099365234375	97.9494094848633	-8.70453643798828	-881.764709472656	85.6774749755859	5.20483732223511	-858.027709960938	93.1148147583008	18.7145824432373	-857.617126464844	114.689979553223	-1.6949645280838	-862.074523925781	98.4699935913086	37.5761489868164	-859.724243164062	111.10139465332	39.1071243286133	-848.955810546875	122.385444641113	45.7143402099609	-846.963439941406	120.962509155273	17.3014831542969	-852.539672851562	136.725433349609	-50.4220695495605	-837.991577148438	137.394515991211	-50.1097145080566	-837.719604492188	141.344009399414	-44.4315795898438	-835.416625976562	145.336349487305	-33.1066284179688	-833.822021484375	144.415710449219	-5.90400695800781	-837.065856933594	139.952453613281	-0.567474782466888	-842.020446777344	132.69548034668	-41.7534980773926	-859.340942382812	131.395889282227	-20.6000747680664	-881.377014160156	144.781631469727	-18.4660148620605	-889.635681152344	159.001129150391	-11.5180568695068	-879.733764648438	170.465957641602	2.64675807952881	-855.6328125	165.235488891602	15.4970397949219	-855.258544921875	142.770248413086	-2.77449202537537	-860.448547363281	160.367553710938	34.6016082763672	-857.709350585938	147.234848022461	37.0840682983398	-847.269287109375	137.137435913086	44.3728942871094	-846.412536621094	136.17707824707	15.5564336776733	-852.33935546875
PRI-11373	126.450202941895	-58.561840057373	-840.565185546875	126.971649169922	-54.9291839599609	-846.403747558594	127.510925292969	-45.428352355957	-867.584167480469	128.500411987305	-25.8466644287109	-891.849731445312	128.722198486328	-22.6544933319092	-896.962951660156	130.422409057617	65.4865798950195	-865.218322753906	129.240875244141	47.2961387634277	-846.81201171875	128.486236572266	28.9243698120117	-844.981506347656	128.581619262695	4.13773202896118	-859.869384765625	127.818542480469	-8.86228466033936	-848.567260742188	126.922218322754	-44.5863075256348	-845.481872558594	115.358032226562	-52.9035835266113	-842.865600585938	114.288948059082	-51.9894371032715	-843.032287597656	111.119270324707	-45.970157623291	-840.529357910156	109.677963256836	-35.286262512207	-839.773681640625	109.994682312012	-8.50840759277344	-839.222412109375	115.595230102539	-3.30873322486877	-842.912963867188	123.168830871582	-43.7981338500977	-864.790771484375	125.772079467773	-24.2960834503174	-884.047180175781	112.946472167969	-20.1857509613037	-891.665222167969	98.1026382446289	-11.7129249572754	-883.849304199219	84.8084487915039	1.21920883655548	-859.176208496094	92.0809555053711	14.4466695785522	-857.022583007812	115.716735839844	-5.94560766220093	-862.492309570312	97.5621109008789	33.0086631774902	-858.866455078125	110.704246520996	33.4549942016602	-847.796569824219	121.083915710449	39.5516548156738	-843.741088867188	120.632164001465	12.75510597229	-853.204467773438	138.100524902344	-53.6875038146973	-843.113586425781	138.801574707031	-53.1594009399414	-843.001037597656	142.985565185547	-46.7223091125488	-840.417236328125	145.753494262695	-35.6140289306641	-838.556030273438	146.047576904297	-9.41549110412598	-838.720275878906	140.719360351562	-3.40767002105713	-842.215759277344	132.746841430664	-43.7345504760742	-864.601318359375	131.375671386719	-24.6042537689209	-884.490661621094	144.350997924805	-21.046911239624	-891.559020996094	159.869537353516	-13.5530576705933	-882.766540527344	172.210357666016	-1.70072937011719	-856.826293945312	165.431457519531	13.0444927215576	-855.514709472656	142.446929931641	-5.92497110366821	-862.220947265625	160.38542175293	31.9181976318359	-857.382995605469	146.612274169922	33.1286087036133	-846.424682617188	137.224426269531	38.8497886657715	-843.454528808594	136.336975097656	12.4112186431885	-852.7587890625
PRI-11376	138.626190185547	-70.9952621459961	-829.435607910156	139.730819702148	-62.9074516296387	-839.819274902344	140.563186645508	-49.7591934204102	-861.408203125	141.362396240234	-26.9645175933838	-884.361389160156	141.43928527832	-22.6657886505127	-890.8125	145.094116210938	63.378475189209	-850.897277832031	143.421447753906	42.4821090698242	-831.774475097656	142.209259033203	23.4029426574707	-830.075744628906	141.853149414062	1.04241156578064	-849.659729003906	141.107269287109	-14.0039024353027	-838.821899414062	139.902969360352	-51.8849029541016	-834.726013183594	127.929229736328	-65.3529510498047	-832.305786132812	125.675277709961	-62.8674736022949	-830.779479980469	123.02921295166	-55.2740249633789	-828.057495117188	120.428153991699	-44.5143661499023	-826.219299316406	123.262176513672	-20.2293128967285	-826.606750488281	128.62336730957	-9.6555290222168	-833.334106445312	134.779769897461	-48.3944435119629	-857.727294921875	137.394683837891	-25.7589511871338	-876.481750488281	122.797485351562	-19.7830390930176	-885.505798339844	106.027404785156	-11.5247507095337	-875.30908203125	91.6069183349609	-1.07489383220673	-844.19091796875	100.76171875	11.4206857681274	-845.22314453125	127.417701721191	-7.12938928604126	-854.911437988281	110.865653991699	31.0993423461914	-844.834228515625	124.504852294922	29.1971855163574	-833.567199707031	135.388534545898	33.8713722229004	-829.094970703125	134.278839111328	8.38005924224854	-842.694641113281	150.078948974609	-65.5133972167969	-830.082214355469	152.542816162109	-63.5814743041992	-829.144348144531	155.712860107422	-56.5068817138672	-827.523559570312	159.131332397461	-45.6763076782227	-825.947448730469	157.774932861328	-21.2896785736084	-825.579284667969	153.513595581055	-10.7241668701172	-832.133239746094	145.835845947266	-49.0596313476562	-856.633911132812	145.202453613281	-25.3311939239502	-876.567565917969	161.444412231445	-20.6720161437988	-885.109497070312	178.268585205078	-15.0085849761963	-873.083984375	191.130249023438	-3.99737644195557	-842.237670898438	184.28254699707	6.16424417495728	-842.7802734375	157.02766418457	-9.3802433013916	-853.515380859375	175.722778320312	28.1673698425293	-843.194213867188	161.060317993164	27.6521816253662	-832.689392089844	150.779281616211	32.6997261047363	-827.965881347656	151.216934204102	7.49425745010376	-841.641052246094
PRI-11414	142.371307373047	-77.8839111328125	-831.606079101562	143.102966308594	-67.1495361328125	-842.055297851562	144.362884521484	-51.8683242797852	-860.702453613281	147.02734375	-29.1002922058105	-883.227783203125	147.413391113281	-25.64133644104	-888.451843261719	149.22282409668	61.7019996643066	-847.751403808594	147.725036621094	40.9799499511719	-832.141906738281	146.924774169922	20.4872703552246	-830.581359863281	146.579071044922	-3.23825120925903	-846.564575195312	145.755752563477	-19.6139736175537	-836.494567871094	143.536956787109	-58.4156150817871	-835.566650390625	130.308197021484	-71.4409255981445	-832.643493652344	128.015014648438	-70.1271286010742	-831.98876953125	124.559242248535	-61.7563705444336	-828.730041503906	122.629409790039	-49.7593154907227	-825.646728515625	126.861671447754	-23.7860851287842	-823.247253417969	132.418731689453	-15.1345806121826	-828.507446289062	139.161880493164	-52.1716842651367	-857.033020019531	143.269607543945	-27.3394393920898	-877.578308105469	127.111358642578	-21.4963836669922	-887.237915039062	111.369483947754	-13.8135652542114	-877.258911132812	93.7679748535156	-2.68389368057251	-847.462890625	103.268966674805	7.54073762893677	-843.153015136719	129.864685058594	-13.2406311035156	-853.324035644531	112.828483581543	28.2980175018311	-843.887512207031	127.588798522949	25.8336219787598	-832.564636230469	139.137954711914	31.4945163726807	-829.745910644531	138.438537597656	3.39185285568237	-839.74462890625	155.082778930664	-72.6851425170898	-832.724365234375	157.721496582031	-71.6162719726562	-832.074340820312	162.101333618164	-63.7137756347656	-827.92529296875	164.386184692383	-51.8253936767578	-824.32861328125	163.092483520508	-25.7749862670898	-821.575988769531	158.636260986328	-16.9812812805176	-826.660461425781	150.283203125	-52.8605079650879	-856.15869140625	150.770812988281	-28.2251720428467	-877.759460449219	165.754364013672	-23.4921436309814	-885.482421875	183.69709777832	-16.1961765289307	-876.002685546875	200.034210205078	-6.71940422058105	-843.860656738281	190.90657043457	4.11638498306274	-840.99267578125	162.653045654297	-13.3999681472778	-852.503295898438	182.543930053711	25.1294708251953	-841.155334472656	167.247329711914	24.5170993804932	-830.251098632812	155.428802490234	30.1740684509277	-828.213989257812	156.191436767578	2.80712985992432	-838.944091796875
PRI-11415	136.52409362793	-68.5263061523438	-837.88525390625	136.636611938477	-62.8805351257324	-846.446472167969	136.900650024414	-48.1276969909668	-865.837219238281	136.895797729492	-23.2529773712158	-888.627380371094	136.977951049805	-19.1065406799316	-893.808288574219	144.338668823242	62.5974731445312	-853.152038574219	142.225189208984	42.1390991210938	-832.484191894531	140.845077514648	24.4817237854004	-831.5009765625	138.889541625977	0.390539109706879	-849.41162109375	138.25927734375	-14.8597602844238	-841.56201171875	137.062576293945	-50.3636283874512	-840.983154296875	123.838844299316	-61.5036239624023	-839.614501953125	123.098403930664	-60.9232215881348	-839.356994628906	118.910690307617	-52.2363624572754	-835.757019042969	116.483200073242	-40.5679740905762	-832.456298828125	121.994491577148	-14.2007923126221	-830.569396972656	125.906204223633	-9.61952972412109	-834.026916503906	130.958602905273	-46.5615386962891	-862.472229003906	133.858764648438	-22.9235439300537	-880.327392578125	117.855560302734	-16.099817276001	-888.666381835938	103.113311767578	-7.42477226257324	-878.364868164062	90.784538269043	2.57822179794312	-849.033935546875	100.105056762695	13.1677026748657	-846.446838378906	122.264709472656	-6.5465407371521	-856.77001953125	107.691177368164	33.5033264160156	-846.868835449219	123.729362487793	30.0452442169189	-832.492797851562	133.796630859375	35.9505882263184	-830.060791015625	131.290313720703	8.78864288330078	-841.258117675781	148.931991577148	-62.9684371948242	-840.167358398438	149.928695678711	-62.5632781982422	-840.044616699219	155.218551635742	-55.1488761901855	-836.903076171875	158.31884765625	-43.2995567321777	-832.683654785156	156.056503295898	-17.0318126678467	-830.76904296875	152.020584106445	-11.8092489242554	-834.366882324219	142.729049682617	-47.822151184082	-861.88330078125	140.601806640625	-23.3638000488281	-880.549438476562	157.106216430664	-19.3165740966797	-888.918395996094	173.684326171875	-13.7185153961182	-880.189147949219	188.78987121582	-5.67737054824829	-850.497802734375	180.84130859375	6.61147022247314	-848.164794921875	153.94841003418	-9.69660472869873	-856.617797851562	176.566390991211	27.0386238098145	-847.941162109375	158.389633178711	26.3619327545166	-833.737426757812	148.928909301758	33.8572807312012	-829.757385253906	147.393341064453	7.2197151184082	-841.191467285156
PRI-11665	-4.40636730194092	-43.4526710510254	-1007.15405273438	-4.23757362365723	-38.7320823669434	-1000.49035644531	-3.14583921432495	-32.114185333252	-982.491760253906	-2.42652773857117	-15.2579021453857	-958.970703125	-2.22973370552063	-12.574933052063	-954.465637207031	-0.60551506280899	62.4325714111328	-984.236511230469	-2.35146403312683	45.4368362426758	-998.419006347656	-2.56730961799622	30.8434505462646	-1001.34436035156	-2.93127369880676	10.6696548461914	-989.082763671875	-3.25297236442566	-1.58242750167847	-998.817199707031	-4.09990787506104	-32.7154731750488	-1002.37603759766	5.13495016098022	-39.96728515625	-1007.89025878906	6.5893383026123	-38.8815841674805	-1008.34851074219	10.0064668655396	-34.4084854125977	-1010.44152832031	13.790153503418	-24.2876396179199	-1010.75506591797	12.1713457107544	-0.313364207744598	-1006.94207763672	6.87830877304077	2.88262701034546	-1003.04058837891	1.33697891235352	-31.6819095611572	-985.46435546875	0.00828785635530949	-14.4779262542725	-967.431274414062	11.3196020126343	-10.9927415847778	-956.4267578125	26.4044189453125	-3.67846274375916	-965.088745117188	37.3160629272461	8.8991174697876	-990.087036132812	28.9930191040039	17.049352645874	-990.379760742188	11.5364894866943	0.962240517139435	-983.888793945312	25.4419345855713	33.8689765930176	-988.086120605469	11.6885557174683	34.2188720703125	-998.723693847656	4.73188924789429	39.6140174865723	-1001.00701904297	2.9161012172699	17.4918003082275	-993.546691894531	-14.5741720199585	-39.1376533508301	-1007.5634765625	-15.5234375	-38.1544990539551	-1007.76678466797	-18.7107963562012	-33.8728179931641	-1009.33807373047	-22.0445022583008	-23.1386871337891	-1009.67687988281	-17.3886661529541	1.07764112949371	-1005.9189453125	-12.9999599456787	3.08765530586243	-1002.95660400391	-7.95252990722656	-31.7269535064697	-984.913757324219	-5.4355993270874	-14.0554571151733	-966.723693847656	-16.7571086883545	-9.61419773101807	-955.77978515625	-31.8198795318604	-1.72600746154785	-964.990051269531	-42.8617477416992	10.616229057312	-988.9970703125	-34.6571884155273	18.9410362243652	-989.885681152344	-17.1168880462646	1.47695291042328	-983.481994628906	-29.7575931549072	34.7708587646484	-988.216796875	-16.7963714599609	34.5073852539062	-999.03955078125	-9.11909770965576	40.541862487793	-1000.89581298828	-8.48789501190186	17.5476608276367	-993.131286621094
PRI-1571	-2.28888154029846	27.8790626525879	-1032.19360351562	-1.6377249956131	20.1064739227295	-1026.12170410156	-1.14876925945282	1.3517587184906	-1015.07977294922	-0.829228341579437	-25.1366901397705	-992.153442382812	-0.928060114383698	-30.2662143707275	-987.868041992188	-1.07677173614502	-3.57247281074524	-904.551086425781	-1.1362202167511	16.0283527374268	-921.221130371094	-1.02929997444153	20.9436416625977	-936.810363769531	-1.48693573474884	7.43074226379395	-963.605712890625	-1.70950448513031	18.6346302032471	-977.864929199219	-1.43716180324554	22.5211353302002	-1015.44573974609	8.79905605316162	26.9389305114746	-1027.91088867188	12.2645778656006	27.7861728668213	-1024.60070800781	15.282190322876	28.697416305542	-1018.19995117188	18.0947093963623	29.9389228820801	-1006.24737548828	14.9908208847046	28.8715362548828	-979.3642578125	10.4146223068237	24.6175670623779	-972.53759765625	4.11392593383789	4.10446166992188	-1013.55773925781	1.39020562171936	-16.0727367401123	-991.69140625	14.6045894622803	-26.5790519714355	-987.341857910156	31.5726051330566	-18.3136291503906	-978.688354492188	42.5268440246582	8.9780683517456	-964.572448730469	35.0548706054688	10.6341142654419	-956.722717285156	12.4105758666992	2.2400164604187	-973.30419921875	29.1862697601318	6.2049036026001	-935.356628417969	14.9809913635254	18.0995407104492	-935.227172851562	6.37424564361572	19.41676902771	-927.511291503906	5.2986888885498	12.0380535125732	-954.921203613281	-11.9753952026367	26.8316669464111	-1027.57287597656	-15.1697835922241	27.521146774292	-1024.44079589844	-18.4802303314209	28.3491249084473	-1018.00012207031	-21.6266860961914	28.7301006317139	-1007.05853271484	-18.7176284790039	29.2074184417725	-979.439270019531	-14.1904039382935	25.02317237854	-972.881652832031	-6.81526041030884	3.4991352558136	-1013.81317138672	-4.23157691955566	-15.5033693313599	-992.123474121094	-16.4111404418945	-28.3620510101318	-987.320251464844	-34.1349792480469	-19.0945644378662	-978.716674804688	-47.4373893737793	8.21056365966797	-968.296508789062	-39.7484931945801	10.2234144210815	-955.076782226562	-15.592399597168	2.33093214035034	-973.861267089844	-32.0234260559082	6.99075889587402	-934.889221191406	-17.2894535064697	17.3503742218018	-934.732055664062	-8.61183071136475	19.0948905944824	-926.9111328125	-8.3951358795166	12.2725610733032	-954.638549804688
PRI-1631	-1.96768319606781	-51.4716796875	-999.600524902344	-1.93255722522736	-45.0876579284668	-994.270385742188	-2.29500389099121	-33.1126670837402	-973.161071777344	-3.07166504859924	-14.9149398803711	-951.788696289062	-3.32069778442383	-11.5482044219971	-946.084716796875	-3.92990779876709	69.3989868164062	-988.097351074219	-3.39231967926025	51.1727561950684	-999.443481445312	-2.71331310272217	34.1584739685059	-1002.13250732422	-2.35194063186646	11.8696031570435	-988.69677734375	-2.45103526115417	-1.55044460296631	-997.5234375	-1.84856736660004	-35.2891693115234	-996.862121582031	9.19677448272705	-46.6245727539062	-999.100952148438	10.7598009109497	-44.8648986816406	-999.103881835938	13.4264030456543	-41.1764144897461	-1001.21337890625	NA	NA	NA	14.7989616394043	-4.78394889831543	-1006.73779296875	8.70259761810303	3.40202713012695	-1002.10205078125	2.86619091033936	-30.9043617248535	-976.920349121094	-0.250439167022705	-14.5103445053101	-958.400695800781	14.5739793777466	-10.6173305511475	-950.277038574219	32.6667327880859	-1.82872378826141	-962.944580078125	41.4824867248535	10.7961540222168	-991.973937988281	31.8581142425537	20.0904483795166	-991.296752929688	9.84185695648193	2.85427117347717	-981.687561035156	28.041482925415	37.7486953735352	-989.343444824219	13.7308530807495	37.1513442993164	-999.716796875	4.3472146987915	44.0746536254883	-1002.32482910156	4.62511825561523	18.9142990112305	-993.622436523438	-12.6769523620605	-47.0301551818848	-999.832946777344	-13.693190574646	-45.3416023254395	-1000.43701171875	-18.0832843780518	-40.6459121704102	-1002.16076660156	NA	NA	NA	-18.8157024383545	-4.70380544662476	-1006.97607421875	-13.7273817062378	3.28936815261841	-1002.48651123047	-7.22955942153931	-32.3097152709961	-976.12353515625	-6.06207036972046	-13.8146896362305	-958.698852539062	-22.2488136291504	-10.4177341461182	-952.093078613281	-38.4563980102539	-2.02149319648743	-964.091857910156	-46.3718032836914	8.43961143493652	-993.151977539062	-36.5579833984375	19.7731494903564	-992.151611328125	-16.7761383056641	1.75264728069305	-982.131530761719	-33.3532409667969	36.8344955444336	-990.18603515625	-19.3288040161133	37.2889862060547	-1000.15966796875	-10.5967893600464	43.6912727355957	-1002.54547119141	-9.40671157836914	18.5385456085205	-993.298522949219
PRI-2133	0.884886562824249	-68.2751083374023	-1009.68829345703	0.154432758688927	-57.4896774291992	-998.407104492188	-0.552898824214935	-44.0498275756836	-975.095397949219	-2.8460214138031	-19.2423496246338	-947.923278808594	-3.26151013374329	-15.0601663589478	-941.176696777344	-5.66993951797485	70.1855545043945	-981.613952636719	-4.59788942337036	51.9231986999512	-999.892761230469	-3.56905007362366	35.6170196533203	-1001.43273925781	-2.71420097351074	11.0763301849365	-986.81494140625	-1.60878264904022	-8.04174137115479	-997.610900878906	-0.102655313909054	-48.0811920166016	-1003.54803466797	12.026572227478	-62.0280113220215	-1007.23590087891	13.7818012237549	-59.721996307373	-1008.357421875	17.542200088501	-51.8225212097168	-1010.38354492188	18.9383544921875	-40.0023727416992	-1012.48486328125	17.9624614715576	-14.478554725647	-1011.19311523438	10.4989585876465	-2.33392572402954	-1004.01684570312	4.5115065574646	-40.2379493713379	-978.907104492188	0.994240820407867	-17.5691394805908	-956.74658203125	17.0162830352783	-13.5551815032959	-945.954040527344	34.5570068359375	-3.12433052062988	-956.732971191406	45.7532119750977	11.730149269104	-987.167114257812	36.0597076416016	20.3477363586426	-988.303894042969	12.748384475708	-0.561469912528992	-978.987976074219	29.2196464538574	39.3436012268066	-986.624328613281	14.1373062133789	38.7204208374023	-999.499755859375	4.08490705490112	44.6790428161621	-1002.85833740234	5.07819271087646	16.5590019226074	-992.720703125	-10.3447122573853	-62.5061988830566	-1006.98645019531	-13.0990524291992	-59.2896575927734	-1008.28430175781	-17.0767517089844	-50.7703590393066	-1009.34771728516	-20.1063919067383	-41.1203422546387	-1012.44647216797	-20.1527118682861	-15.3940114974976	-1012.08636474609	-14.1819524765015	-3.73378682136536	-1004.79315185547	-6.76896524429321	-42.8075294494629	-977.499633789062	-6.14537715911865	-17.5764904022217	-956.401794433594	-23.8496284484863	-14.7753601074219	-947.479614257812	-39.7679290771484	-6.54110622406006	-959.264953613281	-50.5377349853516	8.70532703399658	-989.558654785156	-40.920280456543	17.4868812561035	-991.244873046875	-16.5384731292725	-3.82405829429626	-980.219055175781	-37.5928764343262	36.3703002929688	-988.895874023438	-21.4908218383789	37.4976463317871	-1000.63977050781	-11.8345441818237	44.06591796875	-1003.32287597656	-10.9848327636719	16.344217300415	-993.052734375
PRI-2147	-1.51312971115112	-62.0922393798828	-1004.94763183594	-1.9989128112793	-57.0500183105469	-996.271423339844	-2.14724254608154	-43.9950485229492	-977.829833984375	-4.18681383132935	-18.2068099975586	-954.067993164062	-4.54197263717651	-13.736442565918	-948.644592285156	-4.28971099853516	65.9694442749023	-980.130310058594	-3.91531872749329	48.2579765319824	-1000.33178710938	-2.89350438117981	32.2554168701172	-1003.77008056641	-3.27722334861755	6.53875017166138	-988.602294921875	-2.26109719276428	-9.01017665863037	-998.491943359375	-1.56848561763763	-47.8756828308105	-1000.73419189453	8.87090873718262	-57.430778503418	-1003.57171630859	11.1838541030884	-55.6144142150879	-1003.56469726562	14.1331558227539	-48.7936859130859	-1006.00964355469	17.2700881958008	-38.5991058349609	-1006.470703125	16.4735679626465	-12.0062589645386	-1008.14141845703	9.67070484161377	-4.20520687103271	-1003.43890380859	3.04230403900146	-42.7671699523926	-980.855163574219	-0.816234350204468	-17.2298259735107	-961.016418457031	9.87098693847656	-14.4031763076782	-951.276245117188	27.0077724456787	-6.07487869262695	-958.792358398438	42.0517654418945	5.70191526412964	-986.041137695312	34.5853004455566	15.0796737670898	-987.234619140625	11.6422567367554	-2.72806835174561	-982.547790527344	27.9166812896729	36.8423652648926	-985.492309570312	13.3310956954956	35.3929748535156	-999.329284667969	4.5101318359375	42.2446060180664	-1002.16711425781	3.97015619277954	15.474570274353	-993.715637207031	-11.9514598846436	-56.5211944580078	-1004.97875976562	-13.9364166259766	-54.4814453125	-1005.52319335938	-16.7269191741943	-47.7648620605469	-1008.10052490234	-19.6235485076904	-37.5102691650391	-1009.40051269531	-18.7910346984863	-11.2480344772339	-1010.86505126953	-13.4155521392822	-4.04851627349854	-1005.23962402344	-7.47278785705566	-41.6541862487793	-980.869323730469	-6.43553829193115	-17.6352272033691	-962.748657226562	-18.2180709838867	-14.9261293411255	-952.41650390625	-35.6322860717773	-6.60044097900391	-962.701965332031	-49.0646362304688	3.2863130569458	-991.54052734375	-40.7268524169922	14.4404678344727	-993.054870605469	-15.6775398254395	-2.42560720443726	-982.824096679688	-35.4586982727051	34.605884552002	-990.411865234375	-20.4275741577148	34.2454376220703	-1001.68884277344	-11.5314083099365	40.6501693725586	-1003.853515625	-10.4857263565063	15.7607707977295	-995.719787597656
PRI-2157	-1.71620857715607	-66.3808364868164	-1018.67236328125	-1.96843767166138	-57.2111129760742	-1006.99279785156	-0.253287881612778	-46.4908447265625	-982.570861816406	-2.9778323173523	-24.0051250457764	-953.128723144531	-3.02584862709045	-19.0354290008545	-945.515747070312	-4.47098636627197	71.8248977661133	-978.401000976562	-3.22369337081909	52.1029968261719	-999.300415039062	-3.14072680473328	33.769645690918	-1002.28857421875	-3.08054280281067	9.58593273162842	-989.096740722656	-2.04309153556824	-7.61502742767334	-1001.10314941406	-2.23782563209534	-46.1681060791016	-1009.30316162109	9.86819171905518	-61.6916885375977	-1016.02178955078	12.2177600860596	-59.6110191345215	-1016.35638427734	15.9658517837524	-50.7684783935547	-1018.75372314453	17.9810600280762	-38.3442916870117	-1018.41632080078	15.4725151062012	-12.1349430084229	-1014.90814208984	9.30098533630371	-3.19002723693848	-1007.04931640625	3.97487306594849	-44.971809387207	-985.861572265625	0.195967316627502	-22.4614162445068	-958.738586425781	17.0494537353516	-18.6631126403809	-950.703857421875	35.2875289916992	-10.3725414276123	-962.139465332031	45.8745498657227	5.44217824935913	-991.46142578125	35.734130859375	16.6696300506592	-991.785766601562	10.788369178772	-4.08102178573608	-983.148254394531	32.448974609375	36.8479537963867	-988.118591308594	13.4625749588013	36.5870361328125	-999.60791015625	5.60576677322388	43.1859664916992	-1002.68048095703	5.16260814666748	14.2167549133301	-993.474548339844	-13.5847988128662	-61.9547576904297	-1017.16973876953	-15.7047128677368	-60.4342651367188	-1017.38946533203	-19.2654628753662	-51.563850402832	-1019.08905029297	-20.515007019043	-40.0363121032715	-1019.94451904297	-20.0066261291504	-13.0948915481567	-1015.97338867188	-14.0004920959473	-3.24321365356445	-1008.26733398438	-7.35488033294678	-45.5516014099121	-985.005798339844	-6.45224380493164	-21.9280700683594	-958.639465332031	-21.5218448638916	-18.5497741699219	-951.759094238281	-41.4151878356934	-11.369086265564	-963.150939941406	-51.7659187316895	5.5445499420166	-991.666320800781	-41.3532485961914	16.314079284668	-991.860229492188	-17.1359615325928	-3.5624315738678	-983.652404785156	-37.8212852478027	35.5698471069336	-988.923034667969	-21.8000793457031	36.4412040710449	-999.03466796875	-11.5713996887207	42.9197540283203	-1002.78198242188	-10.900092124939	13.6004676818848	-993.523864746094
PRI-2168	-1.83484649658203	28.0399742126465	-1041.31042480469	-2.36403584480286	20.3692569732666	-1036.63146972656	-1.60737371444702	0.42799523472786	-1024.23120117188	-2.01071691513062	-23.6755676269531	-999.783081054688	-2.40658330917358	-29.9791431427002	-995.672485351562	-0.863524675369263	-3.84597253799438	-913.571899414062	-0.750687658786774	17.0608310699463	-930.545349121094	-0.496481150388718	21.3474311828613	-946.633728027344	-1.47683799266815	7.61511182785034	-972.837707519531	-1.12531054019928	18.6212291717529	-988.533264160156	-1.3395562171936	22.6436252593994	-1027.31848144531	8.71485042572021	26.4166831970215	-1036.93505859375	11.3971834182739	27.0680828094482	-1034.68811035156	14.1972274780273	28.4116821289062	-1029.0625	17.5157833099365	28.5740776062012	-1017.96234130859	16.4640140533447	29.0371074676514	-990.905944824219	10.9340772628784	23.5050182342529	-983.3427734375	3.53064632415771	1.88222253322601	-1021.80975341797	1.11290144920349	-17.8579196929932	-998.069519042969	12.7706480026245	-27.2527523040771	-995.705749511719	29.0545902252197	-20.2172069549561	-987.334533691406	43.7288932800293	6.79094839096069	-975.380126953125	35.9160995483398	7.11076164245605	-965.509521484375	13.3531551361084	2.5952513217926	-983.2626953125	31.1053009033203	3.76437425613403	-943.31298828125	15.6650476455688	17.3554515838623	-944.077758789062	7.51393938064575	19.6119537353516	-936.967651367188	5.86809635162354	13.2177658081055	-963.286315917969	-12.5681591033936	26.9037208557129	-1035.75170898438	-13.9043493270874	27.6879558563232	-1033.68347167969	-16.8493556976318	29.6584625244141	-1027.25012207031	-19.2121257781982	30.0751514434814	-1016.93786621094	-17.6262092590332	30.5800628662109	-989.945739746094	-13.0135936737061	24.7683906555176	-982.759521484375	-6.63492774963379	1.95060396194458	-1020.68029785156	-4.40132665634155	-17.0127601623535	-997.9296875	-15.8144721984863	-27.5317058563232	-995.818603515625	-33.0436210632324	-18.700138092041	-987.070251464844	-47.4799690246582	9.10953235626221	-975.625610351562	-38.0075874328613	10.3091268539429	-964.50146484375	-14.5456590652466	2.30550789833069	-982.180114746094	-32.7383041381836	7.12609338760376	-944.306030273438	-16.4654273986816	18.9769878387451	-943.854370117188	-9.04701042175293	20.1121864318848	-937.688842773438	-8.48465156555176	13.8178014755249	-963.727294921875
PRI-2584	-1.70675253868103	29.7713794708252	-1006.39825439453	-1.73189699649811	20.0159721374512	-999.071594238281	-2.06032204627991	1.06455481052399	-985.461730957031	-1.31512844562531	-22.0008850097656	-960.014343261719	-1.41524481773376	-27.3921146392822	-955.63525390625	NA	NA	NA	0.120733328163624	25.9066410064697	-891.120666503906	-0.033814400434494	29.8639526367188	-907.699279785156	-0.467816352844238	11.2003297805786	-935.611206054688	-0.906458616256714	23.6128158569336	-950.755615234375	-1.63989698886871	24.1161022186279	-989.107177734375	9.82179260253906	28.2273788452148	-1000.76776123047	13.4866323471069	30.1506538391113	-997.734008789062	15.1456813812256	32.1355667114258	-991.309020996094	17.2901172637939	34.4554862976074	-980.1162109375	14.2307949066162	35.2572250366211	-953.425109863281	9.47888374328613	29.3707160949707	-946.930053710938	4.08870840072632	3.59499335289001	-983.59619140625	1.44726777076721	-13.8393726348877	-957.839721679688	16.5336227416992	-26.3880882263184	-954.883544921875	31.9440288543701	-17.4690933227539	-946.676513671875	45.8805961608887	15.6389436721802	-936.642639160156	36.4357833862305	18.6700038909912	-926.304565429688	13.0668106079102	5.35517644882202	-942.493530273438	31.7525310516357	16.8551082611084	-905.4921875	15.6148357391357	27.3031215667725	-906.247680664062	7.86340284347534	29.5564308166504	-899.346923828125	6.6581597328186	20.4539585113525	-924.818603515625	-12.9223222732544	28.9717788696289	-1001.19268798828	-16.5192813873291	30.6243133544922	-998.306213378906	-18.4092960357666	33.1647720336914	-992.120239257812	-20.2536869049072	35.8549919128418	-980.968505859375	-17.4711437225342	36.0625953674316	-954.199890136719	-12.0716333389282	29.6120090484619	-947.399169921875	-7.32317590713501	3.09005093574524	-983.284240722656	-4.61768245697021	-13.9777297973633	-958.105163574219	-19.2926578521729	-25.589527130127	-954.545349121094	-34.161979675293	-16.1284942626953	-947.454833984375	-48.9123954772949	17.212121963501	-935.830688476562	-37.4876937866211	19.148868560791	-926.056762695312	-15.1715049743652	7.09430027008057	-943.420104980469	-31.4582843780518	16.6802024841309	-904.615478515625	-15.6426267623901	26.331298828125	-904.915222167969	-7.33778524398804	29.0358638763428	-898.67431640625	-7.47522830963135	21.046760559082	-924.042358398438
PRI-2585	NA	NA	NA	-1.07968866825104	-51.5193099975586	-1002.60034179688	NA	NA	NA	-1.28440725803375	-15.7736577987671	-957.176940917969	-1.34856736660004	-12.7931728363037	-953.241455078125	-7.65188646316528	65.5959777832031	-984.181640625	-5.79032611846924	48.0656814575195	-1000.59619140625	-4.86467885971069	32.9613151550293	-1005.70471191406	-3.16792845726013	8.40768814086914	-990.141418457031	-2.74671506881714	-6.79625225067139	-1002.07397460938	-1.46708476543427	-42.5924224853516	-1005.13690185547	NA	NA	NA	10.6257934570312	-49.1983528137207	-1010.86083984375	14.3597736358643	-44.2720947265625	-1011.79016113281	16.8807392120361	-33.6457939147949	-1013.28717041016	16.1343402862549	-7.62965679168701	-1013.72924804688	9.39230155944824	0.27899158000946	-1006.15167236328	5.2274661064148	-39.7537879943848	-987.211608886719	1.25050437450409	-15.5747709274292	-965.634338378906	13.3196744918823	-8.67572498321533	-954.686340332031	28.1722068786621	-2.55434799194336	-964.625549316406	40.0288772583008	10.6695232391357	-991.517822265625	34.3161354064941	19.2000255584717	-990.433166503906	10.993878364563	1.00522518157959	-984.882995605469	24.7835273742676	37.4908218383789	-990.440063476562	9.69039440155029	35.3986167907715	-1001.97454833984	1.77031135559082	40.2960929870605	-1004.23596191406	3.63667798042297	16.7110462188721	-994.876159667969	NA	NA	NA	-12.7450971603394	-48.7321357727051	-1008.494140625	-17.2282485961914	-44.1128730773926	-1011.25378417969	-20.2656135559082	-33.3389091491699	-1012.73822021484	-20.2627983093262	-7.20056247711182	-1013.72937011719	-15.3170938491821	-0.584013223648071	-1006.46472167969	-4.9475245475769	-40.4878158569336	-987.34765625	-4.59763050079346	-15.428373336792	-964.653747558594	-17.6637516021729	-10.5192928314209	-954.988647460938	-33.8276596069336	-6.67596817016602	-964.170227050781	-47.1186943054199	3.78582811355591	-991.399230957031	-40.1929588317871	15.2031412124634	-991.186340332031	-16.6910133361816	-1.3002552986145	-984.496948242188	-34.7120819091797	34.1428604125977	-991.063659667969	-21.005687713623	33.1812896728516	-1001.72735595703	-13.1593685150146	40.0145378112793	-1002.67181396484	-11.8463201522827	16.3181209564209	-995.056579589844
PRI-2586	-1.70344507694244	25.6929054260254	-1019.62335205078	-0.845776915550232	20.3991737365723	-1015.30920410156	-0.831961572170258	0.764380216598511	-1001.34820556641	-1.38877439498901	-21.7261848449707	-977.699645996094	-1.2890477180481	-26.3518466949463	-974.446594238281	-1.07199895381927	2.00870323181152	-892.431335449219	-1.09639525413513	20.4633636474609	-908.599487304688	-0.124794378876686	23.4864921569824	-924.373718261719	-0.642412424087524	10.0719194412231	-950.921813964844	-0.352655589580536	21.380895614624	-965.564331054688	-0.623952805995941	22.8326454162598	-1005.21820068359	8.71760559082031	27.2459354400635	-1014.75646972656	12.3626680374146	29.5561122894287	-1009.87640380859	15.5252170562744	30.2305850982666	-1003.79406738281	17.6071128845215	31.064380645752	-992.840942382812	15.3040542602539	31.0353012084961	-966.414611816406	10.6718416213989	26.3862056732178	-959.921325683594	5.33651399612427	5.53891515731812	-1001.14318847656	1.01037693023682	-13.0381088256836	-976.437866210938	14.8520002365112	-24.9650917053223	-972.140502929688	29.6172370910645	-17.3985824584961	-964.194396972656	44.3685073852539	8.60303211212158	-954.276733398438	36.5444831848145	10.9962453842163	-940.322082519531	13.3536462783813	6.44045352935791	-962.513610839844	30.7439556121826	8.08582782745361	-921.076904296875	14.825553894043	20.6729698181152	-922.45654296875	7.17161655426025	22.2476844787598	-915.728332519531	6.50166416168213	15.8996620178223	-940.877502441406	-11.3296804428101	26.7092208862305	-1014.74670410156	-15.3517808914185	28.2088031768799	-1010.27349853516	-17.9762420654297	29.6901321411133	-1003.86968994141	-20.0631465911865	30.7024307250977	-993.301086425781	-17.488676071167	31.0151405334473	-966.92236328125	-11.4727325439453	26.7559757232666	-960.426940917969	-6.46380949020386	4.52830410003662	-1001.40856933594	-3.50541877746582	-13.0455389022827	-977.015014648438	-15.8421716690063	-24.2110481262207	-973.004699707031	-32.1498794555664	-16.7025184631348	-966.567687988281	-45.9575386047363	10.0252904891968	-955.222778320312	-38.251277923584	13.5266714096069	-941.641662597656	-14.7920703887939	6.27391815185547	-961.919799804688	-32.0928726196289	9.6754093170166	-922.185119628906	-16.4618186950684	21.3124771118164	-922.471984863281	-8.76634502410889	22.4719371795654	-916.262084960938	-7.50201654434204	16.4853496551514	-941.518920898438
PRI-2587	-1.61456799507141	-56.2783012390137	-1006.83612060547	-1.78483152389526	-51.1460037231445	-998.58642578125	-1.39540076255798	-40.7372856140137	-980.42431640625	-2.32680296897888	-15.868218421936	-953.19140625	-2.40796446800232	-11.9066476821899	-948.386291503906	-5.77589178085327	69.0256881713867	-981.596069335938	-4.8044114112854	50.2031898498535	-999.263488769531	-4.22956848144531	36.9269332885742	-1002.28265380859	-3.11563944816589	10.9650840759277	-986.734252929688	-2.79768395423889	-2.90720891952515	-997.154296875	-2.14554023742676	-41.656681060791	-1001.87316894531	8.80521965026855	-51.6939239501953	-1004.70361328125	12.9808931350708	-47.850471496582	-1006.43981933594	15.8599014282227	-42.1969413757324	-1007.63067626953	17.267448425293	-30.4784965515137	-1009.53332519531	14.5352926254272	-5.11842632293701	-1009.59729003906	8.00234317779541	2.12064599990845	-1002.90948486328	3.59583306312561	-38.2493896484375	-982.636474609375	0.715105414390564	-14.5766153335571	-961.398559570312	13.0513515472412	-10.3396100997925	-951.345153808594	30.8333892822266	-2.62904024124146	-960.17138671875	42.8001327514648	6.51001501083374	-986.294006347656	31.305835723877	19.3328437805176	-989.242919921875	10.9390392303467	-0.592804253101349	-981.01611328125	27.2997798919678	39.3160552978516	-984.961608886719	11.8752002716064	38.049430847168	-998.30908203125	3.26598787307739	44.0551834106445	-1001.81469726562	3.22710633277893	18.7369632720947	-992.8134765625	-12.3185768127441	-52.4137344360352	-1005.89154052734	-16.0707492828369	-49.4169883728027	-1006.1591796875	-19.8604564666748	-43.3624687194824	-1007.59375	-20.9949321746826	-31.7453899383545	-1009.38732910156	-19.514705657959	-6.53438711166382	-1008.67419433594	-14.1088533401489	1.51471090316772	-1002.71252441406	-6.88755798339844	-38.6296691894531	-981.824157714844	-5.37936544418335	-14.7378702163696	-961.408813476562	-17.8283557891846	-12.1437377929688	-951.807373046875	-35.9478950500488	-4.43096876144409	-960.9716796875	-47.526237487793	4.84087228775024	-987.977478027344	-39.1572456359863	18.4942150115967	-989.584350585938	-15.9963388442993	-1.1329094171524	-981.691467285156	-35.3736915588379	36.0508041381836	-987.260986328125	-19.6234016418457	36.6996765136719	-998.886535644531	-12.2499618530273	43.8112449645996	-1002.39910888672	-10.2330446243286	18.1849060058594	-991.926574707031
PRI-2588	-1.4839061498642	-51.2236328125	-1012.26794433594	-1.60767662525177	-45.4602241516113	-1003.91772460938	-1.55531370639801	-34.1667633056641	-985.037963867188	-2.53665351867676	-14.8954629898071	-961.028198242188	-2.65884208679199	-11.6340646743774	-955.614929199219	-4.62846899032593	72.3691711425781	-978.382568359375	-3.47120141983032	56.3801383972168	-998.485473632812	-3.36394333839417	40.5324058532715	-1002.68371582031	-2.18508076667786	14.7413549423218	-989.60400390625	-2.13072419166565	1.4679913520813	-1003.83984375	-1.45496928691864	-36.9978523254395	-1007.99548339844	7.97126340866089	-47.4609680175781	-1012.33837890625	12.8651390075684	-41.9235801696777	-1013.93798828125	15.4835062026978	-36.3288421630859	-1014.5927734375	17.6380462646484	-24.0068855285645	-1016.00604248047	15.3716325759888	0.434733897447586	-1014.58258056641	9.12163066864014	7.25013542175293	-1008.51025390625	3.12821936607361	-31.7429580688477	-987.220825195312	0.551700115203857	-13.2103624343872	-968.710021972656	13.0400876998901	-10.0908546447754	-956.724731445312	29.6497135162354	-1.22941839694977	-964.829772949219	NA	NA	NA	33.2048950195312	24.6811370849609	-994.035278320312	12.4297151565552	6.13671875	-985.988952636719	27.2799072265625	43.1680107116699	-987.399597167969	12.3974437713623	43.8523330688477	-999.803833007812	3.67103481292725	49.5601539611816	-1002.17730712891	3.20599341392517	25.3426818847656	-995.857238769531	-10.5976095199585	-47.4258003234863	-1011.80389404297	-14.4559507369995	-43.3908882141113	-1011.7998046875	-19.3673210144043	-37.3163414001465	-1015.72674560547	-21.465991973877	-25.5597343444824	-1017.59204101562	-20.0580444335938	-1.39385616779327	-1013.90338134766	-14.0234174728394	6.4582347869873	-1009.12127685547	-6.8190393447876	-32.5178833007812	-987.267150878906	-5.01649570465088	-13.2443408966064	-969.204162597656	-19.1466789245605	-10.0247650146484	-957.872680664062	-35.487735748291	-2.93711972236633	-965.663696289062	-45.5088119506836	10.5626001358032	-993.257446289062	-39.6226768493652	23.2318019866943	-993.821228027344	-16.392749786377	5.2104868888855	-986.620056152344	-33.220645904541	41.4856719970703	-988.519165039062	-19.2607326507568	42.4665451049805	-1000.14141845703	-10.6387538909912	49.6312255859375	-1002.10339355469	-9.03043842315674	24.7166767120361	-995.564147949219
PRI-2592	1.63847756385803	-57.0509834289551	-1012.71929931641	1.17477166652679	-50.974609375	-1005.017578125	0.273025095462799	-38.6613655090332	-984.613647460938	-1.56167685985565	-16.9900512695312	-959.292297363281	-2.10236144065857	-13.0573215484619	-953.728759765625	-8.69171810150146	71.5554809570312	-978.679260253906	-7.00300121307373	54.3993263244629	-1000.01885986328	-5.28328084945679	37.7544708251953	-1003.63696289062	-3.08159828186035	11.7207860946655	-992.446166992188	-1.68737518787384	-2.34874629974365	-1004.41058349609	1.0819776058197	-41.009349822998	-1009.38781738281	11.2167072296143	-51.5402183532715	-1013.0263671875	15.3154020309448	-47.253734588623	-1014.37145996094	18.110710144043	-41.9002647399902	-1015.71264648438	20.3711280822754	-29.9821166992188	-1016.19378662109	15.1541624069214	-4.40494060516357	-1015.07403564453	9.07453346252441	4.239577293396	-1009.24859619141	5.87070512771606	-36.7581634521484	-987.552062988281	1.44800782203674	-15.02135181427	-967.142517089844	15.3274526596069	-11.008731842041	-956.666687011719	31.0197849273682	0.0581305585801601	-964.771606445312	NA	NA	NA	34.7527618408203	25.2371349334717	-993.324768066406	11.5419244766235	1.81911659240723	-986.977294921875	25.4587173461914	44.5496635437012	-989.729064941406	9.99926090240478	41.8173980712891	-1001.04949951172	1.27813565731049	47.9487953186035	-1002.74694824219	2.97895836830139	22.5939083099365	-997.351623535156	-8.28730010986328	-51.9888191223145	-1011.88555908203	-12.8436803817749	-48.3431129455566	-1013.69110107422	-16.2194709777832	-43.3296432495117	-1016.26068115234	-19.3932666778564	-31.4025478363037	-1016.99536132812	-18.2332649230957	-6.24331045150757	-1015.33203125	-14.3140745162964	2.20900225639343	-1009.19299316406	-5.39031314849854	-38.0471382141113	-988.450805664062	-4.87400913238525	-15.1752004623413	-967.36083984375	-18.0694332122803	-13.5164194107056	-956.966552734375	-35.8519401550293	-4.56991958618164	-964.7607421875	-49.804744720459	9.66675186157227	-995.009216308594	-41.1006126403809	19.7792224884033	-994.64453125	-16.5054473876953	0.0205132868140936	-987.567260742188	-37.6536712646484	39.7952995300293	-991.821350097656	-22.8445987701416	39.3770332336426	-1001.75830078125	-14.3534851074219	47.1424713134766	-1003.55963134766	-11.9183588027954	21.8691177368164	-997.219848632812
PRI-2595	0.0744386091828346	-52.0056838989258	-1004.53698730469	-0.33096981048584	-47.3783950805664	-997.905578613281	0.102548882365227	-41.284065246582	-980.199401855469	-0.754486083984375	-23.0823860168457	-957.157653808594	-1.10115480422974	-20.7305030822754	-952.973388671875	-5.18312406539917	56.6641807556152	-984.635864257812	-5.06020736694336	39.4042053222656	-999.167358398438	-4.40281915664673	24.3999118804932	-1001.23364257812	-2.59080100059509	2.39314746856689	-986.166259765625	-2.397381067276	-9.78983497619629	-996.096740722656	-0.62483823299408	-39.3722686767578	-1000.08312988281	10.3118896484375	-47.3167839050293	-1004.75531005859	11.2317171096802	-46.6505546569824	-1005.11700439453	13.8771829605103	-41.6235771179199	-1006.17425537109	16.52809715271	-31.0120582580566	-1006.37316894531	10.5216178894043	-5.65894937515259	-1003.53161621094	7.76429271697998	-4.03682279586792	-1000.68634033203	4.43485975265503	-39.9361457824707	-982.538818359375	1.49812304973602	-21.7360439300537	-963.732543945312	13.5352449417114	-18.3336124420166	-954.932006835938	27.0241165161133	-9.76933288574219	-964.587829589844	34.8665390014648	2.05224227905273	-987.059448242188	28.9477081298828	12.0867938995361	-989.347229003906	11.9680528640747	-5.66507482528687	-982.147827148438	23.0526733398438	28.8333873748779	-988.187744140625	10.3830280303955	28.6525955200195	-998.406372070312	2.72207450866699	32.9095497131348	-1001.28753662109	2.61233401298523	10.5947322845459	-992.389099121094	-10.7345857620239	-48.480785369873	-1004.36431884766	-11.4033441543579	-47.5146408081055	-1004.21130371094	-14.8273429870605	-43.2255439758301	-1006.38012695312	-18.8356494903564	-32.5122604370117	-1006.94909667969	-16.8152542114258	-7.32522010803223	-1004.26226806641	-13.159740447998	-5.0947265625	-1001.16351318359	-4.85488653182983	-40.1891975402832	-983.1826171875	-3.72532892227173	-22.0139255523682	-964.141784667969	-15.4885873794556	-20.4274196624756	-954.380493164062	-30.7990093231201	-13.1812582015991	-965.511779785156	-40.458137512207	-1.24123048782349	-987.142456054688	-35.8273048400879	8.59799480438232	-989.1904296875	-15.7888288497925	-7.76876592636108	-981.705749511719	-31.1923046112061	24.8963260650635	-987.875061035156	-19.5959033966064	27.1454544067383	-997.579895019531	-12.3281173706055	32.9497756958008	-1000.90301513672	-9.40586566925049	9.30914306640625	-991.562133789062
PRI-2596	-3.22141432762146	-61.833553314209	-983.364196777344	-3.12347316741943	-57.0093307495117	-976.994506835938	-2.17111301422119	-48.4140434265137	-959.519409179688	-1.52390933036804	-29.8079376220703	-937.109252929688	-1.37425434589386	-26.5005054473877	-932.621337890625	-1.67228507995605	50.186897277832	-961.676086425781	-2.76874899864197	33.2973823547363	-977.846496582031	-3.35470199584961	18.4590644836426	-980.802429199219	-2.90378952026367	-5.23973560333252	-967.28369140625	-3.3026852607727	-16.472526550293	-977.713684082031	-3.49944496154785	-49.3862495422363	-979.838134765625	6.54291534423828	-57.6658248901367	-983.112548828125	7.40863800048828	-56.7796325683594	-983.401916503906	11.0521354675293	-51.9714393615723	-984.835876464844	14.2759971618652	-42.2428359985352	-986.969055175781	12.6253604888916	-18.4108333587646	-985.919006347656	7.62016916275024	-12.7718391418457	-982.410705566406	2.47449588775635	-47.3900032043457	-962.219604492188	0.871027827262878	-29.2754516601562	-945.234191894531	13.0744037628174	-26.1199588775635	-935.312194824219	28.4540500640869	-19.0110816955566	-946.287963867188	36.3078727722168	-11.1901159286499	-970.356811523438	30.9594459533691	0.781273424625397	-971.142150878906	10.7788953781128	-13.7326765060425	-964.078735351562	25.8692646026611	19.2853374481201	-968.495239257812	13.0354299545288	19.2781143188477	-979.269714355469	4.17425107955933	26.766658782959	-980.173400878906	2.52747654914856	2.60999870300293	-973.416931152344	-13.0316905975342	-58.7994155883789	-982.268737792969	-14.1569967269897	-57.5704383850098	-982.586669921875	-17.9935512542725	-52.917911529541	-983.807678222656	-21.658727645874	-43.5304374694824	-984.928161621094	-20.2637481689453	-19.5600051879883	-984.759948730469	-14.3689813613892	-12.5085744857788	-981.751220703125	-7.25130796432495	-47.9752616882324	-961.879943847656	-4.60199689865112	-29.0682487487793	-944.918701171875	-15.3596744537354	-25.4799575805664	-934.912170410156	-31.8553981781006	-18.1923809051514	-944.357971191406	NA	NA	NA	-35.6613540649414	2.25831079483032	-969.161010742188	-16.4348392486572	-14.2208042144775	-962.764404296875	-31.0134601593018	19.8624267578125	-966.841125488281	-19.2129726409912	19.6949615478516	-978.308410644531	-9.9898681640625	27.0068492889404	-979.895263671875	-8.85783100128174	3.20097947120667	-972.900634765625
PRI-2597	-1.56370639801025	-47.3470344543457	-999.416381835938	-2.04637145996094	-43.0060768127441	-992.948852539062	-1.41945099830627	-35.6836128234863	-975.329895019531	-0.789700984954834	-15.6294584274292	-949.824645996094	-0.519761979579926	-13.3308668136597	-945.636657714844	0.0484894253313541	63.9037055969238	-972.132385253906	-1.43074154853821	48.0700416564941	-989.340515136719	-1.59337258338928	33.8658828735352	-992.421691894531	-2.31243371963501	10.2663707733154	-980.501770019531	-2.57846355438232	-2.4651358127594	-990.770812988281	-2.15739011764526	-34.1915168762207	-994.046264648438	8.54678153991699	-42.1724433898926	-997.240600585938	9.8784122467041	-40.8224029541016	-997.629028320312	13.1566505432129	-36.6510543823242	-998.174682617188	16.0344066619873	-24.95241355896	-1000.58190917969	12.1525373458862	-0.562348246574402	-995.746398925781	8.55859184265137	2.61935114860535	-995.381591796875	3.53429651260376	-33.1357231140137	-977.82666015625	1.07982707023621	-14.3045053482056	-958.546630859375	15.3047246932983	-12.1429882049561	-948.858276367188	29.7239055633545	-5.07162952423096	-959.968322753906	38.2053413391113	7.86957168579102	-981.532836914062	30.6887378692627	17.2641162872314	-982.812866210938	12.454906463623	0.928791046142578	-977.514770507812	26.238317489624	34.3310966491699	-979.978393554688	13.3035831451416	36.529354095459	-990.787902832031	5.60071992874146	42.4636116027832	-992.381774902344	4.43005990982056	18.74169921875	-986.00732421875	-12.3504772186279	-43.1423721313477	-998.170715332031	-13.5459318161011	-40.5608444213867	-998.870971679688	-17.2408580780029	-35.5299949645996	-999.190734863281	-20.1907291412354	-24.8260021209717	-1000.64788818359	-16.8961772918701	-0.574121475219727	-996.035034179688	-13.4350719451904	3.43835234642029	-995.026184082031	-7.2284345626831	-33.714282989502	-977.952941894531	-3.94675779342651	-13.6493558883667	-959.275268554688	-15.102349281311	-11.3908271789551	-947.734985351562	-31.1196041107178	-3.44954347610474	-958.269836425781	-40.0599060058594	7.95888900756836	-978.556213378906	-31.5907363891602	18.9934616088867	-980.957153320312	-15.9354877471924	1.37650799751282	-975.836181640625	-27.3182106018066	35.1286659240723	-979.468078613281	-16.7727184295654	37.9413223266602	-990.246704101562	-7.85518646240234	43.8521957397461	-991.427429199219	-8.52603912353516	18.9521560668945	-985.751831054688
PRI-2601	-1.16321396827698	26.724853515625	-1041.75512695312	-1.1183295249939	18.3422908782959	-1035.25463867188	-0.605856478214264	1.81421327590942	-1025.78686523438	-0.985115647315979	-20.521183013916	-1005.37817382812	-1.10728240013123	-24.1038436889648	-1002.20770263672	-1.47619247436523	12.8519897460938	-930.237060546875	-1.85479247570038	24.7705669403076	-950.276306152344	-1.40849828720093	25.6942234039307	-965.945007324219	-1.89234554767609	11.8924188613892	-984.223327636719	-1.44708001613617	18.9474010467529	-997.111999511719	-1.15281009674072	21.1397476196289	-1027.63354492188	7.47719430923462	26.1394882202148	-1038.16320800781	9.46616077423096	26.3326740264893	-1036.69787597656	11.9803237915039	27.9674434661865	-1033.72607421875	15.5260057449341	29.8067893981934	-1024.20178222656	15.8125534057617	29.384407043457	-1001.67639160156	8.75106620788574	24.3833293914795	-992.621459960938	3.57193613052368	3.70675921440125	-1024.35900878906	1.15616834163666	-13.6961231231689	-1005.57421875	13.0266628265381	-22.7535514831543	-998.933898925781	27.5773124694824	-10.0453538894653	-995.238647460938	38.0940361022949	13.5590753555298	-987.907104492188	30.3808536529541	15.8693494796753	-977.791564941406	12.2756605148315	7.32464456558228	-993.1298828125	26.4899578094482	14.1772241592407	-959.612731933594	12.5672073364258	23.3801765441895	-963.577270507812	5.37779378890991	26.0705738067627	-957.808166503906	3.83294892311096	16.3627452850342	-978.447814941406	-10.0907173156738	26.0405197143555	-1038.33740234375	-11.7982215881348	26.4980525970459	-1037.00036621094	-14.2202796936035	29.0284099578857	-1033.62280273438	-17.771017074585	30.0426464080811	-1025.41662597656	-17.6211967468262	29.6568660736084	-1001.69964599609	-11.4190320968628	24.7126731872559	-992.9892578125	-4.99918603897095	2.59875059127808	-1023.30200195312	-3.54215812683105	-13.2756366729736	-1005.10864257812	-15.6045703887939	-22.5527744293213	-998.462158203125	-30.0751609802246	-10.7139549255371	-996.495483398438	-39.1449851989746	13.6855268478394	-985.077026367188	-31.9510059356689	15.5784196853638	-978.489074707031	-14.1039266586304	6.45163249969482	-993.400024414062	-30.0712127685547	14.2420196533203	-961.966674804688	-15.0524864196777	23.5901508331299	-962.587097167969	-8.47738933563232	26.1747741699219	-957.323303222656	-7.00952911376953	16.3138675689697	-978.779968261719
PRI-3123	0.113036558032036	-51.6682014465332	-1010.71081542969	-0.677184462547302	-46.0404777526855	-1002.20086669922	-1.20470356941223	-34.1307106018066	-982.604614257812	-2.54444742202759	-13.3555383682251	-959.487426757812	-2.91770672798157	-10.0290756225586	-954.412780761719	-6.89820003509521	72.6160659790039	-980.357788085938	-6.26702928543091	55.7888717651367	-998.368591308594	-5.39521503448486	40.8004302978516	-1004.41510009766	-4.07493734359741	17.1903476715088	-991.426696777344	-3.1324942111969	0.362442165613174	-1001.04559326172	-1.08315122127533	-36.3539810180664	-1005.06964111328	10.2591514587402	-46.8653755187988	-1008.81689453125	13.0006561279297	-43.7811050415039	-1009.58856201172	16.3978137969971	-36.5008735656738	-1011.23059082031	19.4223232269287	-24.6103553771973	-1012.46252441406	13.4154691696167	1.05789685249329	-1012.09851074219	7.76425266265869	5.80835294723511	-1006.5	3.72057223320007	-33.4725456237793	-985.2197265625	0.238823443651199	-12.7060956954956	-966.414001464844	13.1932706832886	-8.66973972320557	-957.191040039062	28.7712364196777	-0.0927656292915344	-964.832397460938	42.1953086853027	12.4036378860474	-990.398681640625	31.5069370269775	24.6233825683594	-991.535034179688	10.7681608200073	5.48471450805664	-985.571411132812	24.8619270324707	43.5618591308594	-988.473083496094	11.3507347106934	43.7616195678711	-1000.43695068359	1.96762895584106	49.2383270263672	-1003.00640869141	1.79576873779297	23.9236698150635	-994.276306152344	-10.7468557357788	-47.7154006958008	-1008.89910888672	-14.0092706680298	-44.8147201538086	-1010.35144042969	-18.2140522003174	-38.5515975952148	-1011.45172119141	-22.4111576080322	-27.6449298858643	-1013.23004150391	-19.5198841094971	-1.47324395179749	-1012.80139160156	-14.2589130401611	4.46686840057373	-1006.28198242188	-7.00826168060303	-33.4201622009277	-985.742492675781	-5.73336505889893	-11.7420206069946	-966.691040039062	-18.3916625976562	-9.85270118713379	-956.757873535156	-35.5929183959961	-4.13217163085938	-965.693420410156	-48.9211502075195	6.73539352416992	-990.515380859375	-40.4005889892578	21.4238414764404	-992.677001953125	-17.1141662597656	4.45487260818481	-985.451354980469	-35.0792846679688	40.6818962097168	-989.500427246094	-21.7304592132568	41.6589660644531	-1001.09295654297	-13.1985702514648	49.1307754516602	-1002.87316894531	-11.8117189407349	23.6532917022705	-995.5810546875
PRI-3125	-2.35244584083557	-63.5032539367676	-1001.43499755859	-2.54902291297913	-57.2872619628906	-993.875671386719	-1.94227814674377	-44.6905822753906	-973.023315429688	-1.0884907245636	-20.2917747497559	-948.780029296875	-0.686150968074799	-15.7826919555664	-944.076354980469	0.935772836208344	65.9881744384766	-984.560729980469	-0.953682124614716	46.3938903808594	-996.360534667969	-1.26938533782959	29.6920318603516	-998.699462890625	-1.84665715694427	4.44238328933716	-982.154968261719	-1.97960066795349	-8.13949394226074	-994.238708496094	-2.68903017044067	-48.7292861938477	-997.028686523438	9.80940628051758	-57.5708236694336	-999.774475097656	12.077130317688	-55.6999816894531	-1000.48345947266	15.6922054290771	-48.0725936889649	-1003.16125488281	17.8236694335938	-36.9204864501953	-1005.45391845703	13.8744325637817	-9.94695281982422	-1005.20971679688	7.89859342575073	-3.65172123908997	-1000.52856445312	4.25976991653442	-46.0669898986816	-977.291137695312	1.54751217365265	-20.5483818054199	-957.464050292969	13.9155693054199	-15.9306488037109	-947.945129394531	30.1128368377686	-7.48612117767334	-958.914733886719	42.1490097045898	2.10590195655823	-990.012573242188	31.0901203155518	13.5163192749023	-988.832580566406	11.9439907073975	-4.58057594299316	-980.898132324219	29.8198337554932	33.3012351989746	-986.8046875	14.2046041488647	32.5692443847656	-996.745849609375	6.14206838607788	37.0348930358887	-998.504333496094	5.80748224258423	16.4917545318604	-989.30126953125	-13.8299856185913	-58.2399978637695	-1000.31555175781	-16.3029079437256	-55.300106048584	-1001.23583984375	-20.0683441162109	-47.7567558288574	-1002.98303222656	-22.4963684082031	-36.2233543395996	-1003.80853271484	-18.5416469573975	-9.86705207824707	-1003.94995117188	-12.877589225769	-2.89077639579773	-1000.08081054688	-7.04009294509888	-42.900276184082	-975.454284667969	-4.51159906387329	-19.9711494445801	-957.804748535156	-15.565673828125	-14.7988719940186	-947.325012207031	-32.1961212158203	-7.30147933959961	-957.917846679688	-44.6581764221191	6.02826166152954	-987.553283691406	-35.0648040771484	15.3391227722168	-987.808715820312	-13.9862232208252	-5.42073249816895	-979.880920410156	-31.8039817810059	35.125415802002	-985.521911621094	-17.3730926513672	32.5496864318848	-996.503784179688	-8.66722297668457	38.4398994445801	-998.191711425781	-8.99757957458496	16.8852844238281	-988.603637695312
PRI-3126	0.91592675447464	-59.0135917663574	-1003.32666015625	0.292864769697189	-52.7905082702637	-996.03271484375	-0.0557384081184864	-43.5496711730957	-975.917175292969	-0.923592865467072	-19.46533203125	-948.723022460938	-1.32827603816986	-15.2004556655884	-943.510986328125	-3.90751552581787	64.5781631469727	-980.940551757812	-3.24555587768555	45.1633148193359	-995.164978027344	-2.32880163192749	29.8620910644531	-998.123474121094	-1.72089302539825	7.34887409210205	-981.377807617188	-1.13863015174866	-7.47658777236938	-993.089477539062	0.192054331302643	-42.3756942749023	-998.07421875	10.9698076248169	-53.2537994384766	-1002.71813964844	14.0392980575562	-50.6904602050781	-1003.21923828125	16.4663581848145	-43.4619445800781	-1004.84857177734	18.7197265625	-31.9402370452881	-1005.18957519531	14.6323204040527	-8.54809284210205	-1003.47674560547	8.9072904586792	-1.88361656665802	-998.363342285156	5.89278554916382	-41.347297668457	-978.029724121094	1.90550005435944	-18.0695152282715	-955.584716796875	15.0772399902344	-15.6256666183472	-947.160400390625	30.9371871948242	-2.77930402755737	-954.823364257812	43.5792961120605	5.60617637634277	-983.171569824219	36.5552139282227	18.2149543762207	-985.481750488281	12.7322063446045	-1.66195464134216	-977.076354980469	28.1389484405518	36.912281036377	-982.077941894531	12.8890380859375	34.1296806335449	-995.036376953125	4.29225063323975	39.0991706848145	-997.920715332031	5.38940858840942	15.5666131973267	-988.731994628906	-9.74752044677734	-54.6189727783203	-1002.28436279297	-12.2337465286255	-50.7776184082031	-1002.99896240234	-16.5678634643555	-45.0266723632812	-1005.09149169922	-19.781888961792	-32.7724838256836	-1005.69403076172	-16.670373916626	-9.03061866760254	-1004.22509765625	-12.1760787963867	-2.46944808959961	-998.676513671875	-6.13304615020752	-42.1629600524902	-978.28515625	-4.23585081100464	-19.0070056915283	-956.33447265625	-18.7625713348389	-17.4554347991943	-947.234252929688	-35.9663848876953	-6.1441822052002	-956.729797363281	-47.4936256408691	4.0402307510376	-985.670776367188	-40.1935958862305	13.5314855575562	-986.119262695312	-15.3571481704712	-3.05013942718506	-977.31884765625	-34.3127098083496	32.7003517150879	-983.735656738281	-19.6526546478271	30.5948524475098	-994.462768554688	-10.3384208679199	38.0781059265137	-998.176879882812	-8.81518363952637	14.7206029891968	-987.748718261719
PRI-3128	8.2639217376709	-61.7939491271973	-946.656433105469	8.04203796386719	-54.2243537902832	-952.573181152344	6.39870405197144	-38.585994720459	-967.537963867188	2.17001175880432	-12.8917560577393	-985.684204101562	1.81336081027985	-8.26047229766846	-990.257263183594	-1.62638354301453	63.0988883972168	-940.15625	-1.281001329422	42.8626403808594	-930.442932128906	-0.383386343717575	25.7348861694336	-930.933959960938	1.31825137138367	6.29765939712524	-951.60986328125	3.2314715385437	-10.4632339477539	-942.586669921875	6.67051696777344	-44.9760475158691	-946.743591308594	-2.94509172439575	-57.1350135803223	-946.320495605469	-6.03937101364136	-54.4846992492676	-944.936157226562	-8.98652744293213	-50.0390357971191	-940.2158203125	-12.4525032043457	-40.4841804504395	-936.760498046875	-11.3525285720825	-15.4527225494385	-933.72119140625	-7.62827682495117	-8.16050434112549	-936.83203125	1.07862102985382	-38.4500923156738	-965.377868652344	-0.224348202347755	-13.7914886474609	-979.0908203125	-13.2017784118652	-8.25716590881348	-987.94287109375	-28.7371520996094	-4.92600917816162	-977.159362792969	-40.545970916748	1.28921663761139	-946.868957519531	-33.6345596313477	10.0104560852051	-943.071228027344	-11.9891376495361	-2.80455636978149	-956.929931640625	-29.0859680175781	29.5757331848145	-941.793273925781	-15.2996520996094	29.091344833374	-931.902404785156	-8.31804084777832	34.0097541809082	-929.814514160156	-5.82019424438477	13.3807668685913	-941.944213867188	17.8563747406006	-55.9403457641602	-945.153259277344	20.2112255096436	-52.5019912719727	-943.743774414062	22.7989234924316	-47.2068977355957	-940.224731445312	24.0382785797119	-36.8500480651855	-936.066772460938	19.3202247619629	-13.1429662704468	-933.438171386719	12.1922788619995	-5.42883396148682	-937.353942871094	11.4335126876831	-37.6255683898926	-964.662963867188	5.25198841094971	-12.5826177597046	-979.212768554688	16.7244682312012	-6.09149122238159	-987.747802734375	32.2827987670898	1.38738250732422	-977.827575683594	43.6747627258301	8.03817844390869	-948.239074707031	35.5817375183105	15.9236927032471	-944.209594726562	16.2412548065186	-0.465712547302246	-956.506530761719	28.2580852508545	33.5213890075684	-942.358154296875	14.3396196365356	30.7110080718994	-932.231201171875	6.83512115478516	34.7455406188965	-929.660217285156	7.86036825180054	14.0522718429565	-943.194091796875
PRI-3134	1.22995841503143	-63.0601806640625	-998.411376953125	0.66769003868103	-58.9054298400879	-992.972717285156	-0.930629134178162	-43.7546768188477	-973.459411621094	-2.26845812797546	-22.1873893737793	-951.217163085938	-2.63700413703918	-18.9362735748291	-946.428344726562	-5.10871982574463	63.3930892944336	-980.616577148438	-3.69112777709961	45.6248512268066	-995.123291015625	-3.27219414710999	29.3652515411377	-998.332336425781	-2.16148471832275	5.22026824951172	-983.9365234375	-1.09828007221222	-11.0247859954834	-994.526123046875	0.297127425670624	-48.7197074890137	-995.625793457031	10.8749713897705	-57.581844329834	-996.686584472656	13.7916803359985	-54.3681793212891	-997.618774414062	16.5098686218262	-48.6380653381348	-999.448852539062	19.156135559082	-38.3237915039062	-1002.27685546875	15.0832891464233	-13.1960134506226	-1003.77258300781	9.37099552154541	-6.55685424804688	-1000.16900634766	3.73484992980957	-42.9132385253906	-975.945068359375	0.993980228900909	-21.2444458007812	-960.323120117188	13.2078990936279	-16.6661128997803	-949.027282714844	29.2243843078613	-9.08330154418945	-957.620178222656	42.1813888549805	6.26450490951538	-983.006469726562	31.4270076751709	18.0500202178955	-985.793518066406	11.5697603225708	-4.51002931594849	-979.645202636719	24.8237533569336	35.076545715332	-984.94873046875	10.4284267425537	32.4097862243652	-996.180603027344	4.50786304473877	37.2060203552246	-997.893188476562	4.27256298065186	14.789701461792	-989.981750488281	-9.16339206695557	-58.641357421875	-999.306335449219	-11.3592710494995	-56.0575790405273	-1000.19049072266	-15.2325830459595	-49.8778381347656	-1002.03955078125	-18.4230461120605	-39.5920600891113	-1004.30670166016	-15.7309646606445	-15.0001392364502	-1004.77954101562	-11.5775585174561	-7.5360631942749	-1000.28454589844	-5.68082523345947	-43.8830947875977	-976.863830566406	-5.03494167327881	-21.1499652862549	-960.307434082031	-17.2629566192627	-19.0126056671143	-949.340637207031	-33.509708404541	-12.1874160766602	-958.836608886719	-47.1568756103516	2.32847714424133	-987.105834960938	-37.1319847106934	15.2009801864624	-987.663818359375	-14.3943605422974	-5.64339208602905	-979.669921875	-33.2065505981445	32.3364906311035	-985.587036132812	-18.4824447631836	30.3122577667236	-995.72607421875	-11.226300239563	36.6757202148438	-998.027893066406	-9.9510669708252	14.6898918151855	-990.018615722656
PRI-3135	-0.579767525196075	-44.9826393127441	-991.432983398438	-1.0505291223526	-38.752368927002	-985.062255859375	-1.94637751579285	-31.6432342529297	-968.021667480469	-3.60068249702454	-11.8354816436768	-945.785217285156	-4.16784381866455	-8.84262943267822	-941.411865234375	-2.74640321731567	66.8361587524414	-976.250061035156	-2.38708353042603	49.8530769348145	-988.691284179688	-1.82423913478851	32.492359161377	-990.082885742188	-2.40366244316101	12.466025352478	-976.49462890625	-1.50671327114105	-0.142880380153656	-985.922241210938	-0.723299443721771	-31.3064746856689	-988.071960449219	8.87689590454102	-39.8441467285156	-990.963439941406	10.6402931213379	-37.6602516174316	-991.386962890625	13.8239593505859	-33.4048194885254	-992.932373046875	16.6860885620117	-23.1454524993896	-993.67431640625	13.0664310455322	1.86847901344299	-992.184631347656	8.73315715789795	4.53844261169434	-990.204528808594	2.19534730911255	-27.5914783477783	-968.696044921875	-0.797119200229645	-11.2715873718262	-952.901794433594	10.492431640625	-7.35825729370117	-942.281311035156	26.3378505706787	-1.11302471160889	-953.693054199219	36.4567832946777	12.7906818389893	-973.413391113281	29.7311916351318	19.255090713501	-975.89208984375	10.4443664550781	4.81609392166138	-970.534606933594	24.9397506713867	36.8646774291992	-975.533874511719	12.5156908035278	36.5378913879395	-987.718933105469	4.73985147476196	41.131420135498	-990.015991210938	3.65573525428772	20.3177604675293	-983.005737304688	-10.325065612793	-40.1579818725586	-991.2978515625	-11.9297580718994	-38.0534858703613	-992.385620117188	-14.9272775650024	-33.9940071105957	-993.904174804688	-18.6222553253174	-23.6274871826172	-994.806945800781	-16.2077884674072	1.19045877456665	-994.194702148438	-11.5270919799805	4.90100288391113	-991.357788085938	-6.40736246109009	-29.052827835083	-969.552551269531	-5.72393083572388	-10.804162979126	-953.464294433594	-18.0982093811035	-7.36284780502319	-944.467041015625	-32.4990577697754	0.0735283270478249	-955.691284179688	-40.6936302185059	9.55877590179443	-978.638854980469	-35.2355117797852	18.3778133392334	-980.7578125	-14.7164974212646	4.78652906417847	-971.937622070312	-30.5960178375244	36.0160064697266	-980.338928222656	-16.76708984375	35.6257972717285	-990.273498535156	-8.7630558013916	41.1709022521973	-991.275329589844	-8.36181449890137	20.238697052002	-983.327880859375
PRI-3153	1.39955377578735	-59.1379814147949	-990.821472167969	1.76536440849304	-51.4176864624023	-984.21435546875	NA	NA	NA	-1.48354947566986	-10.7614212036133	-943.827453613281	-1.99417304992676	-6.57504224777222	-938.799072265625	-2.75512051582336	73.2129745483398	-977.237915039062	-2.08072066307068	53.2481460571289	-991.239318847656	-1.27092361450195	35.2894020080566	-993.299499511719	-0.293695420026779	10.3708782196045	-977.317749023438	0.269262164831161	-6.34252882003784	-988.329162597656	0.883659541606903	-43.4436264038086	-987.575561523438	11.3455448150635	-53.4597663879395	-989.590087890625	15.8539199829102	-49.939037322998	-991.839294433594	18.4570274353027	-44.8802757263184	-995.186218261719	20.2764511108398	-34.7210121154785	-996.314758300781	18.8028736114502	-9.65308856964111	-996.773620605469	12.9197807312012	-0.355361938476562	-992.578369140625	NA	NA	NA	1.34408354759216	-10.9010419845581	-950.369812011719	13.7066411972046	-4.50967979431152	-940.427185058594	30.3926982879639	2.58717155456543	-948.959716796875	46.8496398925781	10.7885341644287	-975.460266113281	38.7568473815918	21.7258548736572	-978.655883789062	12.5616903305054	2.44003343582153	-971.153503417969	29.7375583648682	42.6488265991211	-977.356872558594	14.4975433349609	39.1445083618164	-989.632263183594	5.63127565383911	45.2533683776855	-992.308898925781	5.99395608901978	21.3253326416016	-982.531188964844	-7.84803009033203	-53.449878692627	-990.904663085938	-11.4540061950684	-51.0180854797363	-994.261840820312	-15.0858469009399	-45.886100769043	-996.608825683594	-17.2432823181152	-35.5583038330078	-998.102661132812	-15.556097984314	-10.0707330703735	-999.257263183594	-10.6881866455078	-0.681175470352173	-994.312866210938	NA	NA	NA	-4.54548120498657	-10.4711503982544	-950.605346679688	-19.2558059692383	-4.98674249649048	-941.761108398438	-35.1936187744141	0.114060543477535	-952.471374511719	-47.9657669067383	8.56425476074219	-980.649230957031	-40.4909629821777	19.2858200073242	-983.128784179688	-14.6841239929199	1.8481240272522	-972.389709472656	-33.6281547546387	39.9041023254395	-980.906799316406	-17.6507225036621	38.4367523193359	-990.818054199219	-9.17660045623779	44.655403137207	-993.030822753906	-8.142897605896	20.7885971069336	-983.671081542969
PRI-3159	-1.44345605373383	20.3324527740479	-1056.525390625	-1.59511053562164	15.0073862075806	-1052.56567382812	-0.836974143981934	-1.12368595600128	-1042.86853027344	-0.375558286905289	-20.8410587310791	-1021.55340576172	-0.182911425828934	-24.9500923156738	-1018.35394287109	-2.71277856826782	12.2728490829468	-947.768493652344	-3.02268195152283	22.985179901123	-965.410400390625	-2.8695867061615	24.215991973877	-982.29345703125	-2.19830918312073	7.1961498260498	-1000.72784423828	-2.50065922737122	17.716215133667	-1013.80877685547	-1.45666062831879	17.7579555511475	-1045.3564453125	7.98287391662598	20.9192981719971	-1050.56140136719	9.43399524688721	21.2627124786377	-1049.63073730469	12.108437538147	22.7555103302002	-1044.40698242188	14.7478866577148	24.1316089630127	-1035.44592285156	10.8046464920044	23.0811462402344	-1011.38055419922	7.71948575973511	22.7842712402344	-1009.25500488281	3.28199005126953	1.33660435676575	-1041.55480957031	1.55881857872009	-13.7547512054443	-1020.45928955078	12.4952630996704	-23.3800258636475	-1015.59680175781	26.2394599914551	-11.1332273483276	-1009.41583251953	34.0380744934082	12.0098972320557	-1001.92065429688	28.4449634552002	12.4988651275635	-994.314025878906	11.7409791946411	2.993807554245	-1007.85388183594	24.0468997955322	12.0825691223145	-977.70068359375	12.5225658416748	22.2762966156006	-979.432861328125	4.77411842346191	25.2384757995605	-974.138854980469	3.81217885017395	14.7563619613647	-994.728637695312	-10.8808917999268	20.3982715606689	-1051.82543945312	-12.4737949371338	20.5056762695312	-1050.14611816406	-15.3938503265381	21.8978691101074	-1045.16040039062	-18.4341297149658	23.9806327819824	-1035.90515136719	-15.6385707855225	22.0557403564453	-1012.19146728516	-12.6074752807617	21.3714046478271	-1010.20458984375	-6.38720607757568	0.949094116687775	-1041.59765625	-3.50381112098694	-14.2094116210938	-1021.01556396484	-13.2158079147339	-24.330867767334	-1016.62084960938	-28.8194847106934	-12.9646615982056	-1010.39697265625	-38.6054344177246	10.5340280532837	-1003.46362304688	-33.2081108093262	11.1254711151123	-994.648803710938	-14.3967113494873	1.72466492652893	-1008.43182373047	-29.2451286315918	11.7895317077637	-978.735290527344	-16.7142581939697	22.0787220001221	-979.071044921875	-10.5145292282104	24.9896926879883	-974.328491210938	-9.41891098022461	13.9443502426147	-994.536499023438
PRI-3161	0.447416394948959	-45.3472061157227	-995.983459472656	0.690910637378693	-41.1638031005859	-988.436096191406	1.23425233364105	-34.0000648498535	-970.945373535156	1.26421272754669	-14.6200895309448	-949.810119628906	1.14371836185455	-11.8466472625732	-945.321533203125	-5.35058498382568	64.9674758911133	-974.523254394531	-4.82453393936157	48.1171913146973	-987.832946777344	-4.29536628723145	32.0180435180664	-990.251525878906	-2.41503477096558	9.87301063537598	-976.831604003906	-2.25130319595337	-0.594594776630402	-986.28662109375	-0.127955704927444	-33.8756523132324	-990.118591308594	9.391357421875	-39.9649391174316	-996.047119140625	10.287013053894	-37.7595252990723	-996.361267089844	12.4898500442505	-33.7587661743164	-996.929321289062	15.8712873458862	-23.2071743011475	-998.256652832031	13.0612449645996	0.500173270702362	-996.152465820312	7.44995927810669	5.26155948638916	-991.442199707031	5.56640529632568	-29.9983062744141	-973.047302246094	3.36955451965332	-13.1442613601685	-957.150207519531	15.2700157165527	-9.55049228668213	-948.323669433594	28.7607345581055	-1.60809278488159	-957.28466796875	36.7678184509277	11.3312320709229	-979.934692382812	30.2469329833984	20.7980785369873	-980.700744628906	10.6429262161255	2.4159140586853	-974.946350097656	23.3989906311035	35.8483009338379	-978.441345214844	10.4055671691895	35.2299461364746	-988.303894042969	2.79324436187744	40.6379165649414	-990.191955566406	2.4995539188385	19.44677734375	-982.111022949219	-9.47581958770752	-41.5027961730957	-994.501831054688	-11.0600214004517	-39.4980506896973	-994.580444335938	-13.9492120742798	-35.8526992797852	-995.253479003906	-19.0246105194092	-25.8483238220215	-996.372131347656	-18.2386264801025	-1.72330129146576	-994.219970703125	-13.2722949981689	3.36556768417358	-990.493530273438	-3.51396107673645	-31.366870880127	-972.471618652344	-2.1173369884491	-13.7602596282959	-957.250854492188	NA	NA	NA	-30.2243785858154	-5.81226778030396	-956.465454101562	-42.0033645629883	7.30130958557129	-978.532592773438	-36.2426795959473	17.2743377685547	-978.869018554688	-13.9948663711548	0.138935208320618	-973.993225097656	-31.1821403503418	33.8640480041504	-976.94189453125	-18.5555973052979	34.4216117858887	-986.972595214844	-12.0022192001343	40.0364875793457	-990.034240722656	-9.42546939849854	19.1348819732666	-981.653442382812
PRI-3162	-2.78300547599792	-57.0124969482422	-1009.71020507812	-3.0070149898529	-51.5211982727051	-1002.39093017578	-1.55519127845764	-40.3732299804688	-980.598571777344	-0.92418760061264	-16.5923480987549	-951.670471191406	-0.794652104377747	-13.5702428817749	-947.396301269531	-1.60561692714691	68.9270172119141	-980.558410644531	-1.7606360912323	52.2754096984863	-997.748291015625	-2.19444727897644	35.1208953857422	-1002.29577636719	-1.6804872751236	9.42376327514648	-986.6572265625	-2.37025380134583	-4.63726711273193	-998.480712890625	-3.08560943603516	-41.720760345459	-1005.48229980469	6.17699575424194	-52.0166816711426	-1008.86328125	10.9624071121216	-48.1143226623535	-1009.26715087891	13.8055152893066	-43.7293853759766	-1012.25207519531	NA	NA	NA	13.1819849014282	-7.98475170135498	-1010.90924072266	8.86785697937012	0.947275042533875	-1004.32208251953	3.6075599193573	-38.2079734802246	-983.18798828125	1.82922399044037	-15.3938846588135	-960.865600585938	15.4730730056763	-10.1043500900269	-949.899291992188	32.5389862060547	-4.53343296051025	-963.159729003906	44.3852462768555	10.1495237350464	-991.2412109375	36.298999786377	19.9331455230713	-992.883911132812	12.4661340713501	0.373235076665878	-981.876281738281	30.2443370819092	39.7557411193848	-989.333312988281	13.6306562423706	37.9346656799316	-999.904235839844	5.68048191070557	44.411506652832	-1001.08074951172	5.38146877288818	19.6935977935791	-992.670532226562	-12.0423355102539	-52.9748840332031	-1007.38879394531	-15.7014465332031	-48.2194061279297	-1008.48327636719	-20.3570365905762	-44.2387580871582	-1011.14569091797	-22.0913982391357	-32.013744354248	-1012.22796630859	-20.1741523742676	-8.36205005645752	-1008.92962646484	-14.6291551589966	0.454997092485428	-1003.55230712891	-7.48938941955566	-38.1752891540527	-982.458312988281	-4.53645610809326	-15.5098152160645	-961.406005859375	-17.4268646240234	-8.9748363494873	-948.837524414062	-34.927001953125	-0.867003202438354	-960.189758300781	-48.6484832763672	11.1618480682373	-990.821960449219	-41.3565368652344	19.4945259094238	-991.455139160156	-15.8673639297485	-0.309889256954193	-981.791015625	-33.9746971130371	39.4705619812012	-987.06494140625	-18.2092361450195	38.7002258300781	-998.382385253906	-9.94179916381836	44.3094253540039	-1000.62255859375	-9.4364185333252	19.7716960906982	-991.640075683594
PRI-3438	-0.306675910949707	21.8398895263672	-1051.98779296875	-0.21893797814846	16.7947578430176	-1048.21252441406	-0.291210979223251	-0.551233232021332	-1039.78881835938	-1.53929710388184	-25.1364459991455	-1018.79827880859	-1.54254257678986	-29.0263385772705	-1015.59918212891	1.82480537891388	7.5492148399353	-940.621215820312	1.20650637149811	21.8434238433838	-959.982482910156	1.15397715568542	22.2693862915039	-975.635009765625	-0.371449321508408	8.19724655151367	-996.385864257812	0.220916584134102	17.6731796264648	-1008.75909423828	-0.156139642000198	18.998929977417	-1040.62280273438	9.69776248931885	21.7345600128174	-1048.15319824219	11.4202184677124	21.8867301940918	-1047.28100585938	14.3333683013916	23.9489097595215	-1042.08056640625	18.0975131988525	25.3621597290039	-1033.52331542969	16.3734016418457	25.4451961517334	-1010.16729736328	11.4811220169067	21.800931930542	-1004.43365478516	4.25934600830078	1.06683075428009	-1037.30297851562	1.12720143795013	-16.5379867553711	-1018.56951904297	13.134033203125	-27.694164276123	-1012.67529296875	28.7811641693115	-16.995906829834	-1007.96643066406	41.4318618774414	9.73323631286621	-997.816162109375	33.783576965332	12.0827445983887	-989.328186035156	11.8848686218262	3.50221538543701	-1005.84967041016	29.1439304351807	10.234016418457	-971.837829589844	15.8550996780396	20.2937622070312	-971.811645507812	8.44980335235596	22.4875545501709	-966.431823730469	5.9978666305542	12.9418334960938	-989.374206542969	-9.24568843841553	21.8322582244873	-1047.66271972656	-10.6505851745605	21.7669219970703	-1046.65490722656	-13.472638130188	24.2710552215576	-1041.99450683594	-16.3809185028076	25.9672222137451	-1032.78649902344	-15.3943748474121	26.4255867004395	-1009.33563232422	-10.9071073532104	22.6764640808105	-1003.75140380859	-5.38213539123535	1.41602039337158	-1037.31713867188	-3.93975901603699	-15.977801322937	-1018.62371826172	-16.0191822052002	-28.0721645355225	-1012.16119384766	-31.3123474121094	-14.3735694885254	-1007.00201416016	-41.006778717041	12.130823135376	-996.242004394531	-32.5480155944824	13.3983478546143	-988.254821777344	-13.2058801651001	3.02324795722961	-1004.84918212891	-27.8508987426758	11.6173982620239	-970.571472167969	-13.3644847869873	20.9477386474609	-971.134887695312	-5.91757011413574	23.199254989624	-966.317749023438	-5.89416408538818	13.1318082809448	-988.796508789062
PRI-3444	-1.72403013706207	-61.788402557373	-1001.021484375	-1.91556179523468	-58.2309799194336	-996.343627929688	-2.80531644821167	-44.9269561767578	-974.726806640625	-3.60104370117188	-22.7506828308105	-949.712280273438	-3.71863079071045	-19.184928894043	-944.689270019531	-5.1083984375	66.3868713378906	-973.937927246094	-3.37932229042053	50.7826805114746	-994.758117675781	-3.5941891670227	33.4637336730957	-997.865844726562	-2.99516654014587	5.58302402496338	-984.080871582031	-2.61436605453491	-9.16550540924072	-994.677551269531	-2.00655150413513	-47.2303123474121	-998.443786621094	8.16751861572266	-55.242561340332	-999.444519042969	10.00856590271	-53.2097358703613	-1000.4267578125	14.9539709091187	-46.5244407653809	-1001.22100830078	17.6274795532227	-35.4864463806152	-1003.47375488281	14.2972888946533	-10.1435890197754	-1004.40313720703	8.49872779846191	-2.8244366645813	-999.328979492188	2.63066649436951	-42.5801010131836	-977.533996582031	-0.848881781101227	-21.9043598175049	-958.904235839844	11.3262748718262	-17.9484348297119	-948.698059082031	29.1561412811279	-9.70873260498047	-956.899780273438	NA	NA	NA	NA	NA	NA	11.9630517959595	-4.31754016876221	-978.066772460938	27.7578563690186	36.6947479248047	-981.759399414062	13.0245666503906	37.0794296264649	-994.481018066406	4.52085733413696	42.4486122131348	-996.945617675781	4.07699680328369	15.3014097213745	-989.0048828125	-11.477931022644	-55.5471115112305	-1000.95391845703	-12.6465940475464	-52.7533950805664	-1000.00158691406	-19.4761161804199	-48.5761451721191	-1001.59063720703	-21.9968509674072	-35.8124771118164	-1004.89556884766	-19.6122093200684	-10.3107089996338	-1004.7919921875	-13.3923387527466	-3.53749537467957	-1000.224609375	-7.96063852310181	-43.8368949890137	-978.133483886719	-6.1556134223938	-22.3629760742188	-959.170104980469	-18.7675495147705	-18.3185138702393	-949.775268554688	-36.1311492919922	-10.4072885513306	-958.458618164062	-48.992000579834	3.97498917579651	-987.120910644531	-41.2615013122559	15.2377414703369	-987.728332519531	-18.9991512298584	-4.65764808654785	-978.455505371094	-35.7565307617188	35.0625114440918	-983.57080078125	-20.0441818237305	37.5771713256836	-994.605163574219	-11.4047250747681	42.9141502380371	-997.918395996094	-9.87540054321289	15.3095464706421	-988.821960449219
PRI-3446	-2.69773483276367	-55.2898979187012	-988.461303710938	-2.55382680892944	-49.0605926513672	-981.083374023438	-1.60487496852875	-38.7451286315918	-962.839477539062	-1.32152247428894	-22.2578735351562	-943.945373535156	-1.25376272201538	-19.6008720397949	-939.456176757812	0.382717490196228	53.9595146179199	-979.412719726562	-0.253735035657883	35.5686340332031	-990.283935546875	-0.904880702495575	20.99196434021	-992.472534179688	-1.25071263313293	1.12796950340271	-975.5654296875	-1.55497252941132	-11.4190664291382	-983.945434570312	-2.17574882507324	-42.1679382324219	-983.7353515625	7.54889440536499	-50.5282249450684	-987.993469238281	9.38133335113525	-48.2958030700684	-988.36328125	11.756420135498	-44.8985595703125	-989.630310058594	NA	NA	NA	11.9126052856445	-12.0214796066284	-990.931457519531	9.10280990600586	-7.57384204864502	-988.508361816406	3.49695920944214	-40.0971374511719	-966.821411132812	1.33300745487213	-21.1976356506348	-951.6318359375	12.5515947341919	-19.6276111602783	-943.968933105469	26.8529949188232	-10.5944404602051	-952.942932128906	34.9318923950195	-3.42962551116943	-976.719360351562	29.7429714202881	7.29608201980591	-978.717529296875	12.6186628341675	-6.66229104995728	-970.329772949219	26.6187477111816	23.4528045654297	-979.095336914062	14.6042470932007	23.2606506347656	-989.556884765625	6.93213415145874	29.6287117004395	-992.329895019531	4.15106153488159	6.64012289047241	-981.332763671875	-12.7157258987427	-50.1962661743164	-987.297302246094	-13.8806285858154	-48.4203186035156	-988.299621582031	-16.1981525421143	-44.6396408081055	-989.33740234375	-20.2299308776855	-34.8192253112793	-990.277770996094	-16.6834354400635	-11.2039251327515	-990.810546875	-11.7336511611938	-7.12196588516235	-988.505187988281	-7.13111591339111	-39.7083129882812	-966.610961914062	-4.54435968399048	-20.7900562286377	-952.0166015625	-16.0701274871826	-18.5143852233887	-943.955444335938	-29.733434677124	-9.30998229980469	-953.451293945312	-37.9447174072266	-0.782105088233948	-976.229187011719	-31.6135120391846	9.78322124481201	-978.938049316406	-14.9306335449219	-5.82348299026489	-969.553283691406	-27.6575908660889	25.2646656036377	-980.0615234375	-15.0689573287964	25.115291595459	-990.407043457031	-7.3676176071167	29.5409164428711	-992.998901367188	-6.69926691055298	7.79459714889526	-981.806762695312
PRI-3447	-0.530664563179016	-42.5119667053223	-995.632751464844	-0.868154644966125	-38.439884185791	-988.987670898438	-1.56007933616638	-31.0831546783447	-972.472961425781	-3.77054357528687	-12.6026706695557	-949.374877929688	-4.16964530944824	-9.7432804107666	-944.326843261719	-6.55457448959351	66.5069885253906	-977.364074707031	-3.97833061218262	48.3185424804688	-990.150817871094	-2.77664017677307	32.8435363769531	-991.544555664062	-3.18390011787415	11.8220739364624	-977.584533691406	-2.16386532783508	-0.521235883235931	-988.486267089844	-0.814152777194977	-30.9752101898193	-990.798034667969	8.59176063537598	-37.9054718017578	-994.273620605469	10.3082857131958	-35.3683242797852	-995.131042480469	13.5154752731323	-30.3739833831787	-995.59814453125	16.4555950164795	-21.3475914001465	-996.210144042969	12.7391347885132	1.91254889965057	-994.009887695312	8.26889991760254	5.22716283798218	-991.587036132812	3.18847322463989	-29.2987937927246	-973.675842285156	-1.23075902462006	-11.4785614013672	-955.913391113281	8.92666530609131	-7.73150825500488	-944.684326171875	24.6401996612549	1.03210699558258	-953.764831542969	34.7232398986816	11.3860702514648	-977.683471679688	28.2714157104492	20.3628330230713	-978.942565917969	9.86395931243896	3.89118266105652	-972.561401367188	22.643575668335	37.6119117736816	-977.866577148438	11.4182024002075	36.2603530883789	-988.809265136719	3.64712929725647	40.8594627380371	-992.203002929688	2.77409768104553	19.5252666473389	-983.264465332031	-9.70975589752197	-38.6347541809082	-994.555419921875	-11.4433813095093	-36.8244132995605	-995.447387695312	-14.9473667144775	-32.0717849731445	-997.384460449219	-18.0619354248047	-22.7394981384277	-998.719848632812	-17.0110530853271	0.308825790882111	-996.2666015625	-13.5624341964722	4.64043235778809	-993.332336425781	-6.95495748519897	-29.8974952697754	-974.575927734375	-6.03867721557617	-11.416088104248	-956.347106933594	-17.3182563781738	-8.33308696746826	-946.282958984375	-32.6840171813965	-1.27048802375793	-957.315368652344	-40.5338325500488	8.92258739471436	-982.39013671875	-35.6825370788574	17.1729125976562	-982.708251953125	-16.2505378723145	3.40822315216064	-973.757995605469	-30.6177043914795	34.3126220703125	-981.414794921875	-18.0581817626953	34.5067329406738	-990.293518066406	-10.1185626983643	40.3770751953125	-992.586242675781	-9.16486930847168	18.9425067901611	-983.519409179688
PRI-3448	-1.36772263050079	22.8277282714844	-1048.50805664062	-1.51822888851166	16.2052745819092	-1041.1650390625	-1.1706782579422	-0.0585626363754272	-1033.25720214844	-1.71912026405334	-23.6005668640137	-1011.63287353516	-1.54568719863892	-28.455904006958	-1007.72039794922	-0.88869959115982	11.9592628479004	-934.459716796875	-1.74021327495575	24.7578792572021	-954.685607910156	-1.67112565040588	25.4231586456299	-969.976684570312	-1.39817917346954	8.42287158966064	-990.804809570312	-1.70041406154633	17.8302097320557	-1003.71447753906	-1.71301364898682	19.0787391662598	-1034.724609375	7.63083219528198	23.8496074676514	-1044.45629882812	10.3129434585571	24.4273300170898	-1043.07507324219	12.8051090240479	25.2718830108643	-1039.25500488281	16.0291576385498	26.5053482055664	-1029.72998046875	13.5224733352661	26.6183967590332	-1005.06573486328	9.2913408279419	22.9982585906982	-999.388671875	2.83501839637756	1.42248702049255	-1031.46215820312	0.61752188205719	-17.4976348876953	-1011.72088623047	11.7909355163574	-26.4078922271729	-1006.60278320312	27.4708671569824	-16.2281837463379	-998.213134765625	37.8700294494629	10.1221675872803	-993.182983398438	32.5158386230469	13.5445365905762	-982.698791503906	12.9536743164062	3.0895676612854	-998.767395019531	27.2994804382324	13.6326465606689	-965.449096679688	12.5568771362305	23.0753192901611	-966.480834960938	5.10757493972778	26.2867012023926	-960.813720703125	4.61009740829468	15.8452959060669	-982.671875	-10.7947444915771	23.1889572143555	-1045.50720214844	-12.8316946029663	23.5358867645264	-1044.15808105469	-16.3629779815674	24.6356620788574	-1040.33361816406	-19.6044635772705	26.0359382629395	-1030.41101074219	-17.9934635162354	26.7188110351562	-1006.00354003906	-12.9953680038452	23.2531814575195	-999.202209472656	-5.88879776000977	2.15924429893494	-1031.57727050781	-3.86011648178101	-17.3901386260986	-1011.89862060547	-15.7767963409424	-26.0718631744385	-1006.87457275391	-30.9085121154785	-15.7927722930908	-998.912780761719	-41.7570419311523	10.6520881652832	-993.346374511719	-36.8674354553223	14.5156812667847	-982.852722167969	-15.9373540878296	3.13709807395935	-999.226623535156	-30.9378089904785	14.2399950027466	-965.696960449219	-17.0065002441406	23.8577365875244	-966.509643554688	-8.90671730041504	26.2677726745605	-961.013549804688	-7.72399091720581	15.7327613830566	-983.216552734375
PRI-3957	-4.86410903930664	-49.4882507324219	-995.578735351562	-3.4474720954895	-45.9880790710449	-989.711547851562	-2.30047750473022	-36.9885101318359	-972.847351074219	-2.76005411148071	-17.7990531921387	-951.049621582031	-2.92492628097534	-15.3888750076294	-947.05712890625	-0.271817237138748	58.8719291687012	-979.505004882812	-1.57444429397583	41.5671577453613	-992.696350097656	-2.61582684516907	25.4245872497559	-994.885620117188	-2.8649115562439	3.38702154159546	-980.585876464844	-2.90579056739807	-7.44889974594116	-990.634582519531	-3.32356429100037	-38.553882598877	-992.307556152344	5.88849592208862	-46.9788398742676	-995.911743164062	7.3767499923706	-45.7467460632324	-996.071044921875	10.5741539001465	-42.0862655639649	-997.798889160156	14.6552495956421	-31.7621593475342	-999.652526855469	11.9851875305176	-7.48841667175293	-996.503479003906	8.22809028625488	-2.72642397880554	-995.013427734375	1.75444853305817	-36.0003395080566	-975.746154785156	-0.198156878352165	-17.0901622772217	-958.228698730469	11.0097599029541	-13.0737676620483	-948.060913085938	26.6540603637695	-7.68658924102783	-956.764953613281	37.2711982727051	1.1120787858963	-981.349304199219	31.4552879333496	11.967679977417	-981.503723144531	11.3318042755127	-3.35198712348938	-975.868713378906	24.8431129455566	28.0867786407471	-980.622131347656	12.2328968048096	27.9244785308838	-992.715759277344	5.31383848190308	33.7058639526367	-994.797607421875	3.99274468421936	11.4589223861694	-986.848999023438	-11.7341575622559	-47.0621223449707	-995.568725585938	-13.432279586792	-45.1974716186523	-996.209655761719	-16.4168128967285	-41.3396301269531	-997.849609375	-19.9404335021973	-31.1826076507568	-999.164306640625	-17.7356758117676	-7.49022436141968	-996.988708496094	-13.9372835159302	-2.23104166984558	-995.498413085938	NA	NA	NA	-5.36326503753662	-17.036865234375	-958.766540527344	-17.5869369506836	-11.9388113021851	-949.053161621094	-31.9893226623535	-5.26166105270386	-958.186584472656	-43.0236396789551	5.81915616989136	-982.092224121094	-35.7757110595703	15.4216451644897	-982.316955566406	-15.938663482666	-2.37685871124268	-975.810363769531	-28.9365539550781	31.3215351104736	-981.1240234375	-17.2160835266113	29.4350032806396	-992.695434570312	-8.52420902252197	35.0086364746094	-995.185180664062	-9.40431976318359	12.2396459579468	-986.875427246094
PRI-3958	-0.763880372047424	-46.0668983459473	-993.475341796875	-0.702601909637451	-43.5052719116211	-989.002502441406	-1.02989530563354	-35.338207244873	-971.827087402344	-2.73224568367004	-16.7811908721924	-949.497131347656	-3.10314774513245	-13.9774360656738	-944.100402832031	-3.98187780380249	62.9970893859863	-974.645751953125	-2.42089915275574	46.6007614135742	-988.447387695312	-1.68401432037354	29.8889923095703	-991.9404296875	-1.66058456897736	6.60255479812622	-978.958984375	-1.30284178256989	-5.14154672622681	-987.984069824219	-0.563260972499847	-34.6224174499512	-990.766174316406	8.83029270172119	-43.4655609130859	-992.78173828125	10.7569961547852	-41.200798034668	-993.365112304688	14.172890663147	-37.0299072265625	-994.072631835938	16.8185367584229	-26.3228569030762	-995.580200195312	12.7137823104858	-1.8878208398819	-992.162170410156	9.9126091003418	0.995364487171173	-991.523132324219	2.84701824188232	-33.7988586425781	-972.926147460938	-0.183673068881035	-15.6360054016113	-956.729125976562	9.93709754943848	-11.1892385482788	-944.743835449219	25.6174736022949	-4.17625761032104	-953.952453613281	37.4783897399902	6.53576421737671	-975.872619628906	30.8637714385986	16.5766620635986	-978.479858398438	10.347264289856	-0.514751136302948	-972.6328125	23.7673206329346	34.2480659484863	-976.95556640625	13.20299243927	33.0984039306641	-988.749877929688	5.67339038848877	38.1053237915039	-992.219299316406	4.80926942825317	16.2949676513672	-983.312927246094	NA	NA	NA	-9.51372051239014	-42.3822288513184	-994.03955078125	-13.2757711410522	-38.0744857788086	-996.393737792969	-17.4262237548828	-27.5835571289062	-997.188781738281	-14.3498277664185	-3.80172753334045	-993.944580078125	-12.191104888916	-0.274867802858353	-992.829162597656	-5.47912454605103	-34.2697830200195	-973.624389648438	-4.83526992797852	-16.144962310791	-956.877380371094	-16.7591934204102	-12.0010843276978	-945.827941894531	-32.0791511535645	-6.26953411102295	-958.728271484375	-40.9581565856934	4.90090465545654	-981.830932617188	-34.9590911865234	14.3812646865845	-982.204345703125	-15.5605697631836	-0.996445953845978	-974.0068359375	-29.9031848907471	31.3014488220215	-979.798889160156	-17.6879844665527	31.0183334350586	-989.904541015625	-9.96803665161133	38.150691986084	-992.15771484375	-8.06974411010742	15.2392625808716	-982.6005859375
PRI-4076	-1.71598768234253	-62.0924606323242	-1178.22351074219	-1.82867336273193	-54.8100776672363	-1170.97387695312	-1.52462601661682	-42.4622230529785	-1151.0068359375	-0.890768647193909	-18.1767959594727	-1121.87805175781	-0.840871274471283	-15.4413776397705	-1117.32727050781	0.171101257205009	74.8678207397461	-1148.65014648438	-0.627572238445282	56.8212547302246	-1170.33129882812	-0.491467714309692	39.7757034301758	-1175.56103515625	-1.255255818367	11.529974937439	-1159.93713378906	-1.56186604499817	-4.33722162246704	-1168.57690429688	-2.4022707939148	-42.8587608337402	-1173.14990234375	10.0610389709473	-55.3688125610352	-1176.57238769531	12.9712257385254	-53.6113548278809	-1177.13403320312	16.6947898864746	-44.9191017150879	-1180.89038085938	17.8549213409424	-35.1315498352051	-1182.74487304688	16.9253444671631	-8.79179573059082	-1182.90417480469	11.8599605560303	0.502309501171112	-1178.158203125	3.8880398273468	-40.2379913330078	-1152.5908203125	1.74356961250305	-19.0413284301758	-1130.00158691406	17.0503253936768	-14.3601951599121	-1121.64465332031	35.5957145690918	-4.55861759185791	-1134.8388671875	47.8308219909668	10.2549657821655	-1164.88024902344	39.4938888549805	21.7000751495361	-1162.77917480469	13.3489923477173	-0.565246820449829	-1155.30712890625	32.0890960693359	41.4181213378906	-1158.81433105469	17.4931182861328	42.3145713806152	-1172.00842285156	7.94173765182495	49.480598449707	-1174.68078613281	7.23734092712402	20.237756729126	-1166.13635253906	-14.1466312408447	-56.790584564209	-1176.95971679688	-16.109167098999	-54.1155853271484	-1177.58093261719	-20.8423099517822	-46.2166862487793	-1179.84460449219	-22.7692813873291	-35.5343818664551	-1181.45336914062	-21.7429618835449	-9.2637300491333	-1182.2021484375	-15.3280868530273	0.902205407619476	-1176.67028808594	-7.10268497467041	-40.2691993713379	-1152.11462402344	-4.91689252853394	-17.3283538818359	-1130.54455566406	-18.7068252563477	-12.6030321121216	-1121.28552246094	-37.211597442627	-2.60483288764954	-1132.68579101562	-49.9465026855469	10.569785118103	-1163.38598632812	-42.2736740112305	22.100025177002	-1161.46704101562	-15.6349124908447	-0.935301303863525	-1154.86669921875	-32.8460311889648	42.0014801025391	-1157.06396484375	-19.5604763031006	41.5088653564453	-1170.87573242188	-9.16173076629639	49.3976516723633	-1174.15100097656	-9.6542329788208	19.7983169555664	-1164.65539550781
PRI-4113	-1.09661221504211	-62.6206283569336	-1165.00891113281	-0.963301539421082	-56.5943984985352	-1155.30908203125	-0.81909567117691	-43.2273330688477	-1132.70129394531	-0.715208172798157	-23.0211277008057	-1108.61376953125	-0.765832364559174	-18.6758136749268	-1100.16564941406	-2.91769433021545	70.9423751831055	-1131.5048828125	-2.59695887565613	51.8284950256348	-1148.86328125	-2.10322976112366	34.1407852172852	-1154.64367675781	-1.50955557823181	8.0054178237915	-1140.12731933594	-1.79909324645996	-7.45055627822876	-1152.72619628906	-1.06924080848694	-44.0328674316406	-1157.7724609375	10.0222005844116	-57.4808578491211	-1161.48034667969	12.1892070770264	-55.4076194763184	-1161.59631347656	15.8555727005005	-46.7472763061523	-1165.43664550781	18.22487449646	-36.3350372314453	-1167.02844238281	15.5597772598267	-9.45555686950684	-1165.43078613281	9.3869571685791	-2.74204158782959	-1158.18762207031	4.56645965576172	-41.724006652832	-1135.32995605469	2.21608114242554	-21.3614501953125	-1115.24011230469	17.8718757629395	-16.737943649292	-1105.49975585938	35.2023582458496	-7.94532346725464	-1117.54675292969	44.5267333984375	9.57555198669434	-1148.72387695312	36.7906379699707	18.9718265533447	-1144.17810058594	13.9947109222412	-5.94237375259399	-1138.50939941406	32.3642768859863	40.9050674438477	-1140.82141113281	15.6075639724731	37.7339401245117	-1152.40051269531	5.14989185333252	44.5100784301758	-1153.24658203125	7.02337694168091	15.2027997970581	-1146.09448242188	-12.1668949127197	-57.3693008422852	-1162.2060546875	-14.8561487197876	-55.2781829833984	-1162.09130859375	-18.4557762145996	-47.264461517334	-1164.91479492188	-20.5631484985352	-36.6831741333008	-1166.23278808594	-18.9736728668213	-9.60098075866699	-1164.57299804688	-13.00465965271	-3.01020526885986	-1158.0087890625	-6.21711921691895	-41.9468727111816	-1134.58422851562	-4.13025665283203	-21.3059902191162	-1115.07580566406	-19.582950592041	-18.0130863189697	-1105.06225585938	-37.3409805297852	-8.82180976867676	-1117.57495117188	-47.6515197753906	9.12678527832031	-1148.82983398438	-38.2797050476074	16.6324596405029	-1144.60180664062	-17.3253498077393	-7.03328323364258	-1138.68957519531	-37.7426300048828	37.9686889648438	-1141.5576171875	-19.935188293457	36.5606956481934	-1151.99755859375	-9.87716960906982	44.2860260009766	-1153.41516113281	-10.2406482696533	13.7088823318481	-1145.76013183594
PRI-4335	-0.792460739612579	-60.8894538879395	-1163.865234375	-1.36166942119598	-55.6623725891113	-1153.73425292969	-1.0018002986908	-41.7909317016602	-1132.67517089844	-1.19310545921326	-20.932918548584	-1110.08764648438	-1.21986782550812	-15.780442237854	-1103.28576660156	-0.67897242307663	72.3773803710938	-1131.90051269531	-1.16843378543854	54.2092170715332	-1155.70178222656	-1.42745816707611	37.0651664733887	-1160.0009765625	-1.24706566333771	11.6825294494629	-1144.99829101562	-0.816478610038757	-4.82811260223389	-1152.41845703125	-1.0141441822052	-42.9698486328125	-1157.45056152344	10.915283203125	-54.6276206970215	-1161.7373046875	13.3293981552124	-51.5258979797363	-1162.37097167969	16.4473838806152	-43.3119468688965	-1164.90686035156	18.7463436126709	-32.6551475524902	-1166.47277832031	16.0720462799072	-5.84016370773315	-1166.23547363281	10.4378280639648	0.599942564964294	-1160.28369140625	3.49897575378418	-41.6900672912598	-1136.33508300781	2.39097142219543	-20.1252250671387	-1117.49743652344	17.0562591552734	-15.8210716247559	-1109.78137207031	36.053050994873	-6.5021538734436	-1118.11767578125	49.8427810668945	8.89675235748291	-1146.63366699219	38.8826065063477	20.8395366668701	-1148.00805664062	12.9364366531372	-1.56767678260803	-1140.78576660156	34.7524147033691	40.2371101379395	-1144.236328125	16.3011474609375	40.8096656799316	-1155.79504394531	7.24117374420166	48.3958930969238	-1159.67712402344	7.11508321762085	19.9284343719482	-1150.20068359375	-12.2428016662598	-54.8991394042969	-1163.08715820312	-15.3550186157227	-51.7714576721191	-1163.24780273438	-18.2169513702393	-44.1474189758301	-1165.59777832031	-20.4909610748291	-32.7894821166992	-1166.53674316406	-17.5007991790771	-6.39816761016846	-1166.09057617188	-12.5694808959961	0.0858728960156441	-1160.43823242188	-5.47254037857056	-41.7684173583984	-1135.4169921875	-4.87169313430786	-19.3482818603516	-1117.66369628906	-18.503568649292	-15.6364831924438	-1109.29858398438	-37.2243499755859	-5.69418907165527	-1117.51770019531	-51.4418449401855	10.3669471740723	-1147.35009765625	-40.7658271789551	21.214262008667	-1147.37512207031	-14.2821140289307	-1.78245949745178	-1140.77990722656	-36.1202430725098	40.4113998413086	-1143.43188476562	-18.7135028839111	41.1583938598633	-1155.10180664062	-9.23228073120117	48.3344497680664	-1159.10620117188	-9.31097888946533	19.5796585083008	-1149.99963378906
PRI-4338	-1.83534514904022	-62.217472076416	-1168.69177246094	-1.80007982254028	-57.0209617614746	-1160.04479980469	-1.25761294364929	-45.4501342773438	-1135.54614257812	-0.970242917537689	-20.6243782043457	-1110.22265625	-1.20181560516357	-16.9736938476562	-1103.43286132812	1.71845602989197	72.8120498657227	-1135.90832519531	1.1086345911026	53.6899833679199	-1154.27209472656	0.6014004945755	36.8722229003906	-1158.63562011719	0.543902575969696	11.0193767547607	-1145.32348632812	-0.465482383966446	-4.45988607406616	-1155.78564453125	-1.34925436973572	-43.8820838928223	-1160.5947265625	10.0736932754517	-55.8394966125488	-1165.71350097656	11.5700597763062	-54.2840957641602	-1166.24230957031	16.2774124145508	-44.7989654541016	-1168.14379882812	19.2972774505615	-34.7784461975098	-1169.17785644531	16.3354892730713	-7.928391456604	-1166.52209472656	10.8446073532104	-0.723922312259674	-1161.15588378906	3.82837677001953	-43.2770767211914	-1138.32897949219	2.15820574760437	-19.4334659576416	-1118.58947753906	17.447566986084	-15.5668058395386	-1109.07885742188	35.7306785583496	-8.0195484161377	-1119.46997070312	45.5887069702148	5.36088609695435	-1148.2431640625	39.7923431396484	19.2851505279541	-1147.31164550781	16.2027568817139	-4.8365969657898	-1141.05493164062	33.9707298278809	40.4157638549805	-1143.21166992188	17.9318256378174	40.4657325744629	-1155.94396972656	8.46446704864502	47.8801345825195	-1157.03332519531	8.69433498382568	19.8813819885254	-1152.01599121094	-13.5381412506104	-55.2470817565918	-1166.07580566406	-16.2648544311523	-52.6483955383301	-1166.32604980469	-19.5168399810791	-45.3608474731445	-1167.71301269531	-21.9201965332031	-34.1962890625	-1168.93676757812	-17.6835765838623	-7.79132604598999	-1166.48522949219	-12.1760530471802	-0.382182627916336	-1161.15893554688	-6.15209054946899	-42.1229667663574	-1136.30029296875	-4.30311965942383	-19.3390293121338	-1118.31274414062	-18.0312938690186	-15.0829772949219	-1108.39453125	-37.1125297546387	-7.74450206756592	-1120.40112304688	-45.6252250671387	7.58077049255371	-1147.25744628906	-38.4989013671875	20.5462188720703	-1147.20288085938	-15.8504962921143	-3.41092205047607	-1140.95422363281	-32.7788963317871	40.998649597168	-1142.61706542969	-17.8650436401367	40.5732612609863	-1154.61242675781	-7.67323875427246	48.0639839172363	-1156.77746582031	-7.8889331817627	19.443811416626	-1150.63305664062
PRI-4341	-0.753201127052307	-61.7149925231934	-1162.41809082031	-1.11052167415619	-55.6401977539062	-1156.00524902344	-1.15196752548218	-40.0597381591797	-1132.67614746094	-0.785908699035645	-14.8855199813843	-1103.8251953125	-0.817603886127472	-10.5587720870972	-1097.70263671875	-0.65608549118042	77.2785797119141	-1134.24169921875	-1.03878152370453	57.0763549804688	-1152.31188964844	-0.319812417030334	39.5884819030762	-1154.56591796875	-0.412770330905914	13.9048891067505	-1139.20520019531	-0.630867183208466	-3.28527855873108	-1151.90759277344	-1.03376948833466	-42.5707931518555	-1157.65698242188	10.1354608535767	-59.3638458251953	-1161.73901367188	13.2620506286621	-55.9179573059082	-1162.81774902344	17.831485748291	-49.7719421386719	-1164.75378417969	NA	NA	NA	17.9901237487793	-12.3626480102539	-1165.64929199219	11.3691110610962	2.10307955741882	-1158.15234375	5.49361038208008	-39.8438301086426	-1136.52514648438	2.46980667114258	-14.5682678222656	-1113.57214355469	16.6574745178223	-8.6208610534668	-1103.43395996094	35.7740478515625	-2.26242327690125	-1115.78149414062	48.5448455810547	10.6331567764282	-1146.54626464844	40.3935432434082	22.4316139221191	-1144.537109375	12.8945350646973	3.486976146698	-1135.27697753906	33.3889083862305	44.6399726867676	-1141.05163574219	18.1168575286865	42.7925834655762	-1151.11145019531	6.97053050994873	49.5039596557617	-1154.5625	7.41064023971558	21.8382778167725	-1145.14526367188	-11.946141242981	-59.5165023803711	-1162.38195800781	-15.0920124053955	-55.9123954772949	-1164.10620117188	-19.2069053649902	-49.9739036560059	-1166.2421875	NA	NA	NA	-19.1975173950195	-12.7012538909912	-1165.9638671875	-12.6156558990479	2.50076007843018	-1158.92456054688	-7.95996999740601	-38.3271369934082	-1136.01049804688	-3.40980958938599	-14.4872512817383	-1113.240234375	-17.4318351745605	-8.21086311340332	-1104.38903808594	-36.6668319702149	-1.82176160812378	-1116.19006347656	-50.8005523681641	14.4452819824219	-1146.3310546875	-40.6761779785156	24.1042861938477	-1144.86218261719	-14.2428579330444	2.80417990684509	-1136.00512695312	-34.3321533203125	44.0504951477051	-1141.9296875	-18.6951065063477	43.3360977172851	-1152.79992675781	-8.25963592529297	49.2704048156738	-1155.35827636719	-8.49456787109375	20.8425998687744	-1146.0400390625
PRI-4360	-1.45276832580566	-59.6155242919922	-1151.09899902344	-1.52176833152771	-55.5605926513672	-1145.71252441406	-1.18217849731445	-42.2246894836426	-1124.32250976562	-1.07623064517975	-17.0123691558838	-1102.1259765625	-1.07306480407715	-12.6355800628662	-1097.45349121094	-2.23382616043091	64.5962448120117	-1139.4892578125	-1.7844420671463	42.9640007019043	-1154.13488769531	-1.57485663890839	26.8731346130371	-1155.01416015625	-1.20796227455139	6.22493410110474	-1136.52392578125	-0.443278551101685	-9.23833847045898	-1146.56982421875	-1.13398694992065	-45.9247016906738	-1148.97155761719	9.48537826538086	-56.760066986084	-1152.65209960938	10.1611919403076	-55.4974060058594	-1153.23779296875	13.7449426651001	-51.1990013122559	-1155.44934082031	17.9307804107666	-41.4224586486816	-1156.96655273438	18.2481670379639	-16.466760635376	-1156.1513671875	11.6046838760376	-5.32557058334351	-1153.12231445312	4.28972244262695	-40.9175796508789	-1127.42956542969	2.40970849990845	-17.5568885803223	-1110.23181152344	14.7972373962402	-10.0659942626953	-1100.96875	31.0167846679688	-4.56140995025635	-1111.59252929688	44.1062393188477	6.27976655960083	-1137.34594726562	35.4082489013672	14.2668170928955	-1138.79223632812	12.7592401504517	-4.29690027236938	-1131.77795410156	31.0309047698975	32.9159774780273	-1141.517578125	15.4308366775513	31.0931453704834	-1152.3388671875	6.41359901428223	37.4744033813477	-1155.81665039062	6.47260761260986	11.2867307662964	-1142.9345703125	-12.1861848831177	-56.7778854370117	-1152.96215820312	-12.9490919113159	-56.074649810791	-1153.22619628906	-16.5807762145996	-51.537654876709	-1154.79162597656	-20.8986320495605	-41.1314659118652	-1156.40112304688	-20.5548057556152	-16.8673801422119	-1156.71252441406	-13.1097602844238	-5.49485492706299	-1152.53149414062	-6.76247596740723	-41.465259552002	-1127.935546875	-4.46329593658447	-17.7436618804932	-1110.49426269531	-17.4074420928955	-10.1763830184937	-1102.48791503906	-34.0405426025391	-6.49285984039307	-1111.57360839844	-46.6818351745605	4.95195770263672	-1136.90893554688	-39.1378631591797	14.2375087738037	-1139.61010742188	-15.3520317077637	-4.59157752990723	-1131.841796875	-33.5831069946289	32.3919372558594	-1141.84777832031	-19.4885406494141	31.7939376831055	-1152.93896484375	-9.18769550323486	36.9779319763184	-1155.92712402344	-9.0123815536499	12.0107049942017	-1143.41284179688
PRI-4370	-1.60635709762573	-49.3809242248535	-1165.64233398438	-1.46185183525085	-45.4140892028809	-1156.92236328125	-1.03592157363892	-37.6737289428711	-1137.99060058594	-1.80809760093689	-19.6020317077637	-1114.59545898438	-1.9982488155365	-16.3991928100586	-1108.9091796875	-0.975164115428925	64.7619247436523	-1137.90490722656	-0.855746269226074	49.4322967529297	-1153.36181640625	-1.16575634479523	31.2041759490967	-1157.47375488281	-1.64486336708069	6.26927900314331	-1144.95251464844	-1.15085744857788	-6.94147205352783	-1154.41479492188	-1.16448450088501	-36.8041038513184	-1159.20031738281	9.16078567504883	-44.6914329528809	-1163.81030273438	10.8510236740112	-42.6816711425781	-1164.37744140625	13.5450077056885	-37.0585403442383	-1165.36486816406	16.952465057373	-26.9190311431885	-1166.818359375	14.9721622467041	-2.83526158332825	-1163.68615722656	11.3131885528564	-0.0476052314043045	-1160.919921875	3.26523685455322	-36.7626152038574	-1139.64099121094	0.985858976840973	-19.3345756530762	-1122.33837890625	13.195315361023	-14.5215854644775	-1112.39660644531	28.1278800964355	-7.89123249053955	-1121.31811523438	40.8670196533203	6.52250146865845	-1147.42651367188	34.9839935302734	16.018798828125	-1145.02624511719	13.49232006073	-2.35199737548828	-1141.89245605469	29.0387001037598	34.9883804321289	-1144.5361328125	16.9239730834961	36.4124526977539	-1155.822265625	6.95328760147095	41.8161277770996	-1157.0810546875	5.09934997558594	14.8666667938232	-1152.16125488281	-11.8961534500122	-44.5451698303223	-1163.84265136719	-13.3593912124634	-42.2169532775879	-1164.55590820312	-15.8591709136963	-36.8174934387207	-1165.68737792969	-19.1102561950684	-26.3291091918945	-1166.75341796875	-17.1887035369873	-2.49285078048706	-1163.4912109375	-13.4708604812622	0.0456692650914192	-1160.84375	-5.89639091491699	-36.8077926635742	-1139.70495605469	-4.79637432098389	-18.573751449585	-1122.65893554688	-17.3008728027344	-14.6031970977783	-1113.24768066406	-32.5508232116699	-7.17865467071533	-1123.021484375	-43.6215591430664	9.15903759002686	-1147.427734375	-37.0395545959473	17.3968200683594	-1146.20385742188	-17.0913124084473	-2.11621427536011	-1142.64892578125	-32.4689178466797	35.0490608215332	-1144.95922851562	-19.3324661254883	38.0965576171875	-1156.08178710938	-9.36392307281494	41.8035011291504	-1157.60717773438	NA	NA	NA
PRI-4374	-0.538222134113312	-54.9881782531738	-1152.95092773438	-1.18833720684052	-51.5036277770996	-1145.22326660156	-1.42280733585358	-40.728687286377	-1126.83532714844	-2.05391049385071	-19.1100883483887	-1106.81176757812	-2.3728392124176	-15.2301063537598	-1101.76123046875	-1.90161657333374	63.4721946716309	-1146.24743652344	-2.59123587608337	43.021614074707	-1157.3095703125	-1.98130393028259	28.571662902832	-1159.07739257812	-1.67912757396698	4.80602645874023	-1142.67602539062	-1.27163684368134	-8.44412231445312	-1149.62512207031	-1.33091497421265	-40.8053398132324	-1147.74096679688	8.6212911605835	-50.8529586791992	-1151.09167480469	10.1415967941284	-49.283130645752	-1151.24340820312	14.1292333602905	-44.3422393798828	-1153.84216308594	16.8284549713135	-34.6388893127441	-1155.11608886719	14.510368347168	-9.59667015075684	-1157.81518554688	10.0491495132446	-3.28408932685852	-1155.82067871094	3.20840549468994	-38.973217010498	-1129.43054199219	1.58689105510712	-19.0404148101807	-1114.07971191406	15.0881671905518	-12.4667930603027	-1104.77673339844	30.5229568481445	-6.54146862030029	-1116.63525390625	40.2575645446777	1.19662296772003	-1143.96850585938	33.7229156494141	11.7730073928833	-1144.09497070312	13.2620601654053	-4.0961480140686	-1137.14416503906	29.4135074615479	29.7865562438965	-1143.45922851562	16.8103618621826	31.4913120269775	-1156.06469726562	5.90024995803833	36.4898490905762	-1159.28173828125	6.06466054916382	12.1394357681274	-1148.91845703125	-10.1832876205444	-51.6292686462402	-1151.67150878906	-11.9552154541016	-49.7251892089844	-1151.59399414062	-16.9249839782715	-44.690601348877	-1153.65808105469	-19.7353019714355	-34.7575340270996	-1155.90246582031	-18.3293743133545	-10.5198745727539	-1157.97875976562	-13.2516031265259	-4.0409460067749	-1156.02905273438	-5.7401328086853	-39.4334945678711	-1129.33898925781	-5.61117506027222	-18.1860504150391	-1114.25268554688	-18.5401306152344	-13.1969194412231	-1103.396484375	-34.9901313781738	-7.8437819480896	-1118.67614746094	-43.970100402832	0.669377267360687	-1144.77502441406	-36.6261711120605	11.7837934494019	-1145.52221679688	-17.2339954376221	-6.15650653839111	-1138.38732910156	-33.2510147094727	28.4162845611572	-1144.97058105469	-20.8739852905273	29.5707378387451	-1156.35083007812	-10.383394241333	35.9054870605469	-1160.13830566406	-9.97069072723389	11.4556303024292	-1148.00036621094
PRI-5184	-1.39143478870392	-60.8190002441406	-1167.53686523438	-0.983442664146423	-56.556095123291	-1157.40905761719	-0.625146746635437	-44.7435340881348	-1134.76916503906	-0.112448118627071	-22.9339275360107	-1109.64916992188	0.048543892800808	-19.2176742553711	-1103.46691894531	-1.37724649906158	68.3158950805664	-1138.17907714844	-2.27797818183899	48.6929168701172	-1154.95007324219	-1.05330109596252	32.0582618713379	-1157.89477539062	-0.569616436958313	7.67345523834229	-1143.0185546875	-0.494228273630142	-9.10711002349854	-1153.92736816406	-0.937290906906128	-45.4779167175293	-1159.75805664062	9.27003479003906	-57.4748458862305	-1163.68530273438	12.7530860900879	-54.8960876464844	-1163.89245605469	15.1850252151489	-47.8814430236816	-1165.74572753906	17.6729774475098	-36.3399658203125	-1166.08581542969	14.9533014297485	-11.529390335083	-1166.40307617188	9.93779468536377	-2.67644357681274	-1160.52746582031	3.54174113273621	-43.3047714233398	-1138.04870605469	2.77885437011719	-22.3810997009277	-1118.09875488281	17.7771434783936	-17.6708335876465	-1107.1083984375	33.6282653808594	-11.6352787017822	-1117.66748046875	46.4519996643066	3.26518535614014	-1146.70153808594	38.6311302185059	16.6954917907715	-1145.908203125	13.6208581924438	-5.89536809921265	-1140.42822265625	32.8223190307617	36.067512512207	-1143.09790039062	17.0568332672119	36.001895904541	-1156.04125976562	6.41195201873779	42.5331916809082	-1158.43212890625	7.08330011367798	15.540376663208	-1149.81689453125	-10.2418146133423	-57.0047721862793	-1163.89514160156	-14.0128793716431	-55.4349174499512	-1164.06750488281	-17.0590534210205	-47.6377410888672	-1166.03466796875	-18.7667713165283	-36.1499786376953	-1166.64782714844	-17.109489440918	-12.0728797912598	-1166.13488769531	-11.9637393951416	-3.3999764919281	-1160.20483398438	-5.42425298690796	-43.2907638549805	-1137.57934570312	-3.41253352165222	-21.8489933013916	-1118.26098632812	-17.7305850982666	-17.7428379058838	-1107.17687988281	-34.7439880371094	-12.9462757110596	-1118.25964355469	-48.4293632507324	2.70838856697083	-1145.23510742188	-40.2079086303711	16.3390598297119	-1145.24267578125	-14.4774513244629	-5.91004800796509	-1139.80773925781	-35.8683853149414	34.6691131591797	-1141.88488769531	-19.1347904205322	35.4742088317871	-1155.33972167969	-8.9685754776001	42.2201690673828	-1158.212890625	-8.58098125457764	15.5351181030273	-1148.8056640625
PRI-5194	-1.25982594490051	-55.7453460693359	-1156.25061035156	-1.57136416435242	-51.7620506286621	-1146.53259277344	-1.15801620483398	-40.5722045898438	-1126.41369628906	-1.44436156749725	-18.2601165771484	-1104.98486328125	-1.20881056785583	-13.7589874267578	-1099.3369140625	0.1220378652215	63.068359375	-1144.890625	-0.30739289522171	42.7574157714844	-1156.29272460938	-0.500721871852875	26.8374347686768	-1156.84399414062	-0.883099436759949	6.13270568847656	-1140.19396972656	-1.06214487552643	-8.0952615737915	-1147.982421875	-1.67729949951172	-42.4610443115234	-1149.8662109375	9.09956169128418	-52.1616020202637	-1154.10925292969	10.1703262329102	-51.0353240966797	-1154.60266113281	13.0976524353027	-46.2439002990723	-1156.78662109375	17.0362548828125	-36.7207794189453	-1158.02587890625	15.3783121109009	-10.0602588653564	-1156.85852050781	8.6126708984375	-3.89414811134338	-1154.00952148438	NA	NA	NA	1.76762509346008	-18.6336803436279	-1112.25122070312	14.2590484619141	-10.596248626709	-1104.82861328125	29.6300487518311	-5.94092416763306	-1116.35607910156	40.1780014038086	3.82000923156738	-1143.15539550781	33.0211868286133	13.8620891571045	-1142.40148925781	12.9772644042969	-4.70980739593506	-1135.31677246094	29.9987201690674	30.4901447296143	-1142.66027832031	16.0926876068115	30.4734420776367	-1154.412109375	6.81338930130005	36.5590324401855	-1157.96655273438	5.98688220977783	11.6022338867188	-1146.39501953125	-11.6045274734497	-52.865161895752	-1154.25317382812	-12.3289632797241	-51.7807121276855	-1154.71362304688	-15.7584943771362	-46.8956909179688	-1157.12109375	-19.48317527771	-37.1688652038574	-1157.81298828125	-17.7208404541016	-10.6128749847412	-1157.11926269531	-11.5412464141846	-4.29421043395996	-1154.12280273438	-4.71834945678711	-39.0479164123535	-1128.91088867188	-4.38468933105469	-17.9507999420166	-1111.95788574219	-16.6591854095459	-10.5212631225586	-1105.08020019531	-32.8109397888184	-6.33851766586304	-1117.23864746094	-42.1463012695312	3.8454897403717	-1144.29479980469	-34.8133392333984	15.0296487808228	-1143.75927734375	-16.0022773742676	-5.13843965530396	-1135.20532226562	-31.8986053466797	31.1666278839111	-1144.00512695312	-17.8618049621582	31.2362518310547	-1155.45056152344	-7.70960474014282	35.7960548400879	-1158.97668457031	-8.26791000366211	11.6848821640015	-1146.4345703125
PRI-5425	-0.405941396951675	-57.3393630981445	-1009.14056396484	-0.653895437717438	-52.5957260131836	-1002.28771972656	-0.484515070915222	-43.8755226135254	-984.024719238281	-1.0078113079071	-24.681755065918	-958.457397460938	-1.24512326717377	-21.263069152832	-952.322631835938	-5.98068284988403	59.990104675293	-979.528381347656	-4.86102533340454	43.6885299682617	-998.345886230469	-4.01034450531006	27.1157779693604	-1003.27960205078	-2.79383277893066	2.36655211448669	-987.596252441406	-2.33294939994812	-9.1736478805542	-1000.10217285156	-1.17651867866516	-41.9352951049805	-1004.82043457031	9.75360774993896	-51.7190284729004	-1008.03436279297	11.8535346984863	-49.6810340881348	-1008.79339599609	15.1985177993774	-43.7250709533691	-1010.26361083984	16.862133026123	-31.740795135498	-1011.87072753906	12.095832824707	-5.89649438858032	-1007.17297363281	8.16958236694336	-2.49640893936157	-1004.65802001953	5.12371206283569	-42.3372535705566	-986.691955566406	1.78054237365723	-22.4040966033936	-965.765014648438	13.4944887161255	-19.8656978607178	-955.783447265625	28.6715221405029	-9.15720748901367	-962.990478515625	NA	NA	NA	32.7595252990723	12.668140411377	-992.041076660156	11.1610860824585	-5.58647537231445	-983.602844238281	26.5662631988525	31.5922794342041	-988.033630371094	10.9562654495239	31.2782783508301	-999.947082519531	3.02065920829773	36.8320121765137	-1001.50701904297	3.00542759895325	11.7409896850586	-993.539672851562	-11.1675100326538	-52.4889755249023	-1008.65594482422	-14.0410814285278	-50.5470695495605	-1008.61499023438	-17.6575107574463	-44.2472152709961	-1010.6826171875	-20.3194847106934	-32.3793754577637	-1011.67736816406	-17.3102531433105	-7.23314714431763	-1007.50457763672	-13.3350343704224	-3.9080228805542	-1004.54962158203	-6.40384721755981	-42.6080169677734	-986.139587402344	-4.31935548782349	-23.051965713501	-966.049011230469	-16.4596519470215	-21.6708431243896	-956.603271484375	-32.8742790222168	-12.7194652557373	-963.807800292969	-44.9446716308594	0.36880025267601	-991.853820800781	-39.9725608825684	9.58442401885986	-992.700378417969	-16.3023700714111	-6.31319952011108	-983.501953125	-34.8968162536621	28.3000602722168	-988.469360351562	-19.5071964263916	29.7890224456787	-999.844421386719	-11.8749113082886	35.6381950378418	-1001.53179931641	-10.2255554199219	11.7860145568848	-993.839782714844
PRI-5731	-2.62256717681885	-56.1628913879395	-1165.45104980469	-2.26174521446228	-52.7852363586426	-1158.12561035156	-1.25260388851166	-41.1761322021484	-1138.54150390625	-0.136179402470589	-20.1805152893066	-1116.22546386719	-0.0103852581232786	-16.2789535522461	-1110.30346679688	-1.18101835250854	64.1523895263672	-1146.0185546875	-1.34786283969879	46.1839294433594	-1159.20129394531	-1.62357032299042	30.4057159423828	-1162.96118164062	-0.561589598655701	6.74928617477417	-1148.43481445312	-1.18579638004303	-8.7718505859375	-1157.53894042969	-1.72663450241089	-42.5025634765625	-1158.84802246094	8.94956207275391	-50.211051940918	-1162.71789550781	10.0921258926392	-49.0293045043945	-1162.67907714844	12.9362592697144	-43.4605331420898	-1164.28735351562	16.4775619506836	-31.7284870147705	-1165.07604980469	13.3122997283936	-5.60064506530762	-1163.07055664062	9.15286636352539	-3.35181093215942	-1161.78662109375	3.24730205535889	-40.0525703430176	-1140.57019042969	2.08623433113098	-20.3964977264404	-1123.44311523438	16.5944499969482	-14.9588432312012	-1114.2734375	30.5483455657959	-6.9124755859375	-1124.72375488281	40.6571044921875	5.01892900466919	-1150.99755859375	32.5524787902832	14.5894174575806	-1150.06591796875	12.7792482376099	-4.09964275360107	-1143.92956542969	28.4431304931641	32.9063758850098	-1149.11450195312	14.9303960800171	33.2776145935059	-1160.42431640625	5.31012105941772	39.4592056274414	-1162.81188964844	6.34031677246094	14.3910627365112	-1155.47448730469	-13.577112197876	-50.0971832275391	-1162.35473632812	-15.1027002334595	-48.7616653442383	-1162.00622558594	-16.539041519165	-43.357307434082	-1163.62756347656	-20.6576595306396	-32.0901489257812	-1163.79077148438	-17.0339908599854	-5.4436502456665	-1162.56726074219	-12.8140172958374	-3.09759879112244	-1161.21118164062	-6.34405755996704	-40.2254028320312	-1140.31176757812	-3.31315422058105	-19.5742053985596	-1123.81579589844	-16.2789611816406	-14.9702529907227	-1113.80603027344	-31.6827735900879	-6.4437255859375	-1124.8173828125	-43.3340911865234	7.31396865844727	-1149.96411132812	-35.1490592956543	16.2224102020264	-1149.22888183594	-13.9602556228638	-3.92823314666748	-1143.41662597656	-30.070291519165	33.7931518554688	-1148.22766113281	-18.3672637939453	34.2620048522949	-1159.80041503906	-8.42155933380127	39.7101287841797	-1162.51599121094	-8.72087383270264	14.350962638855	-1154.59460449219
PRI-5736	-1.2898336648941	-50.8286018371582	-1174.56469726562	-1.2275185585022	-47.2523612976074	-1166.56994628906	-1.10174262523651	-37.1840705871582	-1147.73779296875	-1.28643035888672	-22.3519325256348	-1126.14465332031	-1.54794538021088	-19.2065410614014	-1120.45178222656	-1.72782599925995	63.8464393615723	-1144.83276367188	-1.53515732288361	46.1938362121582	-1159.43298339844	-1.1763801574707	28.7466316223145	-1164.47009277344	-0.90552681684494	6.25970792770386	-1154.95483398438	-1.52353036403656	-6.78764724731445	-1164.23315429688	-1.0429550409317	-37.1430854797363	-1168.79931640625	9.54830837249756	-47.100643157959	-1173.7509765625	10.8375082015991	-45.7214736938477	-1174.02563476562	14.0079040527344	-40.4287109375	-1175.36962890625	16.9167079925537	-30.3583850860596	-1176.20397949219	14.1196165084839	-5.55452346801758	-1173.64562988281	9.54033184051514	-2.0051052570343	-1169.09948730469	3.59637999534607	-36.2168426513672	-1149.662109375	2.21138405799866	-20.7464408874512	-1132.68701171875	15.3590478897095	-17.2120685577393	-1123.51635742188	30.4958667755127	-10.0375699996948	-1132.3076171875	40.5489501953125	5.68952941894531	-1157.904296875	32.4607543945312	12.3329381942749	-1155.91052246094	12.5271062850952	-3.1915111541748	-1150.40991210938	29.3962421417236	30.0405445098877	-1150.04345703125	15.747974395752	32.6669540405273	-1161.78125	6.55446481704712	37.966194152832	-1164.43225097656	6.11516809463501	13.2038021087646	-1158.90393066406	-11.4497337341309	-47.357105255127	-1173.65588378906	-13.3318653106689	-45.0845909118652	-1174.10131835938	-16.0646018981934	-40.2659530639649	-1175.19848632812	-18.9637508392334	-30.4986724853516	-1176.36975097656	-17.8609466552734	-6.20269203186035	-1174.79321289062	-12.8068532943726	-1.76170349121094	-1169.419921875	-5.78256750106812	-35.9653053283691	-1149.66271972656	-4.53811740875244	-20.0909423828125	-1132.82141113281	-18.2002620697021	-17.6723709106445	-1123.19201660156	-33.546199798584	-11.1722640991211	-1133.52966308594	-44.2852935791016	4.54913663864136	-1158.25073242188	-36.6790046691895	12.7778635025024	-1156.47839355469	-16.0298328399658	-4.02503633499146	-1150.82934570312	-33.2621269226074	29.99924659729	-1150.79260253906	-19.3536071777344	32.6243324279785	-1162.44262695312	-9.50890445709228	38.703987121582	-1163.8310546875	-8.6125545501709	13.8673887252808	-1159.42822265625
PRI-5737	-1.52679550647736	-61.1716766357422	-1158.81628417969	-2.15554809570312	-55.7193183898926	-1149.03308105469	-1.87407469749451	-40.4681129455566	-1127.20373535156	-0.378649234771729	-13.9978313446045	-1103.96459960938	-0.235652536153793	-10.0994367599487	-1098.52185058594	-6.62559032440186	71.9387130737305	-1135.85107421875	-5.92819118499756	52.6169967651367	-1153.85754394531	-4.93868398666382	36.4392852783203	-1156.49621582031	-3.28429388999939	10.4526977539062	-1139.96081542969	-3.21127200126648	-5.90108633041382	-1149.5029296875	-2.23243308067322	-45.6637535095215	-1152.76354980469	9.98194885253906	-55.7394256591797	-1156.14245605469	12.463041305542	-51.8831520080566	-1156.78527832031	15.0059566497803	-44.6325416564941	-1158.66857910156	NA	NA	NA	13.0075759887695	-8.34850692749023	-1160.89758300781	7.05203485488892	0.062533788383007	-1155.86083984375	3.12266159057617	-40.8008270263672	-1130.62414550781	1.60829794406891	-14.4226350784302	-1112.01391601562	16.5907382965088	-7.55617523193359	-1103.08898925781	32.2843780517578	-2.56800436973572	-1113.11682128906	42.3682746887207	13.4401636123657	-1146.712890625	34.0584030151367	20.8123016357422	-1145.72790527344	12.4003200531006	1.91216611862183	-1135.12365722656	28.0290641784668	41.1442070007324	-1144.88342285156	11.7580718994141	40.3347473144531	-1154.93640136719	1.72924411296844	46.4715042114258	-1155.990234375	4.30249118804932	18.9651851654053	-1147.02282714844	-13.9350185394287	-57.1591987609863	-1155.58825683594	-17.4676475524902	-53.1093139648438	-1157.10070800781	-19.9817390441895	-47.1442527770996	-1158.25500488281	-21.8981380462646	-35.3444709777832	-1160.21728515625	-20.9404163360596	-10.5822324752808	-1160.21520996094	-14.509072303772	-1.0921323299408	-1154.43701171875	-6.60642004013062	-40.8550910949707	-1130.2158203125	-4.26477479934692	-14.6760921478271	-1111.42126464844	NA	NA	NA	NA	NA	NA	-50.6411743164062	8.4751148223877	-1143.86535644531	-42.8287124633789	18.432746887207	-1144.99841308594	-17.1255931854248	-0.206626638770103	-1135.84619140625	-38.6660957336426	37.4637260437012	-1143.79382324219	-23.7510223388672	39.2226715087891	-1153.88623046875	-13.6237125396729	44.9070930480957	-1156.75146484375	-11.8972282409668	18.7088298797607	-1146.85144042969
PRI-5859	-1.16976940631866	-50.1124687194824	-1063.7802734375	-0.973179578781128	-45.8055191040039	-1057.84497070312	-1.14457440376282	-34.555850982666	-1038.25769042969	-1.57040905952454	-15.5937404632568	-1018.4775390625	-1.83907961845398	-12.2427749633789	-1014.0791015625	-0.817496836185455	64.3771667480469	-1049.580078125	-1.32858431339264	46.4727020263672	-1064.37231445312	-0.631561040878296	29.3910865783691	-1066.56628417969	-1.29172945022583	6.95639896392822	-1050.84777832031	-1.27517867088318	-7.0983738899231	-1059.54895019531	-1.22220325469971	-37.4349937438965	-1061.00024414062	9.01118469238281	-47.0152549743652	-1063.39965820312	10.2816772460938	-45.1593856811523	-1063.599609375	13.3371305465698	-40.846794128418	-1065.27124023438	15.4644212722778	-30.3652648925781	-1067.92041015625	13.1889572143555	-7.32742261886597	-1067.93811035156	9.26338768005371	-3.04816436767578	-1064.8759765625	4.08896923065186	-35.0498352050781	-1042.10388183594	1.03249526023865	-16.1650733947754	-1026.53051757812	14.4533109664917	-11.8562202453613	-1017.54010009766	28.0643482208252	-6.57320213317871	-1026.84838867188	39.1916160583496	5.44014310836792	-1053.27844238281	33.3142471313477	14.7301464080811	-1054.80603027344	13.2350215911865	-4.08022403717041	-1046.82141113281	29.1387042999268	32.1601524353027	-1052.59606933594	16.2120933532715	33.951789855957	-1064.04858398438	6.41448068618774	39.056827545166	-1066.65356445312	5.35370922088623	12.8870830535889	-1057.53271484375	-10.9919862747192	-45.7993583679199	-1063.54626464844	-11.8501605987549	-44.6587562561035	-1063.99450683594	-14.5523719787598	-39.9925193786621	-1065.96423339844	-17.6261730194092	-29.9668350219727	-1068.06237792969	-14.738977432251	-6.75192308425903	-1067.79553222656	-11.3872146606445	-2.82678127288818	-1064.57861328125	-6.71957874298096	-35.076171875	-1041.99658203125	-4.15521574020386	-16.2047443389893	-1026.63012695312	-17.0383129119873	-11.5131883621216	-1017.82934570312	-31.2356739044189	-5.0361156463623	-1028.50915527344	-40.8731231689453	6.31462717056274	-1054.57153320312	-35.0530738830566	15.3825426101685	-1055.11169433594	-15.2965402603149	-1.13224470615387	-1045.77319335938	-30.3567752838135	32.6630058288574	-1053.64050292969	-15.9199552536011	33.3890838623047	-1064.14916992188	-8.35067367553711	38.7697601318359	-1067.82543945312	-7.90548658370972	13.1235160827637	-1057.27160644531
PRI-5866	-0.0382203869521618	-63.6104774475098	-1071.72424316406	-0.585072875022888	-58.2208442687988	-1062.87927246094	-1.15788638591766	-46.902961730957	-1040.86413574219	-1.74917125701904	-19.7419948577881	-1012.17358398438	-2.19990181922913	-15.2496976852417	-1005.29284667969	-3.64224100112915	68.5218124389648	-1045.40698242188	-1.1593896150589	47.6652908325195	-1062.07177734375	-1.1334285736084	29.8640041351318	-1065.40808105469	-1.94717466831207	5.15706157684326	-1047.52526855469	-1.03064668178558	-10.4412965774536	-1060.56896972656	-0.985615074634552	-47.678768157959	-1065.99572753906	11.4057083129883	-58.7698745727539	-1069.45922851562	14.2604246139526	-55.3632469177246	-1070.31640625	16.9183349609375	-46.896297454834	-1072.28723144531	19.3379592895508	-36.286865234375	-1073.28039550781	16.1899719238281	-12.2195682525635	-1072.51696777344	10.9058885574341	-4.09054899215698	-1065.14990234375	4.9277400970459	-46.3918571472168	-1043.46789550781	0.955495476722717	-20.038423538208	-1019.32086181641	16.6319065093994	-13.7494659423828	-1009.74938964844	33.8615531921387	-6.55204725265503	-1022.85992431641	46.1709594726562	4.15215730667114	-1051.75329589844	39.3823471069336	16.2432899475098	-1051.94311523438	15.1414833068848	-5.15912103652954	-1044.24462890625	34.0129508972168	35.8852119445801	-1049.51525878906	17.669584274292	33.7913589477539	-1061.80505371094	6.2982668876648	42.1588897705078	-1065.2666015625	6.97056102752686	12.6781511306763	-1055.52966308594	-11.4846210479736	-59.1302871704102	-1070.494140625	-14.5076961517334	-55.4871597290039	-1071.5634765625	-17.2227325439453	-47.5354881286621	-1073.51379394531	-19.8973484039307	-37.3672866821289	-1073.90417480469	-17.534912109375	-12.4991588592529	-1073.4970703125	-13.1812582015991	-4.35501003265381	-1065.80773925781	-6.81818103790283	-46.2442817687988	-1043.57287597656	-5.30805730819702	-18.8745956420898	-1020.31140136719	-20.7114505767822	-13.2259302139282	-1009.95904541016	-37.9171104431152	-6.10692882537842	-1023.74938964844	-49.0467681884766	3.70276284217834	-1052.74780273438	-41.6958198547363	16.4879035949707	-1053.27673339844	-17.2137489318848	-4.75269603729248	-1044.95849609375	-36.7958221435547	35.6911201477051	-1051.52624511719	-20.4565391540527	33.8790969848633	-1062.62646484375	-8.74240303039551	41.2397232055664	-1065.84631347656	-9.9828634262085	12.7093858718872	-1055.90588378906
PRI-5867	-0.704429864883423	-57.2202529907227	-1367.13659667969	-1.15968501567841	-52.1409111022949	-1360.23120117188	-1.65442383289337	-38.5942878723145	-1340.62719726562	-1.88562440872192	-22.2132148742676	-1317.28051757812	-1.88228106498718	-19.2903003692627	-1312.75573730469	-3.74852681159973	64.0963668823242	-1343.52893066406	-3.36061573028564	47.4903602600098	-1358.18798828125	-2.23874855041504	29.3558311462402	-1362.49865722656	-2.22547030448914	6.27962779998779	-1348.67260742188	-1.61366534233093	-8.3290548324585	-1359.25988769531	-1.05356276035309	-43.0387535095215	-1363.58984375	9.94135665893555	-53.4627876281738	-1365.91186523438	10.9527854919434	-52.0128021240234	-1366.43225097656	14.3505487442017	-47.0977668762207	-1368.38842773438	17.1002197265625	-36.1946640014649	-1370.14611816406	13.8481693267822	-8.44406700134277	-1368.71630859375	9.87845802307129	-3.53971481323242	-1364.47253417969	3.67575907707214	-39.7773513793945	-1343.97253417969	1.01663458347321	-21.003978729248	-1325.31640625	15.7207155227661	-16.7799530029297	-1315.39318847656	30.2221908569336	-8.53927803039551	-1325.33251953125	41.313793182373	3.21514749526978	-1350.24353027344	34.2000274658203	14.1117258071899	-1351.09094238281	11.9734220504761	-5.33120632171631	-1344.70617675781	29.9806175231934	31.8839492797852	-1348.08251953125	13.271237373352	31.6605587005615	-1358.96362304688	5.3807897567749	39.7136306762695	-1362.37866210938	4.2892336845398	13.3061647415161	-1354.94897460938	-11.1384334564209	-54.342658996582	-1366.36145019531	-12.6578350067139	-52.5952835083008	-1366.63403320312	-16.3283805847168	-47.3360328674316	-1368.81665039062	-20.1199855804443	-36.5320510864258	-1370.77685546875	-17.3473072052002	-9.40830421447754	-1369.00439453125	-13.0747861862183	-4.22407627105713	-1364.58520507812	-6.54182052612305	-39.0575561523438	-1343.84582519531	-4.97604560852051	-21.0318965911865	-1325.49035644531	-19.0965614318848	-17.3943614959717	-1315.79321289062	-34.283504486084	-10.4717350006104	-1326.80883789062	-44.9927368164062	1.82212698459625	-1351.04907226562	-36.6866455078125	12.638952255249	-1351.81396484375	-15.7671175003052	-5.71983432769775	-1344.14221191406	-34.5981369018555	30.4672374725342	-1349.505859375	-20.4892292022705	30.5457286834717	-1359.46813964844	-11.2976627349854	39.3922348022461	-1362.91015625	-8.9601526260376	12.5187740325928	-1354.46240234375
PRI-5868	0.0117540862411261	-60.2137451171875	-1395.49682617188	-0.166266351938248	-54.3919982910156	-1386.34997558594	-0.765497207641602	-41.4002151489258	-1363.55126953125	-1.37826430797577	-19.3254051208496	-1340.34814453125	-1.77338850498199	-15.1721429824829	-1334.16320800781	-7.04739379882812	75.5761108398438	-1358.44665527344	-5.14882659912109	58.4376525878906	-1383.06689453125	-4.26640224456787	42.5253753662109	-1386.28271484375	-2.41784763336182	15.3820600509644	-1372.75854492188	-1.74601781368256	-3.08981513977051	-1382.08386230469	-0.53498786687851	-43.1171073913574	-1388.81408691406	12.2177791595459	-53.8831443786621	-1393.45715332031	15.4039611816406	-50.5623550415039	-1394.39489746094	18.5027828216553	-42.8080253601074	-1395.25891113281	18.9581508636475	-30.563627243042	-1395.91821289062	14.4479246139526	-5.13635778427124	-1394.23059082031	8.86770534515381	3.85397338867188	-1388.69250488281	4.67276382446289	-39.030891418457	-1366.73413085938	1.63193488121033	-17.9516296386719	-1347.03295898438	16.8878173828125	-12.9209156036377	-1337.98645019531	33.781192779541	-4.83242750167847	-1346.10876464844	44.1245918273926	12.2043724060059	-1376.51171875	32.7874565124512	26.9940967559814	-1375.55493164062	11.8645582199097	2.62634944915771	-1368.79956054688	30.8882827758789	45.9349403381348	-1372.75744628906	13.5485715866089	45.6293869018555	-1383.71838378906	3.08288526535034	53.3125	-1385.52404785156	5.00341176986694	23.9313411712646	-1377.55297851562	-11.7193260192871	-54.7573280334473	-1393.501953125	-15.5103597640991	-51.7825965881348	-1394.24951171875	-19.2414817810059	-43.8622131347656	-1394.93579101562	-21.2949333190918	-32.3330993652344	-1395.18969726562	-18.7045822143555	-6.44266033172607	-1393.56677246094	-13.4558639526367	1.60157883167267	-1388.60510253906	-6.7584056854248	-40.4292068481445	-1367.23718261719	-4.94492149353027	-18.1076393127441	-1347.46362304688	-18.754711151123	-14.3139219284058	-1338.72253417969	-37.9818153381348	-7.75188112258911	-1346.57080078125	-49.8448791503906	6.25711345672607	-1374.9677734375	-41.9390563964844	22.6629371643066	-1374.73583984375	-17.0156326293945	1.72834289073944	-1368.23303222656	-39.5576591491699	41.8958625793457	-1372.64892578125	-22.6596946716309	43.2558135986328	-1383.21215820312	-12.2875337600708	51.8517456054688	-1386.01928710938	-11.3599243164062	22.2951507568359	-1377.30383300781
PRI-6142	-0.579924404621124	-55.6675796508789	-1036.33923339844	-0.306049048900604	-52.2142486572266	-1030.05895996094	-0.567843675613403	-41.4320297241211	-1010.66674804688	-0.338333874940872	-17.9074897766113	-988.570190429688	-0.494279205799103	-14.9851055145264	-983.033081054688	-0.0389651320874691	61.1906585693359	-1023.28533935547	-0.399425446987152	42.5234107971191	-1035.66625976562	0.271656721830368	27.9287815093994	-1037.70715332031	-0.247579947113991	5.8167610168457	-1022.18170166016	-0.472855895757675	-9.05637454986572	-1029.40051269531	-0.172445565462112	-42.1967544555664	-1030.90295410156	9.75208473205566	-51.0749359130859	-1034.23693847656	10.8009567260742	-49.8306465148926	-1034.49768066406	13.9058780670166	-44.4525756835938	-1035.93017578125	16.7894420623779	-34.7998962402344	-1037.04272460938	15.1766910552979	-10.0553512573242	-1037.6875	11.2707872390747	-5.354416847229	-1035.15478515625	4.64789485931396	-40.3849563598633	-1012.91400146484	2.1703999042511	-17.0789070129395	-994.291870117188	15.0910139083862	-12.286416053772	-986.334350585938	30.3502540588379	-6.28831243515015	-995.180969238281	40.6027603149414	6.01494312286377	-1024.33850097656	33.1251068115234	13.0800380706787	-1023.1357421875	14.4931192398071	-3.80277347564697	-1016.25231933594	29.5623722076416	31.387622833252	-1023.5048828125	14.0901584625244	29.6113967895508	-1034.37927246094	7.15235662460327	36.4335517883301	-1037.8203125	6.95953941345215	11.9109048843384	-1028.61474609375	-10.3470296859741	-51.4234008789062	-1034.84020996094	-11.2971153259277	-49.8568687438965	-1034.96997070312	-14.2618341445923	-44.4775924682617	-1036.15222167969	-17.1112670898438	-34.2184829711914	-1037.64526367188	-15.4851741790771	-10.4425687789917	-1038.08764648438	-11.7337551116943	-4.06732511520386	-1035.90930175781	-5.18307590484619	-41.2243309020996	-1013.67596435547	-2.93819975852966	-17.0935955047607	-994.125610351562	-15.7044067382812	-12.947793006897	-985.574462890625	-30.983907699585	-6.64529085159302	-995.313720703125	-40.4137001037598	5.33222961425781	-1025.44189453125	-33.6936874389648	13.1192302703857	-1024.13916015625	-14.4590635299683	-3.24640727043152	-1015.95849609375	-29.1521110534668	30.4622974395752	-1023.95208740234	-14.9926691055298	29.2555675506592	-1034.48193359375	-7.30771112442017	36.4791793823242	-1037.9111328125	-7.06478404998779	12.3037614822388	-1028.63891601562
PRI-6162	-2.52510929107666	-66.7648391723633	-1364.943359375	-1.80035758018494	-60.6746063232422	-1356.63146972656	-0.818411290645599	-43.9823379516602	-1334.13793945312	-0.591120958328247	-18.5402088165283	-1305.392578125	-0.978926420211792	-15.1246452331543	-1299.0556640625	-3.59260487556458	75.8597869873047	-1330.96105957031	-3.57477974891663	56.3739471435547	-1355.66809082031	-4.11844968795776	39.655647277832	-1360.81372070312	-3.41318035125732	12.8746023178101	-1344.79614257812	-3.38018155097961	-5.13126516342163	-1355.65502929688	-2.37832975387573	-47.3910865783691	-1360.29956054688	10.5210151672363	-61.6133079528809	-1363.62414550781	15.4098262786865	-57.5113868713379	-1365.4677734375	15.8407135009766	-49.0247535705566	-1369.39172363281	17.4822540283203	-37.6742057800293	-1370.20104980469	14.9839582443237	-11.0508737564087	-1370.36511230469	8.65113544464111	-1.26438438892365	-1362.14416503906	4.33891773223877	-42.5289916992188	-1336.19067382812	2.60334944725037	-17.3632202148438	-1314.33679199219	15.9580764770508	-11.2370853424072	-1304.86706542969	35.3960418701172	-3.60749530792236	-1315.63635253906	46.6455726623535	6.94621324539185	-1347.81042480469	36.9429130554199	20.470531463623	-1347.55114746094	13.4350576400757	-0.387441843748093	-1339.92846679688	31.8952617645264	41.8867797851562	-1344.04626464844	14.3930721282959	40.8309211730957	-1357.15844726562	4.80739736557007	48.3712615966797	-1359.5185546875	3.90272545814514	18.9919548034668	-1350.49450683594	-14.3600654602051	-60.0301246643066	-1363.7724609375	-18.8143138885498	-57.0542182922363	-1364.27062988281	-20.7357654571533	-48.4409637451172	-1367.72802734375	-22.9221496582031	-37.3279724121094	-1369.16162109375	-21.5236358642578	-10.8849182128906	-1369.89990234375	-15.3991870880127	-1.253790974617	-1361.67578125	-7.20085287094116	-43.2860374450684	-1336.33923339844	-4.422935962677	-18.1245136260986	-1314.39135742188	-18.4774494171143	-11.6751708984375	-1304.22924804688	-38.0102767944336	-4.98158550262451	-1312.89916992188	-53.5405235290527	4.57563495635986	-1345.671875	-43.7484817504883	20.3838539123535	-1346.40625	-17.6272029876709	-1.34079968929291	-1338.91198730469	-40.1732940673828	41.2265014648438	-1342.76916503906	-22.9883766174316	41.961483001709	-1356.58312988281	-12.6224775314331	48.8393440246582	-1359.37573242188	-11.8921146392822	19.9110565185547	-1350.87475585938
PRI-6168	-0.763861119747162	-54.5013885498047	-1460.48278808594	-0.571789562702179	-47.9804840087891	-1450.80859375	-1.31585121154785	-36.4326934814453	-1429.79870605469	-1.38293838500977	-16.4866790771484	-1406.51098632812	-1.64869606494904	-13.1415243148804	-1401.42309570312	-1.17291355133057	68.3971710205078	-1436.76135253906	-0.405576139688492	50.1252174377441	-1452.85522460938	-0.804438233375549	32.7457542419434	-1453.79675292969	-1.32166469097137	12.6031255722046	-1439.97912597656	-1.36142897605896	-3.76282453536987	-1449.86950683594	-0.38863331079483	-37.2830123901367	-1453.97155761719	9.69301319122314	-47.6021003723145	-1458.45556640625	11.6533451080322	-45.3164329528809	-1459.26196289062	13.8810291290283	-41.0288124084473	-1460.78137207031	17.1400489807129	-30.6301021575928	-1462.24340820312	16.93088722229	-4.20387840270996	-1461.45471191406	10.6968965530396	2.47988772392273	-1455.84790039062	3.47275376319885	-36.093334197998	-1433.15246582031	1.34149420261383	-15.3210325241089	-1414.01403808594	14.2007141113281	-11.3195419311523	-1405.79699707031	28.7319660186768	-4.66727495193481	-1415.05639648438	41.2342872619629	8.37432098388672	-1441.37927246094	34.5747337341309	18.6746406555176	-1441.42553710938	13.4611406326294	1.14457857608795	-1434.42578125	30.8944301605225	37.9138603210449	-1440.90881347656	15.4468994140625	36.5011863708496	-1451.99877929688	7.81389713287354	42.8770446777344	-1455.29223632812	5.67382764816284	17.3303108215332	-1445.54821777344	-9.94136619567871	-47.8363456726074	-1460.34899902344	-12.028489112854	-46.2559051513672	-1460.24609375	-14.2880601882935	-41.9995574951172	-1461.95324707031	-17.8291206359863	-31.8579406738281	-1463.17590332031	-18.9918384552002	-6.46500396728516	-1461.798828125	-12.6934795379639	1.51015722751617	-1455.63989257812	-5.6706132888794	-36.4196090698242	-1433.33447265625	-4.44392395019531	-15.3064441680908	-1413.81091308594	-18.4456977844238	-9.93980407714844	-1405.8232421875	-32.7463760375977	-4.8460111618042	-1416.486328125	-43.3372459411621	9.50339603424072	-1442.09008789062	-36.925220489502	20.0832786560059	-1442.29309082031	-16.1297016143799	0.970002472400665	-1434.78674316406	-33.0033683776855	38.6229820251465	-1441.58972167969	-17.4802551269531	37.8596153259277	-1452.29479980469	-9.05981922149658	42.5950050354004	-1455.19226074219	-8.29326152801514	18.0300006866455	-1446.29772949219
PRI-6242	-1.38288927078247	-50.0213737487793	-1456.50024414062	-1.6479823589325	-45.6900939941406	-1450.81311035156	-1.44646775722504	-32.7766189575195	-1429.07019042969	-2.10159969329834	-18.9030532836914	-1412.12756347656	-2.3074164390564	-16.7219142913818	-1406.53869628906	-2.07232069969177	63.4499549865723	-1439.49609375	-2.71672439575195	46.1872978210449	-1454.38989257812	-2.34464025497437	29.8217372894287	-1457.82165527344	-2.53418779373169	7.80101156234741	-1442.19250488281	-1.77146017551422	-6.11996078491211	-1450.72473144531	-1.69930613040924	-34.0145606994629	-1452.56848144531	8.27633666992188	-44.2525291442871	-1455.37609863281	9.58697414398193	-43.1681442260742	-1455.9111328125	12.1966867446899	-39.3652038574219	-1456.59899902344	15.8253965377808	-29.0825099945068	-1459.27209472656	15.1081285476685	-3.70554614067078	-1459.52893066406	10.6096000671387	0.334424257278442	-1457.27526855469	2.6725971698761	-34.2053985595703	-1434.33020019531	0.818228781223297	-17.333101272583	-1417.4248046875	12.5623064041138	-13.7415132522583	-1410.26684570312	27.8009796142578	-6.41021871566772	-1419.2265625	37.1821327209473	9.63033771514893	-1446.01647949219	30.557638168335	16.0065765380859	-1444.638671875	12.6708698272705	-1.84977173805237	-1439.66088867188	26.2711353302002	34.278678894043	-1443.09680175781	13.0971879959106	33.4526329040527	-1454.76904296875	4.45625400543213	38.896800994873	-1456.82922363281	5.37459278106689	13.6005601882935	-1447.56958007812	-11.4401779174805	-44.6798667907715	-1455.6376953125	-12.4722890853882	-43.3214492797851	-1455.97155761719	-15.2983551025391	-38.9754409790039	-1457.3583984375	-18.6789455413818	-29.1326293945312	-1459.31408691406	-18.1824054718018	-4.08102083206177	-1459.00219726562	-14.6107702255249	-0.271636992692947	-1457.12744140625	-6.35040378570557	-34.316104888916	-1434.71411132812	-4.99389171600342	-16.8373107910156	-1417.84375	-16.9650287628174	-12.0173597335815	-1410.84814453125	-32.8871688842773	-6.68695545196533	-1422.326171875	-41.538330078125	9.05259990692139	-1447.68591308594	-35.2857208251953	15.7698192596436	-1445.96789550781	-14.8749876022339	-0.424037158489227	-1437.86669921875	-30.5532512664795	32.9454956054688	-1444.88073730469	-17.539457321167	33.1491394042969	-1455.54028320312	-9.61932373046875	38.8703308105469	-1457.79443359375	-8.37879276275635	13.5935335159302	-1447.80444335938
PRI-6470	-1.64302587509155	-63.0827941894531	-1463.82238769531	-1.96180713176727	-58.3738059997559	-1455.50183105469	-2.8059720993042	-46.4844627380371	-1433.12719726562	-3.13771414756775	-21.6873817443848	-1410.38891601562	-3.60625147819519	-18.2861080169678	-1404.28100585938	-1.37747359275818	71.0937118530273	-1435.70434570312	-1.92448079586029	53.592357635498	-1455.1669921875	-2.52985119819641	35.8265953063965	-1457.36401367188	-2.06269717216492	7.81000804901123	-1442.17529296875	-2.09437131881714	-7.42359161376953	-1453.02844238281	-2.0946774482727	-47.5279808044434	-1457.49499511719	9.36291122436523	-58.2943992614746	-1460.96984863281	13.6335020065308	-53.3810691833496	-1461.99096679688	16.1223087310791	-46.039478302002	-1464.3466796875	18.664119720459	-36.0572280883789	-1465.32604980469	15.9620904922485	-10.8628091812134	-1466.88415527344	11.6096935272217	-2.19804215431213	-1460.77331542969	2.76265501976013	-45.1290321350098	-1435.90673828125	0.711763799190521	-20.8884677886963	-1416.6650390625	17.1521644592285	-17.3562316894531	-1408.22802734375	34.0461196899414	-8.85510349273682	-1418.39782714844	46.1982002258301	5.03460025787354	-1446.92016601562	35.609790802002	16.8907680511475	-1446.06909179688	12.9979152679443	-2.55222916603088	-1439.38037109375	31.271505355835	37.1868476867676	-1443.34484863281	15.6384286880493	39.8608665466309	-1454.99438476562	5.5695481300354	47.0505065917969	-1457.31030273438	6.4178900718689	19.7563514709473	-1450.99597167969	-12.670337677002	-58.392692565918	-1462.15979003906	-16.0842132568359	-54.8350868225098	-1462.84692382812	-18.4247875213623	-47.2285423278809	-1466.52783203125	-21.5684585571289	-37.0905303955078	-1467.30090332031	-20.6381587982178	-12.1465082168579	-1466.93725585938	-15.0955142974854	-0.232114657759666	-1460.46997070312	-7.88461589813232	-44.586009979248	-1435.75842285156	-6.73338985443115	-20.3908977508545	-1416.67028808594	-21.523796081543	-16.6205959320068	-1409.28723144531	-38.6704292297363	-9.82134532928467	-1418.46716308594	-50.7049293518066	5.80184078216553	-1448.22155761719	-40.0145530700684	18.1831340789795	-1446.34240722656	-15.9874086380005	-2.66585683822632	-1440.77661132812	-36.4812278747559	39.1232719421387	-1443.873046875	-21.9343929290771	40.9746170043945	-1454.50732421875	-10.5702743530273	46.2653465270996	-1457.87133789062	-10.7762584686279	19.0765018463135	-1449.23840332031
PRI-6474	-0.63797801733017	-59.3230171203613	-1429.63977050781	-1.41477930545807	-54.3505210876465	-1421.85107421875	-1.91061508655548	-42.8756484985352	-1400.34118652344	-2.19928431510925	-15.9532041549683	-1376.18054199219	-2.48553371429443	-12.2640552520752	-1371.12707519531	-3.67962646484375	70.6556625366211	-1397.001953125	-3.40132761001587	54.5840263366699	-1419.28002929688	-2.54841065406799	37.8095474243164	-1424.10900878906	-2.6830677986145	12.2599697113037	-1410.72583007812	-2.31234908103943	-5.2362060546875	-1418.96618652344	-1.40704238414764	-43.1259307861328	-1423.00329589844	11.8030405044556	-52.6850852966309	-1426.861328125	14.5079584121704	-49.426139831543	-1426.33081054688	16.5439968109131	-41.3335762023926	-1429.82727050781	19.8320388793945	-30.6893634796143	-1431.2822265625	16.7322807312012	-5.62678098678589	-1430.50646972656	9.96509838104248	1.01134705543518	-1425.33349609375	3.78945350646973	-38.5693893432617	-1402.0869140625	1.03194046020508	-15.1770219802856	-1382.60632324219	14.3002519607544	-10.6680307388306	-1373.78271484375	32.1124801635742	-2.64972686767578	-1382.13415527344	46.0359764099121	12.0364933013916	-1409.75842285156	36.6301727294922	23.1827335357666	-1411.13745117188	11.9978189468384	2.83094954490662	-1405.06616210938	30.598669052124	41.6666259765625	-1406.18225097656	15.0331420898438	40.0637550354004	-1420.41809082031	5.1392765045166	47.6412010192871	-1421.30932617188	4.5089955329895	20.4011306762695	-1416.37280273438	-13.6549768447876	-51.864875793457	-1427.8076171875	-16.1652164459229	-50.0495300292969	-1428.27416992188	-19.166410446167	-42.1999130249023	-1431.33190917969	-22.2568359375	-31.6617889404297	-1432.51489257812	-20.3797340393066	-6.1510968208313	-1431.59094238281	-14.2871866226196	1.80511379241943	-1425.66027832031	-7.43289709091187	-39.3587760925293	-1402.17297363281	-5.22169923782349	-15.1854076385498	-1382.49194335938	-19.8131656646729	-11.9124450683594	-1374.3544921875	-37.3194885253906	-5.75115823745728	-1383.90905761719	-51.7246131896973	10.1804265975952	-1410.30895996094	-42.5339050292969	21.5869922637939	-1412.24047851562	-17.5879592895508	2.41421866416931	-1405.26013183594	-36.8548927307129	39.2018013000488	-1408.55639648438	-21.0884494781494	39.973705291748	-1421.41589355469	-11.432785987854	47.110897064209	-1421.74633789062	-9.47458457946777	18.6636047363281	-1415.13452148438
PRI-6480	-0.909417629241943	-52.0683441162109	-1053.5986328125	-1.16817307472229	-46.9994239807129	-1047.79968261719	-0.225186005234718	-34.9316864013672	-1027.88989257812	-1.36946249008179	-18.0512008666992	-1008.03308105469	-1.61305546760559	-14.7941207885742	-1002.77966308594	-0.26613637804985	69.5475082397461	-1042.6572265625	-0.567266166210175	50.7846412658691	-1053.13415527344	-1.32244575023651	33.8657836914062	-1055.06518554688	-0.911310374736786	6.54340314865112	-1038.603515625	-0.849601089954376	-5.21598482131958	-1047.51867675781	-1.50153303146362	-38.0705986022949	-1050.66674804688	8.38262176513672	-48.0167427062988	-1053.61169433594	10.274374961853	-46.0484657287598	-1054.61315917969	13.7098979949951	-41.5692176818848	-1057.39587402344	16.4458141326904	-32.1356048583984	-1058.40686035156	15.8539161682129	-10.392746925354	-1060.66247558594	10.8593864440918	-0.868580460548401	-1055.71142578125	5.15929126739502	-32.7488403320312	-1031.57153320312	2.48572826385498	-16.9548301696777	-1015.63067626953	15.7577753067017	-11.2777261734009	-1005.93103027344	31.5682334899902	-5.2424898147583	-1016.51531982422	43.4266891479492	5.9894905090332	-1045.58361816406	35.6912841796875	17.9814643859863	-1045.04064941406	13.8094234466553	-0.607183873653412	-1038.20263671875	31.0915374755859	34.9856834411621	-1043.89965820312	15.2339868545532	36.6472549438477	-1053.87121582031	7.54125213623047	42.7244415283203	-1055.70690917969	5.8094916343689	17.4226207733154	-1046.66723632812	-11.2475957870483	-48.2218360900879	-1053.70520019531	-13.1253690719604	-46.2309646606445	-1054.2841796875	-16.7556934356689	-41.1803169250488	-1055.9345703125	-19.8062438964844	-32.1600036621094	-1058.04992675781	-18.9179534912109	-9.73312664031982	-1060.22802734375	-13.12269115448	-0.387270092964172	-1055.9443359375	-5.69543981552124	-34.2598457336426	-1030.78588867188	-5.03142213821411	-17.2418804168701	-1015.61273193359	-17.7267913818359	-11.5718841552734	-1006.63726806641	-34.620491027832	-4.41585540771484	-1017.93878173828	-43.2815055847168	9.33031177520752	-1044.22485351562	-36.2763214111328	19.4697380065918	-1044.88940429688	-15.8745193481445	-0.565073430538177	-1038.30810546875	-33.2384338378906	35.6165924072266	-1044.17395019531	-18.4174976348877	38.1625900268555	-1053.38000488281	-8.65734767913818	43.3164367675781	-1055.65966796875	-8.04072761535645	18.0179843902588	-1047.27429199219
PRI-6494	-0.81804883480072	-51.1935729980469	-1062.36462402344	-0.795637726783752	-46.5881538391113	-1057.4052734375	-1.16852343082428	-34.6169776916504	-1043.8740234375	-1.13769567012787	-19.3944263458252	-1025.24462890625	-1.34172511100769	-16.5049781799316	-1020.04736328125	-1.14032232761383	64.9909286499023	-1053.72912597656	-1.07111477851868	44.4395179748535	-1067.10607910156	-1.13131487369537	28.4082088470459	-1069.31494140625	-1.0967435836792	7.74167203903198	-1056.93664550781	-0.703864693641663	-4.66034173965454	-1063.22509765625	-0.77706241607666	-35.8442153930664	-1060.63098144531	10.0059661865234	-47.1104621887207	-1064.14587402344	12.3821868896484	-44.6115417480469	-1065.02221679688	15.2756233215332	-40.0622138977051	-1067.94079589844	17.8768177032471	-30.5275135040283	-1070.36645507812	15.4528999328613	-6.3588809967041	-1071.61987304688	10.3580150604248	-0.763857662677765	-1069.01818847656	4.2091965675354	-32.9805755615234	-1044.70166015625	2.06876039505005	-18.1842174530029	-1032.021484375	15.8918056488037	-13.9348926544189	-1022.57189941406	31.3952884674072	-6.02970314025879	-1035.00598144531	39.7002983093262	2.78746676445007	-1060.35693359375	31.6109886169434	14.0609188079834	-1058.328125	11.8448534011841	-3.23024892807007	-1053.10375976562	29.2748470306396	31.4890842437744	-1055.38037109375	14.6172742843628	30.1409435272217	-1065.87341308594	6.67118549346924	36.8348083496094	-1069.14465332031	4.73537492752075	12.7055759429932	-1060.13745117188	-11.0147666931152	-46.936954498291	-1063.46228027344	-13.1156616210938	-45.1450881958008	-1065.50915527344	-16.0438899993896	-40.329761505127	-1068.51770019531	-18.7979717254639	-30.8072605133057	-1070.50048828125	-16.1997890472412	-7.43126678466797	-1072.1982421875	-11.5404853820801	-0.523114204406738	-1069.46923828125	-6.48938083648682	-33.1990013122559	-1045.28259277344	-4.48730325698853	-18.5596446990967	-1032.63061523438	-18.3878650665283	-14.2751092910767	-1023.61218261719	-34.0525093078613	-6.72763061523438	-1036.53759765625	-41.2534484863281	2.43014049530029	-1062.08532714844	-33.6802597045898	13.3166933059692	-1059.74462890625	-12.4057025909424	-2.61379742622375	-1053.84643554688	-31.39914894104	29.1509799957275	-1056.93908691406	-16.7390174865723	29.9524745941162	-1066.36108398438	-8.9734468460083	36.5328330993652	-1069.40869140625	-7.42316246032715	13.6738615036011	-1061.72351074219
PRI-6497	-1.09032940864563	-51.2929916381836	-1403.10266113281	-1.37222278118134	-44.9108734130859	-1396.05847167969	-1.7533940076828	-34.7092247009277	-1376.82922363281	-2.44018483161926	-18.5730400085449	-1355.57873535156	-2.51167178153992	-15.9722700119019	-1349.89721679688	-2.46562194824219	61.5539855957031	-1383.28662109375	-2.52785515785217	44.2261657714844	-1395.37768554688	-1.80183708667755	30.6532077789307	-1397.88415527344	-1.53606748580933	7.06501340866089	-1384.6376953125	-1.91740810871124	-6.11982917785645	-1394.86291503906	-1.46364450454712	-35.4101448059082	-1398.04858398438	9.31700420379639	-45.4074554443359	-1402.31530761719	10.4222469329834	-44.2579879760742	-1402.58532714844	12.617696762085	-40.3435020446777	-1403.96166992188	15.4586582183838	-30.1488265991211	-1404.98864746094	15.0918140411377	-5.127854347229	-1402.84216308594	9.78382873535156	0.141782835125923	-1399.2822265625	2.45143365859985	-34.8897476196289	-1380.22412109375	0.868303775787354	-16.6574573516846	-1361.68713378906	13.1785688400269	-13.8487529754639	-1353.89855957031	29.2622928619385	-6.40525245666504	-1362.83129882812	38.1330833435059	6.19434499740601	-1388.03405761719	31.2834854125977	15.8647480010986	-1388.01281738281	12.0362529754639	-1.15451526641846	-1380.30249023438	26.1384525299072	33.7918701171875	-1385.39221191406	15.0803480148315	34.0041656494141	-1395.00537109375	4.82443475723267	39.0143432617188	-1398.08251953125	5.30755090713501	14.5605049133301	-1389.95983886719	-11.2229976654053	-47.6854782104492	-1402.0068359375	-12.1928844451904	-45.9543075561523	-1402.27868652344	-15.1325044631958	-42.0373268127441	-1403.87170410156	-18.7360401153564	-31.6548748016357	-1404.86486816406	-18.379940032959	-6.21434879302979	-1402.81091308594	-12.9690952301025	-1.36290895938873	-1399.62231445312	-6.6103515625	-34.9745597839355	-1380.26098632812	-5.38255214691162	-16.8732089996338	-1361.77490234375	-17.2232418060303	-14.4930295944214	-1353.79553222656	-33.5839538574219	-7.29812431335449	-1364.212890625	-41.9519958496094	5.39247226715088	-1389.77612304688	-35.0697479248047	14.8422746658325	-1387.92260742188	-15.5320224761963	-0.949217557907104	-1380.05041503906	-30.4475612640381	31.9403629302979	-1385.21948242188	-18.2043933868408	32.7723808288574	-1395.35314941406	-9.73931217193604	38.591381072998	-1398.39038085938	-8.77507591247559	14.0117816925049	-1389.17468261719
PRI-6498	-0.177020058035851	-57.9292755126953	-1441.95812988281	-0.540646314620972	-53.0546531677246	-1433.53723144531	-1.15018284320831	-40.4390640258789	-1414.06604003906	-2.51010489463806	-22.4502506256104	-1391.88061523438	-2.77062702178955	-19.3196811676025	-1385.78576660156	-4.3095064163208	64.5492706298828	-1421.09521484375	-2.80777025222778	46.4599533081055	-1434.15124511719	-2.39030361175537	30.9628734588623	-1437.87536621094	-2.33922266960144	7.90650796890259	-1425.22436523438	-1.73006963729858	-8.81431484222412	-1432.85046386719	-0.773053348064423	-42.3622932434082	-1436.84619140625	10.3017063140869	-52.0882263183594	-1440.00549316406	11.708550453186	-49.464542388916	-1440.29895019531	15.4846706390381	-42.2906608581543	-1441.20288085938	17.2576084136963	-32.0637893676758	-1442.81457519531	14.6430521011353	-7.48096227645874	-1442.95190429688	10.5695152282715	-3.0219898223877	-1439.02209472656	2.6414041519165	-40.1738662719727	-1416.66491699219	0.692345440387726	-20.4488945007324	-1397.17102050781	14.437933921814	-16.8185176849365	-1388.98693847656	29.9505729675293	-8.11064434051514	-1398.57531738281	40.3757362365723	5.39169502258301	-1424.66479492188	33.4978828430176	13.8548221588135	-1425.38122558594	10.0349197387695	-2.92152690887451	-1419.5224609375	27.2048072814941	33.7537803649902	-1423.85070800781	13.7581472396851	32.6274375915527	-1435.09826660156	4.01973676681519	39.7224884033203	-1436.81091308594	5.53722715377808	13.1708688735962	-1429.75354003906	-10.770076751709	-52.8260116577149	-1440.15551757812	-12.2001094818115	-50.1718254089355	-1440.73181152344	-16.1602191925049	-42.4865989685059	-1442.24291992188	-18.1593799591064	-32.5372543334961	-1444.19201660156	-16.66282081604	-7.9212646484375	-1444.30480957031	-13.9796867370605	-3.60734248161316	-1439.75317382812	-6.2867431640625	-40.2265434265137	-1417.71643066406	-6.10288429260254	-20.2685031890869	-1398.07958984375	-20.6109848022461	-17.0085887908936	-1390.63439941406	-36.319881439209	-10.2397804260254	-1402.43994140625	-45.6924591064453	2.3802707195282	-1426.85925292969	-38.7460632324219	12.7459297180176	-1428.18737792969	-16.7184429168701	-3.85168194770813	-1420.67919921875	-33.8232917785645	32.1839904785156	-1426.12609863281	-19.6965293884277	31.8410930633545	-1436.35949707031	-9.4519567489624	38.9487113952637	-1438.25451660156	-10.3433828353882	12.6686658859253	-1430.36169433594
PRI-6503	-0.798830926418304	-55.7016563415527	-1470.11926269531	-1.4047144651413	-49.3401641845703	-1462.50939941406	-2.36186456680298	-36.4515075683594	-1440.88098144531	-3.89617729187012	-17.3667087554932	-1417.04760742188	-4.751784324646	-14.4313545227051	-1411.26611328125	-3.10984468460083	69.127067565918	-1449.408203125	-1.64844131469727	51.6360778808594	-1461.7958984375	-0.933880865573883	35.7133827209473	-1465.42321777344	-1.97201859951019	11.112621307373	-1448.74877929688	-1.04600417613983	-3.28077626228333	-1459.87170410156	-1.27960550785065	-37.2144775390625	-1465.39331054688	10.5877628326416	-49.943431854248	-1468.8212890625	12.5863876342773	-48.7153396606445	-1469.10375976562	15.9489669799805	-40.9531555175781	-1470.79663085938	18.832592010498	-30.10205078125	-1472.0302734375	17.1885318756104	-4.02205801010132	-1470.24060058594	11.3166456222534	2.11574363708496	-1465.28723144531	3.02927112579346	-36.3129348754883	-1444.83776855469	-0.00083211692981422	-15.9018621444702	-1423.65771484375	13.6796045303345	-11.5463151931763	-1414.51184082031	31.1008396148682	-3.06753993034363	-1423.80187988281	44.2455749511719	13.4788160324097	-1450.42846679688	36.231502532959	20.8849411010742	-1451.36804199219	13.8688173294067	1.62665486335754	-1444.80749511719	28.1586418151855	40.6917495727539	-1449.76318359375	15.0907621383667	39.1991882324219	-1461.18249511719	5.09586238861084	45.3971939086914	-1464.27233886719	5.87141370773315	20.4206657409668	-1455.37487792969	-11.8323669433594	-51.0648651123047	-1469.93908691406	-14.4650354385376	-49.3915634155273	-1470.34326171875	-17.6150150299072	-42.0377769470215	-1472.61145019531	-20.1852970123291	-30.438756942749	-1475.01477050781	-18.3248729705811	-4.91476726531982	-1473.47607421875	-13.834719657898	1.93649077415466	-1467.33618164062	-6.76173830032349	-36.7507781982422	-1445.32104492188	-6.97665596008301	-15.9615335464478	-1424.80249023438	-21.2917175292969	-12.3794841766357	-1417.28515625	-38.2140998840332	-4.96535873413086	-1428.78210449219	-47.6155891418457	11.9886665344238	-1457.44689941406	-38.8801307678223	19.6278076171875	-1456.81066894531	-18.0585613250732	0.0950962454080582	-1447.83703613281	-34.3087997436523	38.1525955200195	-1454.29187011719	-18.4961853027344	38.0790710449219	-1463.45349121094	-8.76182842254639	45.2174339294434	-1465.794921875	-8.69404125213623	19.4096660614014	-1456.29943847656
PRI-6504	-1.55931162834167	-52.384204864502	-1414.5185546875	-1.57126939296722	-46.9397964477539	-1407.07482910156	-1.50376975536346	-35.1178016662598	-1386.50805664062	-2.71786236763	-12.1861391067505	-1362.58728027344	-3.0195460319519	-9.20647811889648	-1357.98962402344	-0.575296401977539	67.5155792236328	-1397.75671386719	-1.17290139198303	50.0337409973145	-1410.77465820312	-1.34682142734528	34.5903778076172	-1411.66284179688	-1.60132920742035	11.5398902893066	-1393.67858886719	-1.56576561927795	-3.88561820983887	-1404.93103027344	-1.65926098823547	-35.0713882446289	-1409.18908691406	9.25684261322021	-48.0960540771484	-1412.41882324219	10.7855777740479	-46.7216987609863	-1412.85119628906	13.8867692947388	-40.424919128418	-1414.82458496094	15.8317213058472	-30.1433563232422	-1415.29406738281	14.7214603424072	-3.7540922164917	-1414.67321777344	11.0804204940796	1.84118139743805	-1410.53088378906	3.35486745834351	-34.6485748291016	-1391.06555175781	0.533092141151428	-12.3578062057495	-1370.74670410156	13.5976753234863	-7.67246007919312	-1361.17443847656	30.1987247467041	-2.97481250762939	-1372.55310058594	41.4774398803711	11.4342565536499	-1400.27697753906	36.2349891662598	18.0447254180908	-1398.90112304688	13.0902423858643	2.00506186485291	-1390.90966796875	29.9241485595703	38.3312301635742	-1396.85498046875	16.3375854492188	38.0260200500488	-1408.369140625	6.59383296966553	43.9939460754395	-1412.95825195312	6.11176013946533	18.3611164093018	-1402.00341796875	-12.3747501373291	-48.2193336486816	-1412.57165527344	-13.458911895752	-46.722484588623	-1413.44421386719	-16.7160167694092	-40.5360832214355	-1415.27270507812	-19.6817531585693	-29.2865428924561	-1414.66162109375	-17.5657691955566	-3.58799290657043	-1413.13452148438	-14.0832147598267	1.46492969989777	-1410.19006347656	-6.26049852371216	-34.6704902648926	-1390.49328613281	-5.80421304702759	-12.0847988128662	-1369.65673828125	-19.3924942016602	-7.13960266113281	-1361.78466796875	-34.8633575439453	-2.22132301330566	-1374.37536621094	-45.1662712097168	13.0135927200317	-1401.9482421875	-37.8735809326172	19.2963619232178	-1400.05187988281	-15.1462488174438	2.86494517326355	-1390.33666992188	-32.4008178710938	37.9668312072754	-1398.21105957031	-18.0360355377197	38.4750289916992	-1409.83178710938	-9.20742225646973	44.3165321350098	-1412.35876464844	-9.30826187133789	17.91672706604	-1401.49377441406
PRI-6627	121.747131347656	-54.5893745422363	-886.862670898438	122.282814025879	-51.077880859375	-892.015991210938	122.809448242188	-39.5798683166504	-911.287231445312	123.779312133789	-19.8874893188477	-933.512084960938	124.230072021484	-15.8727531433105	-938.991455078125	126.156257629395	62.6305198669434	-906.930297851562	124.870452880859	44.8844032287598	-889.014282226562	124.24324798584	28.4352741241455	-886.513244628906	124.07300567627	5.7916989326477	-902.727294921875	123.043800354004	-7.68467092514038	-892.464477539062	122.451866149902	-40.4398880004883	-889.670471191406	111.169090270996	-49.5537643432617	-887.358764648438	109.633880615234	-47.9454574584961	-886.984985351562	106.323722839355	-41.3981628417969	-884.365905761719	104.347587585449	-30.6513233184814	-882.695373535156	108.942420959473	-6.20240449905396	-884.325012207031	112.352851867676	-2.08528184890747	-887.225341796875	117.081420898438	-39.1154479980469	-907.258911132812	120.923156738281	-19.1278171539307	-925.598937988281	109.939636230469	-16.0862674713135	-935.460021972656	94.4648208618164	-5.53219509124756	-927.60107421875	83.6844711303711	6.65319013595581	-899.957885742188	88.6030120849609	15.0350961685181	-899.850708007812	110.568801879883	-3.08544278144836	-907.913818359375	95.6713256835938	33.8722267150879	-901.933959960938	108.195266723633	32.1998901367188	-890.892333984375	116.521980285645	38.0631065368652	-886.820739746094	117.619903564453	13.9439382553101	-896.375183105469	132.415145874023	-49.6109924316406	-886.060668945312	133.828689575195	-48.4015846252441	-885.501281738281	137.255798339844	-42.8662300109863	-883.036437988281	139.864013671875	-31.9385108947754	-880.646667480469	136.54052734375	-7.1803412437439	-883.986572265625	134.132537841797	-3.08630299568176	-886.621398925781	128.763763427734	-39.5282897949219	-906.872192382812	126.23908996582	-18.9774208068848	-925.905639648438	138.333358764648	-16.6114845275879	-933.759704589844	154.510314941406	-7.70892190933228	-925.619201660156	165.416564941406	3.69368243217468	-898.770080566406	159.730895996094	13.3832035064697	-897.417907714844	137.520980834961	-4.11417818069458	-906.824096679688	153.765426635742	31.7149143218994	-899.538330078125	139.220993041992	31.6080322265625	-889.130981445312	132.357513427734	37.2144088745117	-886.24755859375	130.322723388672	13.364917755127	-895.729125976562
PRI-6628	-0.89572674036026	-57.5916328430176	-1021.20623779297	-0.522209227085114	-51.0330696105957	-1011.01373291016	0.414897084236145	-42.175178527832	-990.922302246094	0.000974966387730092	-20.300630569458	-964.083618164062	-0.155976057052612	-15.4307813644409	-958.355346679688	-4.20716905593872	65.4214172363281	-986.23046875	-4.23150539398193	48.321102142334	-1004.54748535156	-3.83832263946533	31.2855319976807	-1009.18865966797	-2.07692837715149	5.53483724594116	-994.825012207031	-1.8486852645874	-5.64115524291992	-1008.17517089844	-0.996642529964447	-40.6274223327637	-1014.73797607422	10.1486721038818	-51.6770935058594	-1019.11260986328	13.4980669021606	-48.7884368896484	-1020.17498779297	16.0227355957031	-42.8057060241699	-1022.86322021484	17.5921382904053	-31.3847980499268	-1022.25408935547	12.7276554107666	-5.08921051025391	-1020.24743652344	8.96658802032471	-0.529762148857117	-1013.60583496094	5.53037881851196	-39.406192779541	-993.483703613281	2.68794107437134	-19.204273223877	-972.837341308594	14.777811050415	-16.3597049713135	-963.446899414062	30.5398559570312	-7.00569152832031	-971.6396484375	41.9170455932617	6.34529781341553	-998.901062011719	33.7799987792969	16.4901866912842	-999.759765625	12.8988428115845	-2.16517353057861	-992.01171875	27.1470108032227	35.7375068664551	-996.566955566406	11.7345991134644	35.2294578552246	-1006.59875488281	3.51998853683472	40.686450958252	-1008.47094726562	4.06022834777832	15.8347425460815	-1000.17163085938	-11.8704471588135	-52.8813247680664	-1019.39379882812	-14.2826833724976	-50.497127532959	-1020.36822509766	-18.6032009124756	-44.4207382202148	-1021.40478515625	-21.217924118042	-32.0785140991211	-1020.09289550781	-17.4362640380859	-5.67951965332031	-1019.52307128906	-13.2716026306152	-0.848961234092712	-1012.72814941406	-5.54641532897949	-39.6242218017578	-993.07568359375	-3.10119915008545	-19.8984661102295	-973.406066894531	-13.9165506362915	-17.6025485992432	-962.495056152344	-31.3216743469238	-8.31277275085449	-969.109069824219	NA	NA	NA	-37.3262367248535	15.25403881073	-998.462524414062	-16.4472827911377	-3.1145703792572	-991.000793457031	-34.0412826538086	33.4219551086426	-995.215148925781	-20.5421962738037	33.5803833007812	-1005.80450439453	-12.1131944656372	40.9741363525391	-1008.00573730469	-9.67926025390625	16.1250076293945	-999.863952636719
PRI-6631	-2.55626392364502	-44.6208953857422	-978.400085449219	-2.77176213264465	-40.0948066711426	-971.938171386719	-2.59080100059509	-33.3307609558105	-953.486511230469	-2.70638084411621	-17.0346736907959	-929.732299804688	-2.92391633987427	-13.8199758529663	-924.089538574219	-3.97591090202331	67.5610504150391	-947.581604003906	-3.42915296554565	51.9467430114746	-963.833984375	-3.12122392654419	36.259765625	-967.807556152344	-2.71375322341919	11.993953704834	-957.174499511719	-2.38583827018738	-1.27997958660126	-967.526977539062	-2.70809483528137	-32.3436622619629	-972.608215332031	6.82907390594482	-40.5502891540527	-977.519226074219	9.04662322998047	-39.0139198303223	-978.136962890625	12.2808837890625	-36.0437240600586	-979.0771484375	15.7626028060913	-24.9170341491699	-978.905639648438	13.597092628479	-1.55381166934967	-972.852294921875	9.26521968841553	4.70331287384033	-971.819580078125	3.02046227455139	-31.0485515594482	-956.532653808594	0.247699365019798	-15.0158748626709	-936.208679199219	11.3783540725708	-11.9427576065063	-925.768432617188	27.3334808349609	-1.78352153301239	-934.596923828125	NA	NA	NA	28.7760982513428	20.8943920135498	-956.827087402344	9.59802436828613	3.08699607849121	-952.835388183594	25.1141452789307	38.3545265197754	-954.404479980469	11.1391038894653	39.1150321960449	-966.318115234375	3.54283308982849	45.8912544250488	-967.005432128906	2.59526944160461	21.1196193695068	-961.8154296875	-12.8706846237183	-40.067253112793	-977.696472167969	-14.8860006332397	-38.5101928710938	-977.973510742188	-18.5088272094727	-34.1858558654785	-979.408325195312	-20.8272190093994	-24.3212070465088	-979.388916015625	-18.0629329681396	-0.93540620803833	-972.75048828125	-13.9757308959961	4.23855924606323	-971.670043945312	-8.07423305511475	-30.8199253082275	-955.900817871094	-5.47049283981323	-14.9101963043213	-936.59619140625	-16.6609039306641	-12.7407903671265	-926.520751953125	-31.9873676300049	-3.63587403297424	-935.537231445312	-43.5326309204102	10.5513343811035	-958.984680175781	-35.9012985229492	21.0257015228271	-958.878784179688	-15.3512029647827	2.4455509185791	-953.609436035156	-31.6171054840088	36.9966773986816	-956.049194335938	-17.6202507019043	39.5035247802734	-966.377258300781	-10.5310564041138	44.9750213623047	-968.351623535156	-8.8377628326416	20.7677230834961	-960.75927734375
PRI-6638	-2.21231985092163	-51.9203681945801	-1143.99145507812	-2.02541637420654	-46.2374610900879	-1137.38073730469	-1.18748831748962	-38.1401863098145	-1120.78942871094	-1.2021975517273	-18.5026779174805	-1097.01879882812	-1.39275896549225	-14.8938159942627	-1091.90393066406	-1.61380088329315	58.8145904541016	-1119.35314941406	-1.5609667301178	42.1235160827637	-1134.9052734375	-1.75298619270325	26.2660789489746	-1137.19470214844	-1.44822525978088	2.6115288734436	-1125.92456054688	-1.74067950248718	-7.96036243438721	-1135.98657226562	-2.49668121337891	-37.6728782653809	-1139.46655273438	6.63231515884399	-47.9056091308594	-1143.5830078125	8.24353313446045	-45.5173416137695	-1143.63537597656	12.1041889190674	-42.0390930175781	-1145.25659179688	14.2284870147705	-32.4070129394531	-1146.06555175781	12.991943359375	-8.71788597106934	-1141.93310546875	8.14611434936523	-2.47731423377991	-1139.96887207031	3.70295166969299	-35.7904357910156	-1122.03942871094	0.500699937343597	-18.0090732574463	-1104.61108398438	12.0622978210449	-14.4040393829346	-1094.97668457031	27.0032138824463	-7.27661657333374	-1103.01025390625	34.7359085083008	4.70568704605103	-1131.05749511719	29.4142818450928	12.1959896087646	-1128.21313476562	12.2047252655029	-4.11387825012207	-1120.87817382812	25.5693664550781	29.6916370391846	-1124.62438964844	13.201663017273	30.1025638580322	-1134.82067871094	5.73806142807007	34.8560676574707	-1137.86682128906	4.37875652313232	12.3155555725098	-1131.04650878906	-11.20530128479	-48.596622467041	-1143.71313476562	-13.3036308288574	-46.508056640625	-1144.26501464844	-16.6764488220215	-42.3914794921875	-1144.74401855469	-19.9416828155518	-32.1602973937988	-1145.42956542969	-18.0278568267822	-9.58958625793457	-1142.29431152344	-12.5074148178101	-2.87818264961243	-1139.66772460938	-6.36025333404541	-36.3452072143555	-1122.15502929688	-4.25559043884277	-17.2704334259033	-1104.38000488281	-14.9657964706421	-13.6151666641235	-1094.77197265625	-30.3895664215088	-6.10750150680542	-1102.28833007812	-41.212963104248	4.59079217910767	-1126.94506835938	-33.0952262878418	13.557596206665	-1127.32214355469	-14.8013401031494	-3.38483762741089	-1120.3759765625	-28.6802368164062	29.9294490814209	-1124.35717773438	-17.2967853546143	32.2324142456055	-1135.05822753906	-8.54876804351807	36.1888618469238	-1137.04907226562	-7.99164056777954	12.2285499572754	-1130.501953125
PRI-6639	118.192733764648	-61.0222778320312	-878.05517578125	118.860885620117	-56.6368675231934	-886.679138183594	119.581184387207	-46.4848136901855	-906.967956542969	121.575996398926	-26.9723052978516	-930.521301269531	121.940948486328	-22.9758739471436	-936.558654785156	127.472152709961	56.4114570617676	-908.027404785156	126.31600189209	40.4336585998535	-892.625366210938	125.069114685059	25.1077766418457	-887.724060058594	123.453048706055	1.47756743431091	-902.295043945312	122.716766357422	-10.2063999176025	-887.647888183594	119.60684967041	-46.749755859375	-883.484680175781	108.165542602539	-54.2211799621582	-880.10205078125	106.936592102051	-52.7538452148438	-880.251586914062	104.034538269043	-43.5179328918457	-877.172668457031	102.206153869629	-31.6871032714844	-878.099365234375	NA	NA	NA	111.998741149902	-4.59466409683228	-884.317687988281	114.050979614258	-43.6074752807617	-904.377563476562	119.037811279297	-24.7180366516113	-923.042907714844	106.675346374512	-22.7376441955566	-932.16162109375	92.0909118652344	-10.4619445800781	-925.072387695312	NA	NA	NA	NA	NA	NA	110.296783447266	-7.50382232666016	-906.273254394531	94.7559661865234	28.7915954589844	-902.35693359375	109.954704284668	28.7766456604004	-891.550048828125	117.94654083252	33.6416206359863	-889.38134765625	116.903022766113	10.4586639404297	-897.144287109375	128.914093017578	-55.951114654541	-880.313354492188	131.004501342773	-54.7246208190918	-879.911193847656	135.288787841797	-46.4918937683105	-876.995910644531	138.403259277344	-35.8456039428711	-876.998046875	136.37385559082	-10.2349548339844	-881.337585449219	133.675323486328	-6.15027761459351	-884.377319335938	125.854507446289	-45.4507713317871	-903.589782714844	125.160804748535	-25.3078861236572	-923.091247558594	137.499206542969	-25.0891494750977	-932.216796875	153.936630249023	-14.7856750488281	-924.450378417969	166.383377075195	-1.69216823577881	-897.977416992188	157.385513305664	7.24162530899048	-896.884338378906	136.393524169922	-9.22317314147949	-906.050476074219	155.624526977539	23.7069282531738	-900.086853027344	140.741287231445	26.6109466552734	-890.737731933594	133.729705810547	32.579288482666	-889.120300292969	131.792449951172	9.75885200500488	-897.17578125
PRI-6640	112.985343933105	-53.6055793762207	-891.180480957031	113.207145690918	-48.8253936767578	-898.097961425781	113.059608459473	-40.7625045776367	-914.102294921875	112.518241882324	-21.8698749542236	-937.543518066406	112.693260192871	-18.1448841094971	-941.650939941406	NA	NA	NA	112.328987121582	36.461597442627	-892.148315429688	112.840965270996	23.251558303833	-890.441040039062	112.980331420898	-1.88183927536011	-906.844665527344	113.091377258301	-11.6895599365234	-897.67041015625	113.081329345703	-40.7596817016602	-895.871154785156	103.65535736084	-48.998104095459	-892.026794433594	102.988136291504	-48.3121795654297	-891.798278808594	99.5933380126953	-44.2797355651855	-889.896240234375	96.1451263427734	-34.8259658813477	-888.164123535156	99.4449844360352	-11.2658843994141	-889.7568359375	102.524551391602	-6.72679233551025	-891.710571289062	107.974418640137	-39.9828338623047	-912.685180664062	110.08731842041	-22.6400775909424	-928.876342773438	98.1922454833984	-17.5126705169678	-938.394775390625	84.0938949584961	-10.5386428833008	-928.475952148438	74.3268356323242	-0.35621178150177	-903.493408203125	81.0950012207031	8.36348247528076	-903.316833496094	99.6377944946289	-7.6213059425354	-909.667724609375	84.2494659423828	25.5356273651123	-903.537902832031	96.7167434692383	26.3308620452881	-893.240112304688	105.760467529297	31.9344711303711	-890.061218261719	107.286293029785	9.07448577880859	-901.580810546875	122.323959350586	-49.147762298584	-892.017700195312	123.121078491211	-48.4443359375	-891.725036621094	126.651313781738	-44.4534912109375	-890.483520507812	130.074935913086	-34.7199745178223	-888.672180175781	127.001533508301	-11.0841665267944	-890.497985839844	123.616546630859	-6.29783916473389	-891.52734375	118.755332946777	-40.0145950317383	-911.861450195312	114.992370605469	-22.4976196289062	-929.382385253906	126.409309387207	-16.9979476928711	-938.987487792969	141.41340637207	-9.88564395904541	-928.194641113281	150.953811645508	-0.810512781143188	-903.936340332031	142.709915161133	9.42092132568359	-903.896911621094	125.868217468262	-8.32948589324951	-909.685913085938	140.491989135742	25.7956371307373	-904.232421875	127.581596374512	25.3325023651123	-893.782958984375	119.01229095459	31.4354515075684	-890.129333496094	118.788307189941	8.37613105773926	-901.717834472656
PRI-6641	NA	NA	NA	117.238235473633	-42.6436805725098	-896.015808105469	117.296058654785	-33.5096015930176	-912.206115722656	119.490783691406	-11.8483085632324	-932.706237792969	120.01212310791	-8.60099792480469	-937.443542480469	122.10986328125	63.9481430053711	-900.439453125	121.589881896973	45.2100486755371	-888.817810058594	120.36100769043	29.97021484375	-887.752563476562	119.713043212891	9.42390441894531	-902.313659667969	119.028968811035	-3.36295914649963	-892.833435058594	117.645141601562	-35.0059509277344	-893.370849609375	107.795257568359	-42.1118927001953	-889.689636230469	106.337745666504	-41.0339431762695	-889.123352050781	103.735130310059	-36.8304176330566	-887.388854980469	100.395332336426	-27.4503574371338	-885.584289550781	104.237579345703	-3.81048917770386	-884.942504882812	109.173858642578	1.72665166854858	-888.29736328125	112.977394104004	-32.2830123901367	-909.805358886719	116.651260375977	-12.2580699920654	-925.435852050781	106.123191833496	-6.26397371292114	-935.517517089844	91.7588424682617	-0.385475724935532	-926.045043945312	80.8997650146484	6.54206418991089	-902.683959960938	88.5824432373047	18.2651920318604	-899.7294921875	105.713928222656	1.63708567619324	-906.827209472656	93.5090560913086	35.8412170410156	-899.413879394531	106.062255859375	34.1625175476074	-889.047058105469	114.26505279541	38.3659973144531	-886.911437988281	114.316589355469	16.8320140838623	-896.489013671875	125.881240844727	-43.8170356750488	-890.422546386719	127.958633422852	-42.2356719970703	-889.75439453125	131.37126159668	-38.3496284484863	-887.766784667969	134.946990966797	-28.7964916229248	-885.768920898438	133.915740966797	-5.4589056968689	-885.04052734375	129.519775390625	0.261549234390259	-888.157836914062	122.560989379883	-32.8744773864746	-909.995239257812	121.642738342285	-12.6387300491333	-925.453735351562	133.456970214844	-7.44725656509399	-935.790100097656	148.388900756836	-2.66070675849915	-924.425354003906	158.676467895508	4.7087140083313	-900.443420410156	150.980010986328	15.8218364715576	-898.001770019531	132.925140380859	0.598351538181305	-905.974975585938	149.044128417969	33.5093994140625	-898.262756347656	134.975280761719	32.6505355834961	-888.996948242188	128.036148071289	38.2399139404297	-886.759338378906	125.543228149414	16.1468544006348	-895.747009277344
PRI-6809	-1.34440875053406	-51.8628616333008	-1485.87561035156	-1.52199971675873	-47.1939582824707	-1476.62646484375	-1.85911154747009	-34.8276786804199	-1455.51379394531	-2.52368807792664	-14.613842010498	-1434.13317871094	-2.91584181785583	-11.3019666671753	-1429.18823242188	-2.83034563064575	68.2666702270508	-1464.0205078125	-2.21540975570679	50.4292068481445	-1478.39892578125	-1.61950659751892	34.4640884399414	-1479.86218261719	-2.6436231136322	12.0436668395996	-1466.62097167969	-1.76348948478699	-2.99498534202576	-1475.85290527344	-1.07132542133331	-37.0253753662109	-1479.17590332031	9.50350379943848	-46.7650985717773	-1483.30236816406	10.8487920761108	-45.0502014160156	-1483.88269042969	12.9882802963257	-40.3189392089844	-1485.42614746094	16.2849159240723	-30.951322555542	-1486.57592773438	15.4637031555176	-4.6749415397644	-1487.19982910156	10.3284015655518	2.23780465126038	-1481.87390136719	3.42476201057434	-33.4538917541504	-1459.15515136719	0.349691092967987	-13.7615566253662	-1441.65466308594	12.6346845626831	-10.1698246002197	-1431.78674316406	30.9545288085938	-0.970580041408539	-1443.18212890625	40.8782539367676	12.5577440261841	-1465.19091796875	33.8779640197754	19.4693603515625	-1466.88488769531	11.1772575378418	2.58883142471313	-1462.37512207031	29.2353439331055	38.07568359375	-1465.49829101562	15.6369581222534	37.6789321899414	-1476.83666992188	5.64529085159302	44.770580291748	-1480.2822265625	5.88670444488525	18.8833675384521	-1472.044921875	-11.5336990356445	-46.6585464477539	-1483.68981933594	-12.6584320068359	-45.4406394958496	-1484.24499511719	-14.9934453964233	-40.0525512695312	-1486.88671875	-18.4772472381592	-30.4080944061279	-1487.69982910156	-18.8664302825928	-4.71211576461792	-1488.43774414062	-13.7502565383911	2.80447006225586	-1482.58374023438	-6.58739948272705	-32.961368560791	-1459.22705078125	-5.88044548034668	-13.3448572158813	-1442.32666015625	-18.7623653411865	-10.0489902496338	-1433.140625	-36.2478141784668	-2.26969647407532	-1445.91394042969	-45.9140853881836	12.1653633117676	-1467.77575683594	-37.9953842163086	18.6165962219238	-1468.83288574219	-17.1470184326172	1.52700734138489	-1462.48193359375	-34.2815551757812	37.0786781311035	-1467.19787597656	-20.2097816467285	38.1517601013184	-1477.689453125	-9.91287612915039	44.2378158569336	-1481.22106933594	-10.1920795440674	19.0776882171631	-1472.83581542969
PRI-6833	-1.77214848995209	-58.9790496826172	-1435.76037597656	-1.76778125762939	-54.5789642333984	-1429.642578125	-0.541318476200104	-41.2938537597656	-1406.59631347656	-1.22609543800354	-18.609375	-1381.79797363281	-1.49947106838226	-14.7757158279419	-1375.15637207031	-2.00182437896729	70.9098281860352	-1407.65087890625	-3.02689671516419	54.9679069519043	-1425.57446289062	-2.89374089241028	38.4468574523926	-1428.77905273438	-2.78669309616089	12.4745674133301	-1415.20007324219	-2.16187810897827	-2.00613236427307	-1426.41320800781	-1.47238838672638	-41.5752906799316	-1432.56188964844	10.0986547470093	-54.9785308837891	-1435.22216796875	13.2928657531738	-51.2648010253906	-1436.46655273438	17.3512935638428	-43.3358917236328	-1439.30529785156	18.9369335174561	-32.9998321533203	-1442.12878417969	16.2961940765381	-6.97134447097778	-1440.32397460938	9.50580596923828	3.02110147476196	-1433.7978515625	4.78608322143555	-39.0808486938477	-1410.19934082031	2.21487832069397	-16.4273681640625	-1389.923828125	16.6583003997803	-12.7433834075928	-1380.85534667969	35.0104446411133	-1.31359219551086	-1390.45056152344	45.8392295837402	14.4416265487671	-1418.26135253906	37.5607223510742	24.7724761962891	-1417.77502441406	13.3972778320312	1.96077978610992	-1412.23693847656	29.4324474334717	43.7058372497559	-1415.47448730469	14.2532644271851	42.3593368530273	-1426.57434082031	4.96622371673584	48.3981742858887	-1428.75024414062	5.12260293960571	21.9893970489502	-1421.58215332031	-13.1777763366699	-54.6245918273926	-1435.70251464844	-15.7657947540283	-51.963996887207	-1436.59887695312	-19.4998416900635	-43.4865913391113	-1438.99841308594	-21.6027183532715	-33.1401557922363	-1441.5537109375	-20.0916862487793	-6.70867013931274	-1439.73498535156	-14.5524349212646	3.63262009620667	-1432.64733886719	-5.89156103134155	-38.3113708496094	-1408.75476074219	-4.86943817138672	-16.3551044464111	-1389.625	-18.8840656280518	-12.9912853240967	-1379.94445800781	-38.0034675598145	-2.35682606697083	-1390.07983398438	-49.6844100952149	12.2909736633301	-1418.34887695312	-41.1895942687988	24.0535011291504	-1417.2890625	-17.1086959838867	2.70401167869568	-1410.50305175781	-34.8768692016602	42.7861671447754	-1414.41809082031	-19.3046455383301	42.5023803710938	-1425.91723632812	-10.5964670181274	48.9208183288574	-1427.57458496094	-9.90768337249756	22.4267044067383	-1421.75708007812
PRI-6955	119.189842224121	-58.3532333374023	-886.525329589844	120.207122802734	-51.6373977661133	-892.759033203125	121.866836547852	-39.7635231018066	-910.6142578125	123.945350646973	-21.6577129364014	-932.029357910156	124.475471496582	-18.5910415649414	-936.79638671875	123.996429443359	56.3705406188965	-905.054260253906	122.887802124023	38.97119140625	-888.684020996094	122.412818908691	23.9158458709717	-887.27197265625	122.769302368164	1.2825003862381	-901.662231445312	121.821090698242	-11.4662656784058	-890.174560546875	120.38549041748	-44.4787368774414	-889.411193847656	110.252838134766	-54.0390205383301	-887.547485351562	107.465126037598	-51.0562591552734	-886.130065917969	104.460250854492	-47.2852210998535	-883.307922363281	102.084617614746	-37.6650772094727	-881.880798339844	103.912338256836	-13.1886730194092	-879.983276367188	110.029762268066	-5.92480230331421	-885.225524902344	115.989250183105	-40.8877983093262	-906.382629394531	121.168083190918	-21.1743907928467	-924.413269042969	110.746376037598	-17.0962333679199	-935.914428710938	94.0551986694336	-11.5351686477661	-927.643737792969	82.5514221191406	2.13658452033997	-902.795532226562	88.6679229736328	10.3621263504028	-899.130065917969	108.691841125488	-7.43690872192383	-906.17431640625	94.9230880737305	27.2181835174561	-900.220397949219	108.535591125488	27.5616645812988	-889.393005371094	115.648017883301	32.7153129577637	-887.257507324219	116.461372375488	9.56380081176758	-895.807556152344	128.284210205078	-54.8436965942383	-885.485900878906	130.546585083008	-52.3658485412598	-883.736755371094	133.548446655273	-48.4655303955078	-881.263977050781	138.145553588867	-39.0149383544922	-880.337280273438	138.01741027832	-13.9031772613525	-877.582214355469	133.209747314453	-6.81163358688354	-884.189086914062	127.361877441406	-41.559154510498	-905.264221191406	126.228996276855	-20.9850826263428	-924.238952636719	NA	NA	NA	NA	NA	NA	NA	NA	NA	152.698654174805	7.79022026062012	-896.212219238281	136.379028320312	-7.57867288589478	-903.825317382812	150.638000488281	24.9888401031494	-897.541259765625	136.877685546875	26.391284942627	-887.687561035156	129.483139038086	32.2394638061523	-887.06591796875	128.568328857422	9.27536678314209	-894.143737792969
PRI-7109	114.036201477051	-47.5223426818848	-892.970336914062	114.22078704834	-42.3317680358887	-899.630981445312	114.74373626709	-32.7916030883789	-916.134399414062	116.752433776855	-10.8735599517822	-937.476623535156	117.002502441406	-7.52629852294922	-941.196044921875	118.752044677734	65.458137512207	-903.3671875	116.974517822266	48.5635948181152	-893.348754882812	116.209915161133	31.0224857330322	-891.596740722656	116.34546661377	8.54473400115967	-907.416870117188	115.51416015625	-4.56910037994385	-898.0615234375	114.468704223633	-35.556827545166	-897.393005371094	104.635055541992	-42.6228981018066	-893.605407714844	102.871383666992	-41.4459228515625	-893.362609863281	100.373695373535	-38.1063079833984	-893.572265625	97.0326766967773	-27.8785285949707	-890.918151855469	101.403251647949	-3.42082595825195	-892.376220703125	104.896667480469	0.672486364841461	-893.123901367188	110.107414245605	-31.7141380310059	-914.0869140625	113.944236755371	-12.2166175842285	-929.565795898438	105.419090270996	-5.91704988479614	-940.83056640625	89.1672058105469	0.211209416389465	-930.741027832031	77.6824493408203	9.137939453125	-906.451721191406	83.6064987182617	17.5396003723145	-904.994323730469	103.453224182129	1.03758001327515	-911.0439453125	88.9365615844727	34.651481628418	-904.627319335938	101.263023376465	32.2538146972656	-894.435791015625	109.285911560059	38.1394233703613	-891.587768554688	110.034103393555	16.9122562408447	-901.409973144531	123.228340148926	-43.0338668823242	-893.316711425781	125.080673217773	-41.5912666320801	-893.007385253906	127.720809936523	-37.8765830993652	-891.129638671875	132.652893066406	-28.7970428466797	-890.126342773438	129.96875	-5.07821607589722	-890.983459472656	126.304481506348	-0.345918595790863	-892.777648925781	119.300872802734	-31.9287490844727	-914.040954589844	118.957611083984	-12.126953125	-929.06396484375	129.027252197266	-7.13394594192505	-939.687561035156	144.858123779297	-2.96999621391296	-928.907409667969	154.60791015625	8.18482112884521	-903.308776855469	148.449630737305	15.6445007324219	-902.353332519531	129.007141113281	0.325673639774323	-910.497741699219	144.737899780273	31.9568920135498	-902.707275390625	131.364044189453	32.0221633911133	-893.367980957031	123.190017700195	38.2974700927734	-891.583129882812	121.899299621582	16.1415119171143	-901.070190429688
PRI-7209	114.388702392578	-42.5096664428711	-882.795104980469	114.963668823242	-37.3324661254883	-890.897277832031	115.436302185059	-28.4532680511475	-909.466491699219	116.441078186035	-10.1484851837158	-931.237976074219	116.628349304199	-7.18516683578491	-936.212524414062	117.856285095215	67.4303207397461	-902.769409179688	117.939834594727	50.6251831054688	-889.432739257812	117.482856750488	36.5046348571777	-886.573486328125	116.367637634277	12.0590486526489	-901.623718261719	116.037727355957	0.518319368362427	-892.241577148438	114.926498413086	-29.9935073852539	-888.876403808594	106.236602783203	-38.9551849365234	-883.819763183594	104.371826171875	-36.8927345275879	-883.521423339844	101.611068725586	-33.0439605712891	-882.572570800781	98.4409484863281	-23.6024684906006	-881.761962890625	100.478042602539	0.043995875865221	-881.684814453125	106.005027770996	5.90524244308472	-887.159851074219	111.011268615723	-27.7461624145508	-906.338134765625	113.669486999512	-9.22969722747803	-923.338806152344	100.589302062988	-3.83854484558105	-935.405700683594	87.9933090209961	3.39450192451477	-924.662231445312	76.3954696655273	13.9575805664062	-899.761352539062	83.301887512207	22.9519519805908	-899.28564453125	101.4833984375	6.193678855896	-906.72802734375	89.9800033569336	40.4155197143555	-900.357482910156	102.208549499512	38.1661224365234	-889.765441894531	110.841957092285	44.3559188842773	-887.259948730469	110.244911193848	20.0576400756836	-896.521545410156	123.369873046875	-38.6326141357422	-884.137390136719	124.799812316895	-37.127124786377	-883.171081542969	127.413917541504	-33.5433044433594	-880.679260253906	131.445419311523	-23.7753753662109	-880.143615722656	130.802719116211	-0.609808802604675	-880.494384765625	126.632850646973	5.68482685089111	-887.081481933594	119.743766784668	-28.0312347412109	-906.69482421875	118.814743041992	-9.76210403442383	-924.265319824219	131.042984008789	-5.10378456115723	-934.772888183594	145.780487060547	0.261810183525085	-923.622253417969	157.088104248047	12.0465745925903	-898.636352539062	150.850387573242	20.5916652679443	-897.93310546875	131.985931396484	5.12361145019531	-906.901916503906	146.822052001953	37.3663291931152	-899.881958007812	132.368942260742	37.7597351074219	-889.464477539062	124.618309020996	43.6702919006348	-887.00390625	123.589057922363	20.2338237762451	-896.707824707031
PRI-7314	-1.27962446212769	-77.8748321533203	-1195.14294433594	-2.12685394287109	-68.6172485351562	-1185.0302734375	NA	NA	NA	-4.18302392959595	-22.1369781494141	-1138.85021972656	-4.4410834312439	-18.0794887542725	-1133.59582519531	-9.60932636260986	67.206657409668	-1167.57141113281	-8.92329788208008	47.0268859863281	-1190.00366210938	-7.92474269866943	30.6772613525391	-1192.42272949219	-6.69386768341064	6.62541627883911	-1178.48156738281	-5.34676456451416	-14.0433559417725	-1188.26086425781	-2.4480574131012	-58.7281455993652	-1191.44140625	10.1208591461182	-71.4800338745117	-1193.81018066406	13.0459775924683	-67.2358551025391	-1195.88024902344	16.0325145721436	-60.325870513916	-1197.33752441406	17.3992919921875	-48.5950050354004	-1199.48986816406	13.4006977081299	-19.67698097229	-1200.29028320312	6.2310733795166	-9.18029403686523	-1194.29968261719	NA	NA	NA	-0.878279268741608	-21.8110237121582	-1146.08178710938	12.5677623748779	-14.4323492050171	-1138.44445800781	31.5482749938965	-6.15290451049805	-1150.36596679688	41.8935813903809	5.03779315948486	-1178.82470703125	31.4787216186523	14.6462535858154	-1180.50720214844	9.15623188018799	-5.32972431182861	-1172.63757324219	27.4677295684814	36.5868606567383	-1175.66076660156	10.3906211853027	33.0850830078125	-1190.76818847656	-0.735474169254303	41.9539108276367	-1191.94995117188	0.482384979724884	13.080864906311	-1182.74560546875	-12.4155540466309	-73.4035339355469	-1193.62121582031	-16.5582389831543	-69.8582992553711	-1195.22021484375	-20.9378204345703	-63.6302146911621	-1198.07885742188	-23.3008155822754	-51.7831764221191	-1199.4208984375	-23.9466381072998	-22.454418182373	-1200.37097167969	-18.1428279876709	-10.8064804077148	-1193.623046875	NA	NA	NA	-7.66016912460327	-22.2064971923828	-1146.05908203125	-22.0831928253174	-17.3908805847168	-1138.48522949219	-42.2466773986816	-11.7662601470947	-1149.60400390625	-54.6088333129883	-1.21534025669098	-1179.17358398438	-43.9524002075195	10.3503665924072	-1181.43615722656	-21.4048900604248	-6.61109304428101	-1173.14575195312	-43.1985855102539	32.2862243652344	-1177.17895507812	-25.7765769958496	33.2087821960449	-1190.42846679688	-16.5959205627441	40.9769401550293	-1192.69995117188	-15.6754112243652	12.159294128418	-1183.2705078125
PRI-7315	-1.50704967975616	-55.0762367248535	-1233.517578125	-2.17222046852112	-49.508617401123	-1227.49340820312	-3.04065465927124	-40.3661041259766	-1207.37939453125	-3.23949289321899	-21.0362644195557	-1185.85534667969	-3.30319285392761	-18.3702487945557	-1181.31530761719	-3.23619651794434	65.0085372924805	-1211.64965820312	-3.4884762763977	44.5517997741699	-1230.005859375	-3.13312792778015	28.8450393676758	-1232.1865234375	-3.13853764533997	7.35785293579102	-1219.13757324219	-2.96537113189697	-7.74143314361572	-1227.68212890625	-2.19462513923645	-41.5105438232422	-1230.41650390625	7.42318105697632	-49.7537498474121	-1232.54455566406	8.72074508666992	-47.6000366210938	-1233.30700683594	11.9783668518066	-43.1594429016113	-1234.29614257812	NA	NA	NA	13.2899703979492	-10.1493101119995	-1237.25463867188	8.24752140045166	-3.77734303474426	-1233.41333007812	2.2288556098938	-39.5713844299316	-1211.49829101562	0.080241248011589	-20.2947559356689	-1193.57067871094	14.2286758422852	-15.6582098007202	-1183.21423339844	30.300121307373	-7.44041538238525	-1194.22790527344	38.2819976806641	5.81450605392456	-1221.5703125	32.3508377075195	14.7729911804199	-1221.06042480469	11.8403720855713	-3.51661229133606	-1213.39367675781	26.7816753387451	32.6177368164062	-1219.72644042969	12.6405239105225	30.9399490356445	-1229.98486328125	3.61257266998291	37.9821815490723	-1232.35620117188	3.55549097061157	11.6641035079956	-1223.32678222656	-10.9994173049927	-50.2669448852539	-1233.99194335938	-12.4303674697876	-48.7559509277344	-1234.49267578125	-15.5029401779175	-44.869571685791	-1234.68542480469	-20.7570037841797	-34.0311737060547	-1236.06799316406	-18.7601776123047	-11.0110168457031	-1238.60070800781	-14.2969207763672	-4.12709522247314	-1234.04479980469	-8.43436145782471	-39.6759643554688	-1211.32983398438	-6.1861138343811	-20.4686660766602	-1193.60424804688	-20.4416427612305	-16.0174007415771	-1183.05590820312	-37.0116081237793	-8.92400550842285	-1194.58288574219	-45.6792907714844	5.05950403213501	-1221.99279785156	-36.5400390625	15.0072183609009	-1221.09094238281	-17.6373844146729	-3.33801507949829	-1214.16528320312	-34.0244064331055	31.2945537567139	-1219.72314453125	-19.8171234130859	31.7070503234863	-1230.05212402344	-10.2919683456421	38.3201179504395	-1232.41320800781	-10.2153158187866	11.6310424804688	-1223.41613769531
PRI-7316	-0.782546520233154	-73.1480026245117	-1216.76354980469	-0.779101014137268	-66.4192733764648	-1210.37390136719	-1.15994846820831	-53.1961059570312	-1186.99011230469	-2.96514248847961	-28.6705513000488	-1161.73205566406	-3.29304885864258	-25.1844692230225	-1156.11401367188	-8.36801433563232	60.1568222045898	-1189.13671875	-7.22657823562622	39.6426124572754	-1206.25939941406	-6.12484836578369	24.8466873168945	-1209.66711425781	-4.50184965133667	1.65321552753448	-1196.05554199219	-3.10572052001953	-16.6418857574463	-1208.61987304688	-0.897012054920197	-55.7053337097168	-1212.38610839844	10.1226377487183	-67.7996063232422	-1216.73840332031	12.1091108322144	-64.7945709228516	-1217.58142089844	15.5561437606812	-57.3685760498047	-1219.1728515625	18.1702938079834	-45.6239433288574	-1219.81616210938	15.0123052597046	-17.7786102294922	-1219.41235351562	7.50880908966064	-8.89091777801514	-1213.89294433594	4.08202981948853	-50.3447875976562	-1190.13317871094	0.659972190856934	-27.6251697540283	-1168.90795898438	14.7131175994873	-22.3413925170898	-1160.10363769531	31.8936901092529	-14.5390586853027	-1170.92956542969	42.6790962219238	-1.19377136230469	-1198.27783203125	34.7744064331055	10.3663997650146	-1198.93505859375	10.3810720443726	-10.23277759552	-1192.99279785156	26.3391609191895	29.2091541290283	-1195.23913574219	9.97814559936523	28.1506690979004	-1208.35424804688	0.123656861484051	34.2298431396484	-1209.10681152344	2.48830819129944	8.22189331054688	-1201.044921875	-11.8439350128174	-68.7336196899414	-1216.56481933594	-13.7828540802002	-66.3397903442383	-1217.29272460938	-17.4640445709229	-59.227237701416	-1218.81811523438	-21.4009456634521	-47.5570411682129	-1219.62133789062	-20.4544048309326	-18.3559665679932	-1218.43505859375	-15.2984580993652	-10.0589227676392	-1213.5947265625	-7.46301984786987	-52.3661041259766	-1190.75219726562	-6.49809646606445	-28.3821029663086	-1169.48620605469	-20.3100891113281	-25.0108470916748	-1159.54736328125	-38.8417549133301	-19.9638671875	-1169.56030273438	-50.5340843200684	-6.22087860107422	-1197.90283203125	-43.8788528442383	5.073814868927	-1198.10473632812	-16.2734317779541	-11.2682685852051	-1192.58288574219	-39.8473167419434	24.6408157348633	-1193.80920410156	-23.1218776702881	25.4614582061768	-1206.80480957031	-13.77135181427	33.4272689819336	-1208.89294433594	-12.3712787628174	6.75624656677246	-1199.62609863281
PRI-7317	0.00543125905096531	-79.9194641113281	-1041.25122070312	-1.0700957775116	-71.755012512207	-1028.3876953125	NA	NA	NA	-0.716233193874359	-27.759672164917	-984.9462890625	-0.718093872070312	-22.620532989502	-979.759094238281	-0.441294521093369	60.9670906066895	-1013.40728759766	-1.58420550823212	41.5281791687012	-1033.66650390625	-1.52089464664459	24.857048034668	-1036.5068359375	-1.5971451997757	-0.897994160652161	-1021.49798583984	-1.10149395465851	-21.2243137359619	-1031.05786132812	-0.886228859424591	-63.3427658081055	-1032.61108398438	11.547890663147	-73.491569519043	-1037.57238769531	13.3321580886841	-72.0058517456055	-1037.93176269531	15.4782581329346	-65.3760452270508	-1039.39575195312	18.7142696380615	-52.5835990905762	-1042.15026855469	17.0679950714111	-27.1603832244873	-1043.28674316406	10.0180463790894	-15.0740900039673	-1037.05346679688	4.6419243812561	-55.8086395263672	-1009.81237792969	2.52263045310974	-28.6522636413574	-991.6826171875	17.5088119506836	-22.3882827758789	-984.078979492188	33.9835586547852	-17.1216411590576	-993.134948730469	45.718994140625	-5.53790521621704	-1024.23229980469	37.4620704650879	8.7231559753418	-1024.85913085938	13.6774520874023	-12.9321622848511	-1017.13824462891	33.3241119384766	28.7928447723389	-1022.9765625	16.6476593017578	28.1184406280518	-1034.33862304688	5.36600160598755	34.3635063171387	-1036.79284667969	6.17485809326172	6.21068525314331	-1025.64343261719	-13.1072053909302	-73.790641784668	-1038.21081542969	-14.6747589111328	-72.3456344604492	-1038.64111328125	-17.168176651001	-64.9352798461914	-1039.78088378906	-19.3817272186279	-52.7827262878418	-1041.81823730469	-18.1074619293213	-25.7119808197021	-1042.49987792969	-13.2266006469727	-15.3467626571655	-1037.89868164062	-6.6047306060791	-56.0959701538086	-1010.19946289062	-4.24394607543945	-27.3963184356689	-992.021240234375	-19.0131740570068	-22.4111194610596	-984.029541015625	-36.9627647399902	-18.1855201721191	-995.881042480469	-47.945499420166	-5.46617555618286	-1023.38226318359	-38.6318168640137	8.60171890258789	-1024.57897949219	-15.6144895553589	-11.9644336700439	-1016.41638183594	-35.9842224121094	28.0745506286621	-1022.79583740234	-18.2963676452637	29.122673034668	-1035.17895507812	-8.63838195800781	35.2250137329102	-1036.01672363281	-8.37328338623047	6.95663833618164	-1026.02502441406
PRI-7318	-2.82701325416565	-64.8278045654297	-1269.02404785156	-2.83055281639099	-61.3232612609863	-1263.43798828125	NA	NA	NA	-4.23976993560791	-18.644603729248	-1220.51293945312	-4.18460464477539	-15.5945749282837	-1215.73559570312	-6.62889003753662	61.927131652832	-1247.49975585938	-5.10948085784912	41.5876235961914	-1267.34790039062	-3.87807559967041	26.7714614868164	-1268.751953125	-4.04421424865723	6.94262981414795	-1255.70837402344	-3.27191472053528	-10.2353248596191	-1263.94506835938	-2.37030005455017	-49.0205192565918	-1265.53356933594	8.11059474945068	-58.8260498046875	-1268.03039550781	9.58256435394287	-57.0430793762207	-1268.69799804688	13.384241104126	-48.093864440918	-1269.57116699219	16.0007934570312	-37.9178771972656	-1271.43725585938	12.4819002151489	-11.2603988647461	-1272.15124511719	8.32244777679443	-4.64190578460693	-1269.15112304688	1.5255491733551	-44.0351371765137	-1245.47875976562	-1.50449216365814	-17.8064212799072	-1227.00317382812	12.132061958313	-12.2133483886719	-1217.76306152344	28.0187854766846	-5.98059558868408	-1227.29821777344	39.6149063110352	7.07980346679688	-1257.34680175781	31.720796585083	14.877345085144	-1256.216796875	10.1465950012207	-3.67223930358887	-1249.8115234375	25.2280006408691	32.0182037353516	-1255.90344238281	11.7781848907471	28.3809356689453	-1266.11877441406	2.2323157787323	35.9391250610352	-1269.51599121094	3.52539277076721	11.646538734436	-1258.9658203125	-13.3408422470093	-59.6295204162598	-1267.75268554688	-15.2017412185669	-57.3647575378418	-1268.60498046875	-18.5867919921875	-49.3528366088867	-1269.64050292969	-21.4029102325439	-39.0619430541992	-1272.25122070312	-19.286075592041	-12.7381353378296	-1273.58386230469	-15.8254098892212	-5.07890796661377	-1269.2568359375	-8.41005325317383	-44.4566268920898	-1245.16149902344	-7.13425064086914	-19.0692138671875	-1227.34594726562	-21.1430587768555	-13.5418577194214	-1218.42321777344	-37.7311401367188	-8.10816764831543	-1230.33642578125	-48.6924705505371	3.72085857391357	-1259.07434082031	-39.8608589172363	13.2452754974365	-1257.86877441406	-17.6204795837402	-3.70433974266052	-1250.09777832031	-35.7021064758301	29.8738784790039	-1257.26452636719	-21.7320308685303	28.3307094573975	-1267.05505371094	-11.8465776443481	35.2841415405273	-1269.73254394531	-11.7453527450562	11.6549577713013	-1258.91430664062
PRI-7319	-1.3071711063385	-54.9234848022461	-1283.29992675781	-1.76659047603607	-51.8542098999023	-1275.51708984375	-2.45104813575745	-44.0995635986328	-1254.353515625	-4.14671039581299	-25.766242980957	-1231.29992675781	-4.58123302459717	-23.4939270019531	-1226.35546875	-6.51966667175293	63.8824844360351	-1251.25219726562	-5.99754285812378	46.3617897033691	-1269.62438964844	-5.37811851501465	29.6525688171387	-1272.82409667969	-4.83423280715942	6.77131748199463	-1262.06079101562	-3.68291926383972	-7.57150077819824	-1272.07165527344	-1.83641064167023	-41.9534606933594	-1276.52404785156	8.66377449035645	-50.5249252319336	-1282.04260253906	9.28303718566894	-49.3439674377441	-1282.39501953125	12.3235321044922	-44.4007415771484	-1282.6640625	16.1979885101318	-33.7533187866211	-1283.02014160156	12.6122093200684	-7.56235456466675	-1280.72595214844	7.18411111831665	-1.39144742488861	-1277.06091308594	2.17511558532715	-41.9060173034668	-1257.3154296875	-0.511721432209015	-23.7347717285156	-1238.99487304688	12.3333187103271	-19.3684368133545	-1229.54724121094	28.6084594726562	-10.2551031112671	-1239.25427246094	38.4629936218262	7.49630212783813	-1262.00512695312	29.4744281768799	16.5244789123535	-1261.57434082031	10.0647344589233	-3.20155167579651	-1257.66271972656	24.7928314208984	35.4873161315918	-1257.72338867188	11.8886804580688	33.3427543640137	-1270.61730957031	1.89618492126465	39.903636932373	-1272.77331542969	2.63458752632141	12.7276573181152	-1264.95520019531	-11.6411352157593	-50.9123840332031	-1282.17565917969	-12.6332187652588	-50.1228561401367	-1282.00268554688	-15.8171634674072	-45.3620452880859	-1283.22094726562	-19.5980186462402	-35.0449333190918	-1283.74523925781	-19.5768547058105	-9.08355712890625	-1281.50231933594	-15.384783744812	-2.25096225738525	-1277.88037109375	-7.2479100227356	-42.1642990112305	-1257.34851074219	-7.92920875549316	-23.251974105835	-1239.6357421875	-22.6010837554932	-19.8440799713135	-1231.07946777344	-37.6824378967285	-12.5963048934937	-1241.86743164062	-47.7799263000488	5.70763635635376	-1264.23413085938	-39.8850517272949	14.5888032913208	-1263.07531738281	-18.9468441009521	-4.61654853820801	-1259.23425292969	-36.1699981689453	32.6281967163086	-1259.63232421875	-23.0019607543945	32.3843727111816	-1271.3974609375	-13.7099113464355	38.4762382507324	-1273.56384277344	-12.3079824447632	12.8645677566528	-1265.63342285156
PRI-7320	-0.331983506679535	-53.008243560791	-1219.34118652344	-0.904930472373962	-49.2990074157715	-1212.52624511719	-1.39981687068939	-39.8748512268066	-1194.15795898438	-2.05661630630493	-20.3175640106201	-1172.97741699219	-2.26374769210815	-18.1653518676758	-1169.45385742188	-2.28391981124878	60.0923690795898	-1200.94189453125	-2.44118976593018	42.0462341308594	-1217.51672363281	-2.18655943870544	25.5167675018311	-1219.08154296875	-1.97054815292358	4.16944360733032	-1203.84558105469	-1.52706682682037	-8.9995641708374	-1213.75598144531	-0.773710012435913	-42.075927734375	-1215.87915039062	9.67942428588867	-47.7233047485352	-1217.90942382812	11.1459503173828	-46.9777641296387	-1218.16235351562	12.846194267273	-42.6884002685547	-1220.08642578125	17.5591449737549	-32.0928153991699	-1221.79418945312	12.8343496322632	-6.77059698104858	-1220.88232421875	9.05019187927246	-3.01673650741577	-1218.84582519531	3.16075944900513	-38.6184844970703	-1196.7080078125	0.628566920757294	-19.2836208343506	-1180.2138671875	13.7370338439941	-14.9210224151611	-1171.08557128906	28.532922744751	-8.29056739807129	-1180.61413574219	38.1326065063477	3.59461736679077	-1205.94287109375	32.0540504455566	13.559250831604	-1206.20324707031	12.0302076339722	-3.0798990726471	-1200.62841796875	26.5887088775635	30.1607933044434	-1204.16381835938	14.2177810668945	28.2550220489502	-1216.45434570312	5.42239475250244	34.952579498291	-1220.39416503906	4.80208492279053	11.7652864456177	-1209.53601074219	-10.0860414505005	-48.7361106872559	-1219.17297363281	-10.978310585022	-48.3681640625	-1219.44128417969	-13.7048616409302	-43.7070541381836	-1221.22155761719	-18.2730941772461	-32.9015846252441	-1223.03833007812	-15.281623840332	-7.69742965698242	-1220.96252441406	-12.5561590194702	-4.00517988204956	-1218.93273925781	-5.79644536972046	-39.788215637207	-1197.44274902344	-4.65688037872314	-19.3912620544434	-1180.65087890625	-17.6091556549072	-15.4271488189697	-1172.099609375	-32.9695625305176	-9.2045431137085	-1181.40307617188	-41.5590972900391	1.10030949115753	-1207.16052246094	-35.0875587463379	13.2789573669434	-1207.16833496094	-14.7183799743652	-4.10089349746704	-1201.44897460938	-30.5955257415771	28.2472114562988	-1205.50451660156	-18.3867454528809	28.7658271789551	-1216.80358886719	-9.4327802658081	34.8188095092773	-1220.44519042969	-8.95030879974365	11.1439828872681	-1209.42370605469
PRI-7323	0.015719186514616	-77.4885330200195	-1152.18737792969	-0.661108195781708	-71.9797058105469	-1142.18579101562	-0.753285884857178	-57.2734870910645	-1120.96337890625	-2.15184259414673	-33.2588958740234	-1098.36193847656	-2.38100028038025	-30.1121292114258	-1093.28430175781	-6.83856058120728	54.0479202270508	-1119.623046875	-5.94827175140381	36.9334602355957	-1139.15502929688	-5.2529764175415	21.1730041503906	-1142.93920898438	-3.35654139518738	-4.3182373046875	-1130.27526855469	-1.95859909057617	-22.7753791809082	-1142.09033203125	-1.30171251296997	-62.870189666748	-1145.48986816406	10.5987777709961	-71.6858673095703	-1148.76672363281	12.0442876815796	-68.729118347168	-1149.53405761719	14.5610160827637	-61.5654754638672	-1149.12878417969	NA	NA	NA	15.5377216339111	-22.897876739502	-1152.02795410156	9.08548069000244	-15.3690319061279	-1146.88781738281	3.22186779975891	-56.9655380249023	-1124.25573730469	0.979141354560852	-32.8920478820801	-1105.48461914062	14.5373039245605	-26.1688480377197	-1095.75634765625	29.815938949585	-17.8576831817627	-1105.29223632812	39.4718132019043	-6.07843542098999	-1130.486328125	32.5395774841309	7.28499603271484	-1130.18518066406	10.583062171936	-13.5985946655273	-1127.13903808594	27.0922889709473	26.0677108764648	-1128.85925292969	12.9818677902222	23.7779121398926	-1140.85498046875	1.67639780044556	30.8464317321777	-1142.41430664062	3.70509076118469	4.37372303009033	-1135.24987792969	-11.1499013900757	-72.497184753418	-1150.4892578125	-12.8983154296875	-70.1251220703125	-1150.77880859375	-16.3438396453857	-62.7642974853516	-1151.03735351562	NA	NA	NA	-19.9187049865723	-25.007194519043	-1153.01501464844	-13.9812412261963	-16.8912296295166	-1147.25146484375	-5.43741035461426	-56.9098663330078	-1124.46728515625	-5.30066919326782	-32.5516891479492	-1105.69287109375	-20.4016666412354	-28.0315341949463	-1096.3828125	-36.3616752624512	-23.5104293823242	-1107.42175292969	-47.1976699829102	-11.1757478713989	-1131.48803710938	-39.8221168518066	3.31639122962952	-1131.24401855469	-16.243631362915	-15.4507942199707	-1129.02868652344	-37.6923866271973	20.8971176147461	-1129.35473632812	-22.9094181060791	21.9221305847168	-1140.7841796875	-13.6650152206421	29.4884395599365	-1143.01062011719	-11.6934566497803	3.05322170257568	-1133.47619628906
PRI-7324	-1.62633955478668	-65.487434387207	-1149.34423828125	-1.83405113220215	-60.3429145812988	-1138.45886230469	-1.32169711589813	-49.5939979553223	-1119.60534667969	-2.08527994155884	-27.9597434997559	-1097.31262207031	-2.38589239120483	-24.8745727539062	-1092.61535644531	-4.81086874008179	56.467227935791	-1125.77905273438	-4.64750862121582	36.7729377746582	-1140.57775878906	-3.61213326454163	18.8691024780273	-1143.20080566406	-3.41858959197998	-1.19432508945465	-1130.68420410156	-2.53501844406128	-17.7320518493652	-1141.16320800781	-2.23753356933594	-51.6974029541016	-1140.78588867188	8.32275199890137	-60.3576622009277	-1146.2666015625	9.50872039794922	-58.7806282043457	-1146.54992675781	12.5250110626221	-53.4030151367188	-1148.04809570312	NA	NA	NA	12.9561195373535	-16.8959808349609	-1149.45532226562	8.15698719024658	-11.1050262451172	-1145.53833007812	3.29108309745789	-48.1846046447754	-1122.30285644531	0.533875048160553	-27.2894191741943	-1103.89184570312	12.0518417358398	-21.2936096191406	-1093.47045898438	28.5843353271484	-16.0222625732422	-1105.36682128906	40.1797866821289	-7.98654699325562	-1132.09155273438	32.4922714233398	7.95710182189941	-1132.25134277344	10.9088191986084	-11.1966304779053	-1126.57080078125	25.4204998016357	24.7124328613281	-1130.92211914062	12.7073078155518	23.7919464111328	-1141.11779785156	3.50752210617065	27.901330947876	-1143.26904296875	3.76032757759094	4.7457971572876	-1135.36108398438	-11.9080924987793	-60.2441215515137	-1146.79052734375	-12.8793077468872	-59.5606575012207	-1147.07666015625	-16.0981979370117	-53.4299507141113	-1148.53039550781	NA	NA	NA	-19.031364440918	-17.8090801239014	-1150.20251464844	-14.1730003356934	-11.9898090362549	-1146.20153808594	-6.56626796722412	-48.1741981506348	-1121.50866699219	-4.94067430496216	-27.2673263549805	-1103.47644042969	-18.282169342041	-21.5806770324707	-1094.50036621094	-34.8872871398926	-18.3230075836182	-1106.92175292969	-45.4183349609375	-8.732741355896	-1132.19738769531	-38.1369361877441	5.56423425674438	-1132.85229492188	-16.0345191955566	-12.7244663238525	-1126.36669921875	-34.0142021179199	22.6971893310547	-1131.61657714844	-21.2594146728516	22.7578639984131	-1141.70007324219	-11.3918018341064	28.1143321990967	-1143.23095703125	-10.7623453140259	3.41086721420288	-1134.44348144531
PRI-7325	0.33932363986969	-53.2619514465332	-1148.99877929688	0.23458169400692	-48.8371734619141	-1140.91552734375	-0.198418438434601	-42.3966522216797	-1120.18298339844	-1.25615382194519	-21.3438129425049	-1096.97106933594	-1.45870268344879	-18.5163345336914	-1091.70849609375	-4.58710432052612	59.5150413513184	-1120.56811523438	-4.92095041275024	43.3369140625	-1139.5908203125	-3.90272808074951	27.0952072143555	-1142.10327148438	-2.34520864486694	5.88675403594971	-1127.5244140625	-1.50633585453033	-7.72190189361572	-1138.60766601562	-0.425404816865921	-41.2755088806152	-1142.79309082031	9.81755638122559	-47.4458885192871	-1146.44372558594	11.026442527771	-45.8727836608887	-1146.51342773438	13.8234615325928	-40.5732917785645	-1147.98388671875	16.9761962890625	-29.8254642486572	-1149.48986816406	13.9180641174316	-6.08900499343872	-1147.27136230469	8.96847438812256	-0.757948637008667	-1143.46655273438	5.03962516784668	-40.4393196105957	-1123.86596679688	1.34512555599213	-20.5073547363281	-1105.615234375	11.8208026885986	-15.4786977767944	-1094.15478515625	28.6825332641602	-6.95133113861084	-1105.29187011719	36.9564743041992	5.8445873260498	-1130.94555664062	31.1273136138916	15.0369138717651	-1131.01208496094	10.695876121521	-2.51351475715637	-1125.05505371094	26.0068473815918	31.5373115539551	-1128.50903320312	13.4500322341919	31.2942485809326	-1139.95190429688	3.0676577091217	37.1182403564453	-1142.79541015625	3.11303639411926	12.0432939529419	-1131.89660644531	-9.50296878814697	-48.6103172302246	-1147.07287597656	-10.5331077575684	-47.8064880371094	-1147.41015625	-13.5342721939087	-42.5129928588867	-1148.78601074219	-17.4918689727783	-31.9518909454346	-1147.98913574219	-18.294921875	-8.04153823852539	-1147.06311035156	-13.8093147277832	-2.68779611587524	-1143.55529785156	-5.15865325927734	-41.0065765380859	-1123.85546875	-3.76876068115234	-20.5296306610107	-1105.61535644531	-16.5243244171143	-17.2177066802979	-1094.78759765625	-32.8063316345215	-10.8472099304199	-1105.64379882812	-42.2852172851562	3.06451535224915	-1129.583984375	-36.1696510314941	11.9488935470581	-1130.7060546875	-15.9557285308838	-2.50469374656677	-1124.42590332031	-33.4179840087891	27.2182102203369	-1128.244140625	-21.7311916351318	29.2429676055908	-1139.17626953125	-12.5343561172485	36.2166976928711	-1142.64184570312	-9.53885459899902	11.1473121643066	-1132.00012207031
PRI-7326	-1.89867353439331	-65.2829513549805	-1205.64904785156	-2.30865907669067	-59.3552131652832	-1196.98620605469	-1.77170598506927	-48.8895568847656	-1174.48522949219	-3.27307724952698	-25.1380844116211	-1150.69152832031	-3.39983105659485	-22.3958168029785	-1145.48376464844	-5.73197412490845	61.8583335876465	-1170.13781738281	-4.71450662612915	45.0959091186523	-1189.95068359375	-4.93693828582764	28.5887145996094	-1194.2841796875	-4.3813009262085	4.89318609237671	-1181.734375	-3.52592206001282	-10.2182388305664	-1194.09362792969	-2.32172060012817	-48.5948829650879	-1198.33923339844	8.45030307769775	-59.6071243286133	-1204.32824707031	11.7562284469604	-55.1093864440918	-1205.501953125	13.6379404067993	-49.0692253112793	-1205.65637207031	NA	NA	NA	14.2070798873901	-10.2651596069336	-1205.84350585938	7.63674163818359	-3.38505578041077	-1199.48400878906	2.76650881767273	-47.2658576965332	-1178.34948730469	-0.282765001058578	-24.9198703765869	-1157.81640625	13.4975385665894	-19.7794227600098	-1149.84033203125	30.0120792388916	-13.2258768081665	-1160.4736328125	42.943359375	1.98570704460144	-1184.30444335938	33.4895935058594	15.7070579528809	-1185.27136230469	7.56661748886108	-6.0415620803833	-1179.13757324219	27.5876274108887	30.3530445098877	-1180.38232421875	12.5635862350464	31.0752468109131	-1191.13562011719	2.7555878162384	39.5404052734375	-1192.43957519531	2.20359015464783	11.8292140960693	-1185.56787109375	-12.7646808624268	-58.9626159667969	-1205.02734375	-15.3390111923218	-56.2848625183105	-1205.90649414062	-17.4289722442627	-49.6798095703125	-1206.81604003906	NA	NA	NA	-21.6833438873291	-11.8738918304443	-1205.85876464844	-15.9808835983276	-3.97767400741577	-1199.63891601562	-6.70904874801636	-47.7317276000977	-1177.978515625	-6.22411108016968	-24.6812839508057	-1157.66442871094	-21.3483371734619	-19.1642589569092	-1150.083984375	-37.9900665283203	-13.6375522613525	-1162.32629394531	-49.019603729248	1.79882538318634	-1183.08959960938	-41.739429473877	14.6363544464111	-1184.7294921875	-16.3198337554932	-7.90416145324707	-1179.82666015625	-36.316951751709	30.7390441894531	-1180.75402832031	-22.2847290039062	31.3235988616943	-1191.78918457031	-12.3526391983032	39.0603904724121	-1193.74792480469	-11.7572870254517	12.6541614532471	-1185.94128417969
PRI-7328	-0.203388541936874	-61.498966217041	-1043.38037109375	-0.0626113414764404	-56.6870193481445	-1036.58068847656	0.256392508745193	-47.2663497924805	-1018.96649169922	-0.409110307693481	-29.8005962371826	-1000.62329101562	-0.400996446609497	-27.5129585266113	-996.018005371094	-3.16042566299438	53.0017051696777	-1023.66137695312	-2.48115754127502	33.9444351196289	-1040.2685546875	-1.73552680015564	17.9083614349365	-1043.19750976562	-0.702160179615021	-3.04660129547119	-1028.6396484375	-0.931528985500336	-16.7016372680664	-1039.52624511719	-0.38092228770256	-47.7351608276367	-1037.76379394531	9.25915241241455	-56.5097961425781	-1042.35766601562	10.1622743606567	-55.3213119506836	-1042.43994140625	12.9885082244873	-50.9226417541504	-1044.64880371094	18.048376083374	-41.5815315246582	-1045.80212402344	14.1740589141846	-17.0729312896729	-1046.44384765625	10.1947269439697	-11.3470878601074	-1044.05078125	4.25819730758667	-44.8964538574219	-1021.00299072266	2.4330415725708	-27.9796962738037	-1007.08160400391	14.79421043396	-24.0289115905762	-997.487060546875	30.6674175262451	-18.3628234863281	-1007.88037109375	40.0871696472168	-3.68048906326294	-1033.37646484375	33.4805526733398	6.9882001876831	-1031.63806152344	11.3142757415771	-11.1207399368286	-1025.56896972656	27.7281455993652	24.1981811523438	-1030.32006835938	14.0186052322388	21.9700870513916	-1041.45983886719	5.12187480926514	27.9819393157959	-1043.08703613281	5.02234792709351	3.4657084941864	-1033.86047363281	-10.1952362060547	-57.3113479614258	-1041.80236816406	-10.9901552200317	-56.2818565368652	-1041.92028808594	-14.1460304260254	-51.624137878418	-1043.8408203125	-19.0395965576172	-41.9294624328613	-1045.61206054688	-16.6310062408447	-17.8130474090576	-1046.34326171875	-12.1208600997925	-12.2505321502686	-1043.974609375	-4.26684427261353	-45.8109092712402	-1020.89129638672	-3.09159874916077	-28.4316673278809	-1006.94470214844	-15.540210723877	-26.2109680175781	-997.435363769531	-32.2484703063965	-20.7048797607422	-1008.19158935547	-42.0966262817383	-6.1549391746521	-1032.11779785156	-34.8249130249023	4.85443544387817	-1031.30847167969	-15.0254955291748	-12.3305730819702	-1025.76904296875	-31.8336486816406	21.920015335083	-1029.66223144531	-18.9987735748291	20.9408779144287	-1041.05749511719	-9.90384674072266	26.8106632232666	-1043.0361328125	-7.66571187973022	3.34703040122986	-1034.23229980469
PRI-7330	-0.718741595745087	-55.2471084594727	-1193.40161132812	-1.49803113937378	-50.4198417663574	-1187.17431640625	-2.35480046272278	-40.3691329956055	-1168.60290527344	-3.58571076393127	-22.3118171691895	-1149.3173828125	-3.71306014060974	-19.6889762878418	-1144.47741699219	-5.98787212371826	58.7281455993652	-1176.91967773438	-4.91683912277222	39.1577796936035	-1190.81042480469	-4.27648878097534	22.8631801605225	-1192.7255859375	-3.35640048980713	4.07379913330078	-1179.52026367188	-2.8570384979248	-10.6033945083618	-1188.99877929688	-1.63025486469269	-42.695140838623	-1189.81311035156	8.00171947479248	-49.8092994689941	-1193.09912109375	9.13454246520996	-48.0042610168457	-1193.32482910156	11.6557483673096	-43.4475593566895	-1192.42504882812	NA	NA	NA	12.6265621185303	-11.3386697769165	-1195.93151855469	8.19434928894043	-6.43888664245605	-1192.90368652344	1.63934624195099	-39.6701316833496	-1171.18676757812	-0.834508836269379	-21.2343978881836	-1155.81774902344	11.4092473983765	-17.0761566162109	-1145.57739257812	27.5571975708008	-10.4439496994019	-1157.46862792969	36.6244850158691	1.38515055179596	-1181.40161132812	29.9048500061035	11.3104181289673	-1180.67944335938	10.2653646469116	-5.81181335449219	-1176.3544921875	24.5921802520752	27.834436416626	-1181.55834960938	12.3628997802734	26.2631130218506	-1191.95581054688	2.27578806877136	31.1320323944092	-1193.59753417969	3.04463291168213	9.38685035705566	-1184.4052734375	-11.2105197906494	-50.430004119873	-1193.51428222656	-12.2500944137573	-49.0328636169434	-1194.09423828125	-14.5587186813354	-45.7965354919434	-1195.20471191406	-19.0790939331055	-34.6672248840332	-1196.42248535156	-17.9483947753906	-11.8126125335693	-1197.10424804688	-14.2984113693237	-6.33493995666504	-1193.62341308594	-7.39999198913574	-39.5972137451172	-1171.90783691406	-6.42268371582031	-20.8941078186035	-1155.63427734375	-18.5608692169189	-17.6345138549805	-1146.34484863281	-34.4272956848145	-13.6386547088623	-1159.4892578125	-44.4310722351074	-0.00207678321748972	-1181.88830566406	-36.6442337036133	9.40412425994873	-1181.29943847656	-16.9341583251953	-6.49042177200317	-1176.859375	-33.242130279541	25.5876293182373	-1181.84436035156	-20.8776435852051	23.9949245452881	-1190.912109375	-11.6894865036011	30.2358798980713	-1193.45373535156	-10.5869379043579	8.85584354400635	-1183.66479492188
PRI-7371	-1.5931441783905	-47.968822479248	-1199.78466796875	-1.58317232131958	-44.57470703125	-1194.05249023438	-2.29992699623108	-36.9897193908691	-1173.59594726562	-3.12489604949951	-16.5740833282471	-1149.12829589844	-3.44981646537781	-13.5959663391113	-1144.61352539062	-1.70278334617615	68.9524536132812	-1172.9970703125	-1.78216969966888	51.191967010498	-1189.10791015625	-1.93189191818237	35.2760696411133	-1192.09375	-2.32519221305847	12.5619173049927	-1179.04174804688	-2.16549301147461	-1.28251576423645	-1191.07690429688	-1.38536071777344	-35.8243827819824	-1195.57312011719	8.26654243469238	-43.0503540039062	-1199.25183105469	9.35186195373535	-41.5936965942383	-1199.55554199219	12.2860631942749	-37.4934120178223	-1198.76904296875	NA	NA	NA	14.0839099884033	-1.90665364265442	-1198.54821777344	8.84807586669922	3.38242506980896	-1195.67004394531	2.73725605010986	-33.4744148254395	-1175.03674316406	0.139942556619644	-15.0359439849854	-1156.96447753906	13.2608032226562	-10.1810140609741	-1146.13244628906	30.30539894104	-2.9815149307251	-1156.18688964844	39.5851287841797	11.7319812774658	-1180.28930664062	32.0848007202148	20.1745624542236	-1180.53881835938	12.8998022079468	1.61309576034546	-1176.8603515625	27.5254993438721	36.4795188903809	-1178.00134277344	15.34743309021	36.9415817260742	-1189.2255859375	5.81284427642822	44.0481452941895	-1192.37426757812	5.37510776519775	18.510705947876	-1183.42443847656	-11.4551219940186	-42.3346138000488	-1198.9228515625	-12.4888229370117	-40.7200546264648	-1199.36962890625	-15.1067380905151	-36.6634216308594	-1199.88439941406	-19.136547088623	-25.7328357696533	-1200.84997558594	-18.8608264923096	-1.1453869342804	-1200.41784667969	-12.6819982528687	4.09949636459351	-1195.91320800781	-6.34944915771484	-33.9692687988281	-1174.17944335938	-5.72768020629883	-15.44455909729	-1156.57678222656	-19.6794624328613	-10.1386585235596	-1147.11682128906	-36.2844734191895	-2.6019070148468	-1158.30334472656	-44.1167221069336	11.2924528121948	-1182.95288085938	-36.9629249572754	20.5400123596191	-1182.35217285156	-16.4958972930908	2.3506486415863	-1177.31127929688	-32.6996994018555	36.568359375	-1178.89904785156	-19.2229900360107	37.704029083252	-1189.67724609375	-8.93429946899414	44.5004730224609	-1192.33117675781	-9.1978178024292	18.6703453063965	-1183.76501464844
PRI-7372	-4.63923645019531	-60.0475082397461	-1200.38220214844	-4.35679340362549	-54.0955772399902	-1192.4970703125	-3.96092295646667	-42.2578010559082	-1169.22094726562	-2.75433850288391	-17.2715282440186	-1147.04455566406	-2.55075764656067	-14.5153512954712	-1142.37744140625	-1.23924458026886	67.419059753418	-1165.82690429688	-2.36243796348572	50.5606422424316	-1188.080078125	-3.12370467185974	36.8194732666016	-1192.13500976562	-2.92892932891846	12.2800817489624	-1180.11340332031	-3.7734808921814	-5.02847242355347	-1189.71569824219	-4.75060319900513	-44.0240135192871	-1194.68127441406	6.60231781005859	-55.2186126708984	-1199.16137695312	9.48282146453857	-50.0913543701172	-1200.9052734375	12.6492280960083	-43.4835319519043	-1200.79260253906	15.5845108032227	-32.6871032714844	-1201.54455566406	15.4695224761963	-5.74928426742554	-1201.20764160156	8.49377918243408	1.35180497169495	-1196.1435546875	1.70083355903625	-40.168384552002	-1173.55346679688	1.48185300827026	-15.527081489563	-1155.01647949219	15.8297290802002	-13.1125602722168	-1146.38122558594	32.7658843994141	-4.35159111022949	-1155.68359375	42.980152130127	9.84210300445557	-1183.69812011719	34.5082817077637	19.5294723510742	-1183.40246582031	12.0367088317871	2.03836822509766	-1176.27893066406	29.7658920288086	38.0333976745605	-1180.34509277344	13.3183498382568	38.3863563537598	-1191.29711914062	4.24800682067871	45.4252319335938	-1192.22497558594	4.69093561172485	18.9621181488037	-1184.56066894531	-15.305046081543	-54.7097778320312	-1199.54626464844	-18.4163208007812	-50.848461151123	-1199.61743164062	-20.2360076904297	-42.427547454834	-1201.26428222656	-23.5896492004395	-31.6958541870117	-1202.18591308594	-21.96653175354	-4.68233013153076	-1200.5283203125	-15.9870567321777	2.96231603622437	-1194.97802734375	-9.06522369384766	-39.9734840393066	-1172.40844726562	-7.00498867034912	-16.165319442749	-1155.57250976562	-20.7051677703857	-11.7304239273071	-1144.99926757812	-37.318229675293	-2.58629250526428	-1153.75463867188	-47.3886375427246	10.7621231079102	-1181.60864257812	-39.0994186401367	21.5022430419922	-1180.95068359375	-17.4735126495361	2.83675312995911	-1175.27685546875	-34.4709625244141	39.4154739379883	-1177.83923339844	-18.4412498474121	39.2672348022461	-1189.70422363281	-9.24102973937988	46.1371803283691	-1191.52478027344	-10.3798112869263	19.6974048614502	-1183.00341796875
PRI-7373	-1.69114255905151	-64.4766387939453	-1092.36682128906	-1.54961884021759	-60.3100051879883	-1086.13940429688	-0.905071496963501	-51.1113166809082	-1067.88952636719	-0.561077237129211	-32.0719261169434	-1049.07495117188	-0.420890271663666	-28.9727401733398	-1044.98510742188	-5.06248378753662	51.4645690917969	-1075.24731445312	-5.06719636917114	33.6663589477539	-1088.98364257812	-3.79867458343506	15.1988096237183	-1091.19689941406	-2.81623697280884	-8.5404863357544	-1077.1015625	-2.48021912574768	-20.7435417175293	-1087.7568359375	-1.72279369831085	-52.9489555358887	-1088.27844238281	8.08370399475098	-58.8002090454102	-1091.93688964844	8.65626335144043	-57.4109687805176	-1092.36511230469	11.4750747680664	-52.6903533935547	-1093.94567871094	14.8507699966431	-41.8428649902344	-1094.84436035156	11.9515218734741	-17.167854309082	-1096.84106445312	7.21133518218994	-13.4419784545898	-1093.11413574219	2.87308287620544	-49.9030380249023	-1070.60461425781	1.61579763889313	-32.245418548584	-1055.49694824219	13.7615222930908	-26.1379928588867	-1047.97412109375	27.9135494232178	-21.2268238067627	-1057.75463867188	36.946475982666	-7.54323244094849	-1082.00170898438	31.6306953430176	5.22089433670044	-1082.23205566406	10.483118057251	-15.5751352310181	-1076.53674316406	26.6374092102051	21.0139408111572	-1079.46447753906	13.0204257965088	19.4714183807373	-1089.35925292969	3.08827948570251	24.9241619110107	-1092.84411621094	4.0749020576477	1.60931122303009	-1082.84387207031	-11.9997320175171	-59.5580635070801	-1091.0283203125	-13.1534833908081	-57.9555473327637	-1090.92761230469	-16.3154811859131	-53.2382164001465	-1092.20568847656	-20.8768272399902	-43.4002456665039	-1092.83666992188	-18.3260040283203	-18.4028835296631	-1095.16125488281	-14.3308944702148	-14.9638624191284	-1091.81921386719	-5.05447816848755	-50.6000022888184	-1069.79907226562	-3.66346192359924	-31.5015163421631	-1055.66650390625	-16.1043014526367	-27.357572555542	-1046.85534667969	-31.7361068725586	-23.4171371459961	-1055.82202148438	-43.8230895996094	-10.1796321868896	-1080.43823242188	-38.1336326599121	3.62356996536255	-1080.1123046875	-15.4158477783203	-17.1881561279297	-1075.81872558594	-34.1138877868652	18.470588684082	-1078.17712402344	-20.5289916992188	18.4234561920166	-1088.10180664062	-13.1977920532227	24.123348236084	-1092.07775878906	-11.3146495819092	1.31684672832489	-1082.34924316406
PRI-7374	0.886827290058136	-61.6265296936035	-1043.45068359375	0.364519029855728	-57.7154273986816	-1035.10888671875	-0.294863492250443	-47.6712989807129	-1014.16955566406	-1.45004773139954	-27.2666110992432	-993.519836425781	-1.70259773731232	-25.3840103149414	-988.837524414062	-3.13726806640625	56.7581329345703	-1021.62359619141	-2.58367776870728	36.6865348815918	-1037.619140625	-1.37663745880127	20.456600189209	-1038.79748535156	-1.41291797161102	-2.13237285614014	-1026.06506347656	-0.540397644042969	-16.546028137207	-1035.41333007812	0.0934170037508011	-49.751880645752	-1038.05847167969	9.47869205474854	-56.6121101379395	-1042.71130371094	10.0491790771484	-55.2389984130859	-1043.05505371094	NA	NA	NA	NA	NA	NA	15.2274122238159	-17.715913772583	-1043.71557617188	9.90825366973877	-11.4685039520264	-1040.40747070312	4.40095615386963	-46.492015838623	-1018.32800292969	1.90486145019531	-27.1017646789551	-1000.05682373047	15.7518424987793	-20.9490718841553	-990.809265136719	30.7446136474609	-16.5201072692871	-1001.80285644531	41.0556106567383	0.103222049772739	-1025.25634765625	34.6213302612305	8.60199451446533	-1026.1025390625	13.0915794372559	-10.212254524231	-1021.61029052734	28.8788757324219	24.9796943664551	-1025.01110839844	15.9236879348755	21.8831005096436	-1036.24890136719	5.19969463348389	29.8730163574219	-1039.0283203125	5.46043539047241	4.95382976531982	-1030.85986328125	-8.45574855804443	-57.7274971008301	-1043.00390625	-9.38224220275879	-56.3995513916016	-1043.24255371094	-12.4110651016235	-52.2633094787598	-1043.92175292969	NA	NA	NA	-16.2628211975098	-19.7139892578125	-1044.89343261719	-11.7036771774292	-12.1103019714355	-1041.47180175781	-4.69234848022461	-45.2935485839844	-1016.50421142578	-4.27519035339355	-27.0365734100342	-1000.20751953125	-16.7970581054688	-21.8140907287598	-991.536193847656	-34.6241836547852	-17.3638076782227	-1004.76330566406	-43.7920036315918	-2.77167391777039	-1027.29455566406	-36.3960189819336	7.9647650718689	-1028.32666015625	-15.6839590072632	-12.169900894165	-1021.58361816406	-32.3669471740723	22.9644012451172	-1026.42834472656	-19.163646697998	20.9101810455322	-1037.4228515625	-8.86202716827393	29.6745433807373	-1039.60607910156	-8.40654563903809	4.1166296005249	-1030.33459472656
PRI-7375	-0.653405606746674	-56.2948417663574	-1149.16088867188	-1.00454723834991	-52.0707702636719	-1141.57336425781	-0.769481241703033	-43.2653121948242	-1123.69812011719	-1.25818145275116	-23.2015571594238	-1103.5810546875	-1.14008724689484	-20.9242744445801	-1097.18969726562	-5.63354682922363	55.1478385925293	-1126.8125	-5.02394390106201	39.0861701965332	-1145.26965332031	-3.19908714294434	22.2833061218262	-1147.54272460938	-2.11111068725586	0.871772587299347	-1132.2626953125	-1.8486362695694	-12.0447311401367	-1141.63562011719	-1.74412763118744	-43.0178413391113	-1143.72668457031	8.61195850372314	-50.7283668518066	-1147.64624023438	9.90777683258057	-48.7704048156738	-1148.00573730469	12.4863414764404	-43.9371604919434	-1148.48413085938	17.4366817474365	-32.4874458312988	-1148.74475097656	12.7665138244629	-8.50631618499756	-1148.48034667969	9.21276187896728	-5.63884544372559	-1146.45861816406	3.62004852294922	-40.8434181213379	-1126.3642578125	2.15284991264343	-21.7574367523193	-1109.93176269531	13.8485527038574	-19.1287956237793	-1100.2548828125	28.879825592041	-12.9861240386963	-1110.32739257812	37.0032501220703	0.829324305057526	-1134.32763671875	30.5943355560303	10.7941694259644	-1135.3271484375	11.9851589202881	-7.08154678344727	-1130.18078613281	25.6224746704102	26.9402694702148	-1133.75317382812	13.4706687927246	26.5405960083008	-1144.94470214844	3.57161474227905	32.7755393981934	-1148.05041503906	3.94733500480652	8.30682277679443	-1138.6513671875	-11.1067342758179	-52.2421455383301	-1147.6396484375	-12.6174077987671	-50.2283172607422	-1148.27172851562	-15.167142868042	-45.9502296447754	-1149.70141601562	NA	NA	NA	-16.1852035522461	-10.1111898422241	-1148.36047363281	-12.2685251235962	-7.31165504455566	-1146.32397460938	-5.88661956787109	-41.3244705200195	-1125.11645507812	-4.28922033309937	-22.1374893188477	-1109.95678710938	-17.4158954620361	-20.7421379089355	-1101.0009765625	-32.5118141174316	-14.8888692855835	-1111.3623046875	-41.7856330871582	-1.91620099544525	-1133.42858886719	-35.7357025146484	7.22423028945923	-1134.38452148438	-13.6364545822144	-10.0083169937134	-1129.91760253906	-32.6349449157715	23.3167343139648	-1133.60595703125	-20.816104888916	23.7526836395264	-1144.64990234375	-11.3717308044434	31.6633281707764	-1148.25341796875	-9.11771202087402	7.38150310516357	-1138.10314941406
PRI-7376	-1.24652183055878	-82.1215438842773	-1085.458984375	-1.59782230854034	-79.5313873291016	-1079.31005859375	-1.74228489398956	-70.2526245117188	-1058.85437011719	-1.85880661010742	-41.7397232055664	-1032.26440429688	-2.0968964099884	-38.3611106872559	-1025.93530273438	-2.72150993347168	48.0404663085938	-1056.31213378906	-3.30531334877014	28.9734001159668	-1075.78698730469	-3.50382995605469	9.90060615539551	-1077.71435546875	-3.34292960166931	-13.5597162246704	-1063.96374511719	-2.45473074913025	-28.9198780059814	-1074.63049316406	-1.86482667922974	-67.5196380615234	-1080.39331054688	8.23564720153809	-75.2453002929688	-1083.20434570312	9.95737552642822	-72.582763671875	-1083.69555664062	12.7070159912109	-66.4344787597656	-1084.07067871094	NA	NA	NA	13.1011419296265	-30.8994846343994	-1083.07287597656	8.92536640167236	-23.5446910858154	-1078.59375	3.27977776527405	-67.2280807495117	-1060.6044921875	1.0812166929245	-41.7561950683594	-1039.02685546875	15.5451574325562	-35.6572952270508	-1029.64184570312	30.3948593139648	-31.5573863983154	-1039.57788085938	42.0879745483398	-14.4314870834351	-1065.45861816406	35.3851623535156	-3.97794151306152	-1066.63122558594	10.8223867416382	-24.2331314086914	-1061.07043457031	28.0119647979736	13.9091091156006	-1064.55212402344	13.2800302505493	13.6009664535522	-1075.8828125	4.24832248687744	20.9116306304932	-1078.00024414062	3.54281640052795	-6.0785984992981	-1068.96044921875	-11.8831195831299	-75.3004531860352	-1083.46997070312	-13.7913093566895	-73.5068817138672	-1083.9951171875	-16.9747543334961	-66.0571670532227	-1085.10534667969	NA	NA	NA	-17.9641532897949	-31.6442565917969	-1083.45593261719	-14.8679885864258	-24.4291915893555	-1079.50219726562	-8.02747440338135	-67.6632232666016	-1060.81848144531	-5.40008640289307	-40.9275398254395	-1038.99060058594	-19.7861309051514	-35.3726081848145	-1029.57568359375	-35.1729278564453	-32.4554138183594	-1039.57019042969	-48.0813598632812	-16.4366722106934	-1065.14294433594	-40.7746276855469	-4.23430681228638	-1066.40026855469	-15.3504991531372	-23.4755344390869	-1059.79260253906	-33.8943252563477	14.0731763839722	-1064.58349609375	-21.4696254730225	14.3960256576538	-1076.28088378906	-11.9393768310547	20.1960601806641	-1078.61340332031	-10.8328771591187	-6.65064144134521	-1069.27062988281
PRI-7377	-0.620291352272034	-60.9781074523926	-1046.34155273438	-0.754878461360931	-55.8229789733887	-1039.26940917969	-0.750883996486664	-46.3386840820312	-1020.47161865234	-1.16903901100159	-27.8335475921631	-997.708435058594	-1.25568389892578	-24.9108810424805	-992.464050292969	-1.08217024803162	56.2792320251465	-1025.66784667969	-1.46784746646881	35.4384231567383	-1039.60217285156	-1.49108242988586	19.4856414794922	-1041.70202636719	-1.51029407978058	-1.34667325019836	-1028.9375	-1.54336822032928	-14.857907295227	-1039.49194335938	-1.12975120544434	-46.0706405639649	-1041.07934570312	9.44473934173584	-55.9814071655273	-1045.63269042969	10.8837985992432	-54.3139114379883	-1046.02856445312	13.3697547912598	-49.317008972168	-1047.77197265625	17.5293750762939	-39.4579696655273	-1048.27685546875	14.7354621887207	-14.8134145736694	-1048.17443847656	10.6592617034912	-8.61723709106445	-1043.13781738281	4.40038585662842	-44.6646881103516	-1022.91857910156	1.27456963062286	-26.6919479370117	-1004.62213134766	15.0692434310913	-22.4562759399414	-994.808044433594	29.7970237731934	-17.7865371704102	-1005.04876708984	39.6950187683105	-5.81113004684448	-1030.47790527344	32.7119941711426	5.26917266845703	-1029.57409667969	12.4310064315796	-9.1380786895752	-1023.23010253906	29.3264236450195	24.0714931488037	-1027.50305175781	14.794095993042	21.8581485748291	-1038.43054199219	5.64022350311279	28.4139404296875	-1041.43151855469	5.37419605255127	4.30149126052856	-1032.1552734375	-10.6020183563232	-56.372631072998	-1045.47155761719	-11.7123107910156	-54.3735466003418	-1045.46691894531	-15.2053747177124	-49.508186340332	-1046.69262695312	-20.5796318054199	-38.8144721984863	-1046.89013671875	-17.174560546875	-14.0581655502319	-1047.97277832031	-12.3818483352661	-9.54477787017822	-1043.33447265625	-6.53771066665649	-44.9740219116211	-1022.98608398438	-3.54118037223816	-26.6327285766602	-1004.33325195312	-17.0586986541748	-21.7574939727783	-994.141174316406	-31.9457607269287	-16.091194152832	-1006.00164794922	-42.0931053161621	-4.47684097290039	-1028.90698242188	-34.4234237670898	6.07494878768921	-1029.18103027344	-14.4252452850342	-9.48876953125	-1023.12274169922	-31.930326461792	24.1619968414307	-1028.15100097656	-18.1932315826416	23.1600513458252	-1039.375	-7.95651388168335	28.4277820587158	-1041.53063964844	-8.08897113800049	4.58216714859009	-1032.0419921875
PRI-7378	-2.56634783744812	-60.6432075500488	-1150.26379394531	-2.30596876144409	-56.4991645812988	-1143.00842285156	-2.06412839889526	-46.8230514526367	-1125.43688964844	-2.73178219795227	-29.0822200775146	-1106.88903808594	-2.64311361312866	-26.4830074310303	-1102.14807128906	-5.17317199707031	53.6810760498047	-1129.69506835938	-4.11621046066284	34.6946716308594	-1145.99548339844	-3.4779999256134	19.2275485992432	-1148.97631835938	-2.63726925849915	-2.31880283355713	-1136.12658691406	-2.75996255874634	-15.9870729446411	-1145.6708984375	-2.73576784133911	-46.9144020080566	-1144.03881835938	7.23160028457642	-56.0010452270508	-1149.26232910156	7.58089876174927	-54.9053840637207	-1149.42626953125	10.9335880279541	-50.565559387207	-1150.6103515625	16.3250255584717	-40.9424018859863	-1151.84826660156	12.4477100372314	-16.4040031433105	-1152.31262207031	8.50244426727295	-10.9512672424316	-1149.88586425781	1.99989759922028	-44.6438522338867	-1127.576171875	0.146993517875671	-27.8662796020508	-1113.47961425781	13.0304317474365	-23.2473011016846	-1103.6953125	28.6928653717041	-17.9691200256348	-1114.20251464844	38.341365814209	-2.15527415275574	-1138.36059570312	30.520715713501	7.54636001586914	-1137.06970214844	9.95607852935791	-10.4108171463013	-1131.66833496094	26.1767196655273	25.0797462463379	-1135.77209472656	13.64439868927	21.9056491851807	-1146.60803222656	3.57252335548401	28.5065002441406	-1149.09790039062	3.96725463867188	4.3388237953186	-1141.06567382812	-12.3789653778076	-56.5956954956055	-1148.43310546875	-13.1859588623047	-55.4488563537598	-1148.8212890625	-16.2227020263672	-51.1299743652344	-1150.06140136719	-20.7613067626953	-41.3169593811035	-1152.14892578125	-18.3427658081055	-17.0693683624268	-1152.7080078125	-14.3755168914795	-11.5237770080566	-1150.12097167969	-6.72857999801636	-45.1691589355469	-1127.38977050781	-5.50278186798096	-27.9253711700439	-1113.60009765625	-17.748161315918	-25.460563659668	-1104.08642578125	-34.2967071533203	-19.6190700531006	-1114.41809082031	-44.3481292724609	-4.63642311096191	-1138.38024902344	-37.2903175354004	5.52450466156006	-1137.60339355469	-16.1446800231934	-11.1226596832275	-1131.95068359375	-33.7178344726562	22.6067161560059	-1135.97961425781	-20.4492053985596	21.6254234313965	-1147.14379882812	-11.1396217346191	28.0764541625977	-1148.43041992188	-10.0927953720093	3.93624806404114	-1140.13146972656
PRI-7379	0.0395595543086529	-56.938720703125	-1212.42529296875	-0.498878717422485	-53.7111320495605	-1205.9990234375	-0.803063213825226	-42.5351066589355	-1185.41491699219	-1.49625539779663	-24.984676361084	-1166.61633300781	-1.93761265277863	-21.9266929626465	-1160.45043945312	-4.18208932876587	61.4042053222656	-1186.03918457031	-3.76934194564819	42.7882270812988	-1203.05810546875	-3.45042872428894	25.3041801452637	-1206.51379394531	-2.2824604511261	1.45670092105865	-1193.74609375	-1.47897243499756	-12.9960041046143	-1205.318359375	-0.685370743274689	-44.419361114502	-1207.36169433594	8.3041934967041	-52.245906829834	-1211.83374023438	9.87963485717773	-50.134220123291	-1212.09582519531	11.9533681869507	-44.9639892578125	-1213.3720703125	15.9478216171265	-35.6352958679199	-1212.99389648438	13.7245979309082	-10.8189334869385	-1210.69299316406	9.64042854309082	-5.24743127822876	-1208.99401855469	3.70921659469604	-42.5287094116211	-1188.75769042969	1.43103742599487	-23.3136920928955	-1171.56958007812	13.7429666519165	-18.7408542633057	-1161.78063964844	28.8675060272217	-12.552619934082	-1172.64611816406	38.1279830932617	1.51188409328461	-1196.33728027344	33.1114959716797	13.9143962860107	-1195.67810058594	11.6987648010254	-7.68234252929688	-1192.16394042969	25.8590297698975	29.8194026947021	-1192.84753417969	13.0646667480469	28.4874591827393	-1203.84924316406	4.02091932296753	35.4037055969238	-1206.533203125	4.21701431274414	9.33163452148438	-1198.49182128906	-9.40460109710693	-53.0357284545898	-1212.70556640625	-11.0333776473999	-50.7891044616699	-1213.26330566406	-13.8327474594116	-45.965934753418	-1213.44653320312	NA	NA	NA	-17.2077217102051	-11.760645866394	-1213.029296875	-13.3135423660278	-6.4228982925415	-1210.34887695312	-5.78698062896729	-42.6227493286133	-1188.76232910156	-4.26181411743164	-24.2079429626465	-1171.80053710938	-17.6254711151123	-20.2645397186279	-1163.19299316406	-33.849796295166	-16.0319595336914	-1175.15686035156	-43.2869453430176	-1.38210451602936	-1196.30627441406	-37.8288955688477	10.5224561691284	-1197.22119140625	-15.1820411682129	-8.74432373046875	-1193.0029296875	-32.9687271118164	26.4725189208984	-1194.21301269531	-20.0069942474365	27.2100162506104	-1205.04040527344	-11.3373441696167	34.616397857666	-1206.54260253906	-9.52327537536621	8.6994686126709	-1199.33825683594
PRI-7381	NA	NA	NA	-1.3525447845459	-54.7971420288086	-1021.58740234375	-0.695669949054718	-43.8543663024902	-1000.30279541016	-0.669807016849518	-17.2228660583496	-974.559875488281	-0.525816679000854	-13.6039237976074	-969.332824707031	-0.223985642194748	69.858512878418	-1004.35375976562	-0.954304456710815	51.4817657470703	-1019.78552246094	-1.92756009101868	32.867618560791	-1022.56872558594	-1.37400734424591	10.0917110443115	-1006.75402832031	-1.30372667312622	-5.49900722503662	-1019.06579589844	-0.763503551483154	-43.7196922302246	-1023.8056640625	10.3884000778198	-55.8953971862793	-1029.14611816406	13.4518270492554	-52.3660354614258	-1029.2001953125	15.2903776168823	-44.9574966430664	-1031.134765625	19.4979801177979	-33.2270774841309	-1030.49230957031	16.4846782684326	-4.47864198684692	-1030.14904785156	10.4893007278442	1.2969936132431	-1023.40313720703	4.863356590271	-41.6721992492676	-1003.02435302734	2.79244184494019	-17.8509674072266	-983.463134765625	16.5660343170166	-13.0915279388428	-973.556030273438	31.8997554779053	-8.60531330108643	-984.400329589844	43.6886138916016	5.11832046508789	-1013.08563232422	35.0755729675293	17.755485534668	-1013.85223388672	12.2807750701904	-0.844753444194794	-1005.02563476562	30.88037109375	36.6793403625488	-1011.17071533203	15.4098167419434	36.3660697937012	-1019.76831054688	6.60673713684082	43.3484725952148	-1022.94415283203	5.70497512817383	17.7204246520996	-1011.90655517578	-12.0632085800171	-55.4334030151367	-1029.78259277344	-14.4979076385498	-51.8534545898438	-1030.31176757812	-16.5977020263672	-44.6986045837402	-1031.77587890625	-21.0468502044678	-32.968204498291	-1031.51623535156	-18.8424758911133	-5.09398460388184	-1030.79309082031	-12.302565574646	0.70866185426712	-1023.24584960938	-6.49681854248047	-41.6496162414551	-1002.865234375	-3.91818714141846	-17.8327445983887	-982.92822265625	-17.9351978302002	-12.5378847122192	-973.693298339844	-34.2459869384766	-8.25736713409424	-985.160400390625	NA	NA	NA	-37.273509979248	17.9069519042969	-1013.42364501953	-14.2436742782593	-0.864671468734741	-1005.44329833984	-32.9889030456543	36.3377418518066	-1010.64752197266	-19.9611778259277	37.979377746582	-1020.19451904297	-8.90687274932861	43.6226234436035	-1022.65563964844	-9.1672830581665	18.6308536529541	-1012.77252197266
PRI-7382	-0.769368588924408	-58.1213302612305	-1043.05151367188	-0.982452929019928	-54.658618927002	-1035.60803222656	-0.3758544921875	-44.9557075500488	-1014.45831298828	0.377513140439987	-18.357105255127	-990.471984863281	0.316501051187515	-15.9780702590942	-984.802795410156	7.92171430587768	70.7119064331055	-1013.88952636719	5.89309167861938	51.7017555236816	-1033.45947265625	4.73875188827515	35.1671981811523	-1036.109375	2.67850732803345	11.6446151733398	-1023.92785644531	1.99570751190186	-5.13446664810181	-1033.45446777344	-0.464083790779114	-43.4786834716797	-1036.18225097656	9.6779613494873	-53.3754119873047	-1039.3076171875	11.5795469284058	-50.5277481079102	-1040.02673339844	16.0352821350098	-43.4480667114258	-1040.75561523438	NA	NA	NA	19.1714935302734	-8.22656536102295	-1044.41345214844	13.7132720947266	0.174694702029228	-1039.28466796875	4.90226125717163	-41.8392562866211	-1017.67486572266	3.13011431694031	-17.8954277038574	-997.54345703125	17.0749015808105	-15.4328670501709	-988.348327636719	35.0193405151367	-10.5275688171387	-996.750305175781	49.6015815734863	6.38717746734619	-1021.70104980469	41.94140625	16.1670112609863	-1023.89587402344	16.718132019043	-0.74254709482193	-1018.7001953125	38.239688873291	35.3593788146973	-1020.55706787109	22.7407131195068	35.5320701599121	-1033.25512695312	13.1097803115845	43.7718925476074	-1035.38916015625	10.2917413711548	16.9564094543457	-1026.03649902344	-10.9974737167358	-51.835319519043	-1040.15319824219	-12.9184427261353	-48.5445709228516	-1040.6767578125	-16.0566596984863	-41.6467552185059	-1041.46081542969	NA	NA	NA	-14.4602975845337	-5.86091661453247	-1044.57373046875	-8.62830448150635	1.49379336833954	-1039.09851074219	-5.02989864349365	-41.9251747131348	-1017.94329833984	-2.51773715019226	-17.4683532714844	-997.624877929688	-15.1304941177368	-12.6493825912476	-989.118286132812	-33.4803619384766	-5.35469675064087	-998.995056152344	-43.3916435241699	12.0223798751831	-1023.17297363281	-33.1236610412598	21.3311748504639	-1025.14599609375	-12.8680267333984	0.623449563980103	-1018.51892089844	-27.679838180542	39.111988067627	-1021.98956298828	-12.6846036911011	38.296703338623	-1033.13110351562	-2.33542418479919	44.7753105163574	-1036.1416015625	-3.41348910331726	19.0747585296631	-1026.33959960938
PRI-7383	-0.712013840675354	-59.241039276123	-1208.7099609375	-1.37214922904968	-54.5833969116211	-1199.81030273438	NA	NA	NA	-3.44179654121399	-26.5082836151123	-1158.75256347656	-3.61024594306946	-24.2292671203613	-1153.29382324219	-6.00159883499146	60.4335594177246	-1187.09619140625	-5.41096687316895	40.6874084472656	-1202.33483886719	-4.70663070678711	23.4325428009033	-1204.904296875	-3.97160387039185	1.68818593025208	-1190.88488769531	-3.16262531280518	-10.9677991867065	-1201.22961425781	-1.78277206420898	-45.9821624755859	-1202.66015625	9.50725078582764	-52.6810035705566	-1207.15661621094	10.4691677093506	-51.4524154663086	-1207.4599609375	13.1008710861206	-47.0489273071289	-1207.82775878906	17.1794834136963	-36.9687194824219	-1208.4775390625	12.3198461532593	-11.1873216629028	-1209.47290039062	7.51154613494873	-5.24655199050903	-1205.30493164062	2.55173206329346	-42.5580825805664	-1182.86669921875	-0.363077580928802	-25.0856246948242	-1166.11486816406	12.3054094314575	-20.6839904785156	-1155.73571777344	28.6785621643066	-13.8334980010986	-1164.98791503906	39.1054916381836	3.14401817321777	-1191.06140136719	31.5369548797607	13.08376121521	-1190.82568359375	11.481198310852	-5.48518228530884	-1185.60510253906	25.9198360443115	29.5030288696289	-1188.95983886719	13.2319316864014	26.676362991333	-1202.51013183594	3.11088609695435	32.7799835205078	-1205.26452636719	3.54747486114502	9.09696197509766	-1195.57421875	-11.9501543045044	-53.8628807067871	-1207.20275878906	-12.6898517608643	-52.2737808227539	-1207.67736816406	-15.660397529602	-48.2738494873047	-1208.75744628906	-19.9262943267822	-37.6091346740723	-1210.07055664062	-19.1655139923096	-12.4184799194336	-1209.83337402344	-14.5884895324707	-6.67960262298584	-1206.32958984375	-7.30626440048218	-43.4051132202148	-1183.73913574219	-6.00766611099243	-25.3939762115479	-1166.07275390625	-19.3284130096436	-21.2702255249023	-1156.83081054688	-36.345386505127	-15.5651359558105	-1167.6796875	-48.545726776123	0.485495239496231	-1195.677734375	-39.0222358703613	10.664008140564	-1193.45642089844	-17.702033996582	-7.34046411514282	-1187.0283203125	-36.2027473449707	26.6405353546143	-1191.90393066406	-23.2424907684326	25.361701965332	-1203.72998046875	-12.6594533920288	32.310619354248	-1205.7919921875	-11.419379234314	9.01595306396484	-1195.46081542969
PRI-7384	NA	NA	NA	4.20971727371216	-60.5396041870117	-1184.42810058594	3.58748435974121	-47.1798667907715	-1164.90966796875	2.75975751876831	-22.9995555877686	-1144.08666992188	2.75256252288818	-19.0620269775391	-1139.22546386719	-4.56152820587158	59.9658889770508	-1178.45764160156	-3.82796049118042	37.7773551940918	-1195.79992675781	-2.67017602920532	22.3027267456055	-1196.486328125	0.181929096579552	3.2727587223053	-1179.06030273438	0.341101318597794	-14.2258701324463	-1190.15832519531	3.03140163421631	-53.088924407959	-1188.43078613281	NA	NA	NA	14.5284833908081	-63.1859245300293	-1191.79187011719	17.2306060791016	-56.4262390136719	-1195.58020019531	21.1445198059082	-45.062915802002	-1198.06127929688	18.6541881561279	-19.0068817138672	-1202.40869140625	12.3128089904785	-9.24230861663818	-1195.97192382812	8.10152053833008	-45.7297973632812	-1168.08312988281	6.08720111846924	-22.7109241485596	-1151.41748046875	17.8879375457764	-15.8939867019653	-1142.21008300781	35.0362129211426	-9.43094253540039	-1154.46533203125	44.2554359436035	2.67107224464417	-1183.44409179688	36.8298645019531	9.58550357818604	-1184.44348144531	14.0100574493408	-7.84063863754272	-1175.53540039062	28.9073905944824	29.8286972045898	-1185.244140625	14.0281171798706	26.0711631774902	-1196.20397949219	2.99705195426941	31.6978740692139	-1198.07763671875	6.79884338378906	8.88010120391846	-1184.53820800781	-7.26913928985596	-63.8628196716309	-1190.70581054688	-10.9737825393677	-62.3678665161133	-1191.15966796875	-14.1977167129517	-55.4286842346191	-1193.43237304688	NA	NA	NA	-17.3475189208984	-19.3263607025146	-1200.43383789062	-11.9210872650146	-8.8351640701294	-1195.95385742188	-1.77840065956116	-46.6131744384766	-1168.26342773438	-0.44610732793808	-23.3014659881592	-1151.20715332031	-14.5320434570312	-18.013729095459	-1142.42797851562	-31.1706562042236	-13.6139965057373	-1153.09973144531	-43.2510185241699	-3.9974958896637	-1178.32775878906	-37.6003189086914	4.44781255722046	-1180.06860351562	-13.4289922714233	-7.97620630264282	-1176.90783691406	-33.9636459350586	25.1334648132324	-1180.130859375	-20.0652294158936	22.9087409973145	-1191.05297851562	-10.7855892181396	30.8891658782959	-1196.52941894531	-8.49623489379883	9.2550859451294	-1182.87707519531
PRI-7385	-1.02256441116333	-63.4971008300781	-1042.39965820312	-0.800170481204987	-58.3972549438477	-1034.97497558594	-0.912606835365295	-47.4654235839844	-1015.13458251953	-0.277519375085831	-19.9707298278809	-993.264587402344	-0.262734770774841	-16.5099678039551	-987.327514648438	1.49488639831543	64.1473541259766	-1018.57458496094	1.86321032047272	45.9511222839355	-1037.13940429688	0.89569503068924	30.5710735321045	-1039.7041015625	0.714508295059204	8.77028369903564	-1026.24731445312	0.986863255500793	-9.3817720413208	-1036.90417480469	-0.165875941514969	-50.3414459228516	-1038.20617675781	9.81664085388184	-58.9381141662598	-1039.63269042969	11.245813369751	-57.4825401306152	-1038.97351074219	16.6594905853271	-48.3542709350586	-1041.00720214844	20.6772899627686	-38.7913703918457	-1044.75903320312	20.1299934387207	-11.8764019012451	-1045.57531738281	13.0177183151245	-3.54504299163818	-1041.08581542969	4.15996360778809	-43.9009246826172	-1015.97344970703	2.70168042182922	-19.9712562561035	-1000.47784423828	17.516731262207	-13.2200222015381	-989.408203125	33.7035522460938	-6.22084617614746	-1001.63812255859	43.191967010498	3.91865301132202	-1026.11669921875	35.376033782959	14.0669775009155	-1024.75622558594	15.170163154602	-2.49982452392578	-1021.43200683594	33.048267364502	32.7150230407715	-1023.47149658203	18.7238712310791	32.8904609680176	-1036.95812988281	9.30868244171143	41.0969047546387	-1039.55432128906	8.46267604827881	12.0229911804199	-1029.35302734375	-10.4047403335571	-57.995002746582	-1041.06530761719	-10.8875865936279	-56.7010536193848	-1041.40515136719	-15.2680196762085	-47.0074348449707	-1043.22436523438	-17.8893547058105	-36.3825187683105	-1046.59558105469	-16.9146900177002	-10.350435256958	-1047.55969238281	-11.0226182937622	-2.4845085144043	-1041.99279785156	-5.92685413360596	-44.4589500427246	-1017.39813232422	-3.03581380844116	-19.9213924407959	-999.981994628906	-17.4660568237305	-12.9053754806519	-990.613037109375	-33.2132720947266	-5.60074806213379	-1003.80804443359	-40.5314254760742	6.6837158203125	-1030.35913085938	-33.623649597168	15.8973398208618	-1028.00207519531	-12.7270669937134	-2.0392746925354	-1021.79901123047	-31.0067462921143	33.5119323730469	-1025.97009277344	-14.9287357330322	33.3192367553711	-1037.51940917969	-6.02307415008545	41.3875122070312	-1040.46643066406	-6.52411031723022	12.5692682266235	-1029.34228515625
PRI-7386	-1.9707236289978	-63.2108421325684	-1229.29907226562	-2.33569622039795	-59.8037757873535	-1224.98132324219	-2.14092445373535	-47.1732788085938	-1205.56555175781	-2.58800268173218	-23.7516822814941	-1182.86389160156	-2.81509494781494	-20.5419101715088	-1178.19982910156	-7.17140054702759	64.0057144165039	-1201.30712890625	-6.51784992218018	47.3301467895508	-1224.76428222656	-5.74369859695435	31.5214347839355	-1228.39953613281	-4.39330959320068	7.80231046676636	-1215.49755859375	-3.82128643989563	-9.32765769958496	-1227.11853027344	-2.24623775482178	-47.3112525939941	-1227.24230957031	9.97149467468262	-58.3517379760742	-1230.48168945312	12.125168800354	-56.157398223877	-1231.4736328125	14.8721141815186	-49.1812171936035	-1233.00634765625	NA	NA	NA	13.6172256469727	-10.2601613998413	-1235.583984375	8.5462646484375	-3.7056999206543	-1231.77770996094	4.37214851379395	-45.7904090881348	-1208.55932617188	0.684461891651154	-23.2822532653809	-1190.56323242188	16.3134059906006	-17.9827938079834	-1181.51892089844	33.0611457824707	-10.0082550048828	-1192.86108398438	40.2094039916992	6.41867446899414	-1219.46228027344	30.8821258544922	15.7156820297241	-1217.25610351562	10.7182483673096	-3.88198852539062	-1211.40100097656	24.2676753997803	34.4778137207031	-1213.25329589844	12.6242694854736	34.5814399719238	-1225.21606445312	1.39923048019409	42.0120239257812	-1228.50134277344	3.23189496994019	13.481390953064	-1219.11169433594	-12.7203979492188	-59.4440231323242	-1231.0068359375	-15.0191135406494	-57.1179313659668	-1231.94702148438	-18.7002201080322	-50.420841217041	-1233.43408203125	-22.2333374023438	-40.1320724487305	-1236.22302246094	-20.503475189209	-12.0263519287109	-1236.716796875	-15.226261138916	-5.63813781738281	-1231.63952636719	-8.7300271987915	-46.2767639160156	-1208.783203125	-6.0349702835083	-23.3833484649658	-1190.33239746094	-22.5312557220459	-19.2930946350098	-1181.01684570312	-39.255558013916	-12.9743661880493	-1192.42712402344	-49.0778465270996	2.59238862991333	-1218.78381347656	-40.136775970459	12.3463869094849	-1215.42907714844	-18.8814811706543	-5.04871988296509	-1211.08959960938	-35.8574409484863	31.0299434661865	-1212.74230957031	-23.8202972412109	32.9033699035645	-1225.01794433594	-13.8035154342651	41.1488761901855	-1228.15673828125	-12.6189069747925	13.5297899246216	-1219.24938964844
PRI-7387	-0.594009876251221	-62.890323638916	-1239.27905273438	-0.741187274456024	-57.7616729736328	-1231.23413085938	-1.01040387153625	-47.7977066040039	-1209.42028808594	-1.45655572414398	-26.8804454803467	-1186.05993652344	-1.84206914901733	-24.6443462371826	-1181.99841308594	-6.55451822280884	61.2635612487793	-1199.54968261719	-5.80527544021606	46.9856605529785	-1219.40222167969	-5.16168642044067	30.0702419281006	-1226.85729980469	-4.15205192565918	4.73251581192017	-1213.19311523438	-3.55031800270081	-10.2020692825317	-1229.7421875	-1.47741520404816	-46.631477355957	-1232.13134765625	9.23333168029785	-57.9181365966797	-1237.79541015625	11.8901796340942	-53.865348815918	-1238.34716796875	13.1277770996094	-45.3085975646973	-1237.66723632812	NA	NA	NA	13.2798938751221	-9.0031566619873	-1238.98400878906	7.24121522903442	-2.37018036842346	-1231.59912109375	4.58892059326172	-44.7476196289062	-1212.55224609375	1.46530044078827	-25.6636524200439	-1193.92700195312	15.2648153305054	-21.5151519775391	-1184.26306152344	29.6093349456787	-12.6112518310547	-1194.16833496094	39.0619583129883	4.40975761413574	-1218.16821289062	32.5166282653809	13.3969068527222	-1217.20385742188	11.4579916000366	-3.36349272727966	-1213.04797363281	24.4708480834961	33.4888534545898	-1211.77172851562	11.2821168899536	34.4452362060547	-1224.10852050781	2.04284572601318	40.0553703308105	-1225.62329101562	2.85532712936401	16.1795387268066	-1220.04528808594	-10.6416368484497	-58.6232833862305	-1237.896484375	-13.6727256774902	-55.2516975402832	-1238.30615234375	-16.4251976013184	-48.6695442199707	-1238.330078125	NA	NA	NA	-20.8530750274658	-11.4261054992676	-1237.72509765625	-15.796181678772	-3.90540838241577	-1231.47058105469	-6.38758325576782	-46.3359298706055	-1212.76599121094	-4.57403326034546	-26.2405185699463	-1193.46887207031	-19.1164093017578	-23.2974452972412	-1185.95031738281	-34.73095703125	-15.5822696685791	-1193.46740722656	-47.1501846313477	0.201487571001053	-1216.8232421875	-41.438232421875	11.2161827087402	-1216.38354492188	-17.034215927124	-6.29610109329224	-1212.83752441406	-35.3395652770996	30.3386878967285	-1211.37097167969	-23.7346000671387	32.6754722595215	-1223.25793457031	-14.0401391983032	38.8340339660645	-1225.91162109375	-12.1974210739136	13.8395414352417	-1218.48303222656
PRI-7388	0.423825919628143	-52.5353126525879	-1290.08618164062	0.166174724698067	-46.9086112976074	-1283.46166992188	NA	NA	NA	-1.41686713695526	-18.9702548980713	-1243.45544433594	-1.94050288200378	-15.5253582000732	-1238.08117675781	-6.60113334655762	61.0042991638184	-1273.5390625	-6.21337699890137	43.7617149353027	-1286.70043945312	-4.79629898071289	27.2782535552979	-1288.45300292969	-3.28975200653076	7.15706777572632	-1276.16650390625	-2.41641592979431	-6.5156455039978	-1283.82263183594	-0.230747774243355	-38.7702674865723	-1285.26953125	9.77450180053711	-48.0091018676758	-1290.71533203125	10.7716426849365	-46.5263633728027	-1290.79821777344	13.2715663909912	-42.1387252807617	-1291.46545410156	16.2120914459229	-32.2654418945312	-1292.59594726562	13.6457366943359	-8.25490379333496	-1292.49816894531	8.07853126525879	-0.401017636060715	-1290.05969238281	4.42515707015991	-34.9265975952148	-1266.76892089844	1.71462523937225	-17.6481704711914	-1250.98156738281	13.9775772094727	-11.8053531646729	-1242.87133789062	29.8165969848633	-2.65360999107361	-1253.60998535156	37.7295799255371	10.5618810653687	-1278.63452148438	30.0746402740479	17.2077407836914	-1276.544921875	9.44240951538086	-2.14314436912537	-1273.39074707031	23.9005718231201	34.2237854003906	-1276.20556640625	11.4105730056763	29.7528114318848	-1287.29113769531	0.808795630931854	35.4038696289062	-1289.55920410156	2.87938976287842	13.7515935897827	-1280.19128417969	-9.20770454406738	-48.6769638061523	-1290.74816894531	-10.2484521865845	-47.5930137634277	-1290.8037109375	-13.5228004455566	-43.5160255432129	-1291.12121582031	-17.8940277099609	-34.0112838745117	-1291.99523925781	-18.3552055358887	-10.0096378326416	-1292.48376464844	-13.9166383743286	-1.32832658290863	-1289.63903808594	-5.47097492218018	-36.6396942138672	-1267.20776367188	-4.47143459320068	-18.3532695770264	-1250.18591308594	-17.8056926727295	-14.5769853591919	-1242.69812011719	-34.5889663696289	-7.57157802581787	-1251.25866699219	-44.1981239318848	4.608473777771	-1278.66064453125	-37.4049758911133	11.5248231887817	-1276.69812011719	-16.2798614501953	-3.1587131023407	-1273.69287109375	-34.307502746582	28.0448131561279	-1275.81506347656	-19.9501304626465	28.1948013305664	-1286.86877441406	-11.768404006958	35.057746887207	-1289.2421875	-9.97026824951172	12.8808917999268	-1279.72399902344
PRI-7389	-0.654085993766785	-64.757080078125	-1283.14392089844	-1.1123161315918	-59.9817733764649	-1274.55505371094	-3.0492148399353	-47.7595367431641	-1253.30236816406	-5.9647331237793	-21.8472385406494	-1229.69140625	-6.94008636474609	-17.9325847625732	-1224.70166015625	-8.47173976898193	68.1940231323242	-1253.92163085938	-6.31284379959106	50.1157073974609	-1275.23425292969	-5.03589963912964	33.4686622619629	-1278.6650390625	-4.4779543876648	7.50626850128174	-1263.39892578125	-3.3121325969696	-8.28452777862549	-1274.27307128906	-0.924420058727264	-49.9766387939453	-1277.43273925781	11.3565187454224	-58.9898071289062	-1281.04577636719	13.9395780563354	-56.8586730957031	-1280.76904296875	16.192138671875	-48.8388252258301	-1283.85009765625	18.098274230957	-36.4300422668457	-1284.30078125	13.4582862854004	-10.6097421646118	-1283.24853515625	8.37906169891357	-4.09022521972656	-1279.19885253906	2.47510838508606	-45.8603820800781	-1255.43664550781	-2.22507739067078	-20.719539642334	-1236.88232421875	12.6606073379517	-15.6938152313232	-1226.07250976562	30.7918739318848	-6.71885251998901	-1234.37927246094	42.2150955200195	9.33160495758057	-1263.10412597656	33.3804244995117	18.7615127563477	-1263.60363769531	10.3425340652466	-3.30971741676331	-1259.43811035156	27.1216869354248	38.9730339050293	-1259.40942382812	13.4050359725952	37.4642601013184	-1273.80712890625	2.92847204208374	44.509464263916	-1278.1943359375	3.50917220115662	17.0410823822021	-1268.94482421875	-12.7119073867798	-59.7633285522461	-1282.76745605469	-15.9549674987793	-57.9638290405273	-1283.28540039062	-17.8368682861328	-48.7067947387695	-1285.80249023438	-20.2150535583496	-38.410758972168	-1287.31396484375	-18.0356101989746	-11.4188833236694	-1286.44604492188	-14.3515815734863	-4.44586658477783	-1281.53576660156	-8.97427558898926	-46.7349243164062	-1256.80200195312	-9.13298606872559	-21.2400741577148	-1236.88977050781	-26.2546768188477	-17.2978935241699	-1229.15051269531	-43.6796112060547	-10.6736907958984	-1241.94641113281	-51.5325927734375	3.79115867614746	-1269.41247558594	-43.2659339904785	15.4646978378296	-1269.28564453125	-18.4462642669678	-4.52702522277832	-1261.03564453125	-39.9661445617676	35.6490592956543	-1264.00061035156	-24.5275707244873	35.581226348877	-1276.08386230469	-13.614785194397	44.023624420166	-1279.02661132812	-12.8221616744995	16.2216396331787	-1270.3076171875
PRI-7390	0.526865482330322	-57.3389053344727	-1040.57885742188	0.276666730642319	-54.3069839477539	-1035.30432128906	0.103018172085285	-43.7920989990234	-1016.98065185547	-0.840461373329163	-27.622013092041	-998.47119140625	-1.07843732833862	-25.3284397125244	-994.703369140625	-2.98923230171204	54.1887016296387	-1021.48278808594	-2.02308678627014	37.0163383483887	-1037.78955078125	-2.26867318153381	21.5837516784668	-1040.7880859375	-1.17631149291992	0.0117734046652913	-1028.72045898438	-0.389317393302917	-14.0650224685669	-1036.60827636719	0.0500662252306938	-46.0143814086914	-1037.05651855469	9.45931148529053	-52.0803680419922	-1038.65966796875	10.3606576919556	-50.9866981506348	-1038.78759765625	12.9671001434326	-46.9145698547363	-1040.18090820312	17.1417713165283	-36.458553314209	-1042.47229003906	14.4233045578003	-12.2830953598022	-1043.93933105469	10.4574937820435	-7.5685830116272	-1041.69104003906	3.20431447029114	-41.9173011779785	-1018.85052490234	1.75543451309204	-26.7791175842285	-1004.83526611328	14.086874961853	-22.1151828765869	-995.308654785156	29.4604663848877	-16.144229888916	-1005.36785888672	39.0266952514648	-1.63141345977783	-1028.40576171875	32.0784492492676	8.74238300323486	-1028.36291503906	12.4827060699463	-10.9673547744751	-1024.54162597656	27.7326049804688	24.0620670318604	-1026.21398925781	14.5857315063477	24.2975482940674	-1038.05969238281	4.72100114822388	30.5022220611572	-1040.34533691406	6.0845422744751	4.74981451034546	-1032.35876464844	-8.8389310836792	-53.1829643249512	-1039.58813476562	-9.41214466094971	-52.1509971618652	-1039.43481445312	-12.4531135559082	-47.9540519714355	-1040.79748535156	-17.239465713501	-37.5466156005859	-1043.38366699219	-14.5347805023193	-12.9026498794556	-1043.85363769531	-11.8273754119873	-8.34986305236816	-1042.40344238281	-4.10642957687378	-42.8314743041992	-1019.48266601562	-3.43237924575806	-25.8236045837402	-1004.41522216797	-15.709939956665	-23.0227680206299	-996.21875	-31.7028102874756	-18.9736385345459	-1007.34887695312	-41.9863700866699	-2.73783278465271	-1028.97485351562	-35.13427734375	7.24515962600708	-1029.66967773438	-14.2729978561401	-10.746973991394	-1025.13317871094	-32.0159492492676	22.3456764221191	-1026.61828613281	-19.6580295562744	23.8298721313477	-1037.59375	-9.28576564788818	30.3344440460205	-1039.61779785156	-7.87386322021484	4.48886060714722	-1032.27001953125
PRI-7391	-0.487750828266144	-65.9949264526367	-1271.45593261719	-1.56776857376099	-59.8302803039551	-1261.50134277344	-4.35638856887817	-45.1648216247559	-1239.83581542969	-6.89403533935547	-17.9236812591553	-1217.06555175781	-7.79994344711304	-13.3446969985962	-1211.84997558594	-12.1632108688354	68.5206680297852	-1244.60986328125	-8.49921321868896	48.5801277160645	-1261.97546386719	-6.62704944610596	31.7395076751709	-1263.95202636719	-5.52966690063477	8.32939052581787	-1251.0576171875	-3.48667073249817	-9.64041900634766	-1262.57482910156	-1.71092247962952	-49.2039566040039	-1264.78918457031	10.1639490127563	-60.0791015625	-1267.99621582031	11.7751045227051	-57.137622833252	-1268.38110351562	14.7864866256714	-48.2878265380859	-1270.53552246094	17.5247802734375	-36.8072052001953	-1271.82897949219	14.0434675216675	-11.3481559753418	-1271.43212890625	7.70864105224609	-1.67203164100647	-1266.50756835938	0.872176766395569	-43.8028945922852	-1242.3740234375	-2.97965955734253	-18.0431747436523	-1223.56591796875	13.4058885574341	-10.1813449859619	-1214.98986816406	29.2183399200439	-3.36122369766235	-1224.49877929688	38.7340888977051	7.11427021026611	-1251.32458496094	30.3942470550537	18.5119018554688	-1251.60424804688	8.02635097503662	-3.67846345901489	-1247.44091796875	24.1152000427246	37.8692207336426	-1249.16296386719	10.2732706069946	35.7080841064453	-1261.99865722656	-0.51507306098938	42.0599174499512	-1263.90270996094	1.36223113536835	15.3663759231567	-1255.61437988281	-12.0927610397339	-60.6205596923828	-1270.15979003906	-13.9937086105347	-58.796989440918	-1270.4287109375	-17.2317390441895	-49.642505645752	-1273.3115234375	-20.6689033508301	-38.7136383056641	-1274.58349609375	-19.5156650543213	-13.2984180450439	-1273.59533691406	-13.55677318573	-4.03654193878174	-1268.11242675781	-8.81093502044678	-44.8218803405762	-1243.66564941406	-10.2792654037476	-17.9695453643799	-1224.25219726562	-26.7385749816895	-12.9288883209229	-1217.11511230469	-43.079719543457	-7.89855527877808	-1230.26123046875	-49.5556793212891	0.050770465284586	-1258.68322753906	-42.5933685302734	13.0840549468994	-1256.17614746094	-18.5304260253906	-5.56951427459717	-1249.76867675781	-40.2028541564941	31.5847339630127	-1254.26696777344	-22.9185752868652	32.9673652648926	-1263.83056640625	-14.7458353042603	41.7650833129883	-1264.82824707031	-13.0941600799561	14.6400918960571	-1256.93774414062
PRI-7392	-2.78509879112244	-56.6782073974609	-1272.86071777344	-3.2739987373352	-53.6412506103516	-1264.60485839844	-3.26774668693542	-43.5522956848145	-1244.37646484375	-3.46290564537048	-23.8589000701904	-1224.62158203125	-3.69156789779663	-21.1057510375977	-1219.90258789062	-9.92191219329834	57.8277626037598	-1244.16430664062	-8.88524055480957	41.2248611450195	-1260.96887207031	-8.40565776824951	26.2003078460693	-1264.4384765625	-5.84878587722778	2.22873258590698	-1252.74816894531	-5.26673936843872	-9.6252851486206	-1262.6650390625	-3.52896571159363	-44.4681015014648	-1265.83654785156	NA	NA	NA	7.68937587738037	-49.3148078918457	-1269.74621582031	9.6370964050293	-44.7007255554199	-1272.193359375	12.9164457321167	-34.856632232666	-1272.68432617188	10.2530899047852	-10.648380279541	-1271.22790527344	4.72499847412109	-3.3489351272583	-1267.1767578125	1.4737149477005	-41.7157096862793	-1246.76110839844	-0.691113114356995	-22.8070907592773	-1232.43798828125	14.4288263320923	-17.0913486480713	-1223.34899902344	27.0791263580322	-10.1915531158447	-1233.03588867188	33.0655059814453	2.98896312713623	-1255.14953613281	25.2464332580566	13.1917695999146	-1252.37023925781	6.65057468414307	-5.4106822013855	-1250.96838378906	20.4965267181396	28.9327507019043	-1250.81030273438	8.17053985595703	30.1102638244629	-1261.15612792969	-2.11633944511414	36.1870155334473	-1263.53637695312	-0.0451261214911938	11.0643863677979	-1257.42663574219	-12.9996700286865	-52.0050888061523	-1270.91760253906	-14.0137500762939	-50.924674987793	-1271.08581542969	-17.3879146575928	-46.2861824035645	-1272.01794433594	-21.4129638671875	-36.7514305114746	-1271.59582519531	-20.989953994751	-12.0877733230591	-1270.17590332031	-16.8944454193115	-5.58080244064331	-1266.17272949219	-7.94164943695068	-43.6198654174805	-1247.38696289062	-6.8447790145874	-23.0677795410156	-1231.69250488281	-21.8937091827393	-19.9925022125244	-1222.42932128906	-36.0485992431641	-14.3776779174805	-1232.21398925781	-44.8796310424805	-2.4806535243988	-1254.19482421875	-39.8338623046875	9.10061931610107	-1252.29321289062	-18.5479888916016	-8.62314891815186	-1250.84521484375	-36.6362342834473	24.2927322387695	-1250.23889160156	-24.8686275482178	27.5051364898682	-1261.44982910156	-15.8978319168091	35.3338737487793	-1262.85400390625	-13.4849882125854	10.8635330200195	-1257.40161132812
PRI-7393	-2.45383620262146	-53.2090835571289	-1280.4091796875	-3.35194659233093	-51.733154296875	-1271.48400878906	NA	NA	NA	-7.07843542098999	-24.0589942932129	-1226.72583007812	-7.6913251876831	-21.3900852203369	-1220.47131347656	-12.3681058883667	61.6994323730469	-1236.89367675781	-9.09552955627441	47.6179618835449	-1259.85388183594	-7.62885999679565	31.3496150970459	-1265.50183105469	-6.26410150527954	6.45304584503174	-1255.02758789062	-5.40001010894775	-6.88587236404419	-1265.44226074219	-3.46055841445923	-43.0908889770508	-1271.33117675781	7.03910064697266	-48.4498825073242	-1276.8798828125	8.19824886322021	-47.2758712768555	-1276.63635253906	10.4454784393311	-42.5858116149902	-1275.28283691406	NA	NA	NA	11.1018304824829	-5.33229207992554	-1273.4814453125	4.65450716018677	-0.646233201026917	-1269.14855957031	0.522455036640167	-43.1428871154785	-1253.10168457031	-3.59357786178589	-22.5108051300049	-1233.37353515625	8.98947238922119	-18.0084953308105	-1222.98400878906	24.2871322631836	-9.91886901855469	-1231.47607421875	34.0054817199707	8.78816795349121	-1253.53356933594	27.8766078948975	19.5732116699219	-1253.93688964844	9.22518348693848	-2.80625557899475	-1250.26257324219	20.8435211181641	35.9002494812012	-1249.57495117188	9.08836269378662	35.1452827453613	-1262.62756347656	-1.25104427337646	42.3819007873535	-1264.16320800781	-0.0841948091983795	15.3942127227783	-1259.44299316406	-12.7369470596313	-48.8372802734375	-1277.42333984375	-13.7646179199219	-47.298225402832	-1277.37048339844	-16.491153717041	-42.1851387023926	-1277.44653320312	-20.9783897399902	-31.325590133667	-1278.21838378906	-20.4528942108154	-6.59932088851929	-1275.47375488281	-15.8333644866943	-0.742607295513153	-1270.87963867188	-9.95033359527588	-42.9826889038086	-1253.82397460938	-9.81318950653076	-22.5379753112793	-1233.55981445312	-22.3971691131592	-20.0764636993408	-1224.64831542969	-38.9201240539551	-14.2795248031616	-1236.25854492188	-47.9462471008301	3.39411854743958	-1258.18286132812	-42.3373107910156	14.7488784790039	-1257.69580078125	-20.6948757171631	-4.85548210144043	-1252.12829589844	-38.5023384094238	31.4123153686523	-1252.88513183594	-24.4236087799072	32.5489234924316	-1263.60620117188	-16.0087738037109	40.7527236938477	-1265.29724121094	-13.2661781311035	14.1586723327637	-1259.02331542969
PRI-7670	-1.29596090316772	23.1409702301025	-1044.99133300781	-1.23378324508667	16.8198757171631	-1040.123046875	-1.14142751693726	-0.652182817459106	-1029.97045898438	-2.35056614875793	-21.8837509155273	-1010.87805175781	-2.48128247261047	-26.0178489685059	-1008.04248046875	-0.401779264211655	8.69335174560547	-932.49365234375	0.0317774266004562	21.5808429718018	-950.62841796875	-0.228894338011742	24.3122806549072	-966.4091796875	-1.18691408634186	9.45028114318848	-988.4677734375	-1.08197367191315	18.6216316223145	-1000.94873046875	-1.09946095943451	19.1445751190186	-1031.77392578125	8.08325862884521	22.8723583221436	-1039.65502929688	9.77665424346924	23.4991455078125	-1038.16845703125	12.9252767562866	24.9740619659424	-1033.9658203125	16.3523063659668	26.4447555541992	-1024.33764648438	13.5536451339722	26.0156173706055	-999.742248535156	9.59763813018799	22.540060043335	-996.484741210938	3.99785423278809	3.49582266807556	-1029.38659667969	0.904697716236114	-13.5772552490234	-1010.99145507812	12.3840131759644	-24.7206287384033	-1007.0341796875	26.8264999389648	-15.7069406509399	-1000.17553710938	39.9782829284668	8.59286594390869	-993.111755371094	34.5752296447754	10.8379583358765	-979.918090820312	12.7601709365845	4.57685995101929	-997.140625	28.5609741210938	9.86728477478027	-961.756652832031	14.1476202011108	21.5258522033691	-963.148742675781	7.04917669296265	24.2189884185791	-957.901733398438	5.41942834854126	15.4370241165161	-981.513366699219	-10.1875314712524	22.7401371002197	-1039.44567871094	-11.7577571868896	23.3927536010742	-1037.35607910156	-14.8141994476318	24.7160377502441	-1033.48168945312	-18.4188632965088	26.832145690918	-1023.01129150391	-15.0852994918823	27.3084774017334	-998.344970703125	-11.1688117980957	23.020076751709	-994.379089355469	-6.20961141586304	3.13358473777771	-1029.15930175781	-4.61300420761108	-12.9960632324219	-1010.64318847656	-17.8166732788086	-23.5077800750732	-1005.33898925781	-30.7362384796143	-13.8948431015015	-999.474914550781	-42.1677703857422	11.3283214569092	-991.798889160156	-35.6098785400391	13.7979679107666	-978.479309082031	-14.6125411987305	5.12337112426758	-996.484252929688	-30.5421295166016	11.390191078186	-961.475463867188	-15.7616529464722	22.522180557251	-963.0302734375	-7.25291585922241	24.4770030975342	-957.7294921875	-7.22867059707642	15.9938774108887	-980.850341796875
PRI-7671	121.163719177246	-46.9622917175293	-895.925048828125	120.999824523926	-40.8027458190918	-901.230041503906	NA	NA	NA	120.467597961426	-7.14528846740723	-939.654235839844	120.729263305664	-2.98356580734253	-943.43212890625	124.924362182617	68.0368270874023	-902.046691894531	123.99674987793	48.0342979431152	-889.290161132812	122.950126647949	31.6237659454346	-889.189636230469	121.878112792969	10.2523584365845	-905.592590332031	121.718292236328	-3.24754858016968	-896.764770507812	121.153350830078	-35.1100997924805	-898.304443359375	112.587371826172	-44.1092681884766	-895.010681152344	109.246635437012	-41.612922668457	-894.306396484375	106.692398071289	-37.9424514770508	-892.774841308594	103.23868560791	-28.5205554962158	-891.045104980469	106.17366027832	-3.22912907600403	-888.800048828125	110.212341308594	2.12353944778442	-891.394226074219	NA	NA	NA	118.324523925781	-8.50753498077393	-931.239868164062	107.487724304199	-1.76639401912689	-940.870544433594	93.6838073730469	3.25293946266174	-930.140991210938	82.0674362182617	11.7086086273193	-906.107666015625	88.1339569091797	20.909496307373	-901.697265625	109.140090942383	4.03508758544922	-911.377258300781	95.3129577636719	37.1174163818359	-900.373413085938	108.585395812988	35.1150054931641	-890.607788085938	116.472732543945	40.5458106994629	-888.502136230469	115.363418579102	18.3136978149414	-899.521545410156	129.952758789062	-43.0815505981445	-895.400146484375	131.335388183594	-41.8707275390625	-894.905456542969	NA	NA	NA	139.248596191406	-27.8101654052734	-890.906860351562	138.015472412109	-3.95548272132874	-888.982482910156	134.041397094727	2.34866738319397	-891.572448730469	NA	NA	NA	123.351928710938	-9.09560203552246	-930.162963867188	133.191513061523	-1.81884753704071	-941.279602050781	149.456283569336	-0.165226206183434	-930.148010253906	160.578643798828	9.76813316345215	-907.464294433594	157.510589599609	18.8553085327148	-903.588439941406	133.098602294922	2.86651420593262	-911.754577636719	150.922805786133	35.0583992004395	-901.92724609375	137.932373046875	33.7487144470215	-892.075622558594	130.958557128906	38.9138832092285	-888.477416992188	129.047485351562	18.5156288146973	-899.945922851562
PRI-7672	125.711158752441	-57.7820129394531	-883.072021484375	126.032890319824	-51.1341438293457	-888.765563964844	125.307487487793	-40.6737327575684	-907.485046386719	125.61376953125	-15.6465005874634	-931.365112304688	125.889068603516	-11.1262521743774	-936.397521972656	130.843841552734	66.4521102905273	-901.584899902344	129.405014038086	48.7129707336426	-884.162170410156	129.273956298828	32.1971397399902	-881.773742675781	127.70922088623	8.04121780395508	-897.720336914062	127.231117248535	-5.28507041931152	-886.772277832031	126.12378692627	-41.8718223571777	-884.975952148438	115.012626647949	-52.2490844726562	-882.888122558594	111.678344726562	-49.3927764892578	-881.658935546875	108.51424407959	-43.0233955383301	-878.363708496094	106.368873596191	-31.9819946289062	-876.858215332031	110.270477294922	-6.29387331008911	-876.638732910156	116.62419128418	-0.0180118773132563	-881.137878417969	119.483741760254	-39.3713188171387	-904.656799316406	122.399230957031	-15.4061079025269	-922.532165527344	110.04923248291	-9.50462055206299	-933.4638671875	95.6745986938477	-1.66393733024597	-924.209350585938	84.332405090332	10.7089853286743	-895.461853027344	90.4457702636719	19.6706771850586	-893.796630859375	112.089950561523	-0.392453193664551	-902.608642578125	98.8286972045898	38.5335845947266	-896.827880859375	113.363227844238	35.6469268798828	-884.221313476562	121.903450012207	41.1936378479004	-881.433349609375	121.93936920166	16.6046161651611	-891.908264160156	136.422897338867	-52.4675827026367	-883.455871582031	140.054428100586	-49.2305870056152	-882.346557617188	144.220352172852	-43.4412117004395	-879.8701171875	147.130752563477	-32.3298797607422	-877.922607421875	145.606842041016	-7.09319925308228	-876.692260742188	139.19482421875	-0.675902664661407	-881.54150390625	130.467315673828	-39.0005722045898	-904.752258300781	128.72868347168	-15.6649675369263	-923.324035644531	142.016677856445	-11.6809368133545	-932.715698242188	158.538330078125	-4.2712459564209	-924.901916503906	173.781173706055	4.92656135559082	-897.588256835938	165.344085693359	17.3013591766357	-894.458618164062	142.083084106445	-0.0759791359305382	-903.274353027344	159.101470947266	35.3413352966309	-896.30615234375	145.617294311523	34.9419326782227	-885.496520996094	137.062805175781	40.8255805969238	-881.569702148438	135.114852905273	16.9532165527344	-892.257629394531
PRI-7997	131.766891479492	-64.2065124511719	-855.602111816406	132.108322143555	-54.4403991699219	-862.786560058594	131.947555541992	-39.9619636535645	-879.420227050781	132.728546142578	-15.0249309539795	-899.079528808594	132.961944580078	-9.72895431518555	-904.177185058594	134.957229614258	62.2819671630859	-859.126220703125	134.039123535156	43.3418731689453	-847.712219238281	133.469696044922	26.3726577758789	-847.949951171875	133.332275390625	5.87981462478638	-865.603088378906	132.938568115234	-10.1215686798096	-856.51171875	132.203567504883	-45.7456665039062	-857.981323242188	121.782936096191	-59.0609741210938	-854.746398925781	118.687072753906	-55.9136009216309	-853.293273925781	116.776741027832	-49.8115501403809	-848.982177734375	114.597160339355	-38.0915756225586	-847.490539550781	118.845024108887	-13.0525484085083	-846.463806152344	122.519416809082	-5.91372537612915	-849.906433105469	126.536293029785	-38.8252906799316	-876.65185546875	130.051132202148	-15.0974569320679	-891.753234863281	118.663398742676	-9.83352756500244	-900.872497558594	NA	NA	NA	NA	NA	NA	NA	NA	NA	119.854598999023	-1.88873040676117	-870.636474609375	104.894844055176	33.0602722167969	-858.855285644531	118.584312438965	29.2098846435547	-849.780334472656	126.16382598877	35.0525436401367	-846.809204101562	126.792953491211	13.2459707260132	-858.41015625	142.381103515625	-59.5630226135254	-854.424133300781	145.297790527344	-57.351505279541	-852.97412109375	148.584274291992	-51.7270164489746	-849.785400390625	NA	NA	NA	147.995910644531	-13.8970193862915	-846.069091796875	143.92546081543	-5.63463640213013	-849.740234375	137.717636108398	-39.6605644226074	-876.514404296875	135.691345214844	-15.480767250061	-892.160278320312	145.952438354492	-8.82534217834473	-902.544006347656	164.305908203125	-3.19491958618164	-889.732116699219	173.033493041992	2.72312927246094	-858.189819335938	166.490173339844	12.4812898635864	-858.831420898438	147.1103515625	-2.13755559921265	-870.873046875	163.622573852539	31.1359767913818	-858.213562011719	149.422317504883	28.2381248474121	-848.671875	141.548843383789	34.1463813781738	-845.653259277344	140.606872558594	12.9195308685303	-858.761596679688
PRI-7999	126.771537780762	-59.5864105224609	-887.570495605469	126.758796691895	-53.8014106750488	-895.223205566406	126.500968933105	-42.9687461853027	-911.832580566406	126.142036437988	-19.0911636352539	-935.073364257812	126.120964050293	-15.1508846282959	-940.00634765625	131.781692504883	61.9856109619141	-902.545654296875	130.012573242188	43.1583976745605	-886.721801757812	128.578369140625	26.2115478515625	-886.285034179688	126.649719238281	4.87912559509277	-903.941650390625	126.960243225098	-7.24133443832397	-893.133483886719	126.912086486816	-45.2669830322266	-891.159362792969	116.565147399902	-53.3464736938477	-888.216369628906	114.427963256836	-51.0904159545898	-886.658386230469	111.989082336426	-43.4178085327149	-884.510009765625	110.284576416016	-32.804012298584	-882.469665527344	113.580024719238	-7.4205527305603	-882.501037597656	116.813682556152	-2.7703218460083	-887.261596679688	121.24259185791	-40.695068359375	-910.408325195312	123.577079772949	-18.4534854888916	-927.981506347656	112.093002319336	-15.1271333694458	-936.609191894531	97.4537124633789	-5.22972583770752	-927.269958496094	86.7451934814453	8.14521980285645	-899.137756347656	93.51220703125	14.6875648498535	-897.66162109375	113.292167663574	-2.98080992698669	-908.630859375	100.828819274902	32.854793548584	-898.952514648438	113.33016204834	31.4027614593506	-888.4404296875	121.677551269531	35.5921821594238	-885.152648925781	120.398246765137	14.3757514953613	-898.082458496094	137.135391235352	-53.165901184082	-888.125427246094	138.729446411133	-51.506763458252	-887.395141601562	141.980834960938	-43.4988327026367	-884.838073730469	144.261123657227	-33.8176193237305	-883.39794921875	140.276794433594	-8.24607849121094	-883.376281738281	137.673858642578	-4.41448259353638	-887.355590820312	131.83708190918	-40.8724174499512	-910.636474609375	129.03971862793	-18.7142028808594	-928.414611816406	140.315521240234	-16.0679016113281	-937.139526367188	156.357803344727	-7.93029642105103	-928.371215820312	169.314865112305	4.58185338973999	-898.938720703125	163.0634765625	11.0463237762451	-898.084716796875	138.90869140625	-4.13886070251465	-908.867065429688	157.878707885742	28.3032054901123	-899.455749511719	145.026107788086	29.8678684234619	-889.111633300781	136.886566162109	33.9411849975586	-885.102478027344	135.143646240234	13.5438594818115	-897.466491699219
PRI-8000	113.751350402832	-59.0325202941895	-858.664611816406	113.934303283691	-54.0601615905762	-865.323181152344	114.18546295166	-44.9876708984375	-882.076416015625	114.983749389648	-24.1246433258057	-904.200012207031	115.227828979492	-20.7469005584717	-909.179992675781	115.25757598877	51.9744606018066	-875.200134277344	114.986602783203	34.0053024291992	-860.409484863281	114.373252868652	20.0876502990723	-857.012817382812	113.813110351562	-0.717050194740295	-871.393981933594	113.703880310059	-14.2459373474121	-863.314575195312	113.807174682617	-46.9193572998047	-861.631286621094	104.395370483398	-54.3961219787598	-859.701416015625	102.761940002441	-53.1457328796387	-859.63037109375	100.116325378418	-48.6011619567871	-857.656494140625	96.6389312744141	-39.682430267334	-856.013549804688	96.6519546508789	-17.4009189605713	-854.826354980469	103.077529907227	-9.2108325958252	-857.270141601562	109.162124633789	-44.5704727172852	-878.60791015625	112.373306274414	-23.775110244751	-896.281127929688	101.203491210938	-19.3901920318604	-906.415161132812	85.2614364624023	-13.3250198364258	-896.287841796875	75.8808288574219	-4.24381160736084	-871.004028320312	82.1127548217773	6.98003768920898	-870.45751953125	101.234024047852	-9.54794788360596	-877.929321289062	87.4759140014648	23.5225162506104	-870.847900390625	99.5570449829102	22.5050220489502	-859.951843261719	108.105781555176	28.2433490753174	-858.456298828125	107.516693115234	5.71551370620728	-866.955505371094	123.448097229004	-55.0090827941895	-859.443481445312	125.26473236084	-53.735237121582	-859.067626953125	127.223289489746	-49.6494026184082	-857.340698242188	130.754898071289	-40.635871887207	-856.326354980469	131.221298217773	-17.8717346191406	-855.034301757812	124.985404968262	-9.86798858642578	-857.83447265625	119.376655578613	-44.4428672790527	-878.919982910156	117.733047485352	-24.1211032867432	-896.073669433594	129.212112426758	-20.3751564025879	-905.999755859375	144.407241821289	-15.008713722229	-895.371887207031	152.944534301758	-6.46837472915649	-869.426025390625	146.663482666016	5.59306144714355	-869.934448242188	127.667961120605	-8.65841960906982	-878.389953613281	142.67268371582	21.4974136352539	-871.105834960938	129.268676757812	20.2048854827881	-861.01171875	121.746971130371	26.9785804748535	-858.045776367188	120.605972290039	5.2475118637085	-866.217956542969
PRI-8079	127.508819580078	-65.1591567993164	-881.12451171875	127.89387512207	-60.7292709350586	-887.308166503906	129.459564208984	-51.136302947998	-906.454528808594	130.475250244141	-25.3278026580811	-933.312927246094	130.783355712891	-21.5958232879639	-937.804748535156	132.914260864258	61.0147514343262	-908.717956542969	131.921951293945	43.7632331848145	-890.432373046875	130.858032226562	26.6117458343506	-887.0078125	130.140029907227	1.46220457553864	-902.930603027344	129.341262817383	-12.3824157714844	-889.613464355469	128.71354675293	-49.4236793518066	-885.66357421875	115.981185913086	-58.9831581115723	-883.909851074219	114.002456665039	-57.1791381835938	-884.586364746094	111.372940063477	-49.3510360717773	-881.2060546875	109.031135559082	-37.3182945251465	-879.606506347656	115.171463012695	-11.3281440734863	-881.688537597656	118.641151428223	-7.28321313858032	-884.503845214844	123.823310852051	-48.9735221862793	-904.811584472656	127.603492736816	-25.5240859985352	-924.837768554688	115.734130859375	-20.0652618408203	-936.5	101.719497680664	-11.1076250076294	-925.770935058594	NA	NA	NA	95.957763671875	10.1457414627075	-898.532897949219	115.677230834961	-7.4322099685669	-906.340454101562	101.73119354248	31.5346050262451	-901.484069824219	115.058609008789	31.9774436950684	-889.9794921875	124.06681060791	37.2118225097656	-887.074462890625	124.300079345703	11.2596464157104	-897.004516601562	139.565872192383	-59.8842620849609	-882.569030761719	141.155502319336	-58.1755027770996	-882.516540527344	144.557479858398	-50.4814796447754	-879.878234863281	147.313262939453	-38.6812400817871	-878.824340820312	143.887130737305	-13.0368394851685	-881.520080566406	140.265426635742	-7.99738216400146	-884.690490722656	134.845199584961	-49.3208427429199	-904.29541015625	133.314849853516	-25.4202785491943	-924.440307617188	145.286926269531	-21.2109661102295	-936.12451171875	161.524383544922	-15.3316993713379	-924.418334960938	170.723709106445	-2.85929656028748	-896.832153320312	165.384216308594	7.96156120300293	-896.060607910156	144.230895996094	-8.83446216583252	-906.509033203125	161.496765136719	28.4645957946777	-899.039855957031	147.1513671875	29.2593936920166	-890.096618652344	139.082397460938	36.3138961791992	-886.099426269531	137.796157836914	10.9376487731934	-896.81396484375
PRI-8083	125.702262878418	-53.9662437438965	-885.584045410156	126.000305175781	-47.621036529541	-892.564697265625	126.476409912109	-34.7514152526855	-911.060546875	127.404495239258	-11.6102418899536	-934.60009765625	127.62043762207	-7.73281192779541	-938.871154785156	131.376708984375	69.3630218505859	-905.25	129.60270690918	50.8285522460938	-885.544250488281	128.927612304688	36.3563346862793	-882.397216796875	127.969596862793	12.7596387863159	-901.304260253906	127.634521484375	-1.50260472297668	-888.883483886719	126.231246948242	-37.3204345703125	-888.523254394531	114.438751220703	-48.2167358398438	-886.261352539062	112.23258972168	-45.9091186523438	-885.9248046875	109.124847412109	-39.5780296325684	-883.381103515625	107.282470703125	-27.27685546875	-880.613525390625	111.479919433594	-0.608158528804779	-880.983215332031	115.852088928223	4.04773235321045	-884.023742675781	120.612602233887	-32.7466201782227	-908.549133300781	124.379615783691	-11.4392328262329	-925.753723144531	112.010543823242	-7.13759183883667	-934.35302734375	95.9540100097656	4.61491870880127	-926.919494628906	83.9130706787109	13.4588298797607	-898.782836914062	93.1125564575195	22.0298366546631	-897.650512695312	112.733291625977	5.60978603363037	-905.925109863281	99.5127487182617	42.5678558349609	-898.137634277344	113.090385437012	39.7021827697754	-886.938110351562	121.351974487305	45.2189178466797	-882.912475585938	120.820762634277	22.7448329925537	-895.388732910156	137.350280761719	-48.0043029785156	-885.781066894531	139.302322387695	-46.5019378662109	-884.370971679688	142.20036315918	-40.3641357421875	-881.586486816406	144.878829956055	-28.4953670501709	-879.484191894531	141.887588500977	-1.734170794487	-879.725036621094	139.18034362793	3.95915055274963	-883.12451171875	132.474899291992	-33.0565147399902	-908.131469726562	130.531280517578	-11.1460437774658	-926.093688964844	144.011947631836	-7.78184175491333	-935.264221191406	161.272323608398	1.19940447807312	-925.316162109375	172.112106323242	9.83957862854004	-898.208618164062	163.060180664062	19.89990234375	-896.332275390625	141.91731262207	4.21379613876343	-905.571166992188	158.955535888672	39.5855102539062	-897.011779785156	145.613830566406	39.1936798095703	-885.745544433594	136.421798706055	45.2170791625977	-882.865051269531	136.413223266602	22.3440189361572	-894.236328125
PRI-8084	129.302780151367	-54.0590057373047	-877.853149414062	129.202697753906	-47.5409393310547	-883.815795898438	NA	NA	NA	128.582550048828	-11.2446060180664	-930.93603515625	128.67790222168	-7.43097686767578	-935.335327148438	131.391265869141	70.5252227783203	-899.359436035156	131.274337768555	52.2314453125	-882.492919921875	130.414047241211	35.4098205566406	-879.197875976562	129.108245849609	11.9578533172607	-898.8955078125	129.532730102539	-2.20166110992432	-887.76025390625	129.137908935547	-36.9922294616699	-882.851196289062	NA	NA	NA	NA	NA	NA	NA	NA	NA	110.044082641602	-30.7372722625732	-873.321533203125	113.142570495605	-4.27788972854614	-874.322021484375	118.94637298584	2.59356880187988	-880.847106933594	NA	NA	NA	125.798927307129	-11.1423816680908	-922.783386230469	113.989166259766	-5.42766427993774	-933.330261230469	98.1032791137695	-1.34658014774323	-923.0625	NA	NA	NA	93.3741073608398	22.2531719207764	-890.638000488281	114.855209350586	3.87133526802063	-901.623901367188	99.4478607177734	42.4064903259277	-893.164611816406	115.852531433105	39.5225257873535	-882.962219238281	123.432800292969	44.4424476623535	-880.184692382812	123.152099609375	20.9245052337646	-890.486999511719	139.778366088867	-49.8827590942383	-878.839660644531	142.435501098633	-47.210620880127	-878.585632324219	148.49462890625	-39.552806854248	-875.705505371094	NA	NA	NA	146.668884277344	-4.58958005905151	-874.542419433594	141.392578125	2.3764283657074	-881.232299804688	NA	NA	NA	131.6630859375	-11.310585975647	-922.477355957031	143.8837890625	-6.65179586410522	-932.602661132812	159.908004760742	-3.968754529953	-922.640808105469	175.099655151367	7.23745536804199	-893.716186523438	167.943939208984	17.5750503540039	-892.154663085938	142.706527709961	2.03024816513062	-901.516540527344	162.473251342773	38.4497985839844	-894.324462890625	146.279281616211	38.4458045959473	-882.654052734375	138.739395141602	42.7045249938965	-879.846984863281	136.730361938477	20.1527862548828	-890.570129394531
PRI-8085	128.021026611328	-56.5611991882324	-850.221374511719	128.054153442383	-51.4814682006836	-856.07373046875	127.672706604004	-38.9459342956543	-873.405456542969	128.078155517578	-14.2403564453125	-895.7548828125	128.351531982422	-10.775164604187	-900.995300292969	NA	NA	NA	125.451148986816	53.416934967041	-851.875305175781	126.075469970703	38.0985870361328	-848.258544921875	127.30387878418	12.1971435546875	-862.682861328125	127.645446777344	-2.75195169448853	-853.126647949219	127.779846191406	-41.7786636352539	-853.127746582031	117.912590026855	-51.0816459655762	-852.132141113281	114.579528808594	-47.3314552307129	-850.797668457031	110.286163330078	-41.9941482543945	-848.879638671875	107.792724609375	-30.2315082550049	-846.926330566406	112.005317687988	-2.34078454971313	-844.385620117188	116.641662597656	2.4229896068573	-848.674865722656	121.815490722656	-37.7615623474121	-870.488830566406	125.204147338867	-13.4251489639282	-887.990234375	113.832344055176	-9.35706329345703	-900.147583007812	96.8700866699219	-2.68434596061707	-892.141357421875	84.2750701904297	7.31275606155396	-865.287170410156	90.3146591186523	19.785888671875	-863.393310546875	113.215385437012	2.42160964012146	-868.596923828125	95.3531494140625	40.2177276611328	-865.945861816406	111.788452148438	39.9938507080078	-852.153747558594	118.198524475098	47.3621482849121	-850.34130859375	120.348411560059	21.7703418731689	-858.458557128906	138.423629760742	-50.9337768554688	-850.580383300781	141.567718505859	-47.4298553466797	-848.379089355469	145.053085327148	-42.0421485900879	-847.054504394531	147.628662109375	-30.0287780761719	-845.659362792969	143.667007446289	-3.0087890625	-842.726013183594	139.289184570312	3.04807233810425	-847.85888671875	133.54345703125	-37.4043006896973	-870.324462890625	130.583480834961	-12.9132995605469	-888.320251464844	NA	NA	NA	NA	NA	NA	170.155731201172	10.3016357421875	-862.876403808594	162.953720092773	21.5258865356445	-861.356140136719	141.185104370117	3.63501691818237	-868.462280273438	157.954086303711	40.7878341674805	-863.949584960938	142.0517578125	40.780590057373	-850.097351074219	133.659164428711	47.3922462463379	-848.991149902344	134.365417480469	21.3427448272705	-857.899047851562
PRI-8086	125.297821044922	-59.0023994445801	-846.877136230469	125.470809936523	-53.0108184814453	-852.027038574219	126.172889709473	-40.7376098632812	-871.292846679688	128.916519165039	-17.0982437133789	-894.762512207031	129.383377075195	-14.2037601470947	-898.424621582031	127.783325195312	65.6234512329102	-859.64892578125	126.968566894531	46.8879127502441	-842.9482421875	126.994026184082	30.8162326812744	-842.088073730469	127.977806091309	6.06845712661743	-859.652160644531	127.479698181152	-8.69004344940186	-849.280090332031	125.790878295898	-43.2971725463867	-849.326049804688	115.361686706543	-53.4082069396973	-848.69091796875	114.470138549805	-51.6155128479004	-848.210754394531	109.783378601074	-44.8837013244629	-845.112121582031	106.881225585938	-35.1459541320801	-842.236877441406	110.930854797363	-9.82231998443604	-841.203247070312	115.672409057617	-4.05059432983398	-845.3017578125	120.576927185059	-39.6610374450684	-868.590209960938	125.567558288574	-16.9634246826172	-885.312316894531	113.516975402832	-12.9320049285889	-896.993713378906	97.581298828125	-6.16718626022339	-886.733520507812	83.9299774169922	4.07096385955811	-859.897155761719	90.293327331543	15.9426879882812	-856.923889160156	113.250389099121	-4.43938064575195	-865.720886230469	96.5999221801758	35.4344024658203	-857.478576660156	110.515815734863	34.2714309692383	-844.813415527344	118.657638549805	39.161319732666	-841.946105957031	120.945976257324	14.974609375	-852.828186035156	135.27473449707	-53.240650177002	-846.885314941406	136.932754516602	-51.8790740966797	-846.398132324219	140.924392700195	-45.925220489502	-842.997314453125	143.541656494141	-35.899658203125	-840.127197265625	142.239349365234	-10.4632625579834	-838.538818359375	137.661926269531	-3.98706436157227	-843.055786132812	131.884857177734	-39.8622169494629	-868.154602050781	131.476852416992	-17.0486869812012	-886.367614746094	144.885009765625	-13.167218208313	-895.543029785156	160.528518676758	-6.64264869689941	-882.209228515625	167.968231201172	3.304762840271	-855.896545410156	163.760894775391	15.809760093689	-851.828430175781	141.899612426758	-4.3316216468811	-863.832885742188	158.524719238281	34.949089050293	-853.266357421875	142.938629150391	33.1128234863281	-843.095520019531	135.341766357422	38.7808532714844	-840.377014160156	134.265701293945	15.1223430633545	-852.656188964844
PRI-8087	111.811302185059	-42.3552169799805	-894.274780273438	112.25186920166	-36.9075546264648	-900.59912109375	112.699684143066	-25.2714214324951	-917.841796875	113.840408325195	-6.89715766906738	-936.39794921875	113.866157531738	-4.06487464904785	-939.84326171875	118.390922546387	67.7945022583008	-905.545532226562	117.268112182617	50.5463447570801	-892.350708007812	115.683616638184	34.7770538330078	-891.214416503906	114.404350280762	13.980884552002	-905.586242675781	113.664329528809	-0.0547769032418728	-896.479370117188	112.146057128906	-30.1722450256348	-897.736022949219	103.205780029297	-37.6690292358398	-895.88525390625	101.364501953125	-35.4497413635254	-895.076965332031	98.753532409668	-31.9579010009766	-892.866760253906	95.709716796875	-23.1073932647705	-890.738647460938	99.0655899047852	-0.577354729175568	-887.640686035156	103.604019165039	5.01596069335938	-891.9580078125	108.219688415527	-25.9973564147949	-914.034790039062	111.699394226074	-6.84444046020508	-929.177124023438	101.498146057129	-0.89281815290451	-939.170776367188	87.8677825927734	5.38289356231689	-929.150268554688	76.3028717041016	14.2792558670044	-904.110717773438	83.3805160522461	23.8381671905518	-901.202697753906	101.185638427734	5.02286434173584	-909.619873046875	89.3719711303711	39.4480781555176	-902.249206542969	101.692840576172	38.873161315918	-892.206970214844	109.432907104492	43.8277702331543	-890.297302246094	109.082969665527	21.9840621948242	-899.038757324219	120.841346740723	-37.5337905883789	-895.278503417969	121.857040405273	-36.2446174621582	-894.265319824219	124.486396789551	-33.4239196777344	-892.356994628906	129.086853027344	-24.9138889312744	-890.586303710938	128.404861450195	-1.88810932636261	-887.320556640625	123.877426147461	4.20088958740234	-891.612609863281	117.279418945312	-26.614408493042	-913.722900390625	116.099884033203	-7.38358497619629	-929.569763183594	126.916999816895	-2.80334949493408	-938.624694824219	142.920318603516	0.771676480770111	-927.481079101562	153.846008300781	7.49292707443237	-903.849243164062	147.377655029297	19.9796524047852	-901.349853515625	126.806076049805	4.23216438293457	-909.593566894531	142.854721069336	35.2124633789062	-902.611145019531	130.110870361328	36.9744300842285	-892.45703125	124.038681030273	42.65771484375	-890.545959472656	120.756660461426	21.1511383056641	-899.2197265625
PRI-8091	136.81428527832	-66.1481628417969	-884.1533203125	137.449783325195	-59.6192245483398	-891.243896484375	137.825485229492	-46.9408836364746	-908.651977539062	138.829498291016	-17.6602516174316	-931.6923828125	139.076751708984	-13.3277950286865	-936.828308105469	147.224655151367	67.6037750244141	-901.135375976562	145.539352416992	44.3163909912109	-883.236328125	143.746658325195	28.3724517822266	-880.7978515625	140.546722412109	3.58959221839905	-897.154846191406	140.493301391602	-11.8158292770386	-887.109924316406	137.940002441406	-49.7031059265137	-887.083984375	126.441734313965	-60.0540466308594	-884.677124023438	123.366989135742	-55.382152557373	-882.459411621094	121.148361206055	-48.3254890441895	-879.922119140625	119.149681091309	-36.5396842956543	-877.107299804688	123.70433807373	-11.8672161102295	-873.762329101562	129.643646240234	-5.76682329177856	-880.231994628906	132.263778686523	-41.5439109802246	-906.765075683594	136.294738769531	-16.3130397796631	-924.452392578125	124.170150756836	-10.5280780792236	-935.104858398438	107.756942749023	-3.68668985366821	-924.210632324219	94.1584014892578	11.9261560440063	-896.133239746094	102.389472961426	18.9248447418213	-893.101318359375	125.297187805176	-2.471435546875	-901.66845703125	113.487922668457	38.139705657959	-894.153930664062	128.48747253418	33.1607360839844	-882.977172851562	138.097839355469	39.0230331420898	-880.711303710938	135.326812744141	15.1499423980713	-889.746398925781	148.210830688477	-61.2267951965332	-884.008850097656	152.204345703125	-57.7399253845215	-882.918090820312	155.043609619141	-51.4849243164062	-881.340393066406	158.873916625977	-40.3907852172851	-878.495300292969	157.336807250977	-15.0225219726562	-875.454833984375	152.123748779297	-7.79195404052734	-881.264953613281	143.356094360352	-41.8640937805176	-907.417907714844	142.025436401367	-17.2397937774658	-925.394104003906	154.965133666992	-12.3347826004028	-935.976989746094	172.507019042969	-11.7825345993042	-924.350769042969	188.992889404297	2.20898222923279	-898.148498535156	181.302093505859	12.0131816864014	-894.708740234375	155.355163574219	-5.36533403396606	-903.547607421875	175.441848754883	30.9082298278809	-896.672302246094	159.557403564453	30.3699131011963	-884.912048339844	152.362915039062	36.9931602478027	-880.731018066406	148.971954345703	13.1446361541748	-892.612487792969
PRI-8097	112.379455566406	-46.9708518981934	-850.312377929688	112.444770812988	-43.7820320129395	-855.484619140625	112.062408447266	-34.445556640625	-872.371154785156	111.953170776367	-14.6680154800415	-892.867126464844	111.812789916992	-11.3941831588745	-897.6279296875	114.778884887695	64.0979309082031	-865.614013671875	114.550071716309	47.6579704284668	-849.793029785156	113.904029846191	32.4673805236816	-846.498596191406	112.528053283691	8.76316738128662	-863.210998535156	113.080009460449	-3.40266251564026	-852.609191894531	112.478721618652	-34.8133659362793	-852.907348632812	102.817695617676	-41.989330291748	-850.395263671875	101.883361816406	-41.0322532653809	-850.071228027344	98.0772552490234	-36.5275535583496	-849.106628417969	94.9710083007812	-26.2728157043457	-846.271057128906	99.0414276123047	-3.00014519691467	-849.360534667969	102.558494567871	0.708866596221924	-849.451049804688	107.652725219727	-33.1413459777832	-869.564697265625	109.428604125977	-13.7659635543823	-885.569274902344	98.6926498413086	-8.52020740509033	-895.312622070312	84.936767578125	-0.305418938398361	-886.396667480469	75.062614440918	8.08328437805176	-863.317626953125	81.8303298950195	18.6879444122314	-859.732238769531	100.11173248291	0.610875248908997	-867.494812011719	86.4298477172852	35.7083511352539	-860.956237792969	99.1526489257812	35.6096000671387	-849.827087402344	106.923141479492	40.9731559753418	-846.985168457031	NA	NA	NA	122.497749328613	-42.1140823364258	-851.0927734375	123.43098449707	-41.1644668579102	-850.803161621094	NA	NA	NA	130.783950805664	-26.4955005645752	-847.025756835938	126.01496887207	-2.88424849510193	-849.204284667969	123.254211425781	0.900974333286285	-849.273559570312	117.080665588379	-32.7290954589844	-869.645385742188	114.54557800293	-14.2396039962769	-886.071166992188	125.585815429688	-9.28214836120606	-896.163818359375	139.872787475586	-2.61550641059875	-887.072021484375	151.018905639648	7.08863735198975	-862.552124023438	145.960601806641	16.6223754882812	-859.7841796875	126.360427856445	1.00809562206268	-868.2255859375	140.786758422852	33.6333198547363	-861.461608886719	128.881729125977	34.3737716674805	-850.337707519531	121.654335021973	40.8203468322754	-847.195495605469	119.178726196289	17.0938835144043	-857.246276855469
PRI-8099	134.391784667969	-68.4166107177734	-841.842834472656	133.787200927734	-60.3105010986328	-849.737365722656	133.168304443359	-45.6699371337891	-868.736755371094	133.019088745117	-18.8527870178223	-892.520446777344	132.917022705078	-14.153959274292	-897.56787109375	138.528503417969	65.602424621582	-854.407897949219	138.527221679688	44.9067001342773	-837.978576660156	137.593048095703	27.0424251556396	-836.382751464844	135.504547119141	3.74011015892029	-855.340026855469	135.783050537109	-12.1466722488403	-843.419494628906	134.83268737793	-50.6758728027344	-844.701110839844	122.676483154297	-62.0296287536621	-841.780944824219	119.987312316895	-59.8781280517578	-839.672973632812	117.890800476074	-53.437744140625	-835.275207519531	116.19278717041	-42.081127166748	-832.671936035156	118.792472839355	-15.074215888977	-830.795166015625	124.020538330078	-8.19772052764893	-836.2724609375	127.570106506348	-43.8138046264648	-865.467102050781	130.083251953125	-18.6791210174561	-883.104919433594	115.249519348145	-13.8685903549194	-893.444519042969	100.508117675781	-2.49839186668396	-883.073059082031	87.7100372314453	5.87407445907593	-849.85791015625	96.0575485229492	13.8988637924194	-848.760498046875	121.762619018555	-4.82907056808472	-860.391967773438	105.767127990723	35.1240348815918	-849.496032714844	121.406463623047	30.6155643463135	-838.249084472656	130.314300537109	35.555477142334	-835.495727539062	128.820037841797	12.1280126571655	-847.189880371094	145.497528076172	-61.939640045166	-842.699279785156	148.197021484375	-60.3750610351562	-841.20751953125	152.500930786133	-53.9862823486328	-837.5146484375	155.603652954102	-42.7131843566895	-836.11376953125	154.873779296875	-16.5750713348389	-832.588684082031	148.641494750977	-8.09875774383545	-837.828002929688	139.739593505859	-44.679027557373	-865.145385742188	136.82258605957	-18.6114196777344	-883.562377929688	151.618927001953	-13.9022264480591	-896.146118164062	168.265899658203	-4.23262023925781	-885.588806152344	183.451416015625	3.40950846672058	-855.029602050781	175.544906616211	12.2301187515259	-852.178894042969	149.985549926758	-4.21336841583252	-861.682373046875	169.022079467773	32.9653968811035	-852.845397949219	153.804733276367	29.8643646240234	-840.182189941406	145.808120727539	34.8641395568848	-836.363403320312	143.367401123047	11.5677070617676	-848.600219726562
PRI-8100	131.13298034668	-62.1035537719727	-849.032653808594	131.199890136719	-57.0697555541992	-856.0986328125	131.631393432617	-43.1302680969238	-873.926940917969	132.098678588867	-15.8423089981079	-894.694702148438	132.429580688477	-11.3428964614868	-899.271850585938	134.173583984375	66.6735534667969	-861.053283691406	134.26872253418	46.2997589111328	-845.293334960938	134.46467590332	30.8349990844727	-844.704345703125	133.105010986328	6.23388576507568	-861.234497070312	132.590072631836	-8.71485137939453	-850.663513183594	131.417510986328	-46.4735221862793	-852.330505371094	120.686454772949	-56.6838455200195	-849.984741210938	117.34513092041	-53.7601127624512	-848.259582519531	115.437294006348	-47.9892158508301	-845.548095703125	113.324890136719	-37.4860725402832	-843.766052246094	117.704200744629	-11.9595546722412	-839.749633789062	122.717826843262	-4.46816873550415	-845.1650390625	125.878623962402	-42.8560256958008	-870.141235351562	129.111083984375	-16.3912334442139	-887.929443359375	116.063339233398	-9.67656230926514	-898.095947265625	102.306686401367	-2.95729184150696	-887.456787109375	88.4318237304688	4.43227481842041	-859.477661132812	97.0594863891602	15.4463977813721	-856.769592285156	118.186088562012	-2.30394649505615	-866.731079101562	103.091934204102	34.8155746459961	-857.649597167969	118.007377624512	32.7667274475098	-846.971374511719	126.892776489258	39.1148529052734	-844.564086914062	126.831466674805	14.7086992263794	-854.615173339844	141.82991027832	-57.2165718078613	-849.842468261719	144.756134033203	-54.3384056091309	-848.293334960938	147.696182250977	-48.2377166748047	-845.303283691406	150.156036376953	-38.5491752624512	-842.753723144531	147.902694702148	-12.6107664108276	-839.672485351562	143.253601074219	-4.89249420166016	-844.891906738281	137.19172668457	-43.2203559875488	-869.437377929688	135.391815185547	-15.7178115844727	-887.73291015625	148.507568359375	-8.93554210662842	-898.197631835938	165.443115234375	-5.06025123596191	-886.655151367188	177.799209594727	5.37148380279541	-859.3125	169.433364868164	14.7653970718384	-856.46630859375	147.050811767578	-4.0022349357605	-866.546813964844	164.352691650391	34.1228713989258	-857.165710449219	150.36735534668	31.8790588378906	-846.54541015625	141.560272216797	38.7215385437012	-843.954406738281	140.445526123047	14.7094249725342	-855.476989746094
PRI-8101	NA	NA	NA	131.899642944336	-49.8508224487305	-894.099731445312	131.730346679688	-34.8210868835449	-913.306701660156	134.437118530273	-10.8303470611572	-935.128601074219	134.569641113281	-8.61765956878662	-939.358581542969	140.108917236328	69.9341201782227	-904.703796386719	137.690155029297	50.6863899230957	-887.809020996094	136.580780029297	34.0712127685547	-886.127807617188	135.679550170898	12.1629362106323	-903.513549804688	133.909805297852	-3.20870351791382	-892.452087402344	132.419647216797	-38.3166656494141	-891.108764648438	NA	NA	NA	NA	NA	NA	116.044326782227	-39.585620880127	-884.479248046875	113.451110839844	-27.1110515594482	-884.247131347656	119.123161315918	-0.98247104883194	-886.587341308594	123.070198059082	4.14588737487793	-887.409606933594	125.793701171875	-33.7315826416016	-910.355224609375	131.286865234375	-10.6470766067505	-927.036193847656	119.481330871582	-7.51241254806519	-936.823608398438	103.522399902344	3.02667546272278	-930.038757324219	92.023307800293	13.5386276245117	-904.309448242188	99.2824554443359	23.3543815612793	-902.158935546875	121.060394287109	4.72946166992188	-909.387084960938	106.860862731934	40.9340591430664	-901.350158691406	121.127250671387	38.5803527832031	-890.164672851562	129.529052734375	43.9117660522461	-885.152587890625	129.394958496094	21.9253482818604	-896.832275390625	NA	NA	NA	NA	NA	NA	149.108871459961	-41.6841735839844	-885.111938476562	151.904693603516	-29.620491027832	-884.10693359375	148.782119750977	-2.05171775817871	-886.216857910156	145.694671630859	2.16671299934387	-887.432434082031	138.434463500977	-34.6024742126465	-910.455627441406	137.055541992188	-10.9309511184692	-927.120483398438	149.593734741211	-8.96423244476318	-936.360473632812	166.336761474609	-1.02160501480103	-929.397827148438	179.342544555664	7.79223871231079	-901.508239746094	171.257446289062	19.3521556854248	-899.651977539062	148.515396118164	4.72711229324341	-909.453491210938	169.078750610352	37.4340362548828	-899.438659667969	153.074920654297	36.7853393554688	-888.829345703125	145.474029541016	43.336368560791	-885.093688964844	143.431793212891	20.7553005218506	-896.748962402344
PRI-8644	-1.12429535388947	-59.6619834899902	-1042.09033203125	-1.34608840942383	-55.5046501159668	-1034.45751953125	-1.11570572853088	-42.8160209655762	-1012.16674804688	-0.300983518362045	-17.6531963348389	-987.84912109375	-0.188855767250061	-13.8910436630249	-982.062744140625	4.74405574798584	72.2976837158203	-1014.59552001953	3.07585740089417	53.7473373413086	-1034.28332519531	2.27565383911133	36.2998085021973	-1038.09289550781	0.871005594730377	7.42270517349243	-1020.46789550781	0.47786945104599	-6.46647882461548	-1033.37780761719	-0.787952721118927	-42.6624755859375	-1036.15759277344	11.6763973236084	-54.6033363342285	-1038.97888183594	13.8441724777222	-52.7594261169434	-1038.98901367188	17.3654403686523	-43.4775543212891	-1042.076171875	20.2732543945312	-31.6769638061523	-1043.99584960938	17.420036315918	-4.93950271606445	-1042.95739746094	12.8214206695557	-0.696528017520905	-1039.71752929688	4.22805452346802	-39.8462600708008	-1013.40710449219	3.27560353279114	-16.657958984375	-995.464782714844	18.737699508667	-13.0363111495972	-985.548767089844	35.8735542297363	-7.0997428894043	-995.666748046875	48.8351936340332	6.89326524734497	-1025.25378417969	40.7631072998047	16.812406539917	-1025.84204101562	14.6221294403076	-2.25818634033203	-1019.25695800781	36.2567329406738	37.8337287902832	-1022.63952636719	21.8742733001709	39.3228912353516	-1034.02368164062	10.2401485443115	45.592098236084	-1037.75659179688	10.388222694397	18.6392402648926	-1029.67712402344	-13.2411241531372	-53.3395004272461	-1040.7568359375	-15.229718208313	-51.6415977478027	-1040.75939941406	-18.4158897399902	-42.0792350769043	-1043.28002929688	-20.8749580383301	-31.0150051116943	-1044.82312011719	-16.6814765930176	-4.37809753417969	-1043.55883789062	-11.7738647460938	0.0753602832555771	-1039.98559570312	-6.26009511947632	-40.2617607116699	-1013.85186767578	-3.76554226875305	-16.4136333465576	-995.674987792969	-18.0576477050781	-11.5440034866333	-986.127868652344	-34.9710998535156	-5.029860496521	-995.72314453125	-47.1222953796387	12.298059463501	-1025.41809082031	-36.6961975097656	19.9287357330322	-1026.22485351562	-15.297248840332	-1.04978895187378	-1018.90234375	-31.9858741760254	40.6291351318359	-1022.51159667969	-16.5462703704834	41.3041725158691	-1033.53918457031	-5.60788917541504	46.6140747070312	-1038.169921875	-6.80100154876709	19.58131980896	-1029.50634765625
PRI-8658	-2.03290677070618	-61.2285003662109	-1054.27038574219	-2.2098536491394	-55.4973335266113	-1045.64404296875	-1.17577314376831	-42.5384826660156	-1023.25	-0.823590338230133	-18.0237922668457	-993.315124511719	-0.714954316616058	-14.8374576568604	-987.351013183594	-1.97025609016418	76.4514389038086	-1014.15893554688	-2.01862239837646	60.4740142822266	-1038.26953125	-2.09167718887329	43.4866600036621	-1042.74133300781	-1.67618584632874	11.6955451965332	-1029.1083984375	-2.31578946113586	-3.20695757865906	-1040.66125488281	-2.45603084564209	-43.6932182312012	-1048.29235839844	9.8397855758667	-55.6166839599609	-1052.21838378906	13.0092620849609	-53.4149856567383	-1052.64587402344	15.7928524017334	-44.9212684631348	-1054.97583007812	16.8540382385254	-33.1605911254883	-1055.57824707031	14.7562704086304	-6.08329725265503	-1054.7138671875	10.0687675476074	1.78232145309448	-1048.35656738281	4.63810777664185	-41.9195327758789	-1025.90966796875	2.68911528587341	-16.2080192565918	-1001.07086181641	16.3468246459961	-12.8074083328247	-991.69384765625	33.9311561584473	-6.007643699646	-1002.19549560547	46.772289276123	13.1586580276489	-1030.91833496094	38.4035949707031	25.6419506072998	-1031.90588378906	13.364185333252	0.677771091461182	-1027.01257324219	32.9398994445801	46.9903030395508	-1027.78588867188	16.7430839538574	46.2095947265625	-1038.3466796875	6.27764177322388	53.8157081604004	-1041.26831054688	6.11503648757935	21.5699653625488	-1034.86767578125	-13.7202310562134	-55.488037109375	-1052.7958984375	-16.6588935852051	-53.8961067199707	-1053.31103515625	-20.0908107757568	-45.0647430419922	-1054.2568359375	-21.679573059082	-33.8911018371582	-1054.42370605469	-19.7952747344971	-6.55437231063843	-1054.09606933594	-14.4072284698486	2.1568615436554	-1046.90502929688	-6.92957019805908	-42.889461517334	-1025.15246582031	-4.19722986221313	-16.9303188323975	-1000.75268554688	-17.8894824981689	-13.4916009902954	-991.030334472656	-36.6072463989258	-7.00082111358643	-1001.93029785156	-48.8338584899902	11.8636455535889	-1029.19299316406	-41.6161003112793	26.2409362792969	-1029.97326660156	-15.9797048568726	-0.679636478424072	-1026.25134277344	-36.1617431640625	45.9733657836914	-1026.36669921875	-20.8055572509766	47.3691368103027	-1037.41748046875	-10.3775548934937	53.5544853210449	-1040.39575195312	-9.83789253234863	22.1462955474854	-1033.84753417969
PRI-8660	-0.9189173579216	-53.0425071716309	-1058.53442382812	-0.985666871070862	-48.6110916137695	-1050.93994140625	-0.131500959396362	-40.6152954101562	-1028.99401855469	1.07513165473938	-18.0010395050049	-1001.98187255859	1.22430527210236	-14.4284324645996	-997.376770019531	-1.83280003070831	70.7829360961914	-1027.93872070312	-2.20033836364746	53.1666717529297	-1046.64807128906	-1.68592619895935	36.3459167480469	-1048.80932617188	-1.16440224647522	8.61608123779297	-1035.39892578125	-0.981722474098206	-6.99836826324463	-1044.80029296875	-1.46678471565247	-39.9717674255371	-1052.88073730469	9.875168800354	-47.7674674987793	-1055.724609375	10.3952255249023	-46.4200325012207	-1056.45910644531	13.7048559188843	-41.4421043395996	-1058.30981445312	16.824878692627	-30.0823669433594	-1059.30505371094	15.082839012146	-4.76314735412598	-1056.90771484375	9.73093605041504	0.0268060080707073	-1052.55004882812	5.06670045852661	-40.2514190673828	-1032.11560058594	3.43714761734009	-17.9136619567871	-1010.52478027344	18.2595958709717	-12.4779644012451	-1001.05993652344	33.1460609436035	-5.05872678756714	-1014.34704589844	41.3629684448242	6.78946924209595	-1040.12854003906	35.4923324584961	15.3547811508179	-1039.68725585938	13.7419757843018	-1.52239918708801	-1033.05993652344	30.2939414978027	36.7190017700195	-1036.31188964844	16.9464321136475	38.7275314331055	-1047.23474121094	6.85286092758179	46.535457611084	-1050.33728027344	5.98126411437988	15.7118349075317	-1041.37878417969	-11.6517114639282	-48.6501197814941	-1056.25305175781	-12.5783586502075	-47.6276054382324	-1056.98828125	-15.7646780014038	-42.5142211914062	-1058.16296386719	-18.8477058410645	-31.9508457183838	-1058.74169921875	-18.8321952819824	-6.47177743911743	-1056.36499023438	-13.5305624008179	-0.579909861087799	-1051.57275390625	-5.75081062316895	-40.6023750305176	-1031.96728515625	-2.68495202064514	-18.466064453125	-1010.59930419922	-16.3797512054443	-12.8686685562134	-1000.18298339844	-32.8151473999023	-6.48756408691406	-1012.32745361328	-43.9280128479004	4.50562906265259	-1037.44641113281	-38.4299468994141	14.614914894104	-1037.23510742188	-15.8311824798584	-2.85735583305359	-1031.81652832031	-32.5129776000977	34.4758758544922	-1034.89953613281	-21.3966674804688	36.705924987793	-1045.109375	-10.5322351455688	46.2926139831543	-1049.50744628906	-9.09865093231201	15.5765151977539	-1041.4296875
PRI-8666	-1.91439592838287	-48.3734436035156	-1192.78454589844	-1.92206633090973	-43.3745498657227	-1185.38818359375	-1.74805688858032	-34.5974998474121	-1166.513671875	-1.12227010726929	-18.5832748413086	-1143.57287597656	-1.13948547840118	-15.4448871612549	-1136.69946289062	-4.18617296218872	66.2088088989258	-1167.58654785156	-4.2827672958374	45.3561019897461	-1185.3076171875	-3.80881118774414	29.293830871582	-1186.73742675781	-3.03914713859558	8.81047439575195	-1173.67004394531	-2.90993165969849	-3.52713227272034	-1181.50634765625	-2.27280783653259	-33.9912872314453	-1186.78454589844	7.9885835647583	-43.0124778747559	-1192.0419921875	9.44735717773438	-41.8502540588379	-1192.10107421875	11.5049419403076	-37.7482643127441	-1193.87109375	14.3471584320068	-27.8447151184082	-1194.94287109375	11.627345085144	-2.80935883522034	-1190.99377441406	7.20851993560791	1.29470276832581	-1187.47546386719	3.20968317985535	-32.433952331543	-1167.70349121094	1.80015301704407	-16.9333896636963	-1150.46435546875	14.8885145187378	-13.6660022735596	-1141.82836914062	28.4387989044189	-6.36648607254028	-1153.02136230469	36.4523315429688	10.2912158966064	-1178.36999511719	31.3589191436768	17.4049549102783	-1178.30053710938	12.2390537261963	-0.116364620625973	-1170.37829589844	26.128511428833	35.8343544006348	-1176.39770507812	12.7758016586304	32.6363716125488	-1186.15112304688	2.95216822624207	38.0626792907715	-1187.20068359375	3.60929799079895	14.4274101257324	-1179.14184570312	-11.9304132461548	-43.3905181884766	-1191.75024414062	-12.8535232543945	-42.3861274719238	-1191.84020996094	-15.4950380325317	-38.0698852539062	-1193.41320800781	-18.7804183959961	-28.0000801086426	-1194.00732421875	-17.8730983734131	-3.70878863334656	-1189.46643066406	-13.2016725540161	0.700919270515442	-1186.77197265625	-6.50626039505005	-33.1456871032715	-1167.80432128906	-4.56980228424072	-16.9830913543701	-1150.12829589844	-17.209939956665	-13.6154336929321	-1140.390625	-31.4429798126221	-7.6093807220459	-1150.50109863281	-41.6063270568848	6.6043496131897	-1175.16149902344	-36.8035202026367	15.8114976882935	-1176.10046386719	-16.2296466827393	-1.54816913604736	-1168.5927734375	-32.8422508239746	33.410285949707	-1174.48107910156	-19.5701160430908	32.4812355041504	-1184.90502929688	-11.4825687408447	37.9487457275391	-1187.13134765625	-9.96977138519287	14.5128307342529	-1178.67712402344
PRI-8873	-0.0771919563412666	-58.1330223083496	-1030.58715820312	-0.351502537727356	-52.8378677368164	-1024.88256835938	-1.00560760498047	-40.2257804870605	-997.255798339844	-1.21675181388855	-16.2062644958496	-973.692077636719	-1.16212499141693	-13.2553129196167	-967.816711425781	-2.15156388282776	74.9493026733398	-1001.60638427734	-0.854228019714355	60.480339050293	-1021.52728271484	-0.554372370243073	41.1513023376465	-1025.12646484375	-1.06626737117767	13.7592906951904	-1011.03472900391	-0.409409314393997	-5.01375150680542	-1021.26324462891	-0.604084730148315	-39.6027374267578	-1026.82373046875	11.2691135406494	-51.8102798461914	-1029.037109375	12.4698276519775	-50.2154922485352	-1029.07141113281	16.077751159668	-43.6816482543945	-1031.58947753906	19.2601566314697	-30.9193267822266	-1032.7578125	17.4608821868896	-6.13988876342773	-1033.0107421875	12.9031963348389	2.92272019386292	-1027.11206054688	5.0934009552002	-39.1816940307617	-1002.68872070312	1.60748684406281	-14.6893577575684	-981.233459472656	16.0108337402344	-9.59777355194092	-971.218505859375	31.2708854675293	-6.21367120742798	-981.027587890625	NA	NA	NA	38.1943626403809	22.9827671051025	-1009.9482421875	14.2429294586182	3.46655106544495	-1003.77844238281	32.7167663574219	44.8549842834473	-1008.11669921875	16.045482635498	45.9396820068359	-1023.09588623047	7.57661628723145	51.5235214233398	-1025.28857421875	7.06235933303833	21.931619644165	-1015.86962890625	-11.5341777801514	-52.0413131713867	-1031.64501953125	-14.9290533065796	-49.9443740844727	-1031.97265625	-17.1682891845703	-43.107967376709	-1034.2529296875	-20.4747791290283	-32.1293258666992	-1034.64282226562	-18.9463424682617	-8.01681995391846	-1034.13464355469	-14.1512050628662	2.24442172050476	-1028.40783691406	-6.83404588699341	-37.5068855285645	-1001.3369140625	-4.60831260681152	-14.0716857910156	-981.209045410156	-17.47239112854	-10.5103416442871	-971.699035644531	-34.0614128112793	-7.29169702529907	-983.910583496094	-50.6170196533203	9.4087963104248	-1010.77215576172	-41.4585189819336	23.1990985870361	-1012.33459472656	-16.2267570495605	2.92390251159668	-1003.7783203125	-34.4418754577637	43.9875793457031	-1010.92529296875	-18.4202976226807	44.9493179321289	-1024.04455566406	-9.69692516326904	50.6028137207031	-1025.5009765625	-8.75847053527832	22.1212139129639	-1016.79156494141
PRI-8885	-0.579820215702057	-61.5263938903809	-1026.49279785156	-0.929800987243652	-56.2988052368164	-1017.552734375	-1.74293076992035	-42.9282684326172	-995.824035644531	-2.10493850708008	-17.3974876403809	-973.666687011719	-2.13238334655762	-12.3675584793091	-967.193176269531	0.109496340155602	73.8916015625	-1011.15264892578	-0.538943886756897	54.0758819580078	-1024.74243164062	-0.216505467891693	33.8862686157227	-1025.38000488281	-0.55325847864151	10.9807615280151	-1008.16827392578	-0.485065817832947	-6.24757719039917	-1018.14416503906	-0.317472159862518	-43.4884262084961	-1019.92291259766	11.2199211120605	-56.8059577941895	-1025.02844238281	14.2165412902832	-54.1387939453125	-1025.47961425781	17.2415008544922	-47.6230926513672	-1028.71215820312	19.6061210632324	-36.2582778930664	-1030.42492675781	18.1559066772461	-9.08450222015381	-1031.04833984375	12.5725831985474	-0.64499568939209	-1025.50537109375	4.0470552444458	-41.1801261901855	-998.848571777344	1.33829379081726	-15.766224861145	-978.756713867188	16.369119644165	-10.1433515548706	-969.721374511719	36.1586608886719	-3.20300245285034	-983.580932617188	48.0669021606445	6.9351658821106	-1013.67779541016	39.7753601074219	19.2065372467041	-1013.20745849609	15.7544260025024	-0.457624286413193	-1002.83123779297	32.4413223266602	38.5003776550293	-1012.74981689453	19.4379367828369	38.5474586486816	-1022.75	8.49165630340576	44.174861907959	-1025.87292480469	7.62673711776733	18.556037902832	-1014.83160400391	-11.8612976074219	-56.4076156616211	-1025.59484863281	-14.299201965332	-51.9506530761719	-1026.83227539062	-17.7069797515869	-47.5492095947266	-1029.23913574219	-19.8907527923584	-35.6980819702148	-1030.35510253906	-18.2298774719238	-8.94231128692627	-1031.54248046875	-12.9227056503296	-0.287388354539871	-1025.94873046875	-6.45933437347412	-41.2916831970215	-999.17822265625	-5.61885356903076	-15.6407270431519	-978.998229980469	-20.5954666137695	-9.6031608581543	-970.505554199219	-38.8167343139648	-1.30877292156219	-983.743835449219	-49.7907638549805	8.73979663848877	-1016.38238525391	-40.9488296508789	20.1203556060791	-1015.21398925781	-16.2506122589111	0.583058893680573	-1003.57214355469	-34.6713790893555	38.4654121398926	-1013.50396728516	-17.9659328460693	38.4609603881836	-1023.70739746094	-8.95405673980713	44.0091857910156	-1026.74865722656	-9.22089672088623	18.3821487426758	-1015.10577392578
PRI-8886	-1.4038577079773	-65.6663131713867	-1126.73828125	-1.35784351825714	-59.9674682617188	-1119.57507324219	0.611313045024872	-45.2333564758301	-1099.71081542969	0.943904995918274	-20.7602386474609	-1078.263671875	1.19605576992035	-17.288158416748	-1073.16394042969	-4.3556752204895	66.2554473876953	-1110.10913085938	-5.97499990463257	44.607723236084	-1128.37060546875	-4.89484786987305	27.132209777832	-1129.15344238281	-2.8764328956604	4.81545925140381	-1114.51489257812	-3.5067150592804	-11.8120489120483	-1122.59973144531	-1.52986299991608	-50.5474548339844	-1123.51794433594	9.79726219177246	-59.6746673583984	-1125.96240234375	12.5972423553467	-57.3133697509766	-1127.39074707031	14.3992214202881	-50.7600402832031	-1130.57580566406	16.5720500946045	-40.2295265197754	-1133.19885253906	14.077465057373	-14.5526084899902	-1135.61645507812	8.71404552459717	-5.51012086868286	-1130.58410644531	5.15989923477173	-43.8530731201172	-1103.48742675781	3.71611881256104	-20.3867454528809	-1086.97998046875	19.100959777832	-14.6786375045776	-1079.52661132812	34.2901229858398	-5.65747451782227	-1088.38415527344	45.9634132385254	5.69344997406006	-1118.93774414062	35.8722229003906	16.503532409668	-1119.60205078125	14.8407516479492	-4.5321192741394	-1109.97448730469	28.5905494689941	34.6807518005371	-1119.53051757812	12.9737529754639	31.2983493804932	-1128.71057128906	2.22702145576477	37.2280960083008	-1130.53381347656	4.46772718429565	11.5396480560303	-1121.63513183594	-12.3194999694824	-61.0917510986328	-1123.45166015625	-15.2006540298462	-58.60498046875	-1124.63403320312	-18.9991970062256	-51.161018371582	-1127.2529296875	-21.9374713897705	-41.4694061279297	-1130.18444824219	-21.7392292022705	-15.7813968658447	-1133.51831054688	-16.3370494842529	-6.34749603271484	-1128.572265625	-4.65392827987671	-44.613208770752	-1102.41259765625	-2.83061385154724	-21.0398235321045	-1086.36682128906	-17.0289402008057	-15.3334226608276	-1076.56518554688	-34.7954177856445	-8.01846885681152	-1082.8193359375	-52.5231132507324	2.07002973556519	-1108.64599609375	-42.478931427002	14.1336269378662	-1113.36413574219	-16.9784812927246	-6.12016773223877	-1107.46850585938	-37.6887168884277	32.3885917663574	-1113.82153320312	-22.6625175476074	30.2963676452637	-1126.53137207031	-13.5660734176636	36.6913642883301	-1129.66125488281	-12.1508626937866	10.3883419036865	-1119.97033691406
PRI-8889	-1.31457686424255	-64.0651092529297	-1084.4931640625	-0.801457107067108	-58.0489883422852	-1077.73229980469	-0.873840510845184	-41.2318801879883	-1058.97448730469	-1.50312960147858	-14.0390930175781	-1040.10583496094	-1.64226806163788	-9.56084728240967	-1034.83654785156	-4.36893224716187	71.6467514038086	-1080.0029296875	-3.97710967063904	49.6615219116211	-1094.81201171875	-2.59503841400146	31.8011207580566	-1096.11572265625	-1.78553748130798	9.01313972473145	-1076.04406738281	-1.35316014289856	-7.56703090667725	-1085.20788574219	-0.712627291679382	-47.2614631652832	-1082.40966796875	8.99944591522217	-58.839282989502	-1084.00720214844	12.4319257736206	-54.7696495056152	-1085.55627441406	14.908205986023	-47.6551208496094	-1087.99816894531	17.5173530578613	-38.0969581604004	-1092.37780761719	16.7482852935791	-13.1905755996704	-1097.51232910156	11.2472476959229	-2.54893326759338	-1093.26745605469	5.16201448440552	-39.9235076904297	-1062.27661132812	1.97590124607086	-14.967493057251	-1047.94665527344	17.2227935791016	-6.37148094177246	-1039.96960449219	33.0214805603027	1.03143012523651	-1049.74609375	46.832878112793	11.417649269104	-1078.447265625	38.0136909484863	21.2406463623047	-1080.88391113281	16.6351089477539	0.199572771787643	-1070.55297851562	28.7836246490479	41.5313377380371	-1082.14196777344	15.1916618347168	35.680534362793	-1095.01574707031	4.07518863677979	41.6094055175781	-1096.6806640625	5.76560163497925	15.6232004165649	-1084.62194824219	-11.3100757598877	-59.5275535583496	-1082.67785644531	-14.2522840499878	-55.9765701293945	-1084.55029296875	-17.6417713165283	-49.2125511169434	-1087.33959960938	-20.93994140625	-39.2320098876953	-1091.25048828125	-20.4779167175293	-14.5868005752563	-1096.85607910156	-15.2912359237671	-3.43851804733276	-1092.94213867188	-6.56449699401855	-40.5174674987793	-1062.68859863281	-4.85400438308716	-15.0181083679199	-1047.22717285156	-19.3472557067871	-7.97005033493042	-1039.15966796875	-36.9179458618164	-2.12314009666443	-1047.79821777344	-52.9871597290039	7.1779408454895	-1077.12072753906	-43.3625640869141	18.7316741943359	-1080.30346679688	-19.813663482666	-1.50517594814301	-1070.80993652344	-37.0577659606934	37.4368057250977	-1081.99377441406	-20.5047473907471	34.0493698120117	-1093.20080566406	-10.4490613937378	42.0842018127441	-1096.3251953125	-9.84152030944824	15.0204858779907	-1084.22241210938
PRI-8892	-1.44474756717682	-66.0747985839844	-1084.00854492188	-1.84109389781952	-60.2273063659668	-1074.85717773438	-1.63108229637146	-43.6432647705078	-1055.345703125	-2.48695921897888	-19.3981266021729	-1033.55554199219	-2.59723258018494	-16.1697292327881	-1028.3720703125	-4.94173240661621	64.0642547607422	-1063.06945800781	-4.41072416305542	43.9502830505371	-1080.31005859375	-4.10322284698486	27.0120849609375	-1083.41369628906	-3.24541234970093	4.20719385147095	-1069.16528320312	-3.20017457008362	-11.9434633255005	-1077.48376464844	-2.40031290054321	-51.1729049682617	-1079.86584472656	9.02649593353271	-60.3046340942383	-1081.025390625	11.2272005081177	-57.5352935791016	-1082.48388671875	14.7208518981934	-49.9694023132324	-1084.29956054688	16.1835956573486	-39.3647117614746	-1087.11059570312	14.7680006027222	-12.9140434265137	-1089.41687011719	9.69599628448486	-5.89805793762207	-1085.45532226562	3.73250269889832	-42.7479248046875	-1058.16284179688	0.299320071935654	-19.1569480895996	-1041.64294433594	14.6003246307373	-14.2220468521118	-1032.38293457031	31.3642120361328	-8.29571723937988	-1041.59362792969	44.7495574951172	5.80586338043213	-1069.41247558594	35.3582038879395	16.2615852355957	-1070.91674804688	14.5382566452026	-4.73935127258301	-1062.970703125	27.8759155273438	35.1148147583008	-1071.44970703125	13.7764282226562	29.0047855377197	-1081.07641601562	2.7877950668335	35.5884399414062	-1084.06567382812	4.97557067871094	9.53133678436279	-1074.9619140625	-12.6844654083252	-61.7193870544434	-1081.02099609375	-15.1035165786743	-58.8015556335449	-1080.81567382812	-19.2549953460693	-51.4049110412598	-1083.29150390625	-21.651481628418	-40.8616256713867	-1086.69104003906	-21.2959537506104	-14.2232627868652	-1088.34143066406	-16.8884811401367	-6.54433107376099	-1084.40893554688	-7.31330633163452	-44.0507392883301	-1058.83288574219	-5.40692329406738	-19.2618560791016	-1041.30859375	-18.3466453552246	-14.8674240112305	-1031.68078613281	-35.8959045410156	-9.99432849884033	-1039.13500976562	-50.6947288513184	1.97364497184753	-1068.89379882812	-41.7197151184082	13.7830419540405	-1069.6513671875	-19.6345748901367	-4.72439289093018	-1061.9287109375	-36.5600090026855	31.9150657653809	-1070.1005859375	-21.987491607666	28.7907104492188	-1080.42138671875	-11.4598188400269	35.0405807495117	-1084.10888671875	-11.9548645019531	9.14439868927002	-1073.73510742188
PRI-8893	-1.1007354259491	-63.0223731994629	-1078.01208496094	-1.35776698589325	-59.1289100646973	-1070.22290039062	-1.33702790737152	-43.6295204162598	-1048.12316894531	-1.97866272926331	-21.391975402832	-1027.99145507812	-2.1124804019928	-18.3377380371094	-1023.02038574219	2.12378859519958	64.9166030883789	-1053.2138671875	1.33766078948975	47.8823928833008	-1074.02648925781	1.00931715965271	30.6647071838379	-1076.71643066406	-0.351662278175354	5.05956125259399	-1062.44909667969	-0.328392654657364	-10.2381753921509	-1071.80676269531	-0.646569848060608	-47.0978546142578	-1072.73693847656	9.61342620849609	-58.5110778808594	-1074.59741210938	12.4549837112427	-55.1483688354492	-1075.75207519531	15.4818668365479	-49.142765045166	-1078.44836425781	19.1302623748779	-37.7728729248047	-1079.44274902344	17.9115352630615	-12.8601598739624	-1082.86071777344	12.5135717391968	-4.89535617828369	-1078.24328613281	3.54731965065002	-42.6559982299805	-1051.81237792969	1.1964385509491	-21.3047561645508	-1034.95178222656	15.4830131530762	-16.623929977417	-1026.59155273438	33.6510620117188	-8.51904582977295	-1034.96740722656	47.3980979919434	1.1877030134201	-1059.55395507812	39.7668609619141	14.4102163314819	-1060.82348632812	17.0745220184326	-5.33501386642456	-1057.548828125	32.5131683349609	34.1008148193359	-1060.46557617188	19.059497833252	31.9613647460938	-1073.74694824219	8.91784381866455	40.8997840881348	-1076.8876953125	8.40049648284912	12.0762405395508	-1068.45336914062	-11.792407989502	-56.9741020202637	-1075.11340332031	-14.377854347229	-53.898307800293	-1075.38610839844	-16.6519889831543	-46.933048248291	-1079.46862792969	-18.8464183807373	-35.9377403259277	-1081.6171875	-16.9257011413574	-10.4653329849243	-1084.74194335938	-12.1470708847046	-2.93519377708435	-1078.71337890625	-6.49432611465454	-42.2093658447266	-1052.45092773438	-4.97127723693848	-21.0542240142822	-1036.4423828125	-18.5857391357422	-15.1196641921997	-1026.93530273438	-36.5956497192383	-5.52801084518433	-1036.39562988281	-47.2675132751465	4.50841569900513	-1062.97521972656	-37.6004180908203	17.3590679168701	-1063.30529785156	-16.9054508209229	-3.4385359287262	-1057.94213867188	-29.5947856903076	36.7364730834961	-1063.27966308594	-16.9915790557861	34.5808143615723	-1075.38720703125	-6.63540172576904	40.6477355957031	-1077.92175292969	-7.41289281845093	13.5269718170166	-1068.61120605469
PRI-8895	-2.83755970001221	-55.6202201843262	-1095.93115234375	-3.5116753578186	-48.1991348266602	-1089.32922363281	-2.71934390068054	-38.1499786376953	-1072.01232910156	-3.17168140411377	-21.5647964477539	-1051.67102050781	-3.36403965950012	-19.0070381164551	-1046.51806640625	-1.64177191257477	58.9682388305664	-1079.06713867188	-2.18959426879883	40.7440147399902	-1092.83801269531	-2.54569840431213	23.4223232269287	-1096.09057617188	-2.43670034408569	2.68257236480713	-1081.83532714844	-2.78651094436646	-10.3107786178589	-1090.64965820312	-3.22164058685303	-41.2826271057129	-1092.00354003906	6.72751235961914	-51.4435157775879	-1094.38757324219	7.62182521820068	-50.1062850952148	-1094.40637207031	NA	NA	NA	15.356050491333	-37.0356025695801	-1098.99963378906	14.0530233383179	-13.598539352417	-1100.58142089844	8.71987533569336	-6.38454675674438	-1096.40649414062	2.23894929885864	-38.0616455078125	-1074.91918945312	0.043887410312891	-20.8679542541504	-1057.68469238281	13.8969869613647	-15.7741813659668	-1049.00085449219	27.7596607208252	-10.9203453063965	-1058.2138671875	38.8577423095703	2.9406681060791	-1082.703125	32.8017997741699	11.649112701416	-1083.53967285156	13.416130065918	-6.48247861862183	-1077.26220703125	27.0129375457764	28.9158554077148	-1083.17297363281	13.856897354126	25.3773632049561	-1093.10827636719	5.8918023109436	31.4600734710693	-1095.43103027344	3.66976976394653	8.59111213684082	-1088.30126953125	-12.3737134933472	-51.8225517272949	-1094.01098632812	-12.8749141693115	-50.6286926269531	-1094.08251953125	NA	NA	NA	-20.9247074127197	-37.1561088562012	-1099.05554199219	-19.55788230896	-13.7312107086182	-1101.6572265625	-14.5839834213257	-6.15983057022095	-1097.16845703125	-7.57156658172607	-37.7948417663574	-1075.0185546875	-5.40128517150879	-20.6565856933594	-1057.61206054688	-18.8679122924805	-16.0633125305176	-1049.15673828125	-33.1396064758301	-11.1740980148315	-1058.98913574219	-43.6662940979004	0.878969669342041	-1083.76782226562	-36.9200820922852	12.6582098007202	-1084.13610839844	-17.7320594787598	-7.31130266189575	-1077.98217773438	-31.7706699371338	29.4566173553467	-1084.03515625	-17.4175128936768	25.5307025909424	-1093.92858886719	-9.36084270477295	32.0574684143066	-1094.86938476562	-9.28793716430664	8.65592956542969	-1087.75708007812
PRI-8896	-1.3595370054245	-54.3728218078613	-1083.20812988281	-1.58176124095917	-48.9337310791016	-1077.0458984375	-1.44297170639038	-35.5331001281738	-1060.04028320312	-2.57462573051453	-16.0531406402588	-1040.75549316406	-2.82208132743835	-12.4526681900024	-1036.31433105469	-4.60614156723022	63.1290397644043	-1069.85266113281	-4.5309681892395	45.3035202026367	-1085.251953125	-3.7719841003418	28.8250827789307	-1088.63293457031	-3.52101469039917	6.49422264099121	-1072.65600585938	-3.07252407073975	-7.63780355453491	-1081.16430664062	-1.71539044380188	-39.4054527282715	-1080.49621582031	8.2223711013794	-48.8061485290527	-1081.29138183594	9.24628162384033	-47.4292068481445	-1081.89025878906	12.4737720489502	-42.9714813232422	-1084.38647460938	16.0013389587402	-33.865608215332	-1087.32763671875	13.731728553772	-8.86997890472412	-1091.28881835938	8.43500900268555	-3.10590314865112	-1087.66003417969	2.53406667709351	-34.7246780395508	-1062.54028320312	0.377529233694077	-15.4901428222656	-1047.63110351562	13.3818159103394	-11.170126914978	-1039.54479980469	29.0286865234375	-6.17714309692383	-1049.10705566406	38.5420875549316	4.24484968185425	-1073.96032714844	32.1377029418945	16.4926471710205	-1074.06677246094	11.8715448379517	-2.46409273147583	-1068.41442871094	25.4382133483887	33.4603424072266	-1074.29345703125	11.8528900146484	31.6033458709717	-1085.81140136719	2.89181280136108	38.1553192138672	-1087.69995117188	2.95689821243286	12.0297069549561	-1078.92919921875	-11.4040775299072	-49.3068351745605	-1082.17590332031	-12.7137517929077	-47.9215621948242	-1082.34020996094	-16.5530891418457	-43.4030075073242	-1084.72521972656	-20.422492980957	-34.4212226867676	-1087.59851074219	-19.6829643249512	-9.20163822174072	-1090.94934082031	-15.7431364059448	-4.27817010879517	-1087.20104980469	-6.17392110824585	-35.5661773681641	-1063.19616699219	-5.5865364074707	-16.1278610229492	-1048.25549316406	-18.2220134735107	-11.2798118591309	-1039.705078125	-34.4678001403809	-7.42919635772705	-1048.71813964844	-46.582447052002	5.56388187408447	-1072.0244140625	-38.7044258117676	15.0691537857056	-1074.24694824219	-17.8227653503418	-3.16572332382202	-1068.63488769531	-33.4780960083008	32.3349685668945	-1075.04907226562	-20.8728179931641	30.6102142333984	-1085.09924316406	-11.9172782897949	37.1279945373535	-1088.23364257812	-10.4213190078735	10.9836730957031	-1078.72473144531
PRI-8902	-2.02888679504395	-38.7342987060547	-1169.14489746094	-2.01529335975647	-35.8335838317871	-1160.52355957031	-1.69163835048676	-27.0965824127197	-1140.90698242188	-0.714651167392731	-12.5820951461792	-1118.08959960938	-0.74393880367279	-10.3272352218628	-1112.28173828125	1.68598651885986	71.0686416625977	-1141.3017578125	0.210514888167381	53.5970344543457	-1155.7958984375	-0.730704843997955	36.9854774475098	-1159.81494140625	-0.671173214912415	13.686222076416	-1148.36730957031	-0.747140288352966	1.72720682621002	-1158.97875976562	-1.96737134456635	-27.3219623565674	-1163.41931152344	6.16903734207153	-36.0717582702637	-1166.10607910156	6.49085092544556	-35.9291076660156	-1165.87548828125	10.6760377883911	-31.3538379669189	-1168.53100585938	NA	NA	NA	16.2958126068115	-0.292142182588577	-1168.35168457031	11.2717428207397	7.80523586273193	-1164.14916992188	3.32110595703125	-26.8139877319336	-1144.60046386719	2.07688879966736	-11.7416820526123	-1124.14978027344	15.5552082061768	-7.07603693008423	-1115.13159179688	30.3768749237061	-1.73520362377167	-1125.08813476562	40.1131858825684	12.2643213272095	-1147.220703125	35.4452362060547	24.1017189025879	-1147.28125	15.1793966293335	4.7004656791687	-1142.81616210938	31.0420227050781	40.5518493652344	-1145.00866699219	16.0766258239746	39.3510398864746	-1157.39538574219	7.34615993499756	46.5996246337891	-1159.18322753906	6.5476336479187	20.1316299438477	-1153.49963378906	-10.0959224700928	-36.1371726989746	-1167.09106445312	-10.6274299621582	-35.2410583496094	-1167.39611816406	-13.8615999221802	-31.6231708526611	-1168.22119140625	NA	NA	NA	-18.2949752807617	0.703383326530457	-1169.08984375	-12.8833751678467	7.89406681060791	-1164.60192871094	-6.02236986160278	-27.5178184509277	-1144.03234863281	-3.82971262931824	-11.7193050384521	-1124.10510253906	-16.4438095092773	-6.4602255821228	-1113.54711914062	-32.1176528930664	-0.409998059272766	-1125.36547851562	-43.9335899353027	14.8227825164795	-1147.74377441406	-35.9164848327637	25.7374496459961	-1148.33874511719	-16.7207355499268	4.68727159500122	-1143.97863769531	-31.2423915863037	42.3561897277832	-1145.68981933594	-17.2193775177002	41.618236541748	-1157.783203125	-7.21497917175293	46.9443206787109	-1159.06970214844	-7.40102005004883	20.44114112854	-1152.86743164062
PRI-8903	0.00575899006798863	-57.4480590820312	-1154.23901367188	-0.03607077896595	-53.2480010986328	-1146.73413085938	0.047186229377985	-42.3070983886719	-1127.97717285156	-1.11826610565186	-25.8029689788818	-1107.52038574219	-1.21956217288971	-22.888032913208	-1102.00927734375	-4.2912859916687	58.8874320983887	-1132.578125	-2.84226655960083	39.9830284118652	-1146.86413574219	-2.01413416862488	23.9628295898438	-1150.38781738281	-0.732857823371887	1.21625208854675	-1137.06079101562	-0.888184010982513	-12.3905754089355	-1146.40710449219	-0.0291978400200605	-44.2384757995605	-1149.65466308594	8.75080966949463	-52.817497253418	-1153.56140136719	10.0788040161133	-51.2619361877441	-1153.67395019531	13.0734014511108	-47.3665390014648	-1154.80578613281	17.077808380127	-36.9206314086914	-1156.05554199219	16.8144264221191	-13.7633972167969	-1156.34338378906	10.0070648193359	-6.01673269271851	-1152.06323242188	4.53641510009766	-41.7220230102539	-1130.92309570312	2.10889077186584	-24.0731143951416	-1114.4658203125	15.0208444595337	-20.4412441253662	-1105.65588378906	30.4111309051514	-12.2078275680542	-1114.98315429688	41.3231048583984	1.95883524417877	-1138.39501953125	34.0834007263184	13.144401550293	-1138.0263671875	13.8095169067383	-7.55374097824097	-1133.75708007812	27.8347511291504	29.8924255371094	-1135.47583007812	14.6101551055908	27.3709964752197	-1148.35229492188	5.15006923675537	32.8052368164062	-1150.060546875	5.90486907958984	6.51995801925659	-1142.48168945312	-8.66193866729736	-54.0163154602051	-1153.2880859375	-9.44474220275879	-51.4832763671875	-1153.99963378906	-13.2167682647705	-47.8750762939453	-1154.96789550781	-17.7218418121338	-37.7843971252441	-1156.46740722656	-18.8912677764893	-14.9912605285645	-1156.8447265625	-12.4016761779785	-7.10962438583374	-1152.81384277344	-4.85713195800781	-42.2114181518555	-1131.16906738281	-3.91546893119812	-24.4889831542969	-1113.83666992188	-16.6152153015137	-21.2568035125732	-1106.74987792969	-32.5594673156738	-14.2032165527344	-1115.55603027344	-44.4903793334961	-1.0616420507431	-1140.62145996094	-37.980842590332	10.0460653305054	-1139.48376464844	-15.6679944992065	-9.66685962677002	-1134.90844726562	-34.1349487304688	25.5520439147949	-1136.50573730469	-19.1744766235352	25.7627849578857	-1147.95727539062	-10.1662759780884	31.4176235198975	-1150.97680664062	-8.19995021820068	6.6488881111145	-1142.83801269531
PRI-8914	-1.25447261333466	-59.4640121459961	-1167.50720214844	-1.36730861663818	-53.0464782714844	-1158.18054199219	NA	NA	NA	-1.07115995883942	-16.9919700622559	-1112.75939941406	-0.877592921257019	-13.3265733718872	-1107.95434570312	-1.01446390151978	71.2188186645508	-1145.28088378906	-1.066690325737	51.1895942687988	-1160.37072753906	-1.15565657615662	33.5589027404785	-1163.84313964844	-1.13021945953369	9.03056240081787	-1147.591796875	-1.82809627056122	-6.23749542236328	-1159.328125	-1.65390419960022	-43.3829536437988	-1163.04565429688	8.77055740356445	-55.7017135620117	-1165.76196289062	11.3557720184326	-53.9724578857422	-1166.00512695312	13.785792350769	-46.0691261291504	-1169.18713378906	NA	NA	NA	16.2583103179932	-12.2332372665405	-1170.45764160156	9.8597354888916	-1.69691038131714	-1165.56433105469	3.96028518676758	-37.8266220092773	-1141.13720703125	1.44962191581726	-16.5866775512695	-1120.7802734375	16.4374904632568	-10.6482954025269	-1111.47375488281	34.902961730957	-3.85809063911438	-1121.04113769531	49.6206970214844	10.0499458312988	-1149.88732910156	37.6344375610352	22.5313053131104	-1151.62438964844	16.4417572021484	-0.484186440706253	-1143.64770507812	31.9409618377686	41.4406776428223	-1149.48278808594	15.2682857513428	36.5288963317871	-1161.68920898438	6.30169010162354	44.2095375061035	-1163.25402832031	5.54616546630859	16.6990165710449	-1153.58020019531	-11.3117952346802	-55.3143348693848	-1166.04382324219	-13.8292188644409	-53.9489135742188	-1166.10559082031	-17.4228668212891	-46.9181289672852	-1168.92663574219	-21.4120998382568	-36.1195640563965	-1170.55114746094	-19.7820892333984	-12.0644912719727	-1170.64526367188	-13.9980449676514	-2.50398468971252	-1164.89660644531	-6.75846672058105	-38.1305541992188	-1141.37963867188	-4.00334167480469	-16.8274841308594	-1120.85339355469	-17.3871288299561	-10.7826118469238	-1110.77941894531	-36.4819259643555	-2.46489644050598	-1119.90185546875	-51.9343070983887	10.3849678039551	-1147.36279296875	-40.8357810974121	22.8030319213867	-1150.73120117188	-19.2892723083496	-0.456065148115158	-1142.77392578125	-33.7489318847656	40.3577079772949	-1150.31958007812	-18.3240871429443	36.3389701843262	-1161.89489746094	-8.55458545684814	44.0353507995605	-1163.23400878906	-8.38930606842041	16.8456535339355	-1154.61743164062
PRI-8974	-1.31009101867676	-52.1772613525391	-1164.78137207031	-1.6986198425293	-49.0688934326172	-1156.89599609375	-1.51131093502045	-36.255241394043	-1134.84423828125	-1.24971532821655	-14.4868955612183	-1110.65588378906	-1.48222994804382	-11.2659225463867	-1106.00219726562	-2.44022822380066	76.1031646728516	-1137.5986328125	-1.89830589294434	58.2135467529297	-1155.27380371094	-1.9549298286438	39.9579086303711	-1158.67126464844	-1.00006628036499	15.2952728271484	-1144.96850585938	-1.48813664913177	-0.309978187084198	-1156.41088867188	-1.42557144165039	-38.1617202758789	-1159.34533691406	8.1521167755127	-47.8530235290527	-1161.81860351562	10.0252685546875	-45.6492729187012	-1160.08239746094	13.677209854126	-38.4182281494141	-1164.05700683594	17.778018951416	-29.1276721954346	-1166.87060546875	15.9732189178467	-3.85112762451172	-1168.45776367188	10.1851215362549	4.76973724365234	-1161.94140625	3.93190050125122	-34.7626419067383	-1137.4169921875	1.92328107357025	-14.8032331466675	-1119.36437988281	17.086820602417	-8.74525928497314	-1109.484375	31.983377456665	-1.55484080314636	-1116.7998046875	44.16943359375	15.5232362747192	-1144.96252441406	36.841064453125	28.1295413970947	-1144.72521972656	14.3300142288208	4.08196449279785	-1139.70446777344	29.9428596496582	46.9791107177734	-1143.353515625	16.3697986602783	44.4810638427734	-1156.89282226562	5.81035804748535	50.0804061889649	-1158.39270019531	6.12984991073608	22.7926082611084	-1151.45739746094	-11.5364398956299	-47.4971504211426	-1161.76721191406	-14.3589944839478	-45.0505142211914	-1161.54125976562	-17.5205955505371	-38.2686195373535	-1164.45422363281	-21.0765037536621	-27.5560607910156	-1167.40649414062	-19.5343761444092	-3.31712126731873	-1168.6201171875	-13.1326236724854	4.80582761764526	-1161.45947265625	-6.25266790390015	-34.8156585693359	-1137.24487304688	-4.4487133026123	-13.9933490753174	-1119.12780761719	-20.207405090332	-9.40750885009766	-1110.07702636719	-35.1019020080566	-2.71794939041138	-1118.20483398438	NA	NA	NA	-40.5438423156738	26.6151714324951	-1144.93090820312	-16.7935333251953	4.32202672958374	-1139.92321777344	-33.4408912658691	45.4077186584473	-1143.00256347656	-19.3641967773438	43.4558906555176	-1156.125	-9.36045455932617	49.8961753845215	-1158.63342285156	-8.43827629089355	22.4015331268311	-1150.56384277344
PRI-8981	-1.01443076133728	-56.0620498657227	-1082.087890625	-1.00251722335815	-51.7654838562012	-1074.08996582031	-1.00869965553284	-40.0095062255859	-1053.21850585938	-0.473928660154343	-22.7550563812256	-1033.49182128906	-0.632232367992401	-19.9506053924561	-1028.751953125	6.36588716506958	61.309383392334	-1062.09704589844	5.49029874801636	42.059497833252	-1077.072265625	4.63355493545532	26.9390258789062	-1080.87097167969	2.87082481384277	5.14877319335938	-1067.2841796875	1.57589602470398	-10.3938627243042	-1073.95153808594	-0.405911147594452	-42.436695098877	-1076.533203125	8.08494853973389	-52.1890678405762	-1080.99084472656	9.69709014892578	-49.739086151123	-1081.32946777344	NA	NA	NA	18.7656707763672	-36.1451835632324	-1083.13513183594	19.0208587646484	-12.8344087600708	-1085.193359375	14.9970064163208	-5.56373071670532	-1080.43420410156	3.96488785743713	-40.4075393676758	-1056.54016113281	3.40199255943298	-21.6751651763916	-1039.91809082031	17.4639511108398	-17.449857711792	-1031.16906738281	33.6657867431641	-11.62659740448	-1040.47045898438	45.84130859375	-3.13005900382996	-1065.68542480469	39.5925674438477	9.78620624542236	-1066.46643066406	18.337760925293	-6.88783311843872	-1059.1591796875	34.8087882995605	28.5977535247803	-1065.97314453125	21.2241344451904	27.5910186767578	-1078.49328613281	12.008975982666	35.3326377868652	-1080.13916015625	10.9185962677002	9.91176414489746	-1071.78698730469	-10.2681293487549	-50.7723808288574	-1080.99975585938	-11.5358114242554	-48.4037399291992	-1080.72387695312	NA	NA	NA	-17.8138637542725	-33.5618591308594	-1083.92761230469	-15.200644493103	-10.0029640197754	-1085.76843261719	-10.6267137527466	-3.34536218643188	-1080.51281738281	-5.77380180358887	-39.5346450805664	-1057.36804199219	-3.68375086784363	-21.3675975799561	-1040.48486328125	-17.0497341156006	-14.8427858352661	-1032.08325195312	-32.5229301452637	-7.40231227874756	-1043.15966796875	-41.0636520385742	5.3691873550415	-1068.7509765625	-31.6503047943115	14.9523992538452	-1068.82153320312	-14.0038795471191	-4.89451932907104	-1061.00170898438	-25.7653465270996	32.8741493225098	-1068.01586914062	-11.9510974884033	30.3540439605713	-1079.18432617188	-1.58753299713135	36.771183013916	-1080.23608398438	-3.96607780456543	10.9028024673462	-1071.53857421875
PRI-8988	-0.317072063684464	-60.8786315917969	-1072.9091796875	-1.06348788738251	-55.577205657959	-1065.63928222656	-0.900987148284912	-45.6185340881348	-1045.41223144531	-0.895732283592224	-25.7557601928711	-1023.80352783203	-1.00690793991089	-23.2975368499756	-1019.63732910156	-3.97318744659424	60.1490859985352	-1047.85400390625	-4.54402494430542	42.583251953125	-1064.865234375	-3.7066957950592	27.0456256866455	-1069.64111328125	-3.2073290348053	1.61868071556091	-1056.51049804688	-2.98142504692078	-13.0543661117554	-1065.24450683594	-1.89381527900696	-44.413444519043	-1067.87219238281	8.73793125152588	-55.2380599975586	-1071.85522460938	10.0822057723999	-53.3914413452148	-1072.20947265625	13.2747755050659	-47.8565063476562	-1073.67578125	16.4744930267334	-38.6902770996094	-1075.70324707031	14.8548355102539	-14.322940826416	-1077.58764648438	9.73489093780518	-6.60922813415527	-1072.19653320312	3.33276295661926	-43.3335914611816	-1047.33605957031	2.21354413032532	-25.266658782959	-1030.517578125	15.3563528060913	-19.7153358459473	-1022.9501953125	31.4580898284912	-13.0863790512085	-1033.96936035156	41.6627578735352	1.46555268764496	-1057.39782714844	34.1512908935547	11.6014633178711	-1057.67565917969	14.3419275283813	-7.72839117050171	-1053.25561523438	27.774787902832	31.068531036377	-1056.02758789062	12.2620096206665	29.5123138427734	-1068.68176269531	2.90159463882446	36.6132316589355	-1068.72766113281	3.77698111534119	8.44096565246582	-1062.56213378906	-10.5120363235474	-56.2911605834961	-1070.55981445312	-12.525297164917	-53.4718856811523	-1070.65942382812	-16.9186058044434	-47.9080009460449	-1072.60021972656	-20.2680721282959	-38.9796295166016	-1073.65258789062	-20.0385856628418	-14.6218414306641	-1076.38220214844	-15.0697107315063	-7.2791109085083	-1071.55041503906	-5.64854574203491	-43.4458961486816	-1047.36047363281	-4.77177858352661	-25.1779079437256	-1031.21862792969	-17.1849021911621	-19.9949760437012	-1022.35418701172	-34.577262878418	-13.3438320159912	-1032.80139160156	NA	NA	NA	NA	NA	NA	-17.5138339996338	-8.79454326629639	-1051.46948242188	-34.9897003173828	28.9806747436523	-1054.97216796875	-20.8616886138916	28.2927532196045	-1067.86499023438	-11.119140625	35.741626739502	-1068.59350585938	-10.1351566314697	8.58190631866455	-1062.24645996094
PRI-9013	117.666305541992	-57.6269607543945	-856.593322753906	117.421798706055	-51.177059173584	-863.224914550781	116.233047485352	-39.3734855651855	-879.706909179688	116.31706237793	-18.1273880004883	-898.799255371094	116.322387695312	-15.1950826644897	-902.167907714844	116.572364807129	53.8737869262695	-861.976867675781	117.404518127441	35.0380897521973	-851.921997070312	117.67293548584	19.0795154571533	-850.632751464844	117.273612976074	-0.863381624221802	-865.184204101562	117.319435119629	-13.5092649459839	-857.783325195312	117.916770935059	-46.2256355285645	-859.468627929688	108.453399658203	-53.7877349853516	-856.605285644531	106.778816223145	-52.9232978820801	-856.298278808594	103.945777893066	-49.3295364379883	-854.218627929688	100.289047241211	-39.24560546875	-851.901245117188	102.379554748535	-14.4319820404053	-850.008178710938	106.999526977539	-9.56417083740234	-852.70263671875	111.923797607422	-40.9128189086914	-875.727172851562	114.123931884766	-19.96409034729	-890.569030761719	102.856742858887	-12.8855810165405	-900.771667480469	89.1240615844727	-8.04195213317871	-889.629577636719	79.1346893310547	-2.22650218009949	-864.74072265625	84.3117294311523	8.2047758102417	-863.057861328125	103.216873168945	-7.629958152771	-871.404541015625	90.0111083984375	23.6328315734863	-861.830932617188	103.045715332031	21.2591152191162	-852.397705078125	110.315078735352	27.2904510498047	-849.880981445312	111.351661682129	5.62221002578735	-860.180603027344	127.006324768066	-53.1701889038086	-856.285095214844	129.059844970703	-52.2313652038574	-855.722595214844	131.694458007812	-48.400203704834	-854.32080078125	135.593444824219	-38.2445678710938	-852.195861816406	133.550430297852	-13.7498435974121	-849.973815917969	128.177917480469	-9.55928421020508	-853.278747558594	121.844787597656	-40.971565246582	-875.644104003906	118.722663879395	-19.1343441009521	-890.575012207031	129.204315185547	-12.8038263320923	-900.928955078125	143.651885986328	-8.23074054718018	-889.958068847656	155.474548339844	-1.45027232170105	-865.408203125	150.259201049805	8.35856628417969	-863.504150390625	130.207000732422	-7.74745988845825	-871.356628417969	144.980392456055	23.7841644287109	-862.62841796875	131.522338867188	21.7641429901123	-852.539001464844	124.606391906738	27.6154346466064	-850.757141113281	122.58659362793	6.0878849029541	-861.000427246094
PRI-9328	0.339396864175797	-71.5940628051758	-1046.00708007812	-0.532536923885345	-62.0176811218262	-1038.28601074219	-0.986110687255859	-43.6334533691406	-1016.76873779297	0.117621444165707	-16.4979686737061	-988.597595214844	-0.137569025158882	-12.8992404937744	-984.209777832031	-4.79183483123779	77.4775772094727	-1021.75744628906	-4.03542470932007	57.3446578979492	-1040.75073242188	-2.57810664176941	39.5613784790039	-1042.29638671875	-2.15980958938599	10.0166110992432	-1027.52160644531	-2.58358979225159	-7.5169506072998	-1040.95166015625	-0.640096664428711	-50.4399261474609	-1043.05969238281	13.0696105957031	-63.8542366027832	-1044.20483398438	15.1584167480469	-60.0574378967285	-1044.96630859375	17.377742767334	-53.2220039367676	-1046.75244140625	19.9022903442383	-39.0292510986328	-1052.79272460938	16.709623336792	-12.6394453048706	-1055.26416015625	9.49969863891602	-3.48596787452698	-1048.85766601562	3.87648105621338	-44.3108520507812	-1019.70764160156	1.7365003824234	-18.0828533172607	-998.58251953125	17.4170017242432	-11.9239311218262	-988.968383789062	36.5168075561523	-3.6063244342804	-1001.0224609375	47.1013145446777	12.3494663238525	-1035.5234375	36.1376762390137	22.3958511352539	-1035.49243164062	14.3678255081177	-0.408720999956131	-1024.59228515625	32.6993942260742	43.4875106811523	-1030.1083984375	15.6571054458618	43.6154861450195	-1040.89794921875	4.67818593978882	49.7878913879395	-1043.76538085938	6.45201873779297	22.1076221466064	-1034.46484375	-12.8089056015015	-65.0778503417969	-1044.39306640625	-14.9778175354004	-62.6537132263184	-1044.80773925781	-19.0773887634277	-54.1701583862305	-1047.23059082031	NA	NA	NA	-21.1923732757568	-14.0455188751221	-1053.94763183594	-14.4123611450195	-1.51479363441467	-1046.74426269531	-7.9886679649353	-44.6336860656738	-1020.39636230469	-3.6651656627655	-18.1871967315674	-998.877258300781	-19.5373477935791	-12.3528804779053	-987.649963378906	-38.8691787719727	-6.27877855300903	-1000.06042480469	-51.8758697509766	7.84757423400879	-1033.13647460938	-41.2151641845703	19.9600124359131	-1032.97973632812	-17.3921966552734	0.0537208467721939	-1023.63177490234	-37.7362480163574	40.6305656433105	-1028.49096679688	-20.8749465942383	41.5328521728516	-1039.34838867188	-11.4012031555176	47.9546928405762	-1043.88269042969	-11.4187564849854	21.907299041748	-1033.36120605469
PRI-9329	-0.665532529354095	-58.614933013916	-1057.38500976562	-0.538892984390259	-55.2351112365723	-1050.54260253906	1.04449772834778	-41.6619491577148	-1027.96545410156	0.376614332199097	-21.8081550598145	-1001.88073730469	0.305128186941147	-18.9258003234863	-996.088073730469	1.18866980075836	67.7095947265625	-1029.67712402344	-0.151507839560509	49.288890838623	-1045.99438476562	0.229155957698822	32.757999420166	-1048.50830078125	-0.0394903086125851	7.05707550048828	-1036.27917480469	-0.106352210044861	-7.82121562957764	-1043.92553710938	-0.181228384375572	-45.528980255127	-1051.90368652344	9.90328884124756	-52.983829498291	-1054.56896972656	12.3804483413696	-48.7950286865234	-1054.34985351562	15.9712924957275	-43.5236320495605	-1056.10363769531	18.3758907318115	-32.6157722473145	-1056.93981933594	16.0420112609863	-7.383864402771	-1055.29541015625	11.1458005905151	-1.92394733428955	-1052.59204101562	5.47379064559937	-40.6662063598633	-1030.27575683594	3.85751795768738	-19.7592716217041	-1009.54919433594	17.723331451416	-16.6141529083252	-1001.43981933594	33.9140892028809	-10.5140352249146	-1009.99505615234	44.4572906494141	7.7807936668396	-1038.49731445312	36.8468818664551	16.9456081390381	-1038.58215332031	15.0224170684814	-4.54127311706543	-1031.44970703125	32.6509056091309	34.9150047302246	-1035.44616699219	17.2174797058105	35.9158401489258	-1047.77111816406	8.19534492492676	42.0656242370605	-1049.47521972656	7.487548828125	15.4617357254028	-1043.04638671875	-10.1348171234131	-53.3470497131348	-1055.20629882812	-12.8207378387451	-49.0035514831543	-1055.10266113281	-16.0199337005615	-44.2676124572754	-1055.90698242188	-19.2621765136719	-33.2549209594727	-1056.42468261719	-17.3253078460693	-8.5236349105835	-1055.14990234375	-12.4526672363281	-1.97254455089569	-1051.76049804688	-4.72459983825684	-40.7508697509766	-1030.748046875	-3.28738570213318	-19.9222412109375	-1009.40093994141	-16.7573795318604	-16.4275951385498	-1001.01489257812	-33.437671661377	-9.24325752258301	-1009.57318115234	-45.2663803100586	7.64239883422852	-1036.68090820312	-37.0714797973633	17.3820705413818	-1037.1416015625	-15.5035734176636	-5.03175067901611	-1031.96423339844	-32.2288055419922	34.6868057250977	-1034.3251953125	-16.8302192687988	35.6504936218262	-1047.75622558594	-7.78126621246338	42.3408279418945	-1049.25891113281	-7.84386539459229	15.2906322479248	-1042.45581054688
PRI-9330	-0.28957599401474	-55.3959350585938	-1063.70886230469	-0.793275475502014	-47.4990425109863	-1055.08081054688	0.0844939351081848	-41.0051536560059	-1035.02478027344	-0.233338117599487	-19.1382732391357	-1007.36541748047	-0.541523218154907	-15.701849937439	-1001.29290771484	-4.21202182769775	68.6454925537109	-1028.50439453125	-3.78300881385803	52.1760368347168	-1047.66052246094	-3.08836483955383	34.1773109436035	-1052.40454101562	-2.23616099357605	9.05967235565186	-1037.11901855469	-1.5649778842926	-5.19122648239136	-1048.49890136719	-0.730638384819031	-39.344310760498	-1057.46362304688	10.3521776199341	-49.8478164672851	-1061.70568847656	11.1690587997437	-48.7790184020996	-1061.88073730469	14.5506172180176	-43.0168762207031	-1063.0625	17.4295616149902	-32.7663116455078	-1062.11767578125	15.0933723449707	-6.68644428253174	-1059.50390625	9.44819164276123	0.850149273872375	-1054.45239257812	4.89361143112183	-39.618236541748	-1036.28918457031	3.17480874061584	-17.4603443145752	-1013.74200439453	16.8601512908936	-13.5822086334229	-1006.15081787109	32.9767303466797	-6.15307331085205	-1017.3955078125	42.8213882446289	5.46383476257324	-1041.35144042969	34.5870780944824	18.655294418335	-1040.67834472656	13.5078001022339	-1.48389649391174	-1035.97888183594	29.5740795135498	37.8986320495605	-1037.60363769531	14.3287029266357	37.5911598205566	-1048.29797363281	4.77398777008057	44.4803161621094	-1051.90393066406	4.49902200698853	16.8220653533936	-1044.00341796875	-11.3660869598389	-50.3716239929199	-1062.31127929688	-12.7246179580688	-49.0451354980469	-1062.87951660156	-14.8469552993774	-43.9924278259277	-1063.865234375	-19.3626365661621	-33.6917686462402	-1062.00500488281	-18.858829498291	-7.78312540054321	-1059.78564453125	-13.9904842376709	0.23389233648777	-1054.31628417969	-4.98510313034058	-39.4230690002441	-1036.31457519531	-3.58667516708374	-18.4004135131836	-1013.91345214844	-19.1580486297607	-15.1649141311646	-1005.43878173828	-33.8521881103516	-7.9829273223877	-1015.47619628906	-45.9615859985352	2.49866366386414	-1040.64453125	-38.8934860229492	16.9810829162598	-1040.15002441406	-15.2925043106079	-0.927564561367035	-1035.30480957031	-36.0112457275391	35.1706733703613	-1038.04138183594	-20.6116180419922	36.628776550293	-1048.29223632812	-11.663969039917	44.5332565307617	-1051.67041015625	-9.36202621459961	16.829761505127	-1043.5439453125
PRI-9331	-2.77179455757141	-49.2430534362793	-1187.70959472656	-3.09165453910828	-44.8355445861816	-1178.19152832031	-1.97731912136078	-35.7958869934082	-1158.25207519531	-0.150920137763023	-19.3377685546875	-1132.83447265625	-0.256755948066711	-16.9443435668945	-1127.33825683594	-2.0150682926178	67.8485565185547	-1152.67163085938	-2.63395428657532	52.7173652648926	-1169.83337402344	-2.97197079658508	36.9399757385254	-1176.73815917969	-2.14737367630005	9.91755771636963	-1162.6689453125	-3.13879561424255	-2.51370334625244	-1174.26110839844	-2.90941977500916	-35.7534790039062	-1179.38647460938	7.055495262146	-43.7811050415039	-1185.64038085938	9.27234077453613	-41.0583610534668	-1186.0009765625	11.2567272186279	-36.6949310302734	-1188.00122070312	14.6094064712524	-26.798770904541	-1188.75659179688	12.773756980896	-3.43670082092285	-1186.97021484375	7.94037389755249	3.04943346977234	-1181.44360351562	2.57017469406128	-33.7499580383301	-1160.46362304688	2.14330220222473	-17.1741924285889	-1140.3447265625	16.7951679229736	-15.5573263168335	-1132.79162597656	32.533145904541	-6.04528617858887	-1143.7294921875	39.8302764892578	6.14224433898926	-1170.94763183594	31.7718181610107	18.8027019500732	-1168.40563964844	12.7677145004272	0.00986928399652243	-1163.97680664062	29.3136672973633	37.4798049926758	-1164.19897460938	14.5579528808594	39.119930267334	-1174.3232421875	5.46557998657227	46.675853729248	-1175.14562988281	5.47456121444702	18.0548686981201	-1170.09484863281	-12.8503398895264	-44.3059921264648	-1184.77075195312	-15.0227785110474	-41.1253547668457	-1185.62524414062	-17.5382537841797	-36.6454696655273	-1186.65783691406	-20.9674816131592	-26.9720478057861	-1186.80725097656	-19.7790584564209	-3.7955801486969	-1184.88806152344	-14.6477842330933	3.40177440643311	-1179.91052246094	-6.09609937667847	-33.9539222717285	-1159.63317871094	-3.74905157089233	-16.8019599914551	-1139.81005859375	-16.7667503356934	-15.6264657974243	-1130.90576171875	-34.0651969909668	-6.04178190231323	-1139.669921875	-44.4489593505859	7.18821430206299	-1165.64782714844	-36.8504219055176	19.1101856231689	-1163.97180175781	-17.0504207611084	-1.72614514827728	-1161.66381835938	-34.1115036010742	36.942943572998	-1160.87939453125	-21.197380065918	39.095531463623	-1172.39282226562	-10.6959781646729	46.9595794677734	-1173.85107421875	-10.5236215591431	18.2153167724609	-1168.78344726562
PRI-9332	-0.578942120075226	-69.1710357666016	-1063.16076660156	-1.23809337615967	-62.4890098571777	-1051.96899414062	-1.54649245738983	-47.7835006713867	-1030.84167480469	-1.28402709960938	-17.2654418945312	-1006.89581298828	-1.51942980289459	-11.7892541885376	-1000.87188720703	0.065579503774643	68.5781097412109	-1040.11547851562	-1.13788425922394	50.3010444641113	-1056.74230957031	-0.807722330093384	33.5358924865723	-1059.34094238281	-0.840262234210968	7.43119621276855	-1043.01879882812	-0.271489322185516	-10.1538429260254	-1051.2724609375	-0.904865562915802	-51.398265838623	-1056.40600585938	12.0106315612793	-63.8501625061035	-1060.10400390625	16.3533802032471	-60.7502174377441	-1061.55078125	18.5072059631348	-53.9461250305176	-1063.68725585938	20.7225303649902	-40.016975402832	-1063.634765625	18.2422142028809	-14.6489582061768	-1064.16259765625	11.9121427536011	-5.39909601211548	-1057.74145507812	4.12495851516724	-44.2778778076172	-1032.33068847656	2.40483689308167	-15.9906339645386	-1014.81109619141	16.313419342041	-11.3048324584961	-1004.82147216797	34.1512451171875	-5.19684648513794	-1015.61547851562	45.8277587890625	5.36754465103149	-1044.71008300781	37.8317337036133	16.0856533050537	-1045.01049804688	14.062388420105	-3.87709474563599	-1037.23229980469	32.4989471435547	36.7108764648438	-1043.49291992188	18.4063549041748	35.7929344177246	-1054.72802734375	6.90329265594482	42.0705032348633	-1059.24243164062	8.25985336303711	14.7670812606812	-1049.27954101562	-13.8539018630981	-63.2161712646484	-1061.39086914062	-16.5966186523438	-60.5668983459473	-1063.49340820312	-18.7018203735352	-53.6258888244629	-1066.20593261719	-21.3261489868164	-40.1378402709961	-1064.193359375	-18.9558258056641	-15.1314105987549	-1065.58935546875	-12.7970380783081	-4.96249008178711	-1058.08630371094	-6.74587345123291	-45.3048439025879	-1033.49658203125	-4.70345878601074	-16.7806816101074	-1014.20184326172	-18.6639995574951	-10.8560380935669	-1006.26293945312	-36.7868041992188	-5.7730917930603	-1017.68267822266	-48.8195381164551	4.97191905975342	-1048.08142089844	-39.8027877807617	15.6709585189819	-1046.67065429688	-15.9076919555664	-4.23116064071655	-1038.21691894531	-35.6783905029297	35.867977142334	-1043.47766113281	-20.3392658233643	35.4573860168457	-1056.08337402344	-9.23896408081055	42.2775268554688	-1059.02233886719	-9.65120029449463	14.9170932769775	-1049.99182128906
PRI-9333	-0.0596742779016495	-57.2936210632324	-1170.0673828125	-0.123476251959801	-49.1922645568848	-1160.87060546875	-1.180988073349	-37.9931526184082	-1138.37475585938	-3.33626794815063	-17.680383682251	-1111.61938476562	-3.71771216392517	-15.1179103851318	-1106.90161132812	-3.75740694999695	69.0315933227539	-1136.18115234375	-2.04460000991821	53.2773323059082	-1158.41723632812	-2.01778411865234	34.4213104248047	-1161.56555175781	-1.93201863765717	11.2367334365845	-1147.44201660156	-1.09294962882996	-4.24149084091187	-1156.9443359375	-0.0633397698402405	-37.936206817627	-1161.93896484375	10.7845106124878	-50.6707496643066	-1167.71606445312	12.5845212936401	-48.2543106079102	-1168.21875	16.1717567443848	-42.7889709472656	-1170.92993164062	19.2242870330811	-31.9444980621338	-1171.94055175781	17.6860332489014	-7.31035327911377	-1169.32763671875	11.3716888427734	2.06654763221741	-1163.28259277344	4.8534517288208	-37.322135925293	-1141.33715820312	0.0495544858276844	-17.0175743103027	-1120.13525390625	14.1249723434448	-11.8803205490112	-1109.97265625	30.2969799041748	-2.97664904594421	-1120.32861328125	42.6018981933594	9.41900062561035	-1147.67614746094	34.9983024597168	20.7995262145996	-1146.85302734375	14.3166465759277	0.0931644439697266	-1143.46643066406	28.9279804229736	40.179141998291	-1143.39318847656	15.3485107421875	37.997184753418	-1158.162109375	6.03213787078857	45.0109252929688	-1160.78051757812	5.86648797988892	17.9287109375	-1152.7451171875	-10.6258563995361	-51.7235870361328	-1169.21630859375	-13.2124586105347	-48.5377426147461	-1169.36828613281	-16.5183219909668	-42.9133453369141	-1170.16369628906	-19.2107830047607	-32.6557197570801	-1170.33374023438	-18.5846862792969	-8.04091167449951	-1169.9453125	-13.4853296279907	0.856006681919098	-1164.54284667969	-6.93548059463501	-37.4908180236816	-1142.10290527344	-6.37570190429688	-16.8905563354492	-1120.39038085938	-21.0600891113281	-13.5508632659912	-1112.26013183594	-36.817554473877	-5.44925355911255	-1122.84716796875	-46.1329727172852	6.63296794891357	-1154.23205566406	-40.3310852050781	18.96266746521	-1151.29956054688	-17.6267604827881	0.0849647000432014	-1144.89404296875	-34.9492149353027	39.0104904174805	-1146.498046875	-19.1738300323486	37.5543785095215	-1160.0576171875	-10.2686014175415	44.0111656188965	-1162.4228515625	-9.68550682067871	17.5678100585938	-1153.20349121094
PRI-9335	-1.53555250167847	-52.7844657897949	-1173.50842285156	-2.13514256477356	-48.7826042175293	-1164.49694824219	-3.18286752700806	-39.9968032836914	-1143.9140625	-3.7911217212677	-19.3127326965332	-1120.08337402344	-3.91056203842163	-16.7732353210449	-1114.45959472656	-6.69107246398926	66.8686141967773	-1147.46850585938	-5.67646312713623	50.8391914367676	-1161.93518066406	-4.95137691497803	32.5442314147949	-1164.93640136719	-4.24547815322876	9.31096172332764	-1152.1513671875	-3.21122884750366	-4.99690198898315	-1159.59936523438	-2.11348962783813	-38.8803062438965	-1166.10046386719	8.27524280548096	-45.6291694641113	-1171.20495605469	9.74056816101074	-44.0370025634766	-1171.19104003906	12.2973861694336	-38.7259750366211	-1171.67468261719	15.1045942306519	-28.2852058410645	-1171.51708984375	12.9995574951172	-3.56540584564209	-1169.54309082031	7.46912574768066	0.851772248744965	-1165.244140625	2.82694602012634	-38.6032524108887	-1146.33703613281	-1.29323673248291	-18.2812976837158	-1127.28259277344	12.5827569961548	-16.0477275848389	-1116.66296386719	28.377477645874	-5.55560445785522	-1126.5478515625	37.8071594238281	11.264760017395	-1153.20983886719	30.0672225952148	20.0858840942383	-1153.44982910156	11.1739673614502	0.0363935865461826	-1146.42907714844	25.2922973632812	37.480167388916	-1151.0029296875	12.9636611938477	37.2121658325195	-1163.27526855469	2.5902464389801	43.0416870117188	-1164.71325683594	2.85255908966064	18.0523071289062	-1158.36303710938	-12.313401222229	-46.8570671081543	-1171.78161621094	-13.2969675064087	-45.5422058105469	-1171.9453125	-16.1867389678955	-40.4219741821289	-1172.52331542969	-20.0463333129883	-29.573335647583	-1172.12414550781	-19.4658260345459	-4.67088937759399	-1170.34338378906	-14.3837881088257	0.0911820903420448	-1165.18188476562	-8.42963027954102	-39.0089645385742	-1146.12280273438	-6.24526023864746	-18.4626541137695	-1127.33996582031	-21.2758312225342	-15.929913520813	-1118.53039550781	-36.1376914978027	-7.60561466217041	-1128.04748535156	-46.1111946105957	7.77177810668945	-1154.53735351562	-39.209098815918	17.0787200927734	-1154.63452148438	-18.204870223999	-2.29943633079529	-1147.48559570312	-36.3544845581055	34.4030303955078	-1151.35180664062	-22.6547527313232	35.4324645996094	-1163.86181640625	-13.0475940704346	42.6437110900879	-1164.66589355469	-11.4257869720459	16.2092170715332	-1157.91516113281
PRI-9340	-1.60484385490417	-62.6555671691895	-1002.26965332031	-1.30497765541077	-57.8115577697754	-995.741821289062	-1.56897020339966	-44.7590370178223	-975.033813476562	-1.88199508190155	-20.4839916229248	-951.583312988281	-2.00016903877258	-17.1139717102051	-946.563598632812	-0.482663094997406	65.8157348632812	-981.563171386719	-0.640603184700012	45.4824256896973	-998.997009277344	-0.780083417892456	28.2064685821533	-1003.84722900391	-1.36118793487549	3.69002485275269	-986.243713378906	-1.30943202972412	-11.94580078125	-996.0009765625	-1.36296665668488	-45.6663970947266	-999.459594726562	10.2666854858398	-57.9232635498047	-1002.05291748047	11.1947631835938	-56.7279930114746	-1002.88787841797	16.6190414428711	-48.0997352600098	-1004.70422363281	19.3430442810059	-36.5533828735352	-1006.48724365234	14.4495630264282	-10.1459913253784	-1005.60357666016	10.396014213562	-7.11102390289307	-1002.17993164062	3.75872540473938	-44.0912017822266	-978.412475585938	1.49012231826782	-20.0176334381104	-958.844177246094	16.5699119567871	-14.6791563034058	-950.032836914062	33.1687393188477	-6.93348550796509	-958.198913574219	44.4358596801758	5.74072408676147	-990.871643066406	36.6224746704102	13.287992477417	-989.19287109375	14.6281585693359	-7.29607820510864	-981.082397460938	32.6749038696289	32.79345703125	-987.910522460938	17.1930408477783	31.3829803466797	-1000.45904541016	7.54323434829712	37.8038711547852	-1003.19207763672	7.4647102355957	10.2854146957397	-992.208068847656	-13.1448698043823	-57.6143760681152	-1002.38165283203	-14.7484474182129	-56.5331192016602	-1002.92565917969	-18.6000843048096	-48.0046539306641	-1005.17358398438	-21.216854095459	-36.4401245117188	-1007.28045654297	-17.285665512085	-9.87446594238281	-1006.30249023438	-13.0231018066406	-6.72680282592773	-1003.10919189453	-7.06466102600098	-44.2136306762695	-978.28466796875	-4.94985198974609	-20.3944988250732	-959.201782226562	-19.3976554870605	-15.0906028747559	-950.464294433594	-36.4503173828125	-7.12644529342651	-960.018493652344	-47.2635231018066	8.59710025787354	-992.027648925781	-38.7065887451172	14.1863574981689	-990.532897949219	-17.1887054443359	-6.59208059310913	-981.939208984375	-34.5444564819336	34.1490364074707	-988.900817871094	-19.5059661865234	33.3452987670898	-1000.77075195312	-8.33835315704346	38.6095161437988	-1003.47058105469	-9.18204116821289	11.5528421401978	-993.284729003906
PRI-9349	-1.59066843986511	-53.5846290588379	-1065.46057128906	-1.8342912197113	-48.6145668029785	-1059.28063964844	-1.32668566703796	-37.4756507873535	-1038.73791503906	-0.0344777032732964	-19.9026947021484	-1015.34613037109	-0.166577368974686	-17.227409362793	-1010.27569580078	0.448535412549973	67.7400512695312	-1043.45092773438	-0.0099511444568634	50.4511985778809	-1059.47802734375	0.0289988480508327	34.3024635314941	-1061.97412109375	-0.303570836782455	7.6497950553894	-1048.01330566406	-0.686381161212921	-5.98693943023682	-1057.95190429688	-1.14016163349152	-37.8214836120605	-1061.13073730469	9.33944988250732	-47.2071342468262	-1064.81005859375	10.7826814651489	-46.0471992492676	-1065.31982421875	13.9008464813232	-40.4019050598145	-1067.61938476562	17.3307514190674	-30.5628890991211	-1068.81408691406	15.7872428894043	-4.8858585357666	-1068.84802246094	11.2974557876587	-0.0261258576065302	-1064.46936035156	4.22024583816528	-37.3123435974121	-1042.49182128906	2.76753902435303	-18.9452571868896	-1022.90576171875	17.8907089233398	-16.2387065887451	-1014.25390625	32.7149543762207	-7.66572761535645	-1026.67785644531	42.4558219909668	5.6876950263977	-1053.47399902344	34.7725601196289	16.5203437805176	-1052.82531738281	14.7112731933594	-2.69376111030579	-1046.46594238281	32.0015563964844	34.8525085449219	-1050.02783203125	17.6146221160889	35.2993354797363	-1060.41455078125	7.80538177490234	44.2027931213379	-1062.72448730469	7.32874917984009	16.1256732940674	-1054.91552734375	-12.688533782959	-46.6854667663574	-1065.25915527344	-13.5570125579834	-45.3100624084473	-1065.63537597656	-16.4834403991699	-39.2703895568848	-1067.5361328125	-19.840612411499	-29.2250919342041	-1069.11645507812	-17.2338581085205	-4.33486127853394	-1069.19738769531	-12.108588218689	0.12560299038887	-1064.76025390625	-6.40756225585938	-37.1731643676758	-1042.73840332031	-3.57723712921143	-18.3181095123291	-1023.2939453125	-16.8192501068115	-15.8039627075195	-1014.72290039062	-32.9007263183594	-6.68001747131348	-1026.69006347656	-43.0253829956055	8.29379749298096	-1052.64965820312	-35.4348640441895	17.6445598602295	-1052.45202636719	-14.762056350708	-2.86347556114197	-1046.29992675781	-32.135498046875	35.7528266906738	-1049.78686523438	-18.0652847290039	36.3109321594238	-1059.95056152344	-7.38022756576538	44.9039039611816	-1062.17749023438	-7.66951894760132	16.2876682281494	-1054.64465332031
PRI-9351	1.48580300807953	-54.4223136901855	-1201.87280273438	0.472790509462357	-52.3110809326172	-1195.37194824219	-0.874964952468872	-42.1642303466797	-1174.03283691406	-2.82636618614197	-19.1609344482422	-1148.86975097656	-3.5261287689209	-15.4328861236572	-1142.78283691406	-4.05443239212036	71.6318664550781	-1173.15869140625	-3.15518736839294	54.8339157104492	-1191.671875	-2.47980189323425	37.1528511047363	-1194.6279296875	-2.50553059577942	7.55065965652466	-1182.17602539062	-1.34856569766998	-5.9358024597168	-1192.23352050781	0.264139711856842	-42.7108039855957	-1198.12524414062	9.14958763122559	-50.0005569458008	-1202.55139160156	12.3446741104126	-47.7382202148438	-1202.4853515625	14.9313011169434	-41.7518348693848	-1203.98864746094	NA	NA	NA	16.965503692627	-6.82905149459839	-1203.73767089844	10.8660669326782	1.21695244312286	-1199.70288085938	4.41291284561157	-38.6775817871094	-1176.48486328125	-0.0655398145318031	-18.2863655090332	-1156.39587402344	12.4217758178711	-14.1396436691284	-1147.78869628906	29.7198886871338	-7.18693161010742	-1157.16833496094	41.4812469482422	7.44790506362915	-1182.24011230469	33.9858436584473	19.3669052124023	-1182.53503417969	11.9575052261353	-3.17791891098022	-1179.04321289062	29.5964088439941	38.6540412902832	-1179.72497558594	16.4889430999756	39.4633369445801	-1192.88952636719	4.71311140060425	47.5784149169922	-1194.45300292969	5.85595178604126	17.8593482971191	-1188.49365234375	-9.33730220794678	-50.022388458252	-1203.03112792969	-11.2133226394653	-49.1469650268555	-1202.72338867188	-16.2148513793945	-44.0279731750488	-1204.6630859375	-19.2625427246094	-32.7567176818848	-1205.25183105469	-17.6984748840332	-8.58243083953857	-1205.26037597656	-13.1863813400269	0.38628363609314	-1200.04724121094	-6.16474962234497	-38.0570068359375	-1175.82385253906	-5.3377537727356	-18.6008415222168	-1156.765625	-17.9537372589111	-15.1925458908081	-1149.01818847656	-35.8335876464844	-9.50015068054199	-1160.56628417969	-45.4143714904785	3.65289545059204	-1187.74328613281	-39.3762054443359	18.2164707183838	-1186.82067871094	-15.8763236999512	-4.11172437667847	-1180.32446289062	-35.5129051208496	35.5715179443359	-1183.88806152344	-22.0025997161865	39.0844955444336	-1194.701171875	-10.6718902587891	47.4274826049805	-1195.56628417969	-10.5285778045654	17.8828449249268	-1188.88293457031
PRI-9352	125.876625061035	-67.6033248901367	-841.147033691406	126.167900085449	-63.7111358642578	-847.159240722656	NA	NA	NA	126.144439697266	-32.7176628112793	-893.976745605469	126.464897155762	-30.2047786712646	-898.864074707031	128.065826416016	52.7944450378418	-862.831909179688	128.307830810547	33.1727027893066	-847.079223632812	127.77262878418	17.8652496337891	-845.180908203125	126.843620300293	-5.83073472976685	-860.80517578125	126.894691467285	-19.77663230896	-850.88671875	126.254653930664	-52.2798614501953	-845.985412597656	115.608383178711	-62.9815330505371	-841.698486328125	113.994415283203	-61.6022834777832	-841.432983398438	110.515739440918	-56.9494514465332	-841.485046386719	106.568458557129	-45.2222213745117	-839.978271484375	108.967895507812	-21.3098831176758	-840.114196777344	115.312423706055	-14.1981840133667	-844.459533691406	120.065277099609	-52.4995079040527	-864.984558105469	123.055084228516	-31.9833011627197	-885.407348632812	109.524932861328	-28.8371925354004	-895.594970703125	93.607307434082	-20.8468399047852	-883.480529785156	84.4749298095703	-4.98586177825928	-857.449890136719	91.7834243774414	4.43362903594971	-855.377136230469	111.757461547852	-14.825493812561	-864.131225585938	96.2770309448242	21.9374771118164	-859.367492675781	111.022041320801	21.6379776000977	-846.829528808594	120.542304992676	27.5474319458008	-844.870849609375	119.964599609375	1.04507255554199	-854.015869140625	137.153762817383	-63.087272644043	-841.948120117188	138.525665283203	-61.512508392334	-841.897399902344	141.725814819336	-56.4802017211914	-841.21875	146.212646484375	-45.8823852539062	-840.342407226562	144.691223144531	-21.6683959960938	-839.544067382812	138.860458374023	-14.5024995803833	-844.507141113281	NA	NA	NA	129.281097412109	-32.7800674438477	-885.020568847656	143.225708007812	-29.3436908721924	-895.782165527344	159.442840576172	-22.09836769104	-883.425720214844	171.628265380859	-8.29226112365723	-857.058532714844	163.119735717773	2.84004950523376	-856.213928222656	140.791137695312	-15.2815952301025	-863.60400390625	160.182342529297	20.2418899536133	-859.784790039062	144.856506347656	21.2580947875977	-848.110473632812	135.180389404297	26.9487590789795	-845.530883789062	134.476898193359	1.85737383365631	-854.164001464844
PRI-9360	-0.276362627744675	-62.0648002624512	-1202.57153320312	-0.617117524147034	-55.2378082275391	-1191.36535644531	NA	NA	NA	-2.65989947319031	-23.7947788238525	-1140.13146972656	-3.1089186668396	-20.3669204711914	-1133.97985839844	-3.84198379516602	62.5083770751953	-1170.63110351562	-2.99625396728516	42.6975250244141	-1189.560546875	-2.01541042327881	26.2400531768799	-1189.84399414062	-1.66575610637665	3.08791661262512	-1176.1015625	-0.684617161750793	-11.5938835144043	-1186.80834960938	-0.944177985191345	-44.0834159851074	-1193.20556640625	11.0537223815918	-56.5682830810547	-1200.97424316406	12.4237470626831	-54.7925415039062	-1200.78515625	15.9532489776611	-48.564868927002	-1201.52673339844	18.4115867614746	-37.296028137207	-1201.69616699219	16.3865489959717	-11.5397882461548	-1201.20678710938	11.0064973831177	-4.03114557266235	-1193.41943359375	NA	NA	NA	-0.10168644040823	-24.094425201416	-1147.68676757812	13.7460269927979	-18.8300457000732	-1138.93432617188	29.4039001464844	-11.0887088775635	-1150.13842773438	40.8456726074219	-0.325555056333542	-1177.78466796875	33.3478355407715	11.7775640487671	-1178.32836914062	13.3910531997681	-7.88864469528198	-1171.955078125	28.4959545135498	31.7260475158691	-1175.77758789062	13.9545068740845	31.8813037872314	-1188.2158203125	4.9624137878418	36.5704231262207	-1190.46594238281	6.59071922302246	11.6668949127197	-1183.00695800781	-12.1934671401978	-55.8983879089355	-1201.94421386719	-13.3090877532959	-54.3582038879395	-1202.20532226562	-16.0892124176025	-48.748779296875	-1203.56420898438	-19.0575542449951	-37.7570190429688	-1203.52905273438	-18.1768589019775	-11.826488494873	-1201.80065917969	-12.6151371002197	-4.13657760620117	-1193.83520507812	NA	NA	NA	-5.10775089263916	-24.0098552703857	-1147.55078125	-19.3373317718506	-19.6722469329834	-1141.02319335938	-35.0261688232422	-13.3213138580322	-1154.28198242188	-45.005184173584	-0.646491289138794	-1180.33288574219	-38.3673057556152	10.5244312286377	-1181.09777832031	-16.2295036315918	-8.04215621948242	-1172.80065917969	-34.1749992370605	29.1734008789062	-1178.26293945312	-21.1736145019531	31.1150989532471	-1188.75439453125	-10.0435152053833	36.5289421081543	-1190.91186523438	-10.3091716766357	10.8150644302368	-1183.423828125
PRI-9361	-0.646803498268127	-69.9845733642578	-1061.30810546875	-0.790858387947083	-65.3918991088867	-1051.89404296875	-1.28050494194031	-50.291690826416	-1028.18432617188	-0.136472761631012	-22.1812305450439	-1000.43853759766	-0.0297366175800562	-18.4253711700439	-995.446228027344	-3.86390781402588	70.6207809448242	-1034.05456542969	-5.12039613723755	51.5996284484863	-1055.29614257812	-4.43276309967041	35.2422332763672	-1055.79125976562	-3.02518653869629	6.30673885345459	-1040.33972167969	-2.52372241020203	-10.0047941207886	-1049.74816894531	-1.55238819122314	-51.1485328674316	-1054.08984375	10.5355987548828	-64.7416534423828	-1059.4794921875	14.2190361022949	-60.637882232666	-1059.771484375	16.9965476989746	-52.507453918457	-1062.02172851562	19.28684425354	-40.116771697998	-1062.86560058594	14.1990728378296	-14.715537071228	-1064.56799316406	8.39535140991211	-3.19181346893311	-1057.39599609375	4.79337739944458	-48.4963569641113	-1031.01965332031	2.80955505371094	-21.5047626495361	-1008.83404541016	17.5770645141602	-16.3441524505615	-1000.25476074219	34.2013893127441	-5.88714981079102	-1010.96447753906	46.4421195983887	9.36308860778809	-1042.6689453125	36.5026702880859	18.2316246032715	-1044.1630859375	13.9743499755859	-5.286208152771	-1035.23608398438	29.456148147583	39.2785186767578	-1041.97375488281	14.1975831985474	39.5100402832031	-1053.64489746094	2.89132356643677	45.9565162658691	-1056.89440917969	3.79127025604248	17.3952579498291	-1046.62084960938	-12.4488582611084	-66.8592147827148	-1058.58056640625	-18.0755252838135	-61.7865943908691	-1057.91418457031	-20.6862831115723	-54.4006042480469	-1060.47631835938	-22.5746841430664	-43.1042671203613	-1060.80578613281	-21.1455516815186	-17.2114372253418	-1062.45654296875	-15.3418617248535	-5.19534778594971	-1056.15710449219	-6.54369020462036	-48.7380218505859	-1030.10437011719	-4.28362512588501	-22.1022834777832	-1008.43920898438	-19.3667526245117	-17.6315784454346	-999.100219726562	-37.4859580993652	-9.11867523193359	-1009.09930419922	-52.4315757751465	4.62301063537598	-1039.51831054688	-43.8803863525391	15.5746164321899	-1041.37939453125	-18.3184337615967	-6.95017147064209	-1033.55578613281	-36.6624336242676	36.4268188476562	-1040.13452148438	-23.351448059082	37.5566177368164	-1052.73315429688	-11.9437189102173	45.891918182373	-1057.02844238281	-11.6240243911743	16.6557235717773	-1046.1884765625
PRI-9363	-0.155372753739357	-53.8752212524414	-1066.51831054688	-0.463093012571335	-49.2590141296387	-1057.59301757812	-0.485665261745453	-38.7292938232422	-1035.44299316406	-0.467420905828476	-20.0738353729248	-1012.50988769531	-0.572850942611694	-16.6954097747803	-1005.19207763672	-3.66621661186218	70.157844543457	-1037.96240234375	-3.1793270111084	50.9143295288086	-1054.22692871094	-2.79081273078918	32.7993469238281	-1056.720703125	-1.51847076416016	6.69705677032471	-1042.89038085938	-1.35865390300751	-6.32377576828003	-1055.48095703125	-0.99649167060852	-39.4070816040039	-1059.93273925781	10.2722225189209	-49.2273826599121	-1064.74182128906	12.1395177841187	-47.0962753295898	-1064.9248046875	15.046028137207	-42.2403373718262	-1067.33898925781	18.593900680542	-31.8305759429932	-1068.52685546875	15.2109231948853	-6.46081209182739	-1067.390625	9.20579147338867	0.411967068910599	-1061.71569824219	4.06872320175171	-36.8259429931641	-1037.80029296875	2.52822613716125	-17.6574382781982	-1018.90454101562	17.1385517120361	-13.614501953125	-1009.33520507812	32.3557891845703	-5.4056544303894	-1021.41033935547	41.5367202758789	7.08337879180908	-1046.79821777344	34.1784286499023	17.9437599182129	-1047.63317871094	13.2684955596924	-2.13795900344849	-1041.24353027344	30.2613964080811	38.1635131835938	-1044.73266601562	14.89026927948	37.4430122375488	-1055.26916503906	4.79886436462402	42.3434410095215	-1057.009765625	5.93998193740845	16.6754932403564	-1050.189453125	-10.1871652603149	-48.9264678955078	-1065.44616699219	-12.3862829208374	-48.2448806762695	-1065.75842285156	-16.375093460083	-43.2095336914062	-1067.77587890625	-20.3401336669922	-33.1281967163086	-1068.17578125	-18.6880054473877	-8.10348701477051	-1066.67309570312	-12.8853950500488	0.136750310659409	-1061.28515625	-6.50365161895752	-35.3245086669922	-1038.70520019531	-3.88715744018555	-17.3002109527588	-1018.8203125	-17.8861427307129	-14.693172454834	-1009.11566162109	-34.525074005127	-7.14177513122559	-1021.50042724609	-45.3677673339844	4.67727184295654	-1045.73071289062	-38.229564666748	16.6191234588623	-1046.365234375	-15.8618993759155	-2.93999028205872	-1040.25317382812	-36.2806663513184	35.4924468994141	-1043.814453125	-21.0563297271729	36.830638885498	-1055.88989257812	-10.9342842102051	41.6313972473145	-1056.88122558594	-10.6377096176147	15.493914604187	-1048.80944824219
PRI-9365	1.38407647609711	-58.6774215698242	-1199.98986816406	0.350720524787903	-49.8694648742676	-1190.21875	-0.95440000295639	-40.0101051330566	-1168.55688476562	-1.30145072937012	-20.3756999969482	-1143.51330566406	-1.42380940914154	-18.0388622283936	-1138.259765625	-2.85471296310425	64.518913269043	-1174.71716308594	-2.55655241012573	44.6950035095215	-1187.22509765625	-1.99025368690491	29.5880794525146	-1190.08898925781	-1.4027042388916	8.42575454711914	-1175.94421386719	-0.705692827701569	-6.37543439865112	-1187.28894042969	-0.0684418380260468	-39.7177124023438	-1191.37097167969	11.222204208374	-52.9649620056152	-1197.62927246094	13.9995470046997	-48.1183700561523	-1197.86486816406	16.8161067962646	-43.2419128417969	-1197.99865722656	20.6277503967285	-32.0423698425293	-1198.63305664062	18.7656993865967	-7.59616708755493	-1199.22119140625	10.4094905853271	-0.114982545375824	-1193.42309570312	4.04125738143921	-38.5864601135254	-1170.52905273438	1.76500487327576	-18.5767211914062	-1151.8837890625	15.3747940063477	-16.4720897674561	-1140.26342773438	32.4962120056152	-7.63728046417236	-1153.53637695312	44.4678916931152	6.10051107406616	-1181.96997070312	35.7885856628418	16.0778484344482	-1180.029296875	11.0880355834961	-1.1118768453598	-1173.35485839844	30.6491260528564	33.733585357666	-1176.07824707031	14.9257392883301	34.0084762573242	-1186.857421875	5.42880296707153	39.5614433288574	-1189.92700195312	6.12592840194702	14.4686813354492	-1180.08947753906	-9.35078239440918	-53.5915718078613	-1198.75427246094	-12.330620765686	-48.8173713684082	-1199.06298828125	-15.3954639434814	-43.8274383544922	-1199.626953125	-19.3010768890381	-34.0260543823242	-1199.72290039062	-18.7547206878662	-8.76452255249023	-1200.90637207031	-12.114821434021	-1.0617378950119	-1194.13830566406	-5.49134254455566	-38.9563522338867	-1170.46203613281	-4.44300079345703	-19.1223545074463	-1151.96154785156	-18.2202949523926	-16.5992183685303	-1140.79028320312	-35.7457885742188	-9.80896186828613	-1155.49633789062	-46.9319381713867	3.18277955055237	-1182.41369628906	-38.9675559997559	13.8406467437744	-1181.10278320312	-13.5279159545898	-1.45988285541534	-1173.90454101562	-35.1275939941406	31.5712337493896	-1177.43664550781	-19.527551651001	33.3972015380859	-1187.25256347656	-9.34312534332275	39.4105072021484	-1189.86462402344	-9.33948516845703	13.7433185577393	-1180.48046875
PRI-9369	-1.18332862854004	-52.0925407409668	-1201.68774414062	-1.53981411457062	-48.8128509521484	-1195.31604003906	-1.84653663635254	-42.2793922424316	-1173.64660644531	-2.38593101501465	-22.9592628479004	-1149.65490722656	-2.47553968429565	-20.0154838562012	-1143.25891113281	-4.96274852752686	66.2149047851562	-1170.92248535156	-3.34863352775574	49.075740814209	-1186.60119628906	-2.91914343833923	33.0600242614746	-1191.02368164062	-2.51447558403015	9.76256847381592	-1179.97265625	-2.00827884674072	-5.96557760238647	-1189.21826171875	-1.41017937660217	-37.689037322998	-1195.72192382812	8.61841011047363	-46.4224090576172	-1200.08898925781	10.2002067565918	-44.1969947814941	-1200.22509765625	13.5628643035889	-37.8558616638184	-1201.29284667969	17.0849304199219	-28.032247543335	-1201.54016113281	13.5378532409668	-2.29379630088806	-1199.23010253906	9.42102241516113	1.11437141895294	-1195.13732910156	3.16468477249146	-38.6751136779785	-1176.48876953125	0.589290082454681	-20.6099433898926	-1155.24267578125	15.4088649749756	-17.9838962554932	-1146.34692382812	29.3206462860107	-8.67780590057373	-1156.78894042969	40.0049934387207	5.68994331359863	-1182.44299316406	34.5047760009766	17.2207908630371	-1181.09704589844	11.8559331893921	-3.47723031044006	-1175.908203125	28.6460971832275	35.1278419494629	-1176.67932128906	14.2103929519653	36.6378211975098	-1188.85034179688	4.57053995132446	43.123649597168	-1189.93103027344	4.7899169921875	14.5870656967163	-1183.81713867188	-10.7418746948242	-47.4779968261719	-1201.39929199219	-13.1333065032959	-45.2074737548828	-1201.13452148438	-16.5288982391357	-40.1323280334473	-1201.95849609375	-20.2065162658691	-29.6386489868164	-1202.80773925781	-18.0426864624023	-4.20097589492798	-1200.27844238281	-14.50208568573	0.30145588517189	-1195.95837402344	-7.07762145996094	-39.3436622619629	-1175.73229980469	-5.47894859313965	-21.4135513305664	-1155.39697265625	-20.5916709899902	-18.9182109832764	-1147.18627929688	-35.5196228027344	-11.3896770477295	-1159.46728515625	-46.8071784973145	5.04844188690186	-1184.95666503906	-40.1187477111816	14.9428424835205	-1183.32507324219	-16.3826808929443	-4.40232419967651	-1176.52111816406	-35.1713027954102	32.4215202331543	-1179.28051757812	-19.8976669311523	35.370304107666	-1189.85827636719	-10.7024183273315	42.4264678955078	-1190.86352539062	-10.2247867584229	14.4372272491455	-1184.79504394531
PRI-9380	-3.34193706512451	-64.5141372680664	-1106.09301757812	-2.86929726600647	-59.0037231445312	-1097.83679199219	-2.25127291679382	-46.8127861022949	-1076.99011230469	-2.30158090591431	-22.9903335571289	-1050.623046875	-2.31842756271362	-20.0887794494629	-1046.98107910156	-4.100257396698	61.4254951477051	-1079.8515625	-4.35533428192139	43.7273063659668	-1096.2265625	-4.34760427474976	26.8788032531738	-1100.7236328125	-3.2799654006958	0.959716498851776	-1086.49792480469	-3.56597805023193	-14.5648078918457	-1095.94921875	-2.93047571182251	-49.0998611450195	-1099.02844238281	7.23321294784546	-58.9821014404297	-1105.02258300781	9.18723297119141	-56.8359642028809	-1105.16625976562	11.8578939437866	-51.6749420166016	-1107.05859375	13.8532876968384	-41.9426345825195	-1107.22241210938	12.9082155227661	-17.3209896087646	-1106.23364257812	7.1875171661377	-9.13752746582031	-1102.62854003906	2.6816086769104	-46.1598892211914	-1079.85656738281	0.516328454017639	-22.2334423065186	-1059.14404296875	15.3208198547363	-15.7698793411255	-1050.89025878906	31.6767234802246	-11.1426248550415	-1063.43359375	41.2105178833008	2.58842539787292	-1089.16687011719	32.3628463745117	12.105770111084	-1090.02575683594	12.4942235946655	-9.66581344604492	-1084.49621582031	26.3066940307617	31.6947536468506	-1087.47717285156	12.7776117324829	29.8270282745361	-1098.42944335938	3.0714225769043	35.4185638427734	-1099.72424316406	4.142174243927	10.8447303771973	-1093.15625	-13.604380607605	-59.4864540100098	-1103.9658203125	-15.951021194458	-57.2761268615723	-1103.94897460938	-18.4406890869141	-51.7446441650391	-1106.01416015625	-20.7887516021729	-42.3510055541992	-1105.70532226562	-20.788932800293	-17.769567489624	-1105.37353515625	-15.1653356552124	-9.01655578613281	-1101.89025878906	-7.52652215957642	-45.9564552307129	-1079.99865722656	-6.06657552719116	-22.1231384277344	-1059.17297363281	-20.1035633087158	-16.8730449676514	-1049.7294921875	-36.6983222961426	-12.286280632019	-1061.0615234375	-47.9670143127441	1.58826923370361	-1086.95788574219	-40.1537551879883	11.4452848434448	-1086.85266113281	-18.3338184356689	-9.6934928894043	-1083.28015136719	-35.2446632385254	29.0128974914551	-1085.08972167969	-21.3426303863525	29.5647392272949	-1096.66528320312	-11.7128505706787	34.8880195617676	-1099.17443847656	-11.5047950744629	10.2479648590088	-1092.46276855469
PRI-9381	-2.60027480125427	-53.7698020935059	-1109.0126953125	-2.56575298309326	-50.6997184753418	-1104.53173828125	-2.07310342788696	-41.6424903869629	-1083.95458984375	-1.63967609405518	-27.0187854766846	-1055.52709960938	-1.65691339969635	-24.0434093475342	-1049.76245117188	0.770032405853271	61.3994483947754	-1070.33874511719	0.147960677742958	47.4091529846191	-1089.41906738281	-0.505412876605988	29.3748817443848	-1096.13537597656	-1.6085741519928	2.51449680328369	-1083.94848632812	-1.67412507534027	-8.91281032562256	-1094.61291503906	-2.26261138916016	-39.410343170166	-1104.41821289062	8.04597663879395	-48.1855621337891	-1108.20947265625	9.37943840026855	-46.6159400939941	-1108.36840820312	12.6530876159668	-41.7510986328125	-1108.74353027344	16.3480587005615	-31.2235450744629	-1109.11730957031	14.9190187454224	-6.93134832382202	-1104.71069335938	9.3910436630249	-2.94212079048157	-1100.64086914062	2.19470238685608	-40.7765960693359	-1085.73718261719	0.798957467079163	-25.1126556396484	-1063.78063964844	15.0739049911499	-21.9492607116699	-1054.82202148438	29.3849182128906	-12.5191507339478	-1064.20959472656	40.6551933288574	1.79664075374603	-1086.20520019531	32.0818290710449	12.2808198928833	-1085.26989746094	12.6286010742188	-7.82656526565552	-1083.17321777344	31.3195991516113	30.8750705718994	-1080.27197265625	18.1257457733154	33.0390510559082	-1093.32946777344	7.86435890197754	39.6870307922363	-1095.21618652344	6.69518995285034	11.9038200378418	-1090.33239746094	-12.8207054138184	-47.821475982666	-1107.64111328125	-13.6481275558472	-46.4150009155273	-1108.11181640625	-17.2235660552979	-41.1648292541504	-1108.34484863281	-20.346212387085	-30.420223236084	-1109.36669921875	-17.9176921844482	-6.55376768112183	-1105.20690917969	-12.7353286743164	-2.73945069313049	-1100.74597167969	-6.68932723999023	-40.4069557189941	-1085.85827636719	-4.52631521224976	-24.4762649536133	-1063.67102050781	-18.4832382202148	-20.9976749420166	-1054.85229492188	-33.3116416931152	-11.6531629562378	-1064.63696289062	-43.4294929504395	3.17829203605652	-1086.87292480469	-35.212890625	14.6330871582031	-1085.34362792969	-15.0569763183594	-6.9149866104126	-1083.49072265625	-31.4589443206787	30.8393726348877	-1081.56469726562	-19.0292015075684	34.0944938659668	-1092.95031738281	-8.20545673370361	40.5087585449219	-1094.57470703125	-9.05709362030029	12.4928646087646	-1090.76684570312
PRI-9382	2.50024914741516	-58.3586845397949	-1104.81176757812	1.96097564697266	-54.0007209777832	-1097.68713378906	0.5129234790802	-45.8942260742188	-1077.31384277344	-1.15274858474731	-26.7712821960449	-1053.38366699219	-1.22820949554443	-24.0713348388672	-1048.64233398438	-4.79229164123535	60.5538558959961	-1073.97033691406	-3.55378484725952	42.458065032959	-1091.3642578125	-2.8322811126709	25.750020980835	-1095.69055175781	-2.001948595047	2.00562024116516	-1083.51196289062	-0.78544545173645	-11.1021823883057	-1094.70483398438	1.80824649333954	-43.4447860717773	-1099.10791015625	12.0820055007935	-52.7089653015137	-1102.40856933594	13.2705183029175	-51.4409790039062	-1102.87451171875	15.9865312576294	-46.3789482116699	-1104.51147460938	18.8753623962402	-36.3077735900879	-1105.57434082031	17.0741233825684	-11.3933439254761	-1104.85791015625	11.3659791946411	-4.84846878051758	-1099.76489257812	6.48604726791382	-43.4245758056641	-1080.56481933594	2.0312967300415	-25.723949432373	-1060.70812988281	16.3613796234131	-21.8351802825928	-1051.90686035156	30.8049793243408	-12.0788888931274	-1060.48266601562	41.6260223388672	0.780085504055023	-1084.00915527344	32.2654647827148	12.3972339630127	-1082.61279296875	13.609935760498	-7.92126560211182	-1080.98669433594	27.2069149017334	30.0606384277344	-1080.15502929688	14.0081520080566	28.9232883453369	-1092.33630371094	5.1107292175293	35.4253082275391	-1095.12463378906	5.11633729934692	8.94857215881348	-1089.00439453125	-7.89810609817505	-53.394889831543	-1103.28393554688	-9.4567403793335	-51.971321105957	-1103.69750976562	-12.365029335022	-47.639274597168	-1104.96606445312	-15.7738552093506	-37.7804985046387	-1106.49645996094	-17.1596393585205	-13.4859762191772	-1106.41381835938	-13.0918769836426	-6.5067834854126	-1100.72326660156	-4.48945331573486	-44.3047943115234	-1080.50952148438	-3.98425674438477	-26.089506149292	-1061.08447265625	-19.7954254150391	-22.6204509735107	-1053.0673828125	-33.8815231323242	-16.2006950378418	-1062.41479492188	-44.6641731262207	-2.03180718421936	-1087.341796875	-36.7985191345215	9.67257595062256	-1085.12683105469	-16.423755645752	-10.2363395690918	-1081.8720703125	-33.5995025634766	26.7363777160645	-1082.73608398438	-20.3726215362549	28.3537731170654	-1093.95092773438	-11.0408515930176	35.1985015869141	-1095.93127441406	-9.42815589904785	8.16069507598877	-1089.70825195312
PRI-9383	-0.287895768880844	-56.7988815307617	-1094.95861816406	-0.67650705575943	-53.1036262512207	-1086.59387207031	-1.64313125610352	-39.7968368530273	-1067.76062011719	-2.74739503860474	-20.1588535308838	-1049.33947753906	-2.9990029335022	-16.7651653289795	-1044.54223632812	-3.92828369140625	60.8240699768066	-1075.8603515625	-3.17824149131775	45.0693817138672	-1093.42663574219	-2.70952701568604	29.3794403076172	-1095.87939453125	-3.16737842559814	5.49583864212036	-1081.77062988281	-2.57577347755432	-9.17585563659668	-1088.57446289062	-0.966331481933594	-43.0227203369141	-1089.46203613281	10.4219303131104	-51.316535949707	-1093.37670898438	10.8123693466187	-50.4248886108398	-1094.04016113281	14.5548553466797	-45.1730842590332	-1096.08349609375	17.9624500274658	-34.56591796875	-1096.95031738281	15.2404155731201	-9.30541610717773	-1098.306640625	9.19799709320068	-3.14852070808411	-1095.09790039062	3.79591155052185	-39.7393798828125	-1071.52661132812	0.206575259566307	-18.7097187042236	-1056.23376464844	12.8660879135132	-14.3190574645996	-1047.69494628906	29.120174407959	-6.98713541030884	-1057.42541503906	38.5811233520508	7.47975492477417	-1082.71105957031	30.2913188934326	14.0754108428955	-1083.21862792969	11.2617645263672	-4.47500944137573	-1078.08435058594	26.7457523345947	29.9893417358398	-1082.33239746094	13.1807804107666	32.6101837158203	-1093.01818847656	4.64955186843872	38.6574172973633	-1096.26013183594	3.6102147102356	12.8288164138794	-1087.45141601562	-11.4961347579956	-51.796215057373	-1094.2021484375	-12.1585683822632	-50.7447319030762	-1094.81518554688	-15.9086389541626	-46.1519889831543	-1096.80737304688	-20.1023063659668	-35.5846138000488	-1098.95703125	-19.0256671905518	-10.1118984222412	-1100.06274414062	-13.8390064239502	-3.3830099105835	-1096.40344238281	-6.95281934738159	-39.833869934082	-1071.53796386719	-5.86008071899414	-19.658655166626	-1056.44738769531	-19.7668895721436	-14.9349241256714	-1048.76708984375	-35.4087448120117	-9.06629467010498	-1058.69970703125	-44.5086669921875	4.7721791267395	-1085.521484375	-36.3993835449219	13.5435876846313	-1085.97229003906	-16.1512928009033	-4.51119470596313	-1078.03723144531	-33.6142997741699	29.0458106994629	-1084.41088867188	-19.4998626708984	32.2375755310059	-1094.3095703125	-10.8465385437012	39.201114654541	-1096.95666503906	-9.62635707855225	12.0898456573486	-1087.78454589844
PRI-9418	-1.3741842508316	-55.4254455566406	-1164.06176757812	-1.20180451869965	-52.4822425842285	-1158.69921875	NA	NA	NA	-1.85620331764221	-20.8614921569824	-1108.69030761719	-1.97372007369995	-18.3286037445068	-1101.9287109375	-1.96797108650208	65.3542785644531	-1123.90832519531	-1.36824011802673	50.4573402404785	-1146.85876464844	-1.18976545333862	35.1895904541016	-1151.90747070312	-1.02712392807007	9.06797218322754	-1140.04272460938	-1.38152575492859	-5.42692852020264	-1149.80029296875	-1.48592913150787	-40.7050971984863	-1159.083984375	10.8000793457031	-49.429012298584	-1163.82043457031	12.247615814209	-46.7248573303223	-1164.35961914062	15.5614051818848	-40.2216300964355	-1163.94128417969	17.5990982055664	-28.8955535888672	-1164.21630859375	14.3579654693604	-4.35926198959351	-1159.90075683594	7.60562515258789	1.27332758903503	-1155.1044921875	3.25526809692383	-40.7422332763672	-1140.25573730469	0.541486203670502	-19.1246204376221	-1115.89721679688	14.9647340774536	-16.5405788421631	-1105.50830078125	32.19140625	-7.40772914886475	-1113.3779296875	45.6317672729492	9.69934463500977	-1141.44482421875	35.1256446838379	18.1686344146729	-1139.43713378906	12.7561225891113	-2.86785984039307	-1135.50512695312	32.5589942932129	36.397762298584	-1134.44262695312	17.5145587921143	38.315372467041	-1148.39086914062	6.10784769058228	45.6540451049805	-1149.93811035156	6.01132869720459	16.1375904083252	-1144.21374511719	-13.2269153594971	-49.8835067749023	-1164.11999511719	-15.2898845672607	-46.8931922912598	-1164.52136230469	-18.1997299194336	-40.3146171569824	-1165.19445800781	-19.770435333252	-29.3499183654785	-1164.26965332031	-17.8726997375488	-5.76056385040283	-1159.943359375	-13.7236089706421	0.943518400192261	-1154.69250488281	NA	NA	NA	-4.41918992996216	-19.5804843902588	-1115.69580078125	-19.1315727233887	-17.4029426574707	-1106.7734375	-36.1747055053711	-10.8125944137573	-1117.61328125	NA	NA	NA	-36.809455871582	20.1578197479248	-1138.41455078125	-14.9916915893555	-3.42343854904175	-1136.22412109375	-34.7330284118652	36.4127883911133	-1134.69812011719	-20.3942890167236	38.8177719116211	-1148.31286621094	-8.71037864685059	45.1545791625977	-1149.96813964844	NA	NA	NA
PRI-9422	127.391952514648	-54.3306617736816	-850.664916992188	127.732200622559	-48.5569114685059	-856.606872558594	128.076309204102	-35.4832649230957	-874.346862792969	129.785430908203	-8.11527729034424	-897.652099609375	130.135406494141	-3.5142514705658	-901.741760253906	133.523559570312	70.7390518188477	-862.356384277344	131.519973754883	51.4420776367188	-845.519104003906	131.010650634766	35.3371238708496	-844.770263671875	129.877655029297	10.9899435043335	-863.189697265625	129.65559387207	-4.30441951751709	-852.436828613281	128.156921386719	-39.0771751403809	-853.014038085938	118.412910461426	-49.3234329223633	-850.921936035156	115.518013000488	-46.5620040893555	-849.669616699219	113.021324157715	-40.5967979431152	-847.078063964844	110.643890380859	-30.5653228759766	-845.431274414062	114.704597473145	-5.98887634277344	-843.357604980469	119.196678161621	0.194069638848305	-847.316589355469	123.203727722168	-34.6178131103516	-871.153076171875	126.831817626953	-9.69663333892822	-889.798278808594	114.844032287598	-1.53391802310944	-900.700866699219	99.2613754272461	3.83590626716614	-890.868530273438	85.7015075683594	11.6791820526123	-861.747009277344	93.137939453125	22.4920444488525	-858.320556640625	116.357536315918	3.37686157226562	-868.813415527344	101.533050537109	42.3997573852539	-858.544616699219	115.600555419922	38.5436630249023	-847.292236328125	124.350601196289	44.281078338623	-844.09423828125	123.404510498047	20.5492057800293	-855.765930175781	137.451843261719	-49.94970703125	-850.773315429688	141.085784912109	-47.4138336181641	-850.000671386719	144.151153564453	-42.4709777832031	-848.071105957031	147.740798950195	-32.2187728881836	-845.304870605469	145.928207397461	-7.07039642333984	-842.722045898438	141.057479858398	-0.0894494727253914	-847.191162109375	133.839904785156	-35.0566787719727	-870.767333984375	132.05387878418	-9.9291353225708	-889.657653808594	145.363464355469	-2.89640736579895	-900.057800292969	162.14533996582	-0.0324277356266975	-888.652954101562	175.878829956055	8.94888401031494	-859.992309570312	168.449890136719	19.6852264404297	-855.995300292969	143.742782592773	2.03970408439636	-867.954467773438	161.485412597656	37.6373023986816	-856.458618164062	146.844833374023	37.0508232116699	-845.666381835938	138.139038085938	43.9711112976074	-843.955810546875	137.242233276367	19.9825172424316	-854.992980957031
PRI-9429	-2.21647310256958	-78.7890625	-1010.56243896484	-2.0683102607727	-73.4264373779297	-1001.61157226562	-1.37320470809937	-57.9904823303223	-977.835083007812	-1.10527229309082	-25.6348438262939	-952.160034179688	-1.03507840633392	-22.6890964508057	-945.862548828125	-2.85690474510193	64.9714508056641	-982.203918457031	-3.37358450889587	46.5330352783203	-1002.98321533203	-3.01210331916809	27.3363952636719	-1004.52655029297	-1.9634964466095	4.3454647064209	-989.172485351562	-1.919797539711	-16.200159072876	-1000.39404296875	-1.53799962997437	-61.3934364318848	-1005.28967285156	10.5377197265625	-73.9498672485352	-1008.44116210938	NA	NA	NA	NA	NA	NA	17.2257823944092	-49.2380790710449	-1015.63531494141	15.3454780578613	-24.0354900360107	-1016.51989746094	9.84770202636719	-9.25149917602539	-1008.15032958984	4.42209053039551	-54.9230270385742	-979.5458984375	1.77647221088409	-24.372407913208	-957.947814941406	18.6970977783203	-18.9902858734131	-948.413757324219	36.0843925476074	-11.7746753692627	-964.701049804688	46.9954071044922	-0.862109541893005	-992.445007324219	36.4188041687012	12.09547996521	-993.55908203125	13.2188701629639	-8.52115249633789	-984.703247070312	31.7431831359863	33.4996376037598	-990.937133789062	14.9516525268555	32.0087814331055	-1003.7333984375	4.8659520149231	38.8860740661621	-1005.40698242188	6.34395122528076	10.8685026168823	-995.047729492188	-14.1900148391724	-72.4902877807617	-1009.31616210938	-18.4466667175293	-70.5606460571289	-1012.25115966797	-21.0797882080078	-61.5435104370117	-1013.27642822266	-21.77659034729	-50.0255546569824	-1014.93334960938	-20.4236602783203	-24.9994850158691	-1014.86993408203	-14.9345712661743	-9.68212509155273	-1007.10125732422	-8.15754318237305	-55.8386459350586	-980.306884765625	-3.92369079589844	-25.5586948394775	-959.445739746094	-20.1246452331543	-20.4672908782959	-950.335327148438	-39.314151763916	-14.4317855834961	-962.741394042969	-51.052188873291	-4.37114715576172	-993.100341796875	-41.3937187194824	11.2396974563599	-993.029235839844	-16.5544948577881	-9.2265739440918	-984.110168457031	-37.7213973999023	30.9186592102051	-990.457458496094	-21.2758388519287	30.9604835510254	-1002.21350097656	-11.6462230682373	38.454662322998	-1004.95947265625	-11.4586544036865	9.81289005279541	-993.492492675781
PRI-9691	-1.92674887180328	-53.048900604248	-1001.703125	-1.97137486934662	-49.0513954162598	-996.382995605469	-2.30146169662476	-37.6390914916992	-976.582763671875	-2.61550426483154	-18.6336803436279	-951.263549804688	-2.63244414329529	-16.4853439331055	-946.916748046875	-2.72024536132812	68.9180679321289	-985.532043457031	-2.16514849662781	48.5476188659668	-997.105834960938	-1.9035542011261	32.2745742797852	-999.263916015625	-1.638911485672	8.7552490234375	-983.328857421875	-1.72026538848877	-4.92218685150146	-993.736267089844	-1.87890708446503	-39.2286529541016	-997.399047851562	8.74962139129639	-48.4309997558594	-999.374267578125	9.74593257904053	-46.7002105712891	-999.691345214844	12.5522594451904	-41.961009979248	-1001.68780517578	15.3055753707886	-31.597074508667	-1003.49194335938	14.2767601013184	-7.5761456489563	-1002.83563232422	8.68007564544678	-0.671359956264496	-998.143127441406	2.45486283302307	-34.9596939086914	-977.982238769531	0.416540086269379	-17.3983325958252	-957.557312011719	15.4233751296997	-13.1838855743408	-948.591125488281	29.6312599182129	-6.6509256362915	-961.190490722656	38.7435836791992	7.00963497161865	-985.956604003906	32.8019561767578	17.1968593597412	-985.911193847656	12.7226734161377	-2.57746386528015	-978.598388671875	28.9335250854492	35.8871841430664	-984.301330566406	15.8655433654785	36.672176361084	-996.84375	6.14585542678833	42.1868362426758	-999.333801269531	5.16170454025269	15.6905612945557	-990.041870117188	-12.4263391494751	-48.2475204467773	-1001.33123779297	-13.0947561264038	-47.4514122009277	-1001.52716064453	-15.4551868438721	-42.1128540039062	-1002.89263916016	-18.7702980041504	-32.2980651855469	-1004.63171386719	-17.6117458343506	-8.2999153137207	-1004.06042480469	-11.998743057251	-1.10747289657593	-998.483947753906	-7.66598320007324	-35.6590805053711	-978.959106445312	-5.57881021499634	-17.8238086700439	-958.053771972656	-20.9430255889893	-12.8899517059326	-949.065246582031	-34.0759658813477	-5.9910101890564	-961.694458007812	-43.6015892028809	7.27094030380249	-987.481079101562	-37.483325958252	16.9680690765381	-986.939331054688	-16.3263092041016	-1.1898922920227	-978.782531738281	-33.6474075317383	35.2551231384277	-985.894165039062	-18.6364650726318	35.8295211791992	-996.986267089844	-9.77571868896484	42.1864814758301	-999.2431640625	-9.07268619537354	15.4089260101318	-989.393920898438
PRI-9709	-4.48951387405396	-62.3455276489258	-1006.37438964844	-3.88814640045166	-57.1604804992676	-999.463134765625	-1.83227169513702	-40.5306930541992	-976.050354003906	-0.313523918390274	-13.2087135314941	-949.151611328125	-0.0778050497174263	-9.83328056335449	-943.226867675781	-0.233103483915329	82.2031326293945	-977.900695800781	-2.50259637832642	63.9800834655762	-995.002685546875	-2.78106427192688	46.8274612426758	-1000.44323730469	-2.16726136207581	19.3150100708008	-987.977478027344	-2.9445173740387	-2.81775116920471	-998.063049316406	-3.67760109901428	-45.1381683349609	-1003.0576171875	7.29899644851685	-57.8069534301758	-1007.26062011719	11.8441734313965	-54.8188095092773	-1007.76403808594	14.0898275375366	-47.5254096984863	-1012.00799560547	NA	NA	NA	14.998607635498	-8.15086364746094	-1011.92498779297	9.11490821838379	3.41439414024353	-1005.42333984375	3.6147940158844	-38.8840599060059	-978.278747558594	2.68137359619141	-11.7946853637695	-956.776977539062	18.735034942627	-6.24268817901611	-948.820556640625	36.6524963378906	1.15201711654663	-959.637573242188	48.0762977600098	15.4438381195068	-993.812744140625	38.3716773986816	27.5607166290283	-991.361389160156	14.5902318954468	4.08394432067871	-983.314575195312	35.0301895141602	48.5913276672363	-985.8232421875	14.9586000442505	48.902645111084	-997.570190429688	5.98222637176514	56.3157539367676	-1000.19854736328	6.72258043289185	27.7489891052246	-992.861206054688	-14.6110439300537	-58.3635330200195	-1005.66107177734	-19.3134689331055	-54.5198745727539	-1007.10552978516	-21.4756317138672	-48.1163444519043	-1010.24566650391	-24.2719497680664	-36.7021865844727	-1010.20806884766	-22.7470798492432	-8.91998481750488	-1010.39611816406	-15.6492357254028	3.8511471748352	-1004.04187011719	-7.74723482131958	-39.1920204162598	-977.283447265625	-3.91027426719666	-12.3127384185791	-956.49072265625	-18.1442985534668	-6.50156354904175	-945.628112792969	-38.432300567627	2.24826788902283	-956.232727050781	-53.2735939025879	16.9287757873535	-988.912719726562	-41.874828338623	29.0499095916748	-987.647583007812	-16.9198017120361	5.1023907661438	-981.777099609375	-37.6700782775879	49.7061347961426	-983.825012207031	-20.7764987945557	49.7136535644531	-996.839477539062	-10.7053070068359	57.5537033081055	-998.991638183594	-12.1122064590454	27.7934856414795	-992.203552246094
PRI-9824	-1.91924321651459	-61.4171524047851	-1161.17224121094	-1.66617751121521	-57.8796768188477	-1156.03881835938	-0.811349272727966	-49.9303131103516	-1136.50598144531	-0.884728074073792	-28.2544498443604	-1113.61804199219	-0.564343154430389	-25.830623626709	-1107.85119628906	-11.2906064987183	57.3622894287109	-1143.06665039062	-11.3784074783325	38.5572929382324	-1160.4736328125	-10.6663455963135	22.680606842041	-1162.27355957031	-6.54071474075317	-0.337117671966553	-1147.06420898438	-6.27044582366943	-15.170467376709	-1157.38562011719	-2.90252757072449	-48.7784881591797	-1158.94396972656	7.85712718963623	-56.030834197998	-1163.55444335938	8.82992076873779	-53.8362617492676	-1164.67346191406	11.4904928207397	-47.929328918457	-1166.09228515625	13.6346340179443	-38.1958847045898	-1168.98095703125	9.02866554260254	-14.0638666152954	-1170.86657714844	4.3245530128479	-8.70655345916748	-1164.19946289062	3.22886180877686	-46.4203834533691	-1139.44567871094	1.50484693050385	-26.6677799224854	-1120.89184570312	14.2613248825073	-22.5792274475098	-1113.63537597656	29.6186466217041	-13.9336156845093	-1126.40502929688	36.9765701293945	3.99561357498169	-1154.49975585938	29.3258533477783	9.88936805725098	-1153.22729492188	8.51922416687012	-7.47631883621216	-1143.27954101562	20.6751327514648	28.4901180267334	-1151.00695800781	6.88928985595703	27.0367202758789	-1160.83825683594	-3.9078414440155	33.0574111938477	-1163.890625	-1.83172476291656	6.36660623550415	-1153.91357421875	NA	NA	NA	-15.4643659591675	-55.476390838623	-1161.28479003906	-19.0432891845703	-49.983081817627	-1162.48620605469	-23.042350769043	-40.647777557373	-1164.77905273438	-23.9241905212402	-16.4480533599854	-1166.86181640625	-18.957935333252	-10.3710527420044	-1161.71154785156	-5.35448741912842	-48.0722541809082	-1139.09240722656	-4.90466260910034	-27.3800086975098	-1120.17895507812	-16.5971012115479	-24.3074150085449	-1110.91442871094	-35.9623603820801	-19.0826969146729	-1121.05603027344	-50.3601875305176	-4.19229698181152	-1147.26831054688	-44.3407516479492	2.9739978313446	-1146.88684082031	-18.3038215637207	-10.8905248641968	-1140.53869628906	-39.7393264770508	23.1408748626709	-1145.59423828125	-28.002908706665	24.8114776611328	-1158.85363769531	-18.5124988555908	32.1968002319336	-1161.49963378906	-14.9720001220703	5.35130929946899	-1153.07861328125
PRI-9825	-2.04178881645203	-55.0258407592773	-1178.36083984375	-1.85128581523895	-51.7789115905762	-1171.27612304688	-1.15586745738983	-45.9101295471191	-1150.55029296875	-1.40118396282196	-25.9868450164795	-1127.48107910156	-1.46473753452301	-24.3189601898193	-1122.94409179688	-1.22778379917145	56.1428871154785	-1146.54968261719	-0.664917230606079	43.1609802246094	-1163.34631347656	-0.599301934242249	26.9568958282471	-1168.75183105469	-0.930051565170288	0.897024631500244	-1155.19226074219	-1.20953822135925	-12.0320329666138	-1166.52185058594	-1.7535914182663	-42.3450317382812	-1172.34692382812	8.78677463531494	-48.9532203674316	-1175.88134765625	9.44547843933105	-48.0203056335449	-1176.09521484375	12.327615737915	-43.1188621520996	-1177.40905761719	15.3217067718506	-32.7481231689453	-1178.68835449219	12.7341423034668	-9.42945098876953	-1177.05090332031	10.7081480026245	-5.26490259170532	-1171.59118652344	3.13521075248718	-44.0550155639648	-1153.33935546875	1.18887746334076	-24.0777359008789	-1133.42517089844	13.2675085067749	-21.0268974304199	-1124.74560546875	28.3451728820801	-14.282546043396	-1135.59301757812	40.3029403686523	-1.48418414592743	-1159.58032226562	33.4104385375977	9.97047328948975	-1159.48791503906	13.0637083053589	-8.70078468322754	-1152.90441894531	27.6053981781006	27.8926982879639	-1156.3076171875	14.7935590744019	29.2590351104736	-1166.912109375	6.95275783538818	36.1571617126465	-1167.36486816406	5.96235752105713	9.00208568572998	-1162.94348144531	-11.566367149353	-49.2639007568359	-1175.88220214844	-12.8610191345215	-48.1593589782715	-1176.16833496094	-15.8394832611084	-43.214729309082	-1177.39001464844	-18.8776187896729	-32.5940284729004	-1178.35583496094	-15.4748802185059	-9.52810287475586	-1176.96044921875	-13.4257287979126	-5.84816598892212	-1171.47631835938	-6.26952838897705	-43.8683395385742	-1153.72973632812	-3.9639356136322	-24.8944606781006	-1133.31896972656	-16.0602951049805	-21.4619274139404	-1125.45458984375	-31.1251049041748	-14.6090364456177	-1136.83898925781	-43.1551055908203	-0.35662579536438	-1160.24816894531	-37.0881271362305	10.5526456832886	-1160.22473144531	-15.2182302474976	-9.79652881622314	-1153.33374023438	-29.4056148529053	27.2674465179443	-1157.27111816406	-16.1319046020508	29.1873550415039	-1166.89465332031	-8.48789024353027	36.0992546081543	-1168.01147460938	-7.56036376953125	8.45552635192871	-1162.37780761719
PRI-9850	-1.40935361385345	-60.2849807739258	-1190.90966796875	-1.51348745822906	-54.0111465454102	-1183.56188964844	-1.01921713352203	-43.8423614501953	-1164.21875	-0.413688600063324	-26.0731563568115	-1143.89331054688	-0.459353893995285	-23.6515445709229	-1138.76550292969	-0.965401470661163	57.9229927062988	-1171.57446289062	-1.93168759346008	38.3017082214355	-1186.51733398438	-1.89454257488251	22.3950500488281	-1188.84375	-1.00076174736023	1.26008808612823	-1175.16125488281	-1.00986623764038	-13.7086362838745	-1184.10485839844	-1.35213088989258	-44.480094909668	-1186.7119140625	9.31819915771484	-54.064208984375	-1189.24792480469	10.8718519210815	-52.9794044494629	-1189.96105957031	12.9698028564453	-48.4218254089355	-1192.4873046875	15.9910259246826	-37.9835090637207	-1194.56213378906	13.3001708984375	-12.9305467605591	-1194.09204101562	9.11992835998535	-8.9549732208252	-1190.07531738281	3.06452775001526	-42.536994934082	-1167.20153808594	2.3694121837616	-24.5892505645752	-1150.68701171875	15.6271619796753	-21.0665626525879	-1141.56237792969	29.6241226196289	-16.4557838439941	-1153.68286132812	41.5845794677734	-1.90974581241608	-1177.45068359375	33.0550956726074	8.12405109405518	-1178.10021972656	13.2349538803101	-9.05912113189697	-1170.5888671875	28.6640472412109	26.8231143951416	-1176.43762207031	14.3082103729248	26.42529296875	-1187.85656738281	4.8312258720398	32.2165451049805	-1188.47912597656	5.38076257705688	7.57577323913574	-1181.474609375	-11.9119911193848	-53.9180145263672	-1189.42932128906	-13.255298614502	-53.1234169006348	-1189.88854980469	-15.8099431991577	-48.1426658630371	-1192.16174316406	-18.9436187744141	-38.0451164245605	-1193.85546875	-16.1337337493896	-12.7291946411133	-1193.19055175781	-12.1449365615845	-9.12606048583984	-1189.1708984375	-5.6020336151123	-42.7413749694824	-1167.68627929688	-3.3773250579834	-24.9122772216797	-1150.11474609375	-16.7504234313965	-20.7726287841797	-1141.36145019531	-31.1444435119629	-17.5705738067627	-1152.193359375	-44.0701065063477	-3.8573887348175	-1176.26525878906	-36.4806671142578	7.83557605743408	-1175.62377929688	-15.2553157806396	-8.70180988311768	-1169.50439453125	-32.0950202941895	25.7519588470459	-1174.44079589844	-18.9230346679688	26.9087905883789	-1187.10473632812	-8.44976615905762	31.3401718139648	-1188.44458007812	-7.9490909576416	7.55212020874023	-1181.34020996094
PRI-9863	-3.59712219238281	-67.039421081543	-1173.17907714844	-3.5401816368103	-61.1218566894531	-1162.69079589844	-2.67631506919861	-48.2821769714355	-1140.67663574219	-1.55786955356598	-24.8808517456055	-1112.85827636719	-1.45894837379456	-21.3026237487793	-1106.87866210938	-0.605040431022644	70.2624206542969	-1143.25756835938	-1.29324519634247	50.320728302002	-1161.76440429688	-1.76973080635071	31.7740688323975	-1162.57153320312	-2.343825340271	5.49671173095703	-1145.94384765625	-3.03430366516113	-11.0359668731689	-1158.10852050781	-3.29571580886841	-51.0428504943848	-1164.65930175781	9.3992280960083	-60.8719596862793	-1170.28540039062	10.9580678939819	-58.7600440979004	-1171.29406738281	14.2265634536743	-49.4648513793945	-1172.03051757812	16.3317928314209	-37.5029792785645	-1173.07373046875	13.1700010299683	-10.8022661209106	-1170.49291992188	8.80412101745605	-6.46206092834473	-1165.96264648438	2.19923329353333	-48.0388526916504	-1144.10180664062	0.829004466533661	-24.8684387207031	-1120.74047851562	16.223274230957	-20.6454906463623	-1111.78100585938	31.5702266693115	-15.8656597137451	-1121.794921875	45.5367202758789	0.26874852180481	-1150.78381347656	35.0449447631836	14.4388809204102	-1152.20556640625	12.9547510147095	-6.82611083984375	-1143.92211914062	31.8224678039551	36.200252532959	-1150.486328125	16.5529041290283	36.0886993408203	-1162.46569824219	5.73423004150391	42.6983757019043	-1163.05090332031	5.16057538986206	14.1549501419067	-1155.4130859375	-16.3872451782227	-61.0660552978516	-1170.21813964844	-18.1368865966797	-58.904296875	-1170.49694824219	-21.5819129943848	-50.1811256408691	-1170.89660644531	-23.7371425628662	-38.1908683776855	-1172.11645507812	-20.354455947876	-11.525092124939	-1170.57702636719	-15.940393447876	-5.86006307601929	-1164.37963867188	-8.15379905700684	-47.9554252624512	-1143.93493652344	-4.97578430175781	-23.926872253418	-1120.52258300781	-20.4361553192139	-19.0974597930908	-1110.91418457031	-34.8389739990234	-14.4937305450439	-1118.97546386719	-50.0073585510254	1.85692381858826	-1146.79077148438	-37.9291229248047	16.2623519897461	-1149.40014648438	-17.337947845459	-7.06470775604248	-1143.43762207031	NA	NA	NA	-19.9913139343262	36.2053489685059	-1160.77062988281	-9.70445919036865	42.8624038696289	-1163.31323242188	-9.58382415771484	13.9403495788574	-1154.12939453125
PRI-9952	128.388809204102	-61.3851013183594	-884.78857421875	128.81672668457	-55.8500556945801	-892.327026367188	129.321517944336	-44.0467262268066	-910.800109863281	130.214889526367	-17.4738082885742	-935.986450195312	130.355804443359	-14.3193645477295	-940.379638671875	131.938949584961	64.3294067382812	-906.317932128906	131.125885009766	45.0832710266113	-889.72265625	130.554656982422	30.1567878723145	-887.901428222656	129.887680053711	5.88427543640137	-901.619140625	129.461669921875	-9.30230712890625	-890.270751953125	128.869140625	-46.5370903015137	-889.462646484375	117.746772766113	-56.0233764648438	-885.21484375	115.656120300293	-53.7271537780762	-883.954406738281	113.499900817871	-47.1109657287598	-882.341735839844	110.808219909668	-37.1792755126953	-880.950561523438	113.097274780273	-11.3594045639038	-879.115051269531	118.889755249023	-4.51794385910034	-886.296997070312	124.051132202148	-41.9590950012207	-908.308227539062	127.399932861328	-17.5785465240479	-928.0576171875	115.592430114746	-13.8148145675659	-937.576721191406	98.2982025146484	-6.08958005905151	-927.295654296875	86.9208831787109	4.1021089553833	-899.704833984375	95.2516174316406	14.7286195755005	-897.059265136719	115.769073486328	-3.99251580238342	-906.041564941406	101.314521789551	34.3389854431152	-901.163513183594	115.720367431641	32.6081657409668	-889.910400390625	123.629417419434	38.7957649230957	-887.946105957031	123.597671508789	13.9859914779663	-897.092956542969	139.16569519043	-56.8693428039551	-885.127807617188	141.315811157227	-55.1400337219238	-884.43212890625	144.4111328125	-48.3387298583984	-882.33984375	146.897659301758	-38.2620010375977	-880.363525390625	145.452484130859	-12.3154373168945	-879.235168457031	140.76188659668	-5.09892129898071	-885.777587890625	134.723907470703	-42.7703437805176	-907.323608398438	133.17463684082	-17.8578224182129	-927.261108398438	144.487838745117	-14.2157344818115	-937.499389648438	161.359283447266	-8.59763336181641	-928.941650390625	173.688827514648	2.98032140731812	-899.194152832031	165.114822387695	13.0345277786255	-897.429260253906	143.150665283203	-5.14002132415771	-905.81103515625	161.252838134766	31.8390197753906	-900.326171875	146.057601928711	30.9445190429688	-889.1806640625	138.591781616211	37.6387062072754	-887.320007324219	136.752853393555	12.9683408737183	-896.938598632812
SNC-H19-079	-0.627849578857422	-50.3745460510254	-1099.33471679688	-0.919728577136993	-45.492359161377	-1092.80493164062	-0.813607692718506	-36.9448432922363	-1073.17602539062	-0.60076892375946	-15.7279424667358	-1051.30017089844	-0.531229794025421	-13.4524164199829	-1044.96203613281	1.47191762924194	67.9400100708008	-1078.47888183594	-0.624044597148895	51.728630065918	-1092.98693847656	-0.912038683891296	33.3554229736328	-1095.04711914062	-0.371184021234512	12.4075193405151	-1081.57922363281	-0.651146590709686	-3.4973156452179	-1090.8642578125	-1.04289841651917	-34.0976181030273	-1093.44604492188	9.59319591522217	-44.8058776855469	-1097.84838867188	10.593258857727	-44.0521621704102	-1097.78039550781	13.5444011688232	-40.2995910644531	-1099.75817871094	16.5110149383545	-29.4411754608154	-1101.96142578125	14.7077026367188	-4.87879180908203	-1100.49255371094	10.2194890975952	2.30709028244019	-1096.98193359375	4.20092535018921	-36.0415573120117	-1076.39038085938	2.11009788513184	-14.1360273361206	-1057.26110839844	15.5694379806519	-12.1227989196777	-1048.15686035156	31.1662425994873	-2.9944314956665	-1059.50146484375	40.0022048950195	9.15268707275391	-1084.54211425781	33.9721755981445	17.5940322875977	-1084.26611328125	14.0144348144531	1.07382500171661	-1078.94702148438	28.973747253418	35.6200408935547	-1082.96765136719	14.756329536438	36.6086463928223	-1094.2265625	6.79143142700195	42.8757858276367	-1095.01623535156	6.44118022918701	17.1812591552734	-1088.04858398438	-11.3450269699097	-45.1955604553223	-1097.24536132812	-11.636869430542	-44.7857475280762	-1097.29333496094	-15.2776165008545	-39.790699005127	-1100.80920410156	-17.801233291626	-28.7594738006592	-1102.28601074219	-15.8724508285522	-4.20143127441406	-1100.28881835938	-11.8536033630371	2.34383535385132	-1096.65124511719	-6.20531320571899	-35.7907447814941	-1076.6884765625	-3.6336407661438	-14.4421052932739	-1056.87780761719	-18.0308532714844	-12.0036935806274	-1047.89758300781	-32.9956588745117	-3.47999882698059	-1059.27783203125	-42.0258483886719	8.16828441619873	-1083.86303710938	-35.4984970092773	17.7331790924072	-1083.56945800781	-15.5809049606323	1.98950898647308	-1077.77038574219	-30.096471786499	36.3048706054688	-1082.68188476562	-16.4492340087891	36.5319061279297	-1094.18298339844	-8.07755470275879	43.3038330078125	-1094.62829589844	-9.14960956573486	16.985258102417	-1087.44311523438
SNC-H20-117	-2.00278449058533	-54.8595314025879	-1115.83959960938	-2.03490161895752	-49.572021484375	-1109.78100585938	-0.843347489833832	-34.6509094238281	-1089.10473632812	-0.398968786001205	-6.64206838607788	-1067.86047363281	-0.162909284234047	-3.42824459075928	-1062.98559570312	3.34687781333923	77.8941116333008	-1096.83837890625	2.86997890472412	59.3166427612305	-1117.50903320312	2.00240898132324	43.1421966552734	-1118.67492675781	0.891230642795563	18.6510620117188	-1100.30810546875	0.463612139225006	1.90384101867676	-1111.27856445312	NA	NA	NA	8.65443801879883	-50.4862365722656	-1114.98327636719	12.6235952377319	-47.7393035888672	-1116.05993652344	15.6199464797974	-42.5401077270508	-1121.37158203125	17.1023082733154	-30.6643753051758	-1121.69226074219	17.5661716461182	-3.21499490737915	-1121.83679199219	11.0358924865723	5.49271821975708	-1116.216796875	5.52817678451538	-34.2601852416992	-1092.68933105469	2.75803232192993	-6.90088939666748	-1075.00280761719	17.3548774719238	-4.10805368423462	-1067.20922851562	34.8956108093262	4.07358980178833	-1077.36962890625	46.4273834228516	16.1190090179443	-1106.62255859375	39.059139251709	23.6197528839111	-1105.05029296875	14.0305423736572	7.83834314346313	-1098.03002929688	35.3125648498535	44.1651763916016	-1106.06396484375	18.0344696044922	45.736686706543	-1116.74938964844	10.5738945007324	51.8969383239746	-1118.57556152344	9.14279651641846	26.5358867645264	-1108.38134765625	-12.9164524078369	-49.1803016662598	-1115.10388183594	-16.907829284668	-47.4189720153809	-1116.26489257812	-18.191707611084	-42.4372062683105	-1120.64831542969	-19.8122367858887	-29.6182746887207	-1121.97546386719	-17.6533641815186	-3.49952578544617	-1122.37121582031	-10.3704662322998	6.11431980133057	-1117.35168457031	-7.50942945480347	-34.4839782714844	-1093.10473632812	-4.04312086105347	-6.31050252914429	-1074.43188476562	-19.2019805908203	-1.27321112155914	-1067.79528808594	NA	NA	NA	-45.7147331237793	18.1778316497803	-1108.13513183594	-37.9335289001465	26.2716941833496	-1106.90441894531	-13.6633577346802	9.66591167449951	-1098.52661132812	-31.6664619445801	48.3439674377441	-1106.71325683594	-14.3362197875977	47.7978897094727	-1117.85607910156	-5.49863719940186	52.4494171142578	-1119.45812988281	-7.1199836730957	27.5997276306152	-1109.1259765625
SNC-H22-170	-0.394661724567413	-59.9072074890137	-1030.88696289062	-0.501392185688019	-55.7022247314453	-1024.31652832031	-1.01136338710785	-39.0602989196777	-1002.63043212891	-1.07920408248901	-19.2926197052002	-978.273315429688	-1.0529602766037	-15.9669408798218	-972.744689941406	1.42270791530609	74.114875793457	-1004.75531005859	1.61158764362335	54.1468696594238	-1021.58898925781	1.55911314487457	37.3159523010254	-1023.32366943359	0.460013926029205	11.9454307556152	-1010.52850341797	0.434842079877853	-4.10686159133911	-1020.88909912109	-0.355245679616928	-43.348087310791	-1026.60668945312	10.8515396118164	-53.2790336608887	-1027.423828125	12.2925691604614	-51.8252906799316	-1027.81799316406	17.2437992095947	-43.1460304260254	-1029.97692871094	19.1203002929688	-31.4490528106689	-1031.59362792969	17.2346343994141	-4.47161722183228	-1029.9267578125	12.250638961792	0.495443195104599	-1026.88256835938	4.96402835845947	-38.8453941345215	-1005.83947753906	2.17020988464355	-17.7610511779785	-984.62255859375	17.2117805480957	-12.7038831710815	-975.36181640625	33.0951461791992	-5.42058897018433	-987.2216796875	44.7155876159668	8.48169803619385	-1012.60217285156	38.419189453125	18.8187713623047	-1012.13580322266	15.7553634643555	-0.154672056436539	-1004.81414794922	33.8119087219238	40.8050384521484	-1008.96600341797	20.7650184631348	41.805103302002	-1021.15155029297	9.71118354797363	47.205020904541	-1024.01171875	9.14470386505127	21.5375728607178	-1016.96325683594	-11.9479856491089	-53.0087814331055	-1028.43017578125	-12.9137201309204	-51.9727935791016	-1028.60180664062	-17.7977352142334	-43.2190704345703	-1030.82104492188	-18.8691177368164	-31.4050102233887	-1032.56115722656	-15.3122367858887	-4.56659936904907	-1031.72338867188	-10.6389083862305	0.85039085149765	-1028.35485839844	-5.59300136566162	-39.6245040893555	-1005.80651855469	-4.3747353553772	-17.6373348236084	-984.790283203125	-19.600399017334	-13.0219020843506	-976.427551269531	-34.811653137207	-5.31731128692627	-989.369018554688	-44.3070831298828	10.5606088638306	-1015.44769287109	-37.777229309082	20.6628837585449	-1014.60308837891	-16.6176700592041	0.0592167265713215	-1006.17730712891	-32.0837593078613	41.796314239502	-1011.32586669922	-18.0415554046631	42.2844886779785	-1021.82641601562	-6.53957271575928	47.3763313293457	-1024.40930175781	-6.96445798873901	21.0368671417236	-1017.08264160156
SNC-H23-057	-0.952450156211853	-52.903564453125	-1008.20837402344	-1.44019889831543	-45.9179420471191	-1000.30938720703	-1.36692035198212	-35.8058776855469	-980.64111328125	-1.59558582305908	-13.7616300582886	-958.238525390625	-1.69783961772919	-11.1152448654175	-953.121826171875	-1.02880609035492	67.9874420166016	-994.920043945312	-0.125408291816711	47.7230758666992	-1007.00170898438	-0.219545289874077	30.3131256103516	-1008.86077880859	-0.612206876277924	9.62155914306641	-990.366027832031	-0.691755592823029	-6.25267362594604	-1002.10662841797	-1.21614158153534	-36.5856781005859	-1002.78863525391	9.09126949310303	-47.4873962402344	-1006.03540039062	9.8168306350708	-46.8353996276855	-1006.35577392578	14.2556400299072	-41.9686431884766	-1007.50933837891	17.1371078491211	-32.005485534668	-1010.17877197266	16.7103214263916	-7.71824073791504	-1012.26983642578	10.5643072128296	-1.49815404415131	-1007.78851318359	3.50627875328064	-33.7827987670898	-982.415222167969	1.28496420383453	-12.5811405181885	-964.758850097656	15.7258634567261	-8.93783855438232	-956.604064941406	31.1044445037842	-2.01052808761597	-968.444091796875	41.1509819030762	7.2339243888855	-995.198791503906	35.4015121459961	15.382848739624	-996.046081542969	12.4609718322754	-0.187590584158897	-987.982849121094	30.1701946258545	34.6321182250977	-995.198669433594	15.7879877090454	33.1123466491699	-1006.61029052734	7.07658672332764	38.048656463623	-1008.92041015625	7.50344896316528	15.5312042236328	-998.747375488281	-11.3203287124634	-47.9697647094727	-1006.23767089844	-11.7499351501465	-47.0582618713379	-1006.55346679688	-16.3658504486084	-42.0698356628418	-1008.91741943359	-18.7948150634766	-31.7001953125	-1011.87579345703	-17.3589286804199	-7.8985743522644	-1012.98101806641	-11.9377756118774	-1.44494664669037	-1008.35479736328	-6.6743574142456	-34.1045989990234	-983.082763671875	-4.45218992233276	-12.2266569137573	-965.022644042969	-19.498514175415	-8.81936264038086	-957.591003417969	-33.9560089111328	-2.47870469093323	-969.629455566406	-43.4454383850098	7.15791702270508	-997.620239257812	-37.7438468933105	15.627799987793	-998.537048339844	-14.6639585494995	1.00144600868225	-988.560852050781	-31.7305755615234	35.101806640625	-997.970031738281	-15.5483913421631	33.4066925048828	-1008.23431396484	-7.08793592453003	38.0733184814453	-1009.78814697266	-7.68401050567627	15.6182737350464	-999.189453125
SNC-H23-077	-1.27063524723053	-59.8927040100098	-1024.49426269531	-1.65506792068481	-57.2991981506348	-1017.3671875	-1.72987985610962	-43.942928314209	-995.629577636719	-1.15086305141449	-16.6499214172363	-969.138366699219	-1.13933646678925	-13.2347888946533	-963.943481445312	1.43095672130585	75.2157516479492	-997.576049804688	0.694872260093689	56.7681617736816	-1017.56231689453	0.670834958553314	39.0618171691895	-1021.39184570312	0.29343444108963	12.158504486084	-1007.50262451172	-0.0990853309631348	-6.8624963760376	-1014.51312255859	-1.30044662952423	-45.5406875610352	-1019.53759765625	9.41289329528809	-55.4180717468262	-1022.70336914062	12.183162689209	-53.107234954834	-1023.24365234375	15.3466691970825	-45.9736862182617	-1024.35083007812	18.3098888397217	-35.7301177978516	-1025.65356445312	17.5523319244385	-11.2111387252808	-1025.61096191406	12.2281198501587	-1.99849545955658	-1020.64263916016	4.76910448074341	-42.3656349182129	-999.094421386719	1.83045315742493	-16.3446998596191	-975.48779296875	16.2397594451904	-12.0503797531128	-967.422241210938	33.5867691040039	-4.62503528594971	-976.267395019531	48.3373718261719	11.6663150787354	-1004.52630615234	39.7641906738281	21.2463874816895	-1003.93768310547	15.4739484786987	1.29520380496979	-999.03759765625	35.5637397766113	42.207878112793	-1002.49877929688	19.1390762329102	41.3090591430664	-1017.43859863281	8.67391109466553	48.3986740112305	-1020.92468261719	8.26153945922852	20.1421184539795	-1012.61505126953	-12.1166610717773	-54.462100982666	-1023.26977539062	-14.3745880126953	-52.0822410583496	-1023.93048095703	-17.3218727111816	-45.9700775146484	-1025.30139160156	-20.2896060943604	-34.7646255493164	-1026.85693359375	-17.6694011688232	-10.6804466247559	-1026.88854980469	-11.8861694335938	-0.972737848758698	-1021.80334472656	-8.24010944366455	-42.285099029541	-1000.07501220703	-4.36027193069458	-16.2144584655762	-976.551513671875	-17.2216129302979	-11.4557266235352	-968.224182128906	-34.9679641723633	-4.8340311050415	-977.62060546875	-47.6188774108887	10.1407451629639	-1007.01794433594	-39.4122352600098	22.4547748565674	-1005.77624511719	-15.8588790893555	1.54581153392792	-1000.17651367188	-34.3721084594727	42.3090515136719	-1004.65197753906	-18.1002330780029	41.3968811035156	-1017.89978027344	-6.94464349746704	49.3361892700195	-1020.203125	-7.41433000564575	19.6651039123535	-1012.89404296875
SNC-H23-096	-0.672609925270081	-47.7313270568848	-1020.45318603516	-1.1595995426178	-43.2364463806152	-1013.93823242188	-1.30475854873657	-34.4564971923828	-991.368103027344	-1.29037415981293	-18.3691158294678	-969.194763183594	-1.38511323928833	-16.615816116333	-963.199035644531	-2.39388513565063	70.2077865600586	-986.991516113281	-0.699728667736053	52.6123580932617	-1007.37939453125	-0.825669646263123	36.5042991638184	-1009.37567138672	-1.45754671096802	13.9096555709839	-999.050964355469	-0.985161066055298	-0.682873129844666	-1009.80383300781	-0.92509251832962	-33.8032608032227	-1015.88659667969	9.17043685913086	-43.5666160583496	-1018.79211425781	9.62094783782959	-43.0368576049805	-1018.94165039062	13.5809860229492	-38.7627487182617	-1020.91003417969	17.1374855041504	-27.7559356689453	-1022.88354492188	16.6182804107666	-2.29098868370056	-1019.76538085938	10.9412031173706	5.41162061691284	-1014.87939453125	3.66392350196838	-31.8106670379639	-993.788391113281	1.36129951477051	-15.8607931137085	-975.071838378906	15.5175981521606	-14.7548723220825	-967.321228027344	31.4022483825684	-6.48572158813477	-975.875	41.3799934387207	9.8083667755127	-1002.19195556641	34.1406936645508	20.2597999572754	-999.681457519531	14.3600950241089	1.99938666820526	-994.950378417969	NA	NA	NA	NA	NA	NA	6.85497617721558	46.2885246276855	-1009.56750488281	NA	NA	NA	-10.558256149292	-43.535717010498	-1019.37280273438	-10.8819351196289	-42.8746223449707	-1019.58245849609	-14.9586696624756	-38.6481971740723	-1021.353515625	-18.6482620239258	-27.2571411132812	-1023.669921875	-18.1175346374512	-2.00378751754761	-1020.41375732422	-11.2821960449219	5.03372097015381	-1015.28405761719	-6.47298622131348	-32.7989273071289	-995.662231445312	-3.74758434295654	-15.3864812850952	-975.525512695312	-16.8617153167725	-14.6875286102295	-966.800415039062	-34.3933982849121	-5.03996706008911	-977.95751953125	-44.9940910339355	11.5069999694824	-1002.099609375	-37.8017539978027	21.4478797912598	-1000.23254394531	-15.4518795013428	2.34205532073975	-995.930969238281	-31.5654716491699	38.9383697509766	-997.786315917969	-16.8671360015869	39.3133239746094	-1008.7802734375	-7.57285356521606	46.3315696716309	-1009.51690673828	-7.86949157714844	19.0260353088379	-1003.57879638672
SNC-H23-285	-0.729186117649078	-66.0778961181641	-1010.35180664062	-1.35349428653717	-58.7409553527832	-1002.3935546875	-2.14706301689148	-43.0695152282715	-979.67333984375	-1.80581367015839	-17.4512920379639	-955.957702636719	-1.75076365470886	-14.2531385421753	-949.49560546875	2.010990858078	71.9501266479492	-986.950012207031	1.26232349872589	53.3789596557617	-1007.40789794922	0.834872722625732	36.0003318786621	-1009.15771484375	-0.447864443063736	9.83735370635986	-992.468872070312	-0.658201158046722	-9.18735504150391	-1002.35437011719	-1.19080173969269	-46.7199935913086	-1005.38110351562	9.92749786376953	-58.8290100097656	-1007.76275634766	12.595193862915	-56.0953941345215	-1008.32501220703	16.9692916870117	-50.0922966003418	-1012.15393066406	18.3842678070068	-39.0307006835938	-1013.33056640625	15.6891450881958	-12.3061408996582	-1013.57659912109	10.086742401123	-4.32839012145996	-1007.51348876953	4.35670948028564	-41.8934745788574	-984.139770507812	1.87716317176819	-15.6242380142212	-962.485717773438	16.1628341674805	-11.8807125091553	-952.492309570312	33.3225364685059	-5.30970335006714	-964.847412109375	45.8811073303223	9.26375675201416	-995.279663085938	39.5802993774414	16.5101528167725	-995.293884277344	15.0948610305786	-3.27156066894531	-987.410400390625	33.4593467712402	37.9044189453125	-993.580200195312	18.3615093231201	37.268684387207	-1005.71112060547	9.03084087371826	46.7160148620605	-1008.29107666016	8.43165493011475	16.6906433105469	-998.886962890625	-11.6773910522461	-59.504467010498	-1008.68359375	-14.2947654724121	-57.2660980224609	-1009.5966796875	-17.9193058013916	-51.4603958129883	-1013.16223144531	-19.7399311065674	-39.6326866149902	-1013.82244873047	-17.6761951446533	-13.1418437957764	-1015.18133544922	-11.549693107605	-3.7672963142395	-1008.71295166016	NA	NA	NA	-4.79089641571045	-15.351731300354	-962.204528808594	-19.296178817749	-10.9330911636353	-952.045532226562	-36.523983001709	-2.89968037605286	-966.650512695312	-46.106803894043	12.4304599761963	-997.519348144531	-39.5018310546875	18.7677154541016	-996.866333007812	-17.0720100402832	-2.92657828330994	-987.881164550781	-30.1575698852539	39.8750076293945	-995.821899414062	-15.7996912002563	38.9430313110352	-1006.37609863281	-5.73265218734741	46.9836082458496	-1008.75067138672	-7.99455404281616	17.2100257873535	-999.20751953125
TPM-M1656	-1.47006237506866	-66.7781524658203	-1086.21691894531	-1.56218898296356	-59.3174209594727	-1075.04663085938	-1.02806222438812	-44.7304801940918	-1053.24914550781	-0.554267823696136	-22.5001087188721	-1028.75744628906	-0.604692459106445	-19.1459426879883	-1024.18054199219	-0.475568354129791	76.3307647705078	-1054.54467773438	-0.573458909988403	59.0884666442871	-1073.03747558594	-0.375597566366196	38.9282188415527	-1077.72680664062	-0.384504616260529	8.75345993041992	-1063.87475585938	-0.481913268566132	-7.663649559021	-1075.07043457031	-1.5109828710556	-48.5730667114258	-1079.41638183594	10.9111280441284	-60.8293914794922	-1082.6591796875	14.4788990020752	-57.049861907959	-1085.09716796875	16.5949573516846	-49.7052001953125	-1087.07043457031	18.2335987091064	-37.2480812072754	-1087.91003417969	17.662483215332	-11.9291934967041	-1088.92468261719	11.7915878295898	-1.49240064620972	-1082.03112792969	4.11020708084106	-44.1706924438477	-1056.72338867188	2.60747337341309	-21.6525096893311	-1037.46020507812	18.6983413696289	-16.2489604949951	-1027.9521484375	35.3531761169434	-6.64353942871094	-1039.4833984375	48.1202201843262	11.0431413650513	-1070.79125976562	37.7592353820801	21.4240417480469	-1066.54638671875	14.7414808273315	-1.96499001979828	-1060.03747558594	32.9328727722168	42.1818161010742	-1064.14929199219	18.1655139923096	43.9193153381348	-1074.88208007812	7.84672498703003	49.6690864562988	-1076.38842773438	NA	NA	NA	-12.9893102645874	-61.2943687438965	-1083.48461914062	-16.0538635253906	-57.2369079589844	-1085.27954101562	-19.2554130554199	-48.5815124511719	-1086.49438476562	-20.5438461303711	-37.3080024719238	-1088.58044433594	-19.5402565002441	-12.0582799911499	-1089.30944824219	-12.2217531204224	-1.98482811450958	-1082.2626953125	-6.6970419883728	-43.9573974609375	-1057.15637207031	-4.20967483520508	-21.6598625183105	-1037.31701660156	-17.933988571167	-16.6882915496826	-1027.83276367188	-36.9096031188965	-6.80422306060791	-1040.7109375	-50.1778373718262	11.4879598617554	-1071.1162109375	-37.3808937072754	21.8728656768799	-1067.55126953125	-15.4259424209595	-3.69978594779968	-1061.611328125	NA	NA	NA	NA	NA	NA	-8.51315689086914	49.8579902648926	-1076.49560546875	NA	NA	NA
TPM-M1889	-2.20029258728027	-66.7563629150391	-1083.45166015625	-2.2648777961731	-58.9595565795898	-1072.07397460938	-1.22390198707581	-44.3268623352051	-1049.79296875	-0.82363098859787	-22.8213481903076	-1028.11791992188	-0.903741657733917	-19.676399230957	-1022.45300292969	-1.79006767272949	64.7034912109375	-1050.01977539062	-2.17456984519958	48.0520973205566	-1071.87902832031	-1.50489747524261	31.1539897918701	-1074.79284667969	-1.15365934371948	7.64709901809692	-1062.61291503906	-1.33089029788971	-11.3116159439087	-1072.75769042969	-1.76559734344482	-46.6408462524414	-1075.00512695312	8.74234199523926	-60.9552536010742	-1081.19348144531	12.2804431915283	-58.4817771911621	-1082.17028808594	15.4895782470703	-50.2427597045898	-1084.41784667969	17.5135612487793	-38.0938186645508	-1086.17919921875	16.5500888824463	-11.229495048523	-1086.06359863281	10.3813800811768	-3.08889198303223	-1079.0576171875	4.15756988525391	-43.4807739257812	-1054.05224609375	2.46029877662659	-20.9641494750977	-1035.57055664062	17.6630535125732	-18.6390361785889	-1027.28747558594	34.5659294128418	-11.5677080154419	-1036.25061035156	46.6796073913574	7.52793741226196	-1068.45983886719	37.1003189086914	16.9196796417236	-1066.40441894531	14.6198740005493	-4.66219758987427	-1058.67309570312	31.7557964324951	35.9874305725098	-1060.78942871094	17.4558887481689	36.1693534851074	-1072.44665527344	7.04570627212524	40.857307434082	-1074.85021972656	6.54712533950806	14.9476585388184	-1067.68713378906	-13.0614204406738	-60.8625717163086	-1081.77990722656	-15.3970575332642	-59.1384315490723	-1081.62438964844	-19.7047653198242	-49.6899147033691	-1083.7900390625	-21.3200874328613	-38.2726593017578	-1085.33557128906	-20.2613334655762	-11.4514865875244	-1086.24755859375	-14.0914440155029	-3.42668128013611	-1079.13488769531	-7.08275556564331	-43.1574440002441	-1053.84350585938	-4.3450198173523	-20.3153705596924	-1035.34533691406	-18.6144428253174	-19.0532398223877	-1027.21899414062	-36.9154586791992	-11.5361976623535	-1036.28930664062	-51.0685005187988	7.53535652160645	-1067.94006347656	-41.2973976135254	16.2093105316162	-1066.66052246094	-16.3363056182861	-5.21776962280273	-1059.18872070312	-34.8487014770508	34.6145095825195	-1061.95483398438	-21.2082786560059	35.594051361084	-1072.97766113281	-10.5839605331421	40.964168548584	-1074.97668457031	-10.4093198776245	14.663031578064	-1068.46911621094
TPM-M3958	-1.60084450244904	-73.1346130371094	-1078.93017578125	-1.53316044807434	-64.0055084228516	-1068.59423828125	-1.12077677249908	-48.2118110656738	-1047.92517089844	-0.314449042081833	-21.867244720459	-1025.70336914062	-0.0203891489654779	-18.0996322631836	-1019.81182861328	2.56542062759399	65.5549392700195	-1061.52319335938	1.4462308883667	44.6878852844238	-1079.76928710938	0.959432721138	25.4921474456787	-1080.6533203125	-0.004523950163275	2.25038003921509	-1061.44982910156	-0.929820358753204	-16.307071685791	-1071.91149902344	-1.34767615795135	-53.2205657958984	-1074.10473632812	10.6623630523682	-66.6692199707031	-1076.29919433594	13.0414133071899	-65.4851760864258	-1076.54858398438	17.3420753479004	-56.6518173217773	-1081.01965332031	19.496618270874	-43.3990097045898	-1084.48547363281	16.5470066070557	-13.5098886489868	-1083.6318359375	10.7289543151855	-8.7072696685791	-1078.23706054688	4.03954029083252	-45.6866912841797	-1049.59252929688	2.69528126716614	-21.4738540649414	-1033.2529296875	19.481595993042	-14.6730451583862	-1026.43212890625	36.5830001831055	-6.88156700134277	-1037.97802734375	48.2274475097656	0.937660157680511	-1065.41064453125	39.017032623291	10.6619777679443	-1066.94982910156	15.8102798461914	-8.27501773834229	-1057.73046875	33.6939964294434	31.2377052307129	-1066.26000976562	18.4689331054688	30.1791801452637	-1078.9990234375	9.83544063568115	36.5154800415039	-1081.28833007812	8.74673652648926	9.79544830322266	-1069.6689453125	-14.3590984344482	-67.0075225830078	-1076.08239746094	-14.9448223114014	-65.9108200073242	-1076.78356933594	-19.8642864227295	-57.2274589538574	-1081.40930175781	-22.222785949707	-43.7098960876465	-1084.01708984375	-18.2297344207764	-13.1068363189697	-1085.51611328125	-12.5500173568726	-7.36100244522095	-1078.47729492188	-6.17115879058838	-46.0528106689453	-1049.966796875	-4.01892042160034	-21.0094947814941	-1032.77990722656	-19.5622062683105	-14.5231237411499	-1023.38452148438	-36.6906242370605	-8.04287242889404	-1033.79443359375	-48.7515716552734	3.49496936798096	-1064.21557617188	-40.8613548278809	13.522837638855	-1066.66845703125	-16.0389003753662	-7.67634391784668	-1056.30969238281	-32.1451530456543	33.3561744689941	-1066.33935546875	-16.5616931915283	31.4774398803711	-1078.71789550781	-7.18203401565552	36.917236328125	-1081.86486816406	-8.0991792678833	10.329647064209	-1069.35729980469
TPM-M4010	-0.917426109313965	-53.9319038391113	-1084.58068847656	-1.78492450714111	-48.273265838623	-1074.14721679688	-1.39851105213165	-38.2988510131836	-1053.56262207031	-0.393122017383575	-20.7112064361572	-1032.46301269531	-0.0981844961643219	-17.9983215332031	-1026.89379882812	0.825286507606506	65.134521484375	-1052.51989746094	0.295342147350311	49.2704200744629	-1070.76489257812	-0.692439615726471	32.2891502380371	-1073.87939453125	-0.433952957391739	7.88522100448608	-1061.21203613281	-1.09267663955688	-5.81863307952881	-1071.74731445312	-1.83214235305786	-40.5140342712402	-1077.73815917969	8.92050075531006	-49.5252990722656	-1082.25085449219	10.0530805587769	-48.3500633239746	-1082.18090820312	13.2587757110596	-43.451904296875	-1084.09033203125	17.0864009857178	-32.3634643554688	-1086.01196289062	16.616662979126	-6.64001989364624	-1083.15295410156	10.8056421279907	-0.544385135173798	-1078.05102539062	3.34468388557434	-37.1351203918457	-1055.75573730469	2.49183177947998	-19.0640068054199	-1037.40112304688	15.9881086349487	-16.9794845581055	-1030.08618164062	31.8200302124023	-9.87347316741943	-1039.77893066406	43.6161231994629	3.40893268585205	-1063.99719238281	36.5381736755371	17.043212890625	-1064.54479980469	16.8113708496094	-2.44751739501953	-1058.77331542969	29.9420757293701	34.1734466552734	-1062.4931640625	17.4640560150146	35.3033332824707	-1072.236328125	6.83143758773804	42.2707901000977	-1074.24609375	6.68188238143921	15.4513359069824	-1067.5400390625	-11.9247255325317	-49.5820655822754	-1081.86511230469	-12.7859840393066	-48.7138824462891	-1082.12731933594	-16.2004642486572	-43.7820167541504	-1083.671875	-19.8989753723145	-32.5249328613281	-1085.6787109375	-19.0268459320068	-6.53086519241333	-1082.67102050781	-12.5062294006348	-0.0724923312664032	-1077.453125	-6.34059143066406	-37.5154457092285	-1056.78845214844	-3.9582850933075	-18.7350540161133	-1037.55212402344	-16.0385513305664	-14.6358757019043	-1028.96545410156	-31.9824733734131	-6.77313613891602	-1038.71850585938	-43.9883193969727	7.27284336090088	-1060.982421875	-36.3529396057129	19.5580024719238	-1062.24035644531	-15.7010774612427	-0.675478935241699	-1057.29223632812	-29.3150501251221	36.5565414428711	-1059.62182617188	-18.4152164459229	37.7589225769043	-1070.12890625	-7.9226450920105	42.5851020812988	-1073.36645507812	-8.17597770690918	16.1399765014648	-1066.45983886719
TPM-M529	-1.67767083644867	-61.3864669799805	-1086.84045410156	-1.69950544834137	-57.3527297973633	-1077.56530761719	-1.09110796451569	-44.910888671875	-1055.13757324219	-0.71931117773056	-21.4136734008789	-1028.26818847656	-0.53918582201004	-18.7074584960938	-1023.40533447266	-1.1378687620163	65.2020874023438	-1051.53356933594	NA	NA	NA	NA	NA	NA	-0.836538672447205	6.85800457000732	-1061.8212890625	-0.933804452419281	-7.56965017318726	-1071.7001953125	-1.32561457157135	-45.4783973693848	-1079.45678710938	9.01226902008057	-57.6692504882812	-1085.41796875	11.7911672592163	-55.1861534118652	-1085.26904296875	17.0146865844727	-48.1607322692871	-1086.77734375	18.6193008422852	-36.4971580505371	-1088.46545410156	15.8871898651123	-10.1378145217896	-1084.59252929688	9.6689567565918	-1.92075455188751	-1078.533203125	4.34710597991943	-42.3397369384766	-1057.70739746094	2.28390288352966	-20.4498767852783	-1037.14526367188	16.0709209442139	-15.484902381897	-1028.68493652344	30.6761322021484	-11.7990274429321	-1035.30639648438	45.5998458862305	7.25278186798096	-1065.93505859375	36.1903076171875	18.6310844421387	-1065.92895507812	13.9021062850952	-2.79727363586426	-1060.0556640625	31.3076820373535	35.9232978820801	-1060.55639648438	NA	NA	NA	NA	NA	NA	6.92442035675049	15.2866067886353	-1067.46984863281	-12.4968271255493	-58.9060821533203	-1084.06115722656	-13.8985366821289	-56.4452972412109	-1084.96179199219	-19.3319797515869	-49.4751777648926	-1085.89636230469	-21.7575588226318	-37.5362281799316	-1087.23828125	-18.9092540740967	-12.0463123321533	-1084.89868164062	-12.2335376739502	-2.75482773780823	-1077.97229003906	-6.59968757629395	-42.2447929382324	-1057.818359375	-4.56646156311035	-20.7945728302002	-1037.13928222656	-17.3745365142822	-16.1874656677246	-1026.62487792969	-33.0355110168457	-10.9670372009277	-1035.78576660156	-48.1556243896484	6.3515157699585	-1068.61889648438	-41.953239440918	18.3980655670166	-1066.68176269531	-16.8539695739746	-4.52210378646851	-1059.65100097656	-32.6257858276367	34.2141914367676	-1059.91137695312	NA	NA	NA	NA	NA	NA	-9.01118659973144	14.6167507171631	-1067.08154296875
TPM-M544	-1.34431231021881	-52.2666893005371	-1084.06994628906	-1.3838392496109	-47.9518127441406	-1077.54931640625	-0.589711785316467	-37.7423400878906	-1053.732421875	-1.14557313919067	-20.3288059234619	-1029.94641113281	-1.03052389621735	-18.0024013519287	-1024.48205566406	-2.02708172798157	64.6145935058594	-1049.26330566406	-2.30204916000366	50.5508346557617	-1068.99865722656	-2.0822172164917	34.1544303894043	-1072.87036132812	-1.27332258224487	10.5603313446045	-1060.51513671875	-1.47018754482269	-2.69934844970703	-1071.43627929688	-1.3326416015625	-37.3944091796875	-1078.28991699219	8.42559909820557	-48.3270683288574	-1083.98303222656	9.31257438659668	-45.2517890930176	-1084.59777832031	14.1811962127686	-41.004222869873	-1085.35791015625	17.63547706604	-30.7474231719971	-1085.80114746094	15.5730361938477	-7.39407634735107	-1082.42687988281	10.3166561126709	2.89931130409241	-1077.0537109375	3.83250069618225	-35.7491416931152	-1057.13049316406	1.4838103055954	-19.349365234375	-1038.47766113281	15.6376314163208	-15.3652296066284	-1030.84899902344	29.7765827178955	-7.9081335067749	-1037.96044921875	42.5974502563477	6.61805438995361	-1062.73999023438	35.967342376709	19.4606475830078	-1063.48132324219	14.6181344985962	-1.48094153404236	-1058.37133789062	28.091516494751	35.8704071044922	-1060.02685546875	15.0615177154541	39.5402069091797	-1070.8388671875	5.62030696868896	45.0797653198242	-1072.57897949219	4.92861604690552	18.0181884765625	-1066.71118164062	-11.6172037124634	-47.4594688415527	-1084.44714355469	-13.5505990982056	-45.793342590332	-1084.44152832031	-17.5098342895508	-41.0625419616699	-1085.37243652344	-20.9000816345215	-31.0378017425537	-1084.87829589844	-19.23024559021	-8.25182056427002	-1082.36474609375	-13.3229446411133	2.28618574142456	-1077.00622558594	-5.88146066665649	-36.1820335388184	-1057.12268066406	-4.21183156967163	-19.3183364868164	-1038.1962890625	-18.3388671875	-14.9489316940308	-1030.06323242188	-33.271915435791	-8.10476398468018	-1039.61889648438	-45.012279510498	8.76518821716309	-1064.41357421875	-38.7416763305664	19.3305511474609	-1063.8154296875	-16.5462093353271	-0.806263625621796	-1058.49035644531	-31.9878330230713	36.1880035400391	-1060.74816894531	-19.5981407165527	39.7395133972168	-1071.16723632812	-9.00677967071533	46.0491218566895	-1072.49206542969	-9.11713600158691	18.6980304718018	-1066.61962890625
TPM-M549	-0.945559680461884	-44.9557914733887	-1084.39489746094	-1.0790376663208	-40.6506462097168	-1078.31469726562	-0.880844712257385	-33.3970336914062	-1058.46887207031	-1.78311347961426	-15.8523120880127	-1032.2236328125	-1.64538872241974	-14.4186162948608	-1027.24035644531	0.726661264896393	71.323356628418	-1049.66711425781	0.0302499085664749	56.8414764404297	-1068.47399902344	0.308368533849716	41.2249374389648	-1072.32177734375	-0.640547335147858	15.451774597168	-1061.04138183594	-1.07796967029572	0.460188388824463	-1072.34460449219	-1.13497877120972	-31.022590637207	-1079.11450195312	9.73109149932861	-38.9516754150391	-1083.01086425781	10.7797517776489	-37.5715637207031	-1083.052734375	14.1289644241333	-31.7141742706299	-1084.47521972656	17.0707015991211	-20.8998355865479	-1085.47131347656	14.9587202072144	4.49613523483276	-1082.19812011719	10.6914196014404	7.07122850418091	-1078.14270019531	4.01415872573853	-29.6522045135498	-1059.12451171875	0.876817464828491	-14.2528524398804	-1039.99291992188	14.9083986282349	-13.0450448989868	-1030.58154296875	30.0615139007568	-5.39795923233032	-1040.37475585938	42.3014755249023	7.89303112030029	-1063.08190917969	37.1965827941895	21.7135143280029	-1063.20239257812	12.9225397109985	3.53548502922058	-1059.6455078125	29.9197978973389	40.3193702697754	-1059.12927246094	18.9832057952881	45.3889617919922	-1069.82788085938	7.76218461990356	51.355281829834	-1071.380859375	5.35516405105591	21.4654102325439	-1065.22448730469	-11.5964479446411	-39.6042137145996	-1082.95642089844	-12.4632711410522	-38.214412689209	-1083.07482910156	-16.0415019989014	-32.8974227905273	-1084.67590332031	-19.4668865203857	-21.5589752197266	-1085.65930175781	-17.3143138885498	3.4712016582489	-1083.62622070312	-11.909966468811	6.64220571517944	-1079.06469726562	-6.22755765914917	-30.4369583129883	-1059.43969726562	-4.3082013130188	-13.8942127227783	-1040.08447265625	-17.985767364502	-12.7609586715698	-1031.12915039062	-32.9762268066406	-4.62409162521362	-1042.29626464844	-43.8425903320312	10.9738435745239	-1064.80139160156	-38.283763885498	22.6781826019287	-1064.69018554688	-15.872673034668	3.11271858215332	-1059.71557617188	-30.4173698425293	41.759952545166	-1061.48681640625	-18.5653743743896	45.9090194702148	-1071.21765136719	-7.17105531692505	51.473445892334	-1071.93823242188	-6.63888072967529	23.0996799468994	-1067.9775390625
TPM-M600	-1.23498260974884	-45.018196105957	-1106.32348632812	-1.28562688827515	-42.1616058349609	-1098.76306152344	-1.62800872325897	-34.5241813659668	-1075.65942382812	-1.20874989032745	-17.4139785766602	-1052.60192871094	-1.28463399410248	-14.4712438583374	-1047.04858398438	-2.37901759147644	67.7142639160156	-1071.998046875	-2.31536078453064	51.7944946289062	-1089.640625	-1.84090805053711	37.9612922668457	-1094.18176269531	-1.37792634963989	12.9055442810059	-1083.14343261719	-1.18229830265045	-0.801930725574493	-1090.59436035156	-1.26233768463135	-31.6635398864746	-1098.501953125	8.57824897766113	-39.7545166015625	-1104.06811523438	9.37458896636963	-38.7476615905762	-1104.0966796875	12.5679244995117	-34.3732032775879	-1105.15979003906	16.0987644195557	-23.3871078491211	-1105.51916503906	14.6747751235962	2.68944597244263	-1101.73864746094	10.0889358520508	5.49052000045776	-1097.50109863281	2.83927869796753	-32.9821968078613	-1079.01257324219	1.09774947166443	-16.1453838348389	-1059.59033203125	14.2138385772705	-12.633807182312	-1050.45861816406	28.9342555999756	-4.78753805160522	-1059.1015625	40.4906311035156	12.1823625564575	-1081.90075683594	33.6115989685059	22.9564399719238	-1082.19714355469	11.8118000030518	4.24545907974243	-1078.63745117188	27.1502876281738	39.2096214294434	-1079.1513671875	14.7872676849365	41.5884742736816	-1090.98449707031	4.75065422058105	46.4776000976562	-1092.20129394531	5.65270805358887	20.3890018463135	-1088.13439941406	-11.3798217773438	-40.118408203125	-1103.48217773438	-12.197211265564	-39.0430107116699	-1103.72717285156	-15.9029455184937	-34.4791603088379	-1104.38549804688	-19.1230068206787	-23.5065288543701	-1104.23571777344	-17.960355758667	2.06933283805847	-1101.34460449219	-13.0018625259399	5.6052508354187	-1097.4658203125	-5.61584758758545	-32.8170051574707	-1078.13366699219	-4.32967662811279	-15.1035003662109	-1059.44543457031	-16.7826232910156	-13.2525091171265	-1050.39367675781	-32.587516784668	-4.82736492156982	-1059.13452148438	-43.8275299072266	10.6916732788086	-1082.06005859375	-37.4633903503418	21.439079284668	-1082.24475097656	-15.943338394165	3.53739142417908	-1078.22326660156	-31.8167591094971	37.9953498840332	-1079.53955078125	-18.1788387298584	40.8152275085449	-1090.86926269531	-9.35895442962646	45.9267959594727	-1092.68762207031	-8.66805171966553	20.0605621337891	-1087.79809570312
TPM-M659	-0.987244129180908	-71.3322067260742	-1099.81176757812	-1.06268322467804	-62.5310173034668	-1092.00048828125	-0.997158229351044	-48.1612930297851	-1069.83959960938	-1.79448306560516	-23.8436794281006	-1046.32458496094	-2.06824374198914	-20.316463470459	-1040.83703613281	-0.525092899799347	65.5840530395508	-1071.37133789062	-0.527052521705627	47.2181396484375	-1093.30541992188	-0.641946911811829	29.3941707611084	-1097.14990234375	-1.11137247085571	3.09493279457092	-1078.36486816406	-0.495181173086166	-12.9171867370605	-1091.69738769531	-0.704684913158417	-48.1468467712402	-1093.80688476562	11.5259943008423	-64.9070358276367	-1098.09130859375	13.492621421814	-62.7717971801758	-1098.66821289062	17.4860572814941	-54.3769073486328	-1102.25207519531	18.7545547485352	-42.673713684082	-1104.5927734375	17.5996799468994	-15.3972826004028	-1104.0087890625	11.0675392150879	-7.83854389190674	-1098.29174804688	4.22946643829346	-46.6391906738281	-1072.2998046875	1.88836574554443	-22.6389865875244	-1054.03771972656	15.097414970398	-19.5852108001709	-1045.12805175781	32.2313270568848	-12.9806213378906	-1053.38110351562	47.6820068359375	2.77208375930786	-1082.20275878906	39.3576202392578	12.1915225982666	-1082.69384765625	14.0859184265137	-7.85443067550659	-1077.59301757812	32.0832595825195	33.3524971008301	-1080.94165039062	17.8894729614258	32.7701454162598	-1094.10632324219	7.39320802688599	39.7704925537109	-1096.63562011719	7.74262619018555	11.4207220077515	-1088.29968261719	-12.9929647445679	-64.0057983398438	-1098.58801269531	-15.1181993484497	-62.0869483947754	-1099.28515625	-18.6522579193115	-53.9889030456543	-1102.41162109375	-20.1390533447266	-41.632495880127	-1105.52575683594	-18.698558807373	-14.9735956192017	-1105.42626953125	-11.9291362762451	-7.84692192077637	-1099.36389160156	-6.82937240600586	-46.4758033752441	-1073.35656738281	-4.26197719573975	-23.866081237793	-1054.16296386719	-18.8563213348389	-19.6816806793213	-1046.60559082031	-34.9365997314453	-12.2381391525269	-1056.48803710938	-49.9019050598145	2.18753218650818	-1084.634765625	-40.0369606018066	13.0559492111206	-1084.953125	-16.420991897583	-7.90035057067871	-1078.56457519531	-33.6807670593262	34.1038932800293	-1082.92834472656	-18.450704574585	33.4696159362793	-1095.31726074219	-8.47869110107422	40.4761352539062	-1097.60705566406	-9.52011585235596	11.7965774536133	-1088.41320800781
TPM-M670	-1.11134338378906	-60.5089302062988	-1078.4794921875	-0.780043244361877	-54.007625579834	-1068.72790527344	-0.72750186920166	-42.8723754882812	-1050.0244140625	-0.640882968902588	-23.4321002960205	-1028.30578613281	-0.452106833457947	-19.8865489959717	-1023.001953125	-2.24055933952331	64.5921859741211	-1057.19775390625	-1.43746960163116	45.0292320251465	-1072.58142089844	-1.36480319499969	29.1909675598145	-1074.77490234375	-1.25879287719727	5.67303323745728	-1061.50891113281	-1.27275240421295	-13.0506649017334	-1069.97888183594	-1.04915499687195	-44.9665298461914	-1073.43054199219	9.16000175476074	-55.618034362793	-1078.53137207031	10.857476234436	-53.5896415710449	-1078.73388671875	14.3855113983154	-48.4063835144043	-1080.20324707031	18.5610332489014	-38.4105911254883	-1080.44567871094	15.9984874725342	-12.4527444839478	-1081.30517578125	10.8344964981079	-4.93306112289429	-1075.96350097656	3.38940572738647	-42.6188468933105	-1053.15185546875	2.44487142562866	-22.5230617523193	-1035.65747070312	15.0820207595825	-18.4074687957764	-1026.95544433594	30.0459785461426	-10.5245132446289	-1036.73596191406	40.106761932373	3.93687701225281	-1060.04772949219	34.1243705749512	14.1868076324463	-1062.70239257812	13.5618572235107	-5.61340427398682	-1057.40637207031	30.2939682006836	31.6359176635742	-1061.04833984375	15.1720380783081	32.9693336486816	-1071.54016113281	5.87743520736694	38.9659156799316	-1074.39624023438	5.6301383972168	11.049222946167	-1063.95751953125	-11.7425680160522	-55.3163681030273	-1078.46569824219	-13.3131647109985	-53.8182334899902	-1078.40502929688	-16.8600025177002	-48.9172210693359	-1079.99377441406	-20.9771575927734	-39.0329322814941	-1080.83825683594	-19.2077827453613	-13.4007806777954	-1081.89978027344	-12.9003486633301	-5.24773406982422	-1076.42175292969	-5.16879796981812	-42.5680923461914	-1052.99914550781	-3.94048690795898	-22.0374584197998	-1035.86755371094	-16.4565410614014	-18.5099582672119	-1027.21728515625	-32.1500015258789	-11.7226667404175	-1037.93872070312	-44.7519340515137	4.78815364837646	-1061.40905761719	-37.319522857666	13.2764863967896	-1063.79309082031	-15.8905372619629	-6.56293439865112	-1057.25537109375	-33.7270927429199	30.8246822357178	-1063.40625	-18.2792835235596	33.1248664855957	-1073.16198730469	-8.29477691650391	38.6163063049316	-1074.4091796875	-8.71699905395508	12.0930557250977	-1065.90856933594
