id.string	X1	X2	X3	X4	X5	X6	X7	X8	X9	X10	X11	X12	X13	X14	X15	X16	X17	X18	X19	X20	X21	X22	X23	X24	X25	X26	X27	X28	X29	X30	X31	X32	X33	X34	X35	X36	X37	X38	X39	X40	X41	X42	X43	X44	X45	X46	X47	X48	X49	X50	X51	X52	X53	X54	X55	X56	X57	X58	X59	X60	X61	X62	X63	X64	X65	X66	X67	X68	X69	X70	X71	X72	X73	X74	X75	X76	X77	X78	X79	X80	X81	X82	X83	X84	X85	X86	X87	X88	X89	X90	X91	X92	X93	X94	X95	X96	X97	X98	X99	X100	X101	X102	X103	X104	X105	X106	X107	X108	X109	X110	X111	X112	X113	X114	X115	X116	X117	X118	X119	X120	X121	X122	X123	X124	X125	X126	X127	X128	X129	X130	X131	X132	X133	X134	X135
GMNH-V14-597	139.507125854492	-73.9005966186523	-969.516235351562	139.536575317383	-65.6404342651367	-979.7470703125	NA	NA	NA	140.789962768555	-29.9771881103516	-1016.99957275391	140.922714233398	-26.9189796447754	-1023.1904296875	144.509521484375	59.9040870666504	-986.173889160156	143.332000732422	39.1714210510254	-969.1123046875	142.879241943359	22.4337291717529	-966.906555175781	141.901809692383	-2.05973792076111	-983.90673828125	141.024780273438	-17.4189624786377	-973.949584960938	140.042282104492	-55.1337356567383	-975.086303710938	127.313407897949	-67.5424346923828	-970.961303710938	123.660514831543	-64.6944427490234	-968.605285644531	122.074234008789	-56.7291564941406	-967.068054199219	118.997695922852	-44.0325622558594	-964.762817382812	124.047576904297	-17.6251277923584	-960.110107421875	130.141265869141	-10.4026012420654	-965.867614746094	NA	NA	NA	137.297561645508	-28.4121913909912	-1009.94836425781	123.481170654297	-23.03733253479	-1019.744140625	106.278388977051	-13.112551689148	-1012.98864746094	93.6860427856445	2.40978240966797	-982.416381835938	102.592124938965	10.3285293579102	-980.326782226562	127.304748535156	-11.130763053894	-987.168090820312	109.236656188965	28.4294624328613	-982.106384277344	126.63818359375	25.758674621582	-969.02001953125	135.618743896484	32.3653793334961	-966.843933105469	134.202758789062	6.73000383377075	-976.437438964844	151.899124145508	-68.6945266723633	-971.711853027344	155.863784790039	-66.067626953125	-970.436462402344	158.773956298828	-58.0135955810547	-968.283447265625	161.598831176758	-45.8648681640625	-965.733520507812	158.59358215332	-19.3440780639648	-960.434143066406	153.795028686523	-11.7467441558838	-965.9052734375	146.085083007812	-48.8291816711426	-994.64306640625	145.390716552734	-28.1732349395752	-1009.78894042969	158.004501342773	-25.3939781188965	-1018.70593261719	177.199737548828	-16.6807804107666	-1012.5703125	190.566833496094	-2.99317049980164	-980.806335449219	181.618286132812	6.78971242904663	-979.225402832031	155.978408813477	-11.7038650512695	-987.907775878906	176.29719543457	24.718090057373	-980.719421386719	161.38981628418	24.0487995147705	-968.926635742188	150.830627441406	31.7835826873779	-966.724487304688	150.016952514648	5.50855875015259	-976.276245117188
GMNH-V14-611	140.21110534668	-63.7891845703125	-928.924743652344	140.336029052734	-56.3003005981445	-940.648803710938	140.564819335938	-43.2647247314453	-959.303100585938	141.386077880859	-19.0975303649902	-981.598937988281	141.268737792969	-15.8256912231445	-986.728088378906	143.521347045898	71.9664611816406	-949.553649902344	142.860961914062	52.2029495239258	-932.642395019531	142.775207519531	34.3892211914062	-929.912963867188	142.203735351562	11.0883102416992	-945.364135742188	141.220001220703	-7.82050895690918	-935.968688964844	140.210388183594	-48.5599021911621	-934.874816894531	128.002746582031	-57.8385696411133	-930.030944824219	125.843475341797	-55.2186050415039	-929.240478515625	122.995971679688	-47.0046119689941	-927.149047851562	120.224212646484	-35.8449935913086	-925.798034667969	124.498596191406	-9.83354568481445	-922.917419433594	130.622314453125	-2.43129825592041	-929.087829589844	135.261627197266	-40.6679763793945	-956.318298339844	137.561492919922	-17.7119827270508	-975.185119628906	121.740036010742	-14.0949363708496	-982.328308105469	106.628288269043	-5.57243776321411	-972.008056640625	94.0169525146484	7.54115772247314	-941.520812988281	102.937088012695	21.2569332122803	-941.719543457031	126.746376037598	-2.22496366500854	-948.635498046875	109.524040222168	40.153491973877	-942.878662109375	124.183547973633	38.8044929504395	-933.570617675781	134.666458129883	44.9693222045898	-929.334594726562	134.126846313477	19.4869804382324	-938.729125976562	152.283157348633	-59.4349822998047	-930.556884765625	154.976593017578	-56.2143096923828	-929.587158203125	158.520294189453	-47.8809394836426	-927.004455566406	161.074951171875	-36.8965301513672	-925.210021972656	157.588806152344	-10.398362159729	-922.509826660156	152.602325439453	-3.22008371353149	-928.779968261719	145.916168212891	-41.1373710632324	-956.649230957031	145.027465820312	-18.0219688415527	-974.5654296875	161.982040405273	-14.5096578598022	-982.635559082031	177.734588623047	-8.34730815887451	-971.539672851562	189.691040039062	7.96384954452515	-942.120666503906	181.661117553711	19.8177337646484	-941.747741699219	157.076629638672	-2.58648800849915	-948.918273925781	176.098327636719	39.4639434814453	-943.11474609375	160.055160522461	38.3438720703125	-933.117492675781	150.758331298828	44.701301574707	-929.82275390625	151.043914794922	18.6679973602295	-939.072204589844
GMNH-V14-621	123.366134643555	-56.156494140625	-938.121765136719	123.617774963379	-49.8707885742188	-945.233703613281	122.267936706543	-37.7595710754395	-962.283142089844	121.74235534668	-18.2538394927979	-983.203125	121.366386413574	-15.5877065658569	-988.513793945312	127.324241638184	63.6597099304199	-946.585632324219	126.631080627441	43.7045021057129	-932.6044921875	125.867652893066	28.3329887390137	-932.626281738281	124.663665771484	6.15389394760132	-949.187805175781	124.728576660156	-9.13185977935791	-942.120056152344	123.345611572266	-40.9958229064941	-942.3271484375	113.228553771973	-51.7353935241699	-938.603515625	111.911247253418	-50.1905899047852	-937.860412597656	107.81721496582	-45.5169906616211	-936.1787109375	106.112716674805	-35.2591972351074	-932.995361328125	108.438682556152	-10.948694229126	-929.872619628906	113.654907226562	-2.56742429733276	-933.508666992188	117.634750366211	-35.1992416381836	-960.5146484375	118.958229064941	-16.4078845977783	-976.250732421875	105.240341186523	-10.8463544845581	-983.532653808594	89.8535995483398	-4.74005460739136	-971.873291015625	82.4698944091797	8.89049339294434	-946.524597167969	89.8770446777344	16.1999397277832	-945.194396972656	109.302291870117	-2.88112854957581	-954.631103515625	96.3291244506836	33.6685180664062	-944.758056640625	110.058792114258	32.5014877319336	-933.413818359375	119.358093261719	38.3070678710938	-930.760009765625	117.989280700684	13.2366180419922	-943.28125	133.978591918945	-52.987964630127	-940.192626953125	134.854064941406	-51.3761901855469	-939.4375	139.489669799805	-47.3258514404297	-938.061340332031	142.64680480957	-36.9760627746582	-935.394165039062	142.402801513672	-12.7824268341064	-932.170288085938	137.136520385742	-4.503014087677	-935.7431640625	127.285140991211	-34.4697608947754	-961.911865234375	126.038108825684	-16.4483585357666	-976.645080566406	138.532531738281	-12.6038036346436	-986.732116699219	156.24983215332	-7.58481359481812	-975.818969726562	167.980514526367	4.003577709198	-951.785095214844	161.33235168457	14.3446550369263	-949.039306640625	139.275665283203	-4.17448854446411	-955.751525878906	155.146713256836	32.0557327270508	-947.495178222656	142.82878112793	31.3119735717773	-935.230529785156	133.314651489258	37.4474639892578	-931.176513671875	132.668045043945	11.8896369934082	-943.779418945312
GMNH-VM09-45	142.61408996582	-69.6615600585938	-949.225402832031	142.56379699707	-63.9375801086426	-956.756958007812	142.018997192383	-50.1090049743652	-977.382019042969	141.179504394531	-25.2825584411621	-997.940734863281	140.810073852539	-21.2931480407715	-1003.99438476562	144.351211547852	61.9300155639648	-965.602111816406	144.246124267578	42.0971488952637	-947.969482421875	143.781967163086	26.8166618347168	-945.739074707031	142.272155761719	-0.19890969991684	-963.798400878906	143.483978271484	-15.0261554718018	-953.289123535156	143.194793701172	-53.7449188232422	-952.437194824219	131.928894042969	-66.0933151245117	-947.658813476562	128.455596923828	-62.2705688476562	-945.801147460938	126.755737304688	-55.2531890869141	-941.716857910156	125.371170043945	-43.9808197021484	-941.091003417969	126.90746307373	-18.670337677002	-939.711059570312	132.197387695312	-9.54984378814697	-946.487365722656	137.409744262695	-47.9304962158203	-973.960815429688	138.615036010742	-24.8546485900879	-989.882751464844	121.563674926758	-19.8798179626465	-997.93212890625	107.449432373047	-11.505612373352	-985.44921875	96.4001693725586	-2.64532136917114	-956.237182617188	105.422119140625	11.5182819366455	-954.575134277344	128.0244140625	-7.86382913589478	-964.916015625	111.117416381836	30.4279479980469	-957.493591308594	126.704544067383	28.8437614440918	-947.310241699219	136.640975952148	36.494197845459	-945.601257324219	135.392807006836	8.77873420715332	-955.142517089844	151.784072875977	-66.5781097412109	-948.066345214844	156.02571105957	-64.2681884765625	-946.051025390625	158.54133605957	-58.00146484375	-942.365600585938	160.993270874023	-46.0139923095703	-941.421691894531	160.835540771484	-20.4522762298584	-941.14599609375	154.74235534668	-10.6372241973877	-947.644714355469	147.193237304688	-48.3157157897949	-973.808654785156	144.901016235352	-25.4743232727051	-990.070129394531	160.8251953125	-20.5436725616455	-999.169982910156	176.306610107422	-13.0116443634033	-989.046203613281	NA	NA	NA	182.910705566406	10.3130941390991	-958.765991210938	156.784240722656	-8.42616748809814	-966.939636230469	177.299453735352	29.5151882171631	-960.30126953125	161.345520019531	28.5610694885254	-949.256652832031	152.420944213867	35.4206428527832	-946.2802734375	151.662200927734	8.5139627456665	-956.728881835938
GMNH-VM09-457	149.334655761719	-68.4970703125	-952.809692382812	148.21549987793	-59.0369682312012	-963.2119140625	146.900909423828	-44.625057220459	-981.542907714844	146.035263061523	-16.2483806610107	-1002.59234619141	145.576171875	-12.5841178894043	-1007.83648681641	148.885757446289	72.9150924682617	-965.611083984375	149.965469360352	53.5007553100586	-948.078247070312	149.475021362305	36.3516998291016	-944.631958007812	148.607192993164	7.92398881912231	-964.129089355469	148.901428222656	-8.11082172393799	-954.893737792969	148.300994873047	-48.4414520263672	-957.376647949219	137.064163208008	-65.3808441162109	-953.655883789062	132.351837158203	-60.8669815063477	-950.733764648438	129.174087524414	-53.8766784667969	-948.403625488281	126.825103759766	-41.8746757507324	-946.390441894531	130.784530639648	-16.7273635864258	-941.329650878906	137.585647583008	-4.25654220581055	-947.114318847656	141.18391418457	-42.9610557556152	-979.143615722656	142.25178527832	-16.3882923126221	-995.056457519531	126.179840087891	-10.8126373291016	-1001.97674560547	109.303588867188	-3.49037599563599	-990.852966308594	97.4484405517578	10.9537630081177	-955.112731933594	107.396286010742	18.0506782531738	-954.6953125	131.888427734375	-3.45014262199402	-969.277099609375	115.552795410156	38.2953033447266	-957.51611328125	132.099227905273	38.5512275695801	-946.532470703125	141.90266418457	44.5891494750977	-944.396179199219	141.044830322266	16.1739406585693	-955.897399902344	160.714126586914	-64.2547912597656	-954.892456054688	164.948776245117	-59.7639541625977	-952.935852050781	168.740539550781	-53.1156539916992	-950.54443359375	170.795440673828	-41.4223709106445	-948.140930175781	168.288131713867	-16.4404792785645	-942.509704589844	161.373443603516	-3.46058893203735	-948.139770507812	153.382507324219	-43.2452621459961	-979.479125976562	151.359466552734	-16.017391204834	-995.654235839844	166.773147583008	-9.95376300811768	-1003.91125488281	184.429931640625	-3.87533354759216	-994.848510742188	199.984909057617	9.50841331481934	-959.623046875	190.048385620117	18.3334350585938	-958.541748046875	163.060638427734	-2.62271428108215	-970.534301757812	182.199356079102	38.3456344604492	-960.923095703125	167.586715698242	38.6069641113281	-948.608093261719	157.278045654297	45.2607727050781	-945.805541992188	157.472213745117	16.8674030303955	-957.469665527344
GMNH-VM10-348	122.18480682373	-66.4765625	-985.598815917969	122.67317199707	-58.3876113891602	-996.010620117188	122.772956848145	-46.4340896606445	-1013.12200927734	124.12963104248	-26.7157135009766	-1030.42260742188	124.374565124512	-22.6092758178711	-1034.73181152344	129.856781005859	53.6781120300293	-987.984375	128.414825439453	32.0660057067871	-977.665954589844	127.126831054688	15.6872186660767	-977.622497558594	125.902923583984	-4.26744937896729	-994.512023925781	124.700561523438	-18.7307605743408	-988.288452148438	123.224380493164	-50.3292846679688	-991.975891113281	111.419776916504	-60.9038887023926	-986.881530761719	110.22639465332	-59.2606086730957	-986.567993164062	107.639541625977	-54.947322845459	-984.594360351562	105.085350036621	-44.1791076660156	-981.483154296875	108.167671203613	-19.7136878967285	-978.809753417969	113.910598754883	-11.9240598678589	-981.559143066406	118.172760009766	-44.4064254760742	-1010.00646972656	120.949501037598	-25.8323726654053	-1023.21502685547	107.023139953613	-20.3425312042236	-1031.32727050781	91.524169921875	-13.0087022781372	-1021.00061035156	83.6993026733398	-2.50242686271667	-993.765197753906	90.4654388427734	7.29665613174438	-991.140197753906	110.967842102051	-11.7663516998291	-999.659301757812	97.6718521118164	22.5492324829102	-989.640869140625	111.156867980957	19.0203247070312	-979.844787597656	119.739410400391	24.9501686096191	-976.259033203125	118.799499511719	3.06895709037781	-987.734191894531	133.528839111328	-62.6438522338867	-987.779174804688	135.462448120117	-61.1817016601562	-987.430419921875	138.247344970703	-55.9179267883301	-984.464233398438	142.314727783203	-45.858715057373	-982.075805664062	141.675445556641	-21.5710945129395	-978.273376464844	136.623687744141	-14.0198183059692	-981.608337402344	127.528694152832	-45.602725982666	-1009.73095703125	127.806709289551	-26.8609027862549	-1022.86682128906	142.948501586914	-22.6595363616943	-1030.78942871094	158.682556152344	-17.8633842468262	-1020.26818847656	168.394668579102	-7.60940933227539	-991.948303222656	162.625839233398	2.56940031051636	-990.147521972656	139.504989624023	-13.3614521026611	-999.363525390625	158.160247802734	19.1603832244873	-988.563842773438	144.598541259766	17.687126159668	-979.238037109375	135.121612548828	23.932596206665	-975.861145019531	133.39372253418	2.17422556877136	-987.448852539062
GMNH-VM10-427	127.326171875	-69.3510513305664	-983.881652832031	127.701850891113	-63.7394676208496	-990.953674316406	127.80712890625	-51.3686943054199	-1009.68548583984	128.934295654297	-30.8532543182373	-1029.74597167969	128.966735839844	-27.7006683349609	-1034.42016601562	130.344345092773	52.1405448913574	-995.22998046875	130.886901855469	32.510368347168	-982.542419433594	130.129135131836	16.1362838745117	-980.647583007812	129.430099487305	-6.82071208953857	-997.388732910156	128.358428955078	-21.8002700805664	-988.207763671875	127.92342376709	-53.5961456298828	-988.695617675781	115.956855773926	-63.5313262939453	-985.371520996094	114.222091674805	-62.2538261413574	-985.454772949219	111.289749145508	-55.7273635864258	-982.502136230469	108.743919372559	-45.4338836669922	-980.311767578125	112.607452392578	-19.8465251922607	-978.995056152344	116.846664428711	-15.6043004989624	-981.390319824219	123.032470703125	-50.3543281555176	-1006.13055419922	126.448959350586	-30.9811954498291	-1021.95922851562	113.214530944824	-24.5264682769775	-1031.87329101562	98.2693710327148	-19.4399166107178	-1021.68402099609	87.3085174560547	-8.19203853607178	-996.88916015625	93.9610977172852	0.968194365501404	-994.423095703125	114.463165283203	-16.5858631134033	-1000.49548339844	99.6577987670898	19.3758087158203	-994.209106445312	113.79581451416	19.4411277770996	-982.99755859375	122.885475158691	25.8740253448486	-979.815368652344	122.423034667969	0.891308128833771	-989.464782714844	139.135269165039	-64.4249038696289	-985.452514648438	141.080307006836	-63.2272987365723	-984.812072753906	144.318267822266	-56.8550567626953	-982.055358886719	147.204208374023	-46.4315643310547	-979.429870605469	144.647476196289	-20.4607048034668	-978.904418945312	140.307037353516	-16.2986431121826	-980.816528320312	133.509078979492	-51.1272430419922	-1006.01666259766	131.637908935547	-31.187614440918	-1022.08978271484	145.565719604492	-25.9848098754883	-1031.24768066406	160.852111816406	-21.121374130249	-1018.97601318359	171.496215820312	-10.6174583435059	-993.856201171875	165.274108886719	-0.300719529390335	-992.363708496094	142.969543457031	-17.1934661865234	-999.963806152344	159.508193969727	17.9678611755371	-992.481140136719	146.938827514648	19.2426013946533	-982.233825683594	137.210983276367	25.33571434021	-979.78955078125	137.555465698242	0.422553956508636	-989.652282714844
GMNH-VM11-16	138.112518310547	-57.7055435180664	-935.550109863281	137.094985961914	-51.0647315979004	-943.452514648438	135.881744384766	-38.3770599365234	-960.313659667969	134.617523193359	-14.0006999969482	-979.242431640625	134.250717163086	-10.0551624298096	-984.034790039062	135.563430786133	71.1497650146484	-942.858825683594	137.624374389648	51.0950965881348	-926.422973632812	138.193481445312	32.0925369262695	-924.044311523438	136.249801635742	10.3749628067017	-942.961242675781	136.803894042969	-6.06630182266235	-936.021057128906	137.486511230469	-41.7587394714355	-938.416870117188	125.718612670898	-53.870548248291	-935.993408203125	122.796127319336	-52.4469795227051	-935.377197265625	120.182846069336	-45.0678558349609	-931.5869140625	117.905433654785	-34.2946357727051	-927.654602050781	120.483612060547	-8.31957340240479	-923.536560058594	125.399803161621	-1.51888418197632	-928.181579589844	131.063003540039	-37.4406471252441	-957.420532226562	131.149551391602	-15.1582126617432	-971.761535644531	116.779426574707	-9.98629760742188	-979.306274414062	99.9875411987305	-0.796907961368561	-968.211608886719	88.6367645263672	8.65907764434814	-936.256286621094	96.8599243164062	19.1819515228271	-934.448364257812	120.514953613281	-1.63924360275269	-947.366333007812	103.306045532227	38.1351318359375	-936.27587890625	118.355209350586	37.1290664672852	-925.559020996094	130.244049072266	43.4577217102051	-922.097045898438	128.19905090332	16.9686088562012	-935.21728515625	149.839706420898	-53.7947463989258	-937.958618164062	152.375503540039	-52.3980026245117	-937.630859375	155.834197998047	-44.264102935791	-934.275817871094	158.304107666016	-33.6044502258301	-929.237243652344	154.369995117188	-8.13064670562744	-925.700500488281	149.246871948242	-1.74683654308319	-929.501342773438	141.111694335938	-36.9340400695801	-957.56640625	138.873596191406	-14.5416040420532	-972.653381347656	152.627944946289	-9.64553260803223	-980.81689453125	171.240493774414	-1.29168629646301	-971.433288574219	185.110458374023	7.65578985214233	-942.465393066406	176.43376159668	18.3496913909912	-939.226745605469	151.766189575195	-1.42137551307678	-949.278503417969	170.130615234375	37.5480346679688	-940.679748535156	156.997650146484	36.2474670410156	-927.568969726562	146.169937133789	43.0637168884277	-923.091613769531	146.435745239258	16.4340686798096	-936.820495605469
GMNH-VM12-388	145.554901123047	-62.6664199829102	-926.301574707031	145.34619140625	-54.8200645446777	-933.926574707031	145.779861450195	-34.6201362609863	-951.997253417969	148.040145874023	-12.7813758850098	-971.427307128906	148.093276977539	-9.27515506744385	-976.986999511719	148.363555908203	74.2994995117188	-934.462463378906	148.821823120117	52.0095558166504	-918.514587402344	148.388442993164	35.3709869384766	-917.275634765625	147.719268798828	13.9715423583984	-935.163757324219	147.142349243164	-2.43148016929626	-929.1083984375	144.782089233398	-42.8059463500977	-929.318054199219	132.540283203125	-58.8080444335938	-926.552429199219	128.061096191406	-54.6921005249023	-924.445373535156	125.885246276855	-47.670036315918	-921.78125	125.022064208984	-34.9905319213867	-918.996459960938	129.877731323242	-7.81506061553955	-914.448425292969	135.871459960938	0.748927474021912	-919.921264648438	140.508361816406	-35.2865791320801	-948.777160644531	144.723876953125	-11.574031829834	-963.857482910156	129.253662109375	-6.83599090576172	-974.109985351562	112.682929992676	-0.0968894436955452	-964.275085449219	100.610107421875	10.7359294891357	-932.554565429688	109.110389709473	22.5605392456055	-931.121398925781	132.510452270508	3.50704312324524	-941.136779785156	116.233917236328	39.9468879699707	-929.543334960938	131.095687866211	39.1624984741211	-920.39306640625	141.012771606445	44.5239906311035	-917.396301269531	140.972534179688	20.4535045623779	-929.08251953125	157.516128540039	-57.7289276123047	-925.302124023438	161.936157226562	-54.767879486084	-924.291198730469	164.005920410156	-48.1389389038086	-920.809448242188	166.739059448242	-35.7291488647461	-918.327392578125	165.610153198242	-8.40326595306396	-913.039184570312	159.892776489258	0.946473240852356	-920.277526855469	150.930953979492	-34.4584045410156	-947.879028320312	151.837600708008	-11.6871519088745	-964.265319824219	166.433074951172	-7.72003602981567	-973.144409179688	184.029022216797	-1.8414421081543	-962.979309082031	196.000701904297	9.10997009277344	-930.607666015625	188.737548828125	21.8540954589844	-930.1728515625	163.373474121094	4.59484386444092	-941.318054199219	181.681701660156	39.1296195983887	-928.768127441406	166.271774291992	38.3542747497559	-920.000732421875	155.732025146484	44.437255859375	-917.594543457031	155.637252807617	20.3669376373291	-928.827026367188
GMNH-VM12-450	128.002014160156	-66.0362701416016	-935.214721679688	128.319030761719	-60.7598915100098	-944.093444824219	128.382934570312	-46.9676818847656	-963.872680664062	128.669189453125	-24.8738040924072	-983.026733398438	128.552993774414	-22.383472442627	-987.387451171875	133.783248901367	60.3182220458984	-949.763610839844	132.946548461914	41.4548835754395	-935.589660644531	131.241180419922	24.9310817718506	-933.307861328125	130.159454345703	1.00463402271271	-948.577758789062	130.189361572266	-15.079873085022	-940.294677734375	128.802322387695	-49.7511596679688	-942.20947265625	117.309440612793	-61.1446151733398	-936.695129394531	114.83812713623	-57.3694763183594	-935.9267578125	112.380149841309	-52.1275863647461	-934.456787109375	109.55256652832	-41.0126724243164	-932.535095214844	113.419136047363	-15.0592803955078	-929.011108398438	119.200790405273	-7.4546709060669	-933.010620117188	123.966636657715	-44.734504699707	-962.067504882812	125.546646118164	-23.8421363830566	-975.608642578125	111.927093505859	-20.4543838500977	-983.667907714844	96.5527572631836	-10.9133987426758	-972.561401367188	87.2342224121094	2.2113311290741	-945.354064941406	95.3720703125	11.7301368713379	-945.256958007812	116.512626647949	-7.96223592758179	-951.875427246094	101.401924133301	29.9508686065674	-944.807250976562	116.208854675293	29.4493598937988	-934.116027832031	124.490531921387	34.7690696716309	-933.146057128906	124.431007385254	9.1579122543335	-941.513000488281	139.2412109375	-62.4498405456543	-937.090759277344	142.165603637695	-58.8535919189453	-936.505065917969	145.518142700195	-53.2923965454102	-934.927917480469	150.224945068359	-42.1183433532715	-934.123168945312	148.200576782227	-16.1728363037109	-930.224304199219	141.967193603516	-8.5606575012207	-933.457763671875	132.994857788086	-45.2816581726074	-961.681945800781	132.554916381836	-24.9753532409668	-975.927124023438	145.658782958984	-22.0699615478516	-983.887329101562	162.740493774414	-14.6954221725464	-974.521179199219	174.218200683594	-0.401336401700974	-946.577087402344	166.942932128906	8.23315906524658	-946.366638183594	145.028213500977	-9.85379791259766	-952.892822265625	161.022537231445	26.0934867858887	-945.390869140625	146.884918212891	27.0092830657959	-935.467407226562	139.974639892578	33.4872589111328	-932.839111328125	137.668823242188	7.8223705291748	-942.214111328125
GMNH-VM13-350	141.37141418457	-73.7421722412109	-960.360412597656	141.347152709961	-67.2659759521484	-968.364868164062	140.712020874023	-49.8950881958008	-986.519409179688	140.187896728516	-25.5071315765381	-1004.10144042969	139.811462402344	-21.5659980773926	-1009.90338134766	141.475067138672	59.1265335083008	-967.071899414062	142.793884277344	39.4640884399414	-954.598449707031	142.733825683594	24.6955394744873	-953.176208496094	141.91520690918	-0.529257357120514	-970.859252929688	141.645950317383	-17.3256072998047	-960.852233886719	141.027969360352	-56.2541656494141	-963.284912109375	129.336883544922	-68.4918823242188	-961.062927246094	127.976661682129	-66.625862121582	-960.073486328125	123.789489746094	-58.2964248657227	-956.252197265625	122.917816162109	-46.8896179199219	-952.466125488281	125.164154052734	-19.0971984863281	-948.362548828125	131.180252075195	-12.8266935348511	-953.968994140625	135.686996459961	-47.9512825012207	-983.55615234375	136.935028076172	-24.6118221282959	-998.264038085938	121.308692932129	-19.8670883178711	-1006.4404296875	105.739845275879	-13.3297653198242	-994.681945800781	95.0661315917969	-1.08307492733002	-966.284851074219	103.143798828125	9.71598148345947	-963.255859375	126.073089599609	-11.3087062835693	-974.185302734375	109.949989318848	27.4793643951416	-964.383605957031	125.741897583008	27.8394927978516	-955.417175292969	135.275955200195	33.2317504882812	-952.417114257812	134.738250732422	7.99319362640381	-962.866455078125	153.594436645508	-68.2138214111328	-961.93359375	154.402008056641	-66.8663940429688	-961.171630859375	159.434341430664	-58.4929008483887	-958.006469726562	160.849945068359	-47.1325569152832	-953.685241699219	158.581405639648	-19.3241844177246	-949.410583496094	153.376068115234	-13.1282863616943	-954.535827636719	146.326217651367	-47.5976219177246	-983.856994628906	144.360687255859	-23.9448719024658	-998.805358886719	159.697158813477	-20.4148273468018	-1007.31115722656	175.43733215332	-15.5024929046631	-998.544616699219	188.681518554688	-3.24594950675964	-967.773681640625	181.75065612793	8.19635772705078	-965.214294433594	156.738662719727	-11.0328340530396	-974.788024902344	174.760864257812	25.8601531982422	-966.151489257812	159.718856811523	27.3090076446533	-956.449035644531	149.797256469727	33.5007133483887	-952.77099609375	149.495971679688	8.04897880554199	-963.446655273438
GMNH-VM13-388	131.467224121094	-71.018913269043	-988.516906738281	131.410079956055	-63.9164733886719	-1000.06292724609	131.481201171875	-48.327938079834	-1018.48449707031	132.022003173828	-27.1639976501465	-1035.51904296875	131.853668212891	-23.0332317352295	-1040.75915527344	134.029968261719	51.7895812988281	-993.577514648438	133.922058105469	31.4212303161621	-981.348205566406	133.630996704102	15.6694297790527	-981.012878417969	132.986968994141	-4.39520072937012	-998.438598632812	132.181274414062	-21.877477645874	-991.352294921875	131.664505004883	-55.0358352661133	-995.227416992188	120.303749084473	-68.2681274414062	-990.319458007812	118.071281433105	-66.8079071044922	-989.537353515625	114.109489440918	-60.514476776123	-986.533569335938	110.821243286133	-49.8833770751953	-983.41552734375	113.387565612793	-24.1177501678467	-980.208129882812	119.928894042969	-15.1340732574463	-983.407775878906	126.410308837891	-48.7060394287109	-1014.06353759766	128.488265991211	-26.9490184783936	-1027.19067382812	114.386070251465	-20.8866500854492	-1034.79553222656	99.6830139160156	-13.3006067276001	-1023.6904296875	88.406867980957	-6.51348686218262	-996.923889160156	95.8065719604492	3.57007241249084	-994.941223144531	118.205894470215	-12.4750738143921	-1002.4580078125	102.039024353027	21.2785148620605	-994.5615234375	117.271339416504	19.7735080718994	-982.161315917969	126.498054504395	25.5742149353027	-979.325256347656	125.56982421875	1.4400520324707	-992.642150878906	142.481399536133	-69.7730712890625	-990.396301269531	145.233505249023	-67.6972885131836	-989.800720214844	149.693069458008	-61.2871131896973	-985.507690429688	151.772659301758	-50.723804473877	-982.562744140625	151.286697387695	-24.9515190124512	-979.848815917969	144.47834777832	-16.347541809082	-983.212036132812	136.881851196289	-50.0027503967285	-1013.96832275391	135.857940673828	-27.9952411651611	-1027.29650878906	NA	NA	NA	165.952087402344	-15.4883518218994	-1022.96282958984	175.991104125977	-8.90702438354492	-997.130859375	170.380569458008	1.77913880348206	-995.151184082031	147.478927612305	-13.9257583618164	-1002.96783447266	165.001693725586	19.9863986968994	-994.159301757812	150.756683349609	18.5869541168213	-982.497985839844	140.854721069336	25.0323543548584	-979.422973632812	141.120132446289	0.784465312957764	-992.431945800781
GMNH-VM13-392	125.693550109863	-73.4529342651367	-953.1455078125	125.862319946289	-69.9202346801758	-961.482482910156	125.526016235352	-59.938404083252	-979.819152832031	124.005447387695	-36.3064384460449	-999.370239257812	123.854347229004	-33.424488067627	-1003.46783447266	124.06022644043	46.6420135498047	-965.230895996094	124.199493408203	25.5269546508789	-951.191467285156	124.478149414062	9.9281177520752	-949.407348632812	124.371719360352	-12.904052734375	-967.013000488281	124.863739013672	-27.0439071655273	-959.092102050781	125.536636352539	-59.5255393981934	-958.215393066406	115.333198547363	-68.8079528808594	-955.430603027344	114.868644714355	-68.4467010498047	-955.098510742188	111.611221313477	-63.2618522644043	-952.78076171875	107.422492980957	-53.6784973144531	-950.37841796875	108.684425354004	-28.4162178039551	-948.995178222656	113.65763092041	-22.2658309936523	-952.162109375	120.547744750977	-58.006404876709	-976.195434570312	121.175079345703	-35.706844329834	-992.464721679688	108.083618164062	-30.4046497344971	-1001.275390625	92.4945755004883	-25.3482265472412	-989.806335449219	82.5694122314453	-13.6511535644531	-961.869750976562	88.9162902832031	-5.01436948776245	-962.510192871094	110.752517700195	-21.5265235900879	-971.778869628906	94.8928070068359	14.0891199111938	-962.692626953125	107.988204956055	13.4099597930908	-951.782348632812	117.157539367676	19.4348316192627	-948.483154296875	117.289329528809	-5.90337800979614	-960.202941894531	136.025634765625	-68.4848327636719	-956.155029296875	136.20085144043	-68.1218948364258	-955.498107910156	139.857788085938	-62.3317527770996	-952.934631347656	142.543472290039	-52.8145904541016	-950.73583984375	140.528503417969	-27.6856937408447	-949.612548828125	135.494689941406	-21.9347839355469	-952.349487304688	130.339019775391	-57.7858695983887	-976.191467285156	127.318687438965	-35.8588562011719	-992.625122070312	140.36360168457	-29.7695751190186	-1001.22320556641	156.059768676758	-24.5435848236084	-990.560913085938	166.474166870117	-12.1670150756836	-962.143371582031	160.839050292969	-4.05898714065552	-962.836669921875	137.899841308594	-21.0199699401855	-971.875915527344	153.930877685547	14.3079376220703	-962.389465332031	141.224533081055	13.6309604644775	-952.33203125	132.341567993164	18.9923038482666	-948.262573242188	132.674133300781	-5.92275857925415	-960.857604980469
GMNH-VM14-159	138.127700805664	-64.4937057495117	-930.801452636719	138.36882019043	-57.5850868225098	-937.412719726562	137.414810180664	-44.6285820007324	-955.218505859375	136.236114501953	-26.4557399749756	-976.756652832031	135.618194580078	-23.8941555023193	-981.721008300781	140.301010131836	66.6937637329102	-935.286682128906	140.891067504883	42.8469352722168	-926.958068847656	139.871765136719	24.2256450653076	-925.646484375	138.441192626953	1.80382168292999	-943.867370605469	138.688507080078	-13.5928936004639	-934.779235839844	138.165573120117	-48.5947227478027	-934.493347167969	128.719589233398	-61.3077774047852	-929.423522949219	126.513748168945	-58.9079895019531	-928.339111328125	123.000091552734	-54.2443046569824	-926.585327148438	120.610702514648	-42.7811088562012	-924.627502441406	122.183120727539	-14.9911880493164	-922.377258300781	127.640609741211	-8.27452373504639	-927.475280761719	132.787933349609	-43.09716796875	-951.812194824219	133.451248168945	-24.9013748168945	-968.692626953125	119.502876281738	-19.874095916748	-977.422729492188	103.217178344727	-12.3989667892456	-966.356018066406	93.2037200927734	0.358465790748596	-940.458068847656	101.262542724609	11.3111133575439	-938.652587890625	123.123062133789	-7.64508438110352	-946.384704589844	107.527404785156	29.5311527252197	-938.531066894531	122.247787475586	27.5438690185547	-927.891540527344	131.667999267578	34.1526679992676	-924.861999511719	131.636734008789	7.97493696212769	-937.279418945312	149.262924194336	-60.3665237426758	-930.192810058594	151.103713989258	-58.667121887207	-929.599792480469	154.820343017578	-53.6839752197266	-927.808410644531	157.856002807617	-42.7159423828125	-925.261474609375	156.819000244141	-15.084267616272	-924.026062011719	150.381057739258	-9.17951202392578	-928.232299804688	143.754180908203	-43.5401000976562	-952.121459960938	140.178192138672	-25.1198539733887	-968.963073730469	153.824966430664	-21.0624027252197	-978.610534667969	170.658660888672	-12.9856567382812	-969.347961425781	184.127136230469	-2.22220349311829	-945.142944335938	177.301910400391	9.26644611358643	-942.431213378906	153.218322753906	-8.35672378540039	-947.385559082031	172.064422607422	27.9762573242188	-940.914672851562	158.10285949707	26.398889541626	-929.102172851562	149.324691772461	33.4941444396973	-924.796264648438	146.859436035156	7.29841089248657	-938.090393066406
GMNH-VM14-160	131.419799804688	-69.4578323364258	-959.706298828125	131.261184692383	-62.6650619506836	-968.276977539062	130.573791503906	-49.7404594421387	-988.210693359375	130.735473632812	-24.8010349273682	-1008.76892089844	130.588241577148	-21.7209033966064	-1013.31390380859	132.20329284668	56.6898460388184	-972.995300292969	132.847244262695	38.1041259765625	-957.054443359375	132.427185058594	22.5462532043457	-955.707824707031	132.131637573242	0.724917769432068	-971.954528808594	131.217102050781	-17.3377552032471	-964.875244140625	131.080184936523	-52.764965057373	-965.840148925781	119.942596435547	-64.2427215576172	-961.875915527344	118.20817565918	-62.4293441772461	-961.288879394531	114.940231323242	-57.3909072875977	-958.779907226562	111.31086730957	-45.0810813903809	-957.960571289062	114.00732421875	-18.6896591186523	-953.504150390625	119.963356018066	-11.7780628204346	-957.269836425781	125.394966125488	-47.0276336669922	-985.361083984375	127.608604431152	-24.2837963104248	-1001.73889160156	113.714973449707	-18.8771781921387	-1009.82336425781	97.6367950439453	-11.9845724105835	-998.572204589844	87.6138076782227	-1.28785037994385	-971.72021484375	96.9528961181641	9.86645698547363	-969.598022460938	118.968414306641	-9.62985992431641	-977.5302734375	102.166938781738	26.7572975158691	-968.816223144531	115.574096679688	25.6952514648438	-957.090209960938	125.12532043457	32.7410545349121	-954.732421875	124.609359741211	6.80491399765015	-964.797119140625	142.636032104492	-64.8727416992188	-962.4345703125	143.975860595703	-63.0162200927734	-961.3701171875	147.419357299805	-58.1660003662109	-959.656799316406	150.93391418457	-47.0155067443848	-957.542175292969	149.59814453125	-19.3590984344482	-953.613586425781	143.64485168457	-12.5984144210815	-957.470520019531	136.723190307617	-47.5530662536621	-985.246032714844	133.60986328125	-24.47727394104	-1002.16375732422	147.692916870117	-19.7352886199951	-1010.10968017578	164.802505493164	-13.2284336090088	-1000.04504394531	176.179122924805	-3.35487985610962	-972.462341308594	167.66960144043	8.79734039306641	-970.065673828125	144.547943115234	-9.26232433319092	-977.716735839844	162.482437133789	25.7315101623535	-968.564453125	149.920852661133	25.3456153869629	-957.700622558594	139.691055297852	33.0601348876953	-954.894836425781	139.800628662109	6.7786283493042	-965.317260742188
GMNH-VM14-265	140.972686767578	-70.5986480712891	-951.43017578125	142.751602172852	-61.9987716674805	-962.29345703125	143.170944213867	-48.5244331359863	-980.643859863281	144.944976806641	-21.4145240783691	-1001.25378417969	145.14208984375	-18.0513534545898	-1004.79089355469	147.424163818359	64.0953750610352	-958.355773925781	145.541915893555	40.0348472595215	-943.424072265625	144.809295654297	24.8298377990723	-943.169067382812	144.66291809082	2.07402729988098	-963.427124023438	143.254531860352	-15.2398061752319	-955.195434570312	142.591690063477	-50.779670715332	-956.80224609375	129.472427368164	-64.4915466308594	-952.997497558594	125.800926208496	-61.3177909851074	-950.718200683594	123.023208618164	-53.4534187316895	-948.924987792969	120.920509338379	-41.8321380615234	-946.8134765625	125.263023376465	-14.886697769165	-942.220703125	132.119155883789	-7.8467845916748	-948.790710449219	138.24267578125	-46.0715560913086	-978.117004394531	141.332580566406	-21.2842884063721	-994.84814453125	127.459564208984	-15.2067384719849	-1003.984375	110.732055664062	-9.26334476470947	-990.809753417969	99.3259582519531	4.25636053085327	-960.66064453125	107.670951843262	11.4771757125854	-959.367919921875	129.667037963867	-6.9759521484375	-968.902770996094	111.330436706543	31.3459224700928	-959.341552734375	128.183090209961	28.2132225036621	-946.946166992188	137.485092163086	34.4333877563477	-942.785888671875	136.666458129883	9.85447788238525	-956.056030273438	153.389343261719	-66.8754196166992	-951.395385742188	157.164733886719	-63.9565620422363	-948.925903320312	160.462829589844	-56.988224029541	-947.159484863281	163.341857910156	-44.8087959289551	-945.290283203125	160.625091552734	-17.3652153015137	-940.441711425781	154.276321411133	-10.1006860733032	-948.009948730469	148.936294555664	-46.139591217041	-977.285766601562	148.236602783203	-21.5514297485352	-995.090087890625	162.65087890625	-16.6843357086182	-1002.22528076172	180.149276733398	-12.9203453063965	-987.231018066406	190.283325195312	-0.923228800296783	-959.330200195312	182.454620361328	8.78857707977295	-957.173461914062	159.248046875	-8.71580028533936	-968.254333496094	178.893280029297	27.778751373291	-956.567993164062	162.728637695312	27.0207958221436	-945.737854003906	153.102996826172	33.5680465698242	-941.990112304688	152.439025878906	8.11007499694824	-956.227966308594
GMNH-VM14-266	149.551345825195	-81.6077499389648	-929.277282714844	149.383407592773	-69.727424621582	-939.521301269531	149.581283569336	-51.432430267334	-957.593994140625	150.632461547852	-22.018835067749	-978.216674804688	150.746200561523	-17.6918296813965	-982.131652832031	150.134124755859	60.5857391357422	-935.059448242188	150.424240112305	40.7678985595703	-917.107727050781	150.352096557617	22.4791698455811	-919.680297851562	150.601272583008	0.0790208280086517	-936.768859863281	150.28857421875	-19.7009582519531	-929.866882324219	149.43180847168	-60.7427825927734	-934.804809570312	137.234573364258	-73.3227005004883	-930.505187988281	134.217468261719	-70.8436660766602	-929.737915039062	131.653884887695	-62.9932632446289	-925.865234375	NA	NA	NA	131.656372070312	-23.8906593322754	-918.285278320312	137.977142333984	-16.2953033447266	-921.868347167969	144.368743896484	-51.2147483825684	-954.104187011719	147.271697998047	-22.6149787902832	-968.807495117188	131.914978027344	-16.9231700897217	-977.387756347656	113.842193603516	-10.6064558029175	-966.052734375	101.565124511719	-3.72408771514893	-935.374145507812	110.137840270996	9.84647464752197	-932.314636230469	134.806747436523	-12.6246614456177	-943.961669921875	116.56884765625	29.5054092407227	-930.07080078125	133.404174804688	25.5605792999268	-919.979248046875	141.936630249023	30.6140327453613	-915.987854003906	142.151870727539	5.41710805892944	-930.143981933594	162.106491088867	-73.6731033325195	-930.83251953125	164.066848754883	-71.5222625732422	-929.52734375	167.413970947266	-63.2556343078613	-925.967224121094	171.459045410156	-52.4865074157715	-923.117492675781	169.049621582031	-24.6600227355957	-918.072998046875	162.731597900391	-16.5895977020264	-921.981750488281	155.477203369141	-50.344482421875	-953.542358398438	153.801193237305	-23.16090965271	-969.495727539062	168.573226928711	-17.4923114776611	-976.332946777344	186.47200012207	-10.895299911499	-965.891845703125	198.798614501953	-5.12462902069092	-935.011474609375	191.902008056641	9.06912422180176	-932.723693847656	166.127563476562	-12.4041910171509	-943.847229003906	184.309158325195	29.3906421661377	-929.81005859375	167.413681030273	25.6965370178223	-919.289306640625	157.650085449219	32.923942565918	-916.060974121094	159.822052001953	5.42110538482666	-930.155212402344
GMNH-VM14-269	151.742202758789	-68.1213073730469	-925.188598632812	152.053497314453	-58.6075973510742	-936.540954589844	152.502746582031	-42.9530639648438	-957.454162597656	154.143447875977	-13.4738779067993	-982.968322753906	154.549697875977	-9.73515796661377	-987.896911621094	158.144165039062	77.8298645019531	-946.50439453125	156.760208129883	56.2770195007324	-925.3876953125	156.133712768555	38.9703369140625	-923.894470214844	154.899536132812	11.1733198165894	-942.990295410156	154.422698974609	-6.48645401000977	-934.010986328125	152.844955444336	-44.8566741943359	-932.347229003906	138.922653198242	-60.7623710632324	-926.594116210938	135.764602661133	-58.7529792785645	-926.304321289062	133.960250854492	-49.1639366149902	-923.960388183594	132.293472290039	-37.213451385498	-922.404235839844	135.804260253906	-9.08308410644531	-919.58642578125	141.906311035156	-0.399286508560181	-925.664367675781	146.371673583984	-41.5575942993164	-953.299072265625	150.235305786133	-13.3545246124268	-974.028930664062	135.196197509766	-6.99893808364868	-983.016174316406	117.922355651855	-0.288629353046417	-972.033447265625	104.292984008789	12.3320331573486	-937.170043945312	113.781097412109	24.5761260986328	-937.266235351562	138.360885620117	2.05263352394104	-949.504943847656	119.463470458984	47.8144989013672	-937.677490234375	137.121368408203	43.2031936645508	-926.964416503906	148.579467773438	50.2688484191895	-923.463562011719	146.613525390625	22.3720035552979	-934.771179199219	165.199035644531	-61.6096954345703	-926.456420898438	167.250701904297	-60.2457275390625	-925.861328125	170.687927246094	-50.7489433288574	-922.895385742188	173.345428466797	-39.0098152160645	-921.390380859375	172.511077880859	-11.5392370223999	-918.845642089844	166.964721679688	-1.1546745300293	-924.557922363281	158.296508789062	-42.55859375	-953.847595214844	158.168060302734	-12.9627723693848	-974.256042480469	171.957611083984	-7.88790416717529	-983.469787597656	192.258148193359	-2.7418065071106	-970.312377929688	206.546722412109	9.64671802520752	-936.708251953125	198.740783691406	21.4705638885498	-935.838684082031	170.217193603516	0.508058607578278	-948.206359863281	194.147399902344	44.7126808166504	-936.4365234375	175.130645751953	41.7173767089844	-925.828735351562	164.355285644531	49.5482444763184	-922.760437011719	163.894775390625	21.0891895294189	-934.659912109375
GMNH-VM14-325	122.079078674316	-63.8723831176758	-955.693176269531	121.988189697266	-56.9869804382324	-966.094299316406	121.818946838379	-44.8880043029785	-982.428649902344	121.967864990234	-26.7995471954346	-999.678833007812	121.747825622559	-24.308967590332	-1003.61022949219	125.154777526855	53.4858436584473	-964.411743164062	125.047859191895	34.5289764404297	-953.181823730469	124.320320129395	17.6744289398193	-951.601196289062	123.533264160156	-2.08547830581665	-967.361450195312	123.60132598877	-17.2134418487549	-960.640930175781	122.284400939941	-48.7857894897461	-963.369323730469	112.195083618164	-59.0493545532227	-957.204528808594	110.595329284668	-57.4948387145996	-957.352233886719	107.366790771484	-53.0771598815918	-954.825561523438	104.066673278809	-42.2273025512695	-951.800170898438	105.854446411133	-17.6451396942139	-950.505432128906	112.116081237793	-11.462794303894	-954.607482910156	117.384300231934	-43.4524269104004	-980.688720703125	118.457695007324	-25.2971839904785	-992.927978515625	104.385177612305	-21.2577972412109	-1001.3505859375	90.4695205688477	-14.5971870422363	-991.699951171875	81.4903793334961	-3.44109439849854	-964.864318847656	88.7186508178711	6.58919286727905	-964.649291992188	108.235565185547	-11.5299215316772	-971.379638671875	94.6933364868164	23.1850032806396	-963.906982421875	108.861038208008	20.2669258117676	-953.563903808594	116.959648132324	26.2356605529785	-951.722961425781	117.235786437988	5.01496028900146	-960.528137207031	132.251129150391	-59.7349548339844	-958.125183105469	133.908309936523	-58.1944580078125	-957.7216796875	136.716583251953	-53.3035507202148	-955.284057617188	141.149810791016	-43.4200477600098	-952.579528808594	141.550491333008	-18.8011932373047	-951.000244140625	135.700637817383	-11.838321685791	-954.621459960938	127.899917602539	-43.1991310119629	-979.397521972656	126.12996673584	-25.7581577301025	-992.75146484375	140.190399169922	-22.3051815032959	-1001.76184082031	154.801177978516	-16.3441753387451	-993.20947265625	166.013549804688	-2.18058228492737	-966.366027832031	159.416168212891	5.03024482727051	-965.936340332031	138.427261352539	-11.3552227020264	-972.589965820312	154.161254882812	21.5445346832275	-964.975769042969	139.900619506836	19.5559043884277	-954.238708496094	131.999771118164	25.654634475708	-952.102966308594	130.963088989258	4.0483226776123	-961.623046875
GMNH-VM14-493	137.040084838867	-71.1045761108398	-970.090270996094	137.415130615234	-63.8872680664062	-979.10205078125	137.346343994141	-48.578784942627	-997.978942871094	136.357727050781	-22.5128555297852	-1018.32446289062	136.213623046875	-18.8504772186279	-1023.27813720703	138.28254699707	62.4656715393066	-984.808227539062	138.453552246094	43.6581993103027	-967.171875	138.176940917969	25.7749938964844	-965.321350097656	137.369842529297	1.24962079524994	-983.743774414062	137.560974121094	-15.1257915496826	-973.286376953125	137.525695800781	-52.8179512023926	-974.722351074219	124.303619384766	-64.233772277832	-971.623901367188	123.34351348877	-62.7818908691406	-971.164428710938	119.211128234863	-53.2684745788574	-967.523742675781	117.614288330078	-41.0354042053223	-964.274963378906	120.687767028809	-14.5397691726685	-961.439270019531	126.290679931641	-8.28615188598633	-966.70751953125	131.841842651367	-46.5307769775391	-995.070251464844	133.60807800293	-22.0331039428711	-1010.35778808594	118.045356750488	-17.4102802276611	-1020.74475097656	102.183280944824	-10.5184230804443	-1009.80444335938	90.6246795654297	3.34518003463745	-981.1181640625	97.7469787597656	13.9242153167725	-979.075805664062	121.101936340332	-8.12755584716797	-988.184448242188	106.70467376709	32.2718772888184	-978.995361328125	120.078704833984	31.0013389587402	-968.298461914062	130.181198120117	36.8662910461426	-965.090209960938	129.671691894531	9.99053382873535	-975.908508300781	150.028030395508	-65.3503570556641	-972.555480957031	151.91796875	-63.4661140441895	-971.441955566406	155.540374755859	-54.1762275695801	-968.096862792969	158.09016418457	-42.3868103027344	-965.405639648438	155.383712768555	-15.3629131317139	-962.273742675781	149.548324584961	-8.34834671020508	-967.301025390625	141.76188659668	-47.0829467773438	-995.511840820312	139.870178222656	-22.4872646331787	-1009.94219970703	154.482299804688	-18.0969619750977	-1020.31854248047	171.735412597656	-12.4385576248169	-1009.71862792969	183.843276977539	1.70918774604797	-982.688232421875	177.314208984375	13.0616970062256	-981.558654785156	153.771347045898	-8.5001335144043	-989.943359375	169.610382080078	30.9709205627441	-980.890747070312	156.127456665039	30.4255828857422	-969.630859375	146.747924804688	36.3260726928711	-965.540649414062	145.517044067383	9.9517068862915	-976.856689453125
GMNH-VM14-500	137.202651977539	-73.0922546386719	-964.310119628906	136.658142089844	-71.7639007568359	-968.941101074219	136.048110961914	-55.3327827453613	-990.314086914062	136.310623168945	-29.6136283874512	-1010.27661132812	136.042221069336	-25.6446933746338	-1015.88421630859	143.383941650391	51.516716003418	-978.882995605469	143.126831054688	31.8056163787842	-960.572387695312	142.124908447266	14.7317657470703	-959.479309082031	140.084655761719	-6.28009414672852	-976.62548828125	139.574569702148	-23.2090454101562	-967.550537109375	137.011352539062	-58.7650871276855	-966.359680175781	126.934371948242	-70.8533020019531	-961.770202636719	124.138870239258	-69.2865295410156	-961.325927734375	120.957542419434	-62.680534362793	-956.885192871094	119.420951843262	-51.5759773254395	-953.323059082031	122.878440856934	-26.4998149871826	-952.05810546875	128.592819213867	-17.4060440063477	-959.365844726562	131.097793579102	-53.684009552002	-985.146667480469	134.01171875	-28.8883457183838	-1003.45697021484	120.244506835938	-22.1690521240234	-1010.63134765625	106.686149597168	-13.7469673156738	-998.587951660156	97.0882797241211	-5.8030891418457	-971.174865722656	103.412445068359	2.98986434936523	-971.083068847656	124.656784057617	-14.3402452468872	-980.067443847656	110.619094848633	20.7129974365234	-971.658203125	125.043411254883	20.5494022369385	-961.432983398438	133.743087768555	25.4188575744629	-958.285400390625	132.915130615234	0.456043809652328	-969.789001464844	147.441741943359	-71.7417373657227	-963.760375976562	151.303787231445	-70.298698425293	-962.674194335938	155.353225708008	-64.1165390014648	-960.63818359375	158.357086181641	-53.233772277832	-956.993286132812	157.968673706055	-28.5424537658691	-954.206176757812	152.464752197266	-18.2995910644531	-960.845275878906	141.674346923828	-54.5144386291504	-985.758422851562	139.473266601562	-29.0489139556885	-1003.80694580078	152.979232788086	-24.7673797607422	-1012.26599121094	170.800476074219	-19.8924865722656	-1002.50842285156	184.889465332031	-12.6641578674316	-974.498229980469	179.724273681641	-3.08725333213806	-974.661682128906	152.260559082031	-16.5205078125	-981.705017089844	172.95817565918	17.2374687194824	-974.284912109375	159.795654296875	18.9722194671631	-963.121154785156	151.627395629883	24.4690361022949	-958.917846679688	148.853698730469	-0.29913467168808	-969.983581542969
GMNH-VM14-502	132.81852722168	-64.344123840332	-960.189636230469	131.831100463867	-58.438159942627	-968.282836914062	130.981552124023	-41.5635147094727	-983.516662597656	130.40608215332	-17.9103965759277	-1003.18212890625	130.196319580078	-14.6763916015625	-1008.17205810547	134.501327514648	61.8112983703613	-968.318176269531	135.251327514648	42.1472816467285	-952.035888671875	134.758529663086	24.6116619110107	-950.794677734375	132.749740600586	3.49967074394226	-968.907653808594	133.273590087891	-13.0728588104248	-960.295471191406	132.393966674805	-47.298511505127	-962.585021972656	121.549163818359	-59.7068939208984	-960.472045898438	120.551429748535	-57.6355857849121	-959.522827148438	116.670196533203	-50.9150352478027	-957.071655273438	114.523063659668	-41.1056938171387	-953.03466796875	117.235290527344	-16.5700016021729	-948.514587402344	122.206573486328	-7.97163105010986	-952.426818847656	126.25146484375	-41.2463073730469	-980.74267578125	128.047744750977	-17.9414367675781	-995.833435058594	114.418655395508	-13.5174512863159	-1003.87365722656	98.8727798461914	-7.54195976257324	-993.350219726562	89.1648941040039	3.54705023765564	-962.379028320312	97.9061889648438	13.3940906524658	-962.005676269531	118.987854003906	-6.51960325241089	-971.222290039062	105.310188293457	31.464729309082	-961.623352050781	118.658958435059	29.010139465332	-951.18017578125	127.325370788574	34.6460380554199	-948.244445800781	125.804504394531	10.575966835022	-960.551147460938	143.414535522461	-59.2977600097656	-962.039245605469	144.562759399414	-57.5907669067383	-961.391235351562	147.990844726562	-51.4956016540527	-958.825988769531	150.776000976562	-41.545726776123	-955.15625	150.380477905273	-17.3057174682617	-950.434692382812	145.128356933594	-8.6406364440918	-953.990112304688	136.606979370117	-41.677059173584	-981.249938964844	133.929641723633	-17.5383110046387	-995.679443359375	146.13264465332	-13.8234043121338	-1006.36608886719	163.757446289062	-9.10902404785156	-996.688903808594	178.015869140625	2.2943799495697	-968.513488769531	169.693359375	11.8413028717041	-966.469604492188	145.6826171875	-7.11764764785767	-973.008422851562	162.943405151367	29.7237930297852	-965.349609375	151.199478149414	28.4548664093018	-953.285888671875	143.094451904297	34.5721244812012	-949.243835449219	141.408630371094	10.952151298523	-961.638000488281
GMNH-VM14-535	128.887741088867	-62.8213806152344	-959.6611328125	129.056930541992	-57.6079063415527	-968.41259765625	128.7412109375	-48.3613662719727	-987.929504394531	128.914794921875	-26.210865020752	-1010.29559326172	128.868499755859	-23.0511875152588	-1014.44952392578	128.573638916016	58.5226097106934	-971.607360839844	129.489379882812	36.8205108642578	-960.371398925781	129.291839599609	19.4970321655273	-960.227722167969	129.6328125	-0.590625822544098	-976.876281738281	129.356506347656	-17.1266784667969	-967.670837402344	129.030059814453	-50.1355934143066	-965.523071289062	118.25643157959	-57.8759689331055	-960.405517578125	117.512069702148	-56.7981109619141	-960.26806640625	114.467803955078	-52.0454940795898	-958.990356445312	111.853981018066	-41.7853736877441	-955.986877441406	114.189529418945	-16.5559101104736	-957.164794921875	119.033882141113	-12.3120613098145	-961.793273925781	123.228469848633	-46.1982612609863	-984.739929199219	126.163703918457	-25.712718963623	-1004.3701171875	113.680671691895	-21.7081680297852	-1010.80853271484	98.0919647216797	-15.9196825027466	-1000.85675048828	85.5801010131836	-2.84934663772583	-971.691772460938	92.486328125	5.23278999328613	-971.376098632812	115.228904724121	-12.1501264572144	-981.603088378906	97.8233871459961	23.1989974975586	-971.781372070312	111.606758117676	23.5037612915039	-960.602722167969	121.337577819824	29.05641746521	-958.693542480469	121.518142700195	4.74930763244629	-970.127380371094	140.005020141602	-58.4347496032715	-960.725769042969	140.797073364258	-57.0786552429199	-960.573120117188	143.342590332031	-52.2531623840332	-958.671997070312	146.886352539062	-42.3894882202148	-956.939208984375	145.150421142578	-16.8753356933594	-957.858581542969	140.078063964844	-12.5104646682739	-962.006408691406	134.44010925293	-46.6230049133301	-984.475952148438	132.024475097656	-25.8784408569336	-1004.91412353516	144.81706237793	-21.5855655670166	-1011.72821044922	160.25617980957	-15.2010202407837	-1000.66918945312	173.011947631836	-1.78175723552704	-972.322265625	166.394912719727	5.69696474075317	-971.451293945312	144.002212524414	-10.962233543396	-982.200073242188	160.753372192383	24.5130748748779	-971.440307617188	146.841247558594	23.4496669769287	-961.262939453125	137.540893554688	29.0937423706055	-958.462463378906	137.851181030273	4.76299047470093	-970.554931640625
GMNH-VM14-559	126.252395629883	-70.6071548461914	-982.908569335938	126.110015869141	-65.5590896606445	-990.378356933594	124.325180053711	-53.2124366760254	-1007.15350341797	122.527816772461	-32.0364608764648	-1025.45703125	121.896522521973	-29.2458267211914	-1029.5458984375	127.268692016602	48.2903251647949	-986.967895507812	128.73161315918	30.0533390045166	-975.208862304688	128.229568481445	13.214563369751	-974.466247558594	126.738464355469	-8.91888046264648	-989.994445800781	126.92211151123	-23.7122688293457	-982.615051269531	126.509368896484	-56.8749847412109	-985.97265625	115.08373260498	-65.3897552490234	-982.451843261719	114.496154785156	-63.9261932373047	-981.669250488281	110.724884033203	-58.7606391906738	-979.456787109375	108.047424316406	-48.0950164794922	-976.07421875	111.610633850098	-22.1903839111328	-973.377319335938	115.596000671387	-18.1415824890137	-975.705383300781	120.215141296387	-51.7824859619141	-1004.36120605469	120.269119262695	-31.1063232421875	-1018.61242675781	105.213706970215	-26.1609306335449	-1024.0185546875	91.5076141357422	-18.6324195861816	-1013.78619384766	85.1042556762695	-8.1065092086792	-988.117919921875	93.1978988647461	2.3318247795105	-983.985778808594	112.866958618164	-17.2940826416016	-994.010375976562	97.1916885375977	18.5901412963867	-984.247253417969	112.694877624512	16.3727340698242	-974.25048828125	121.173690795898	23.0607490539551	-972.288940429688	120.821464538574	-2.07980418205261	-982.541259765625	137.738159179688	-66.8295211791992	-984.744384765625	139.280349731445	-64.902473449707	-983.973815917969	143.023300170898	-59.8677177429199	-982.308349609375	146.789169311523	-49.6200523376465	-978.906677246094	145.54557800293	-24.1729621887207	-976.026184082031	140.342208862305	-19.0572929382324	-977.928283691406	129.787658691406	-52.3321800231934	-1004.61486816406	126.499992370605	-31.7225456237793	-1019.40789794922	140.208786010742	-27.1922626495361	-1027.33874511719	156.420639038086	-19.7427825927734	-1019.18682861328	167.887268066406	-10.1562328338623	-995.996032714844	161.585708618164	0.939836859703064	-990.434448242188	140.186447143555	-18.763708114624	-996.556884765625	157.492446899414	16.6555423736572	-990.007019042969	144.222457885742	15.6564207077026	-977.127807617188	136.283782958984	22.9052677154541	-973.659118652344	134.699859619141	-2.84126400947571	-984.656494140625
GMNH-VM14-563	NA	NA	NA	125.818656921387	-65.7696533203125	-934.624694824219	125.59871673584	-53.5916481018066	-956.663208007812	126.2255859375	-28.2772731781006	-978.231323242188	126.092964172363	-23.651725769043	-982.5654296875	132.63330078125	57.7432479858398	-942.353454589844	132.670700073242	38.136661529541	-928.184509277344	131.450653076172	21.9276599884033	-926.534851074219	129.725067138672	-0.391833871603012	-942.544738769531	128.553665161133	-16.8164730072021	-933.830688476562	127.415649414062	-54.7707939147949	-931.988952636719	115.972328186035	-66.9092102050781	-924.9189453125	112.763305664062	-62.5589294433594	-924.450622558594	109.569213867188	-56.6529960632324	-924.334411621094	108.218605041504	-45.8615531921387	-923.552917480469	112.282539367676	-20.8488464355469	-921.918884277344	117.793998718262	-10.711178779602	-926.363159179688	120.413772583008	-51.5065155029297	-952.89111328125	123.421028137207	-27.7151222229004	-970.804016113281	108.196830749512	-19.6784324645996	-978.043701171875	94.4371795654297	-14.8002309799194	-967.336181640625	85.8254928588867	1.03764152526855	-939.054931640625	91.6862335205078	11.493727684021	-937.388610839844	113.688819885254	-11.9335689544678	-946.128845214844	99.6679992675781	29.4835300445557	-939.181640625	114.795753479004	27.087194442749	-929.000427246094	124.454528808594	32.4449882507324	-925.670471191406	122.394309997559	9.04898166656494	-936.06005859375	NA	NA	NA	140.76838684082	-64.5130233764648	-926.67919921875	143.939956665039	-59.353588104248	-925.879333496094	147.787063598633	-47.7916603088379	-925.195495605469	145.868682861328	-23.0959873199463	-923.958679199219	141.142028808594	-13.1996049880981	-927.208068847656	131.741744995117	-52.1052665710449	-953.552307128906	130.025695800781	-28.8298168182373	-971.213684082031	143.671691894531	-22.8149070739746	-979.5830078125	161.373992919922	-19.8554859161377	-971.288757324219	175.829833984375	-6.8707423210144	-942.852172851562	167.814193725586	6.52096891403198	-940.009826660156	143.831253051758	-13.0976676940918	-948.002807617188	163.489852905273	26.1462497711182	-941.731750488281	148.364837646484	24.6852436065674	-930.546264648438	139.726333618164	31.5766620635986	-927.043518066406	137.93830871582	6.86488819122314	-937.864440917969
GMNH-VM14-565	164.832534790039	-53.482551574707	-930.351989746094	164.855285644531	-46.2277908325195	-938.547485351562	NA	NA	NA	164.987777709961	-12.3154439926147	-977.274291992188	164.918899536133	-9.60920143127441	-981.541137695312	169.861099243164	68.0377502441406	-940.212585449219	172.068817138672	47.6029319763184	-927.786743164062	171.519470214844	33.0579071044922	-926.810913085938	168.858383178711	12.7408094406128	-943.679260253906	167.990646362305	-4.01552200317383	-935.85546875	165.641311645508	-35.983715057373	-935.859191894531	153.911804199219	-46.4471244812012	-931.110778808594	153.153778076172	-44.4248313903809	-930.142517089844	150.190551757812	-39.7048034667969	-928.619812011719	148.851898193359	-28.5398941040039	-925.941040039062	153.172073364258	-3.91128015518188	-924.1787109375	157.309722900391	1.40612578392029	-928.667846679688	NA	NA	NA	162.073318481445	-12.5462112426758	-970.4873046875	149.020874023438	-6.52114152908325	-978.209655761719	135.364028930664	-0.362315326929092	-967.186767578125	125.33674621582	10.1351680755615	-942.465026855469	132.566253662109	20.0452480316162	-939.331420898438	154.610321044922	2.31335854530334	-947.818298339844	141.288757324219	37.1440391540527	-938.559387207031	154.344650268555	36.2271385192871	-928.82177734375	164.204299926758	42.5209846496582	-925.997497558594	162.286270141602	17.3883190155029	-937.528869628906	176.297409057617	-48.1138725280762	-931.838012695312	177.432357788086	-47.083625793457	-931.646362304688	181.834060668945	-42.5748100280762	-930.737670898438	185.400726318359	-32.1771965026855	-927.946655273438	184.840850830078	-6.96705532073975	-925.827514648438	179.770202636719	0.0122318724170327	-929.721252441406	NA	NA	NA	168.720123291016	-12.7117538452148	-970.751892089844	181.366287231445	-8.69711208343506	-980.151733398438	196.838851928711	-4.2989182472229	-971.185119628906	211.287902832031	6.07682514190674	-946.625061035156	205.018280029297	15.8986597061157	-942.927368164062	180.949417114258	0.883448421955109	-949.408996582031	198.62858581543	33.9686813354492	-940.96826171875	187.715148925781	34.6470108032227	-930.455993652344	178.555679321289	41.4157180786133	-926.548278808594	176.525131225586	17.1821994781494	-937.577270507812
GMNH-VM14-567	134.681823730469	-65.3719863891602	-937.238525390625	134.35693359375	-58.961124420166	-944.591857910156	133.933471679688	-47.7519416809082	-963.669921875	133.619216918945	-26.0804595947266	-985.457275390625	133.244583129883	-22.7831745147705	-990.390808105469	135.432342529297	60.235595703125	-944.600952148438	136.134658813477	39.3196220397949	-934.163940429688	135.692428588867	21.4292087554932	-932.516540527344	134.925155639648	-0.760284721851349	-950.464233398438	134.744400024414	-15.7507810592651	-940.985412597656	134.576568603516	-48.5515480041504	-942.55810546875	123.967460632324	-62.5117454528809	-936.743713378906	121.514938354492	-60.8637619018555	-936.603210449219	117.517112731934	-54.9658737182617	-933.230773925781	114.367874145508	-43.1927642822266	-931.639831542969	117.211402893066	-17.9284858703613	-928.940246582031	123.882316589355	-9.66323471069336	-933.676879882812	128.948593139648	-45.8862037658691	-961.182312011719	130.178588867188	-25.0053596496582	-978.397705078125	116.526969909668	-20.4109573364258	-985.672546386719	100.459518432617	-11.5747747421265	-974.970153808594	90.2639465332031	0.232406660914421	-946.256652832031	96.1430969238281	8.24483966827393	-944.888977050781	118.05989074707	-11.5190486907959	-954.907592773438	104.072196960449	27.7814846038818	-945.568176269531	119.118545532227	24.3993873596191	-934.476013183594	127.795806884766	31.1962566375732	-932.436828613281	127.172668457031	5.29826736450195	-943.300598144531	145.28108215332	-62.9756202697754	-937.725280761719	148.126525878906	-60.4145088195801	-937.079284667969	152.527191162109	-54.7208366394043	-934.218994140625	155.572723388672	-42.9914703369141	-932.728393554688	152.837387084961	-17.2242565155029	-930.076904296875	146.468139648438	-9.67492485046387	-934.135925292969	138.585830688477	-46.0213775634766	-961.046447753906	137.585556030273	-24.6802558898926	-978.5244140625	151.528121948242	-21.2798194885254	-986.396118164062	168.228271484375	-13.5215997695923	-976.600708007812	180.418548583984	0.21861207485199	-946.565490722656	174.140182495117	6.78074789047241	-945.884399414062	149.57145690918	-10.4253568649292	-956.496948242188	167.162155151367	26.3333740234375	-946.418823242188	152.214172363281	23.556713104248	-935.184631347656	143.661361694336	30.3084964752197	-932.171875	142.436950683594	5.51669597625732	-943.270385742188
GMNH-VM14-573	138.862777709961	-72.8563537597656	-952.289611816406	137.646392822266	-65.4065017700195	-963.444763183594	136.068649291992	-52.4849548339844	-983.280090332031	134.567184448242	-27.0469150543213	-1004.80584716797	134.092468261719	-23.4386463165283	-1008.80340576172	144.06071472168	58.2616806030273	-967.110656738281	144.95133972168	37.5874824523926	-949.725708007812	143.437301635742	19.798412322998	-949.722106933594	140.175735473633	-1.77886617183685	-968.077392578125	140.236175537109	-19.2784976959229	-959.778869628906	138.716094970703	-56.1008148193359	-958.247497558594	126.779808044434	-68.414665222168	-953.620300292969	123.52075958252	-65.1303787231445	-951.638793945312	121.280685424805	-58.1912231445312	-948.274658203125	119.651649475098	-47.7302703857422	-946.10400390625	124.032691955566	-20.7462673187256	-945.032470703125	130.163116455078	-14.4751901626587	-952.227172851562	130.738510131836	-51.7176132202148	-979.270751953125	131.73828125	-25.8363819122314	-998.0185546875	116.924346923828	-18.9206600189209	-1004.84045410156	102.459953308105	-13.0092449188232	-993.321350097656	92.7325668334961	2.5613489151001	-963.189086914062	100.383567810059	9.84383010864258	-961.567810058594	124.37126159668	-12.0280237197876	-972.817810058594	110.119110107422	29.0065021514893	-962.040649414062	124.448890686035	25.5871982574463	-950.785217285156	136.706466674805	31.0137538909912	-947.235168457031	131.948318481445	5.51812791824341	-960.422485351562	150.663925170898	-69.5743713378906	-956.048217773438	153.517150878906	-66.7418212890625	-955.243774414062	157.242614746094	-60.6595611572266	-952.144897460938	159.873718261719	-49.689510345459	-950.205932617188	159.378295898438	-22.9246482849121	-948.172668457031	152.170715332031	-16.0903472900391	-954.12060546875	142.759063720703	-50.4894790649414	-980.343322753906	139.303848266602	-26.8093242645264	-999.123352050781	154.055511474609	-21.7169723510742	-1008.50244140625	170.991989135742	-18.5097503662109	-1000.0419921875	188.99951171875	-3.36740922927856	-974.079956054688	184.09716796875	5.07060861587524	-970.939331054688	153.707855224609	-14.350378036499	-975.481811523438	174.829696655273	24.1406860351562	-968.332458496094	162.666152954102	22.5797290802002	-954.509948730469	152.463897705078	29.6947269439697	-948.760803222656	151.009780883789	3.89140391349792	-962.482849121094
GMNH-VM14-609	126.503875732422	-59.1569442749023	-938.551818847656	127.179908752441	-50.7439651489258	-947.954162597656	127.017784118652	-38.9800605773926	-964.979248046875	127.600120544434	-18.4204483032227	-983.742004394531	127.526702880859	-14.9567203521729	-987.827514648438	129.528762817383	63.5086479187012	-947.065185546875	130.675964355469	42.8096771240234	-935.049743652344	130.039947509766	25.7318077087402	-933.823364257812	129.126663208008	4.83239459991455	-949.520446777344	128.424179077148	-12.3543109893799	-942.39208984375	127.470527648926	-44.6086044311523	-944.073364257812	115.620254516602	-53.8970069885254	-939.403198242188	113.551902770996	-51.9842147827148	-939.239868164062	110.213714599609	-46.86328125	-937.084045410156	107.694305419922	-36.1941566467285	-934.873291015625	111.856986999512	-12.1330423355103	-932.993103027344	117.194000244141	-5.39388036727905	-935.086975097656	122.355171203613	-37.3636283874512	-962.431213378906	124.653007507324	-17.9048595428467	-976.588012695312	111.038749694824	-13.1618165969849	-983.558776855469	96.3470840454102	-5.1557354927063	-974.072021484375	86.4433517456055	5.0676760673523	-945.091796875	93.0141067504883	15.5467128753662	-943.766418457031	115.039924621582	-4.33330297470093	-953.325805664062	99.8963394165039	32.4189147949219	-944.235656738281	114.249443054199	30.9904937744141	-934.420227050781	123.688941955566	36.1713027954102	-932.634826660156	121.791557312012	10.6046266555786	-942.992370605469	138.155303955078	-55.8013916015625	-939.061401367188	139.800308227539	-54.0270195007324	-938.480407714844	143.528396606445	-49.1745452880859	-937.267150878906	147.607269287109	-38.7580451965332	-935.20556640625	145.604141235352	-14.3754453659058	-933.155395507812	140.464859008789	-6.5052809715271	-935.35498046875	132.302978515625	-38.2375869750977	-961.953247070312	130.827743530273	-18.2326965332031	-976.529418945312	144.828002929688	-13.9183416366577	-983.231201171875	160.293853759766	-7.85966920852661	-974.332214355469	171.963668823242	1.95181667804718	-946.852661132812	166.894912719727	13.1023302078247	-945.072937011719	142.094161987305	-4.74253273010254	-953.634155273438	160.426498413086	30.396671295166	-945.162353515625	146.37678527832	29.423360824585	-935.383361816406	137.868148803711	35.484748840332	-931.669921875	137.140594482422	10.1899518966675	-943.615417480469
GMNH-VM14-610	156.283309936523	-68.8214645385742	-939.566284179688	155.40478515625	-60.312744140625	-949.843505859375	153.989868164062	-40.2219161987305	-968.669799804688	153.316452026367	-15.5595483779907	-988.179077148438	152.971832275391	-12.1516666412354	-992.074645996094	159.003921508789	71.358268737793	-953.640747070312	160.472930908203	49.8608322143555	-936.31201171875	159.966812133789	32.1623229980469	-935.071960449219	157.563720703125	8.69985008239746	-951.019470214844	157.790130615234	-9.05462551116943	-942.47998046875	155.958831787109	-47.4963226318359	-945.166320800781	143.162963867188	-64.022834777832	-940.638488769531	138.636459350586	-60.9862403869629	-938.181884765625	136.009140014648	-52.9375457763672	-933.524597167969	135.31169128418	-40.6650314331055	-932.020385742188	140.240570068359	-13.2369518280029	-929.228393554688	146.486328125	-3.71006393432617	-933.315551757812	148.664916992188	-39.7271690368652	-964.942138671875	150.621032714844	-15.4742879867554	-980.233764648438	135.488082885742	-10.6629056930542	-985.680419921875	117.438163757324	-1.05061197280884	-975.669921875	106.880081176758	10.6662607192993	-944.28173828125	116.554077148438	20.2421073913574	-943.347473144531	143.340774536133	-0.479920715093613	-954.203002929688	124.897933959961	40.2994232177734	-944.550537109375	142.488388061523	37.612476348877	-935.693420410156	152.459808349609	44.0290489196777	-933.420654296875	150.299499511719	17.7003326416016	-943.083251953125	169.42887878418	-64.6912384033203	-942.65283203125	173.115432739258	-62.3374633789062	-941.284912109375	177.253646850586	-53.3336448669434	-938.150756835938	178.76042175293	-42.3078422546387	-935.885986328125	177.285766601562	-15.2500896453857	-932.593322753906	170.815170288086	-5.03865003585815	-935.320983886719	159.737457275391	-40.1314239501953	-965.783081054688	157.047927856445	-16.4225597381592	-980.815856933594	172.106857299805	-11.0051441192627	-989.690856933594	191.657272338867	-3.30184316635132	-982.334228515625	208.6513671875	7.38603448867798	-951.472534179688	199.98095703125	17.0932865142822	-949.384033203125	170.514984130859	-2.15038657188416	-956.80029296875	190.426147460938	36.4160079956055	-948.622741699219	177.320083618164	36.9535636901855	-938.71533203125	168.059158325195	43.3156318664551	-934.103942871094	166.492324829102	17.2186985015869	-944.146911621094
GMNH-VM14-614	135.894134521484	-59.0798950195312	-921.153869628906	134.506637573242	-53.9139022827148	-931.796691894531	134.033172607422	-43.4728317260742	-950.937194824219	132.4736328125	-19.1139640808105	-972.612060546875	132.198699951172	-15.0623149871826	-977.734252929688	132.235076904297	67.9540405273438	-934.103820800781	133.707046508789	46.7426948547363	-920.417114257812	134.532150268555	27.9507465362549	-920.54541015625	134.402908325195	5.84664487838745	-937.544250488281	134.83625793457	-8.80495738983154	-927.774536132812	134.137496948242	-44.992733001709	-929.163696289062	124.197120666504	-55.2557678222656	-922.780029296875	122.269668579102	-52.7186813354492	-921.841491699219	119.412483215332	-47.5582733154297	-919.985595703125	116.418762207031	-36.064338684082	-917.635559082031	117.38452911377	-10.1872987747192	-915.969421386719	122.269821166992	-3.79737043380737	-920.708618164062	128.402038574219	-41.4918594360352	-947.475708007812	129.618392944336	-18.1675720214844	-964.998718261719	115.36661529541	-13.7919282913208	-971.903137207031	99.8423080444336	-8.33274078369141	-958.211669921875	90.4583969116211	3.04208874702454	-931.209594726562	97.6558227539062	12.3319616317749	-931.881530761719	120.566535949707	-4.2131872177124	-940.257263183594	100.190223693848	31.841136932373	-932.820495605469	115.720626831055	32.0103149414062	-921.590881347656	126.076988220215	38.250919342041	-918.016662597656	126.759429931641	12.7692165374756	-929.849731445312	146.583099365234	-53.7095527648926	-922.597900390625	147.455368041992	-52.6332740783691	-922.3837890625	150.799667358398	-47.6772880554199	-920.72314453125	154.320449829102	-35.7918510437012	-918.606750488281	153.410125732422	-10.0057516098022	-916.883422851562	147.963928222656	-3.1386342048645	-921.2275390625	139.15510559082	-42.0014305114746	-948.211364746094	136.83805847168	-18.399658203125	-964.825439453125	149.100479125977	-12.5865058898926	-973.777465820312	167.541137695312	-7.83628797531128	-958.736755371094	178.184127807617	5.12718296051025	-933.814147949219	171.955657958984	14.0489521026611	-933.785095214844	149.320236206055	-4.12894058227539	-940.721801757812	166.89582824707	33.867603302002	-935.025573730469	153.551406860352	33.3251571655273	-922.798217773438	142.721084594727	38.6661643981934	-918.269714355469	142.734558105469	13.7224340438843	-929.687622070312
GMNH-VM14-616	126.905479431152	-52.6889152526855	-935.459716796875	127.530029296875	-46.106575012207	-945.681884765625	127.586601257324	-34.8715476989746	-962.586120605469	128.249130249023	-12.0869464874268	-980.644958496094	128.042984008789	-8.28203010559082	-984.919982910156	129.219741821289	66.8414840698242	-941.201538085938	127.816444396973	46.7773857116699	-928.353759765625	127.783843994141	31.9150314331055	-928.206481933594	127.784698486328	12.1480875015259	-944.937683105469	127.730445861816	-6.06165313720703	-938.317565917969	127.628997802734	-37.3925590515137	-940.876037597656	116.951438903809	-49.189754486084	-936.943237304688	115.608924865723	-47.8055953979492	-936.69189453125	112.617683410645	-43.2033348083496	-933.125183105469	110.656364440918	-32.8562431335449	-930.365600585938	112.357521057129	-7.87756395339966	-926.375549316406	117.303916931152	-0.435522973537445	-931.050964355469	123.090141296387	-32.9532508850098	-959.102233886719	124.83918762207	-11.346396446228	-973.940124511719	111.725379943848	-6.7295823097229	-981.103698730469	95.8498611450195	-1.62898409366608	-970.901611328125	85.5795440673828	10.633843421936	-942.152709960938	92.4266357421875	18.4815101623535	-941.083435058594	113.357124328613	1.96316623687744	-950.130187988281	98.4854278564453	35.5731468200684	-940.987060546875	111.733642578125	34.9310073852539	-930.462829589844	120.771102905273	40.4300384521484	-927.484802246094	120.60082244873	17.0034008026123	-938.872436523438	137.276168823242	-50.6221694946289	-938.062255859375	138.844757080078	-48.6413307189941	-937.377014160156	143.139831542969	-44.3521041870117	-934.719909667969	145.871368408203	-34.1295166015625	-930.765747070312	144.294281005859	-9.83796405792236	-926.816101074219	138.367172241211	-1.51176726818085	-931.604370117188	132.587341308594	-33.7061347961426	-959.352172851562	131.85595703125	-10.7233781814575	-973.989318847656	144.740539550781	-6.29330778121948	-980.831970214844	160.378540039062	-1.07031238079071	-970.176086425781	171.271270751953	12.3137063980103	-942.104797363281	164.671966552734	19.2936305999756	-940.914916992188	142.966201782227	0.647143363952637	-949.392944335938	157.913711547852	36.2289085388184	-940.714111328125	145.293197631836	33.543888092041	-929.488342285156	135.133438110352	40.4496040344238	-927.2890625	135.513854980469	16.9756908416748	-939.499938964844
GMNH-VM14-619	144.685287475586	-80.911018371582	-977.586669921875	144.765243530273	-69.9700164794922	-985.459106445312	145.267990112305	-56.1571578979492	-1004.92272949219	145.191925048828	-30.2212238311768	-1026.21154785156	145.136535644531	-27.0377578735352	-1031.11071777344	147.940460205078	56.1875495910645	-987.581604003906	147.236785888672	32.4188499450684	-971.562805175781	146.404296875	15.9064483642578	-969.458618164062	145.671676635742	-6.52646207809448	-990.496765136719	145.338943481445	-25.3428039550781	-979.596130371094	144.999816894531	-60.7356643676758	-981.307067871094	132.794067382812	-75.7526702880859	-979.140991210938	130.500396728516	-73.2316284179688	-977.057739257812	127.200065612793	-64.7603607177734	-975.403259277344	125.220825195312	-53.8156661987305	-970.354125976562	128.447891235352	-25.0829677581787	-967.936096191406	133.182952880859	-18.3068466186523	-972.489379882812	139.944458007812	-53.8196716308594	-1002.00390625	141.577163696289	-29.2574291229248	-1019.08245849609	126.308784484863	-24.8412475585938	-1027.27294921875	109.663993835449	-16.0051918029785	-1018.06378173828	97.5823974609375	-7.03087854385376	-985.767333984375	107.748031616211	2.39303255081177	-984.735168457031	130.016448974609	-15.0146970748901	-994.417358398438	112.926536560059	23.1333312988281	-983.502319335938	128.454772949219	20.1833171844482	-972.675109863281	139.397872924805	25.8112716674805	-968.956298828125	137.29411315918	0.0784794092178345	-982.362670898438	156.843521118164	-76.071174621582	-979.390441894531	159.518814086914	-73.7202453613281	-977.361938476562	162.544845581055	-66.1463394165039	-974.307434082031	164.803436279297	-54.9124755859375	-970.197937011719	163.320846557617	-26.5414791107178	-968.31103515625	157.981231689453	-19.5910091400146	-972.932739257812	151.181686401367	-54.6941184997559	-1002.06121826172	149.022613525391	-29.9335823059082	-1018.68994140625	166.319747924805	-24.9538650512695	-1027.93481445312	182.057586669922	-18.9035415649414	-1018.34381103516	194.909591674805	-8.59943103790283	-985.680480957031	187.655853271484	0.19910691678524	-986.192199707031	159.90869140625	-15.6423473358154	-994.536865234375	181.007446289062	20.4129180908203	-984.694274902344	164.514572143555	18.6918029785156	-973.771850585938	155.355377197266	25.905590057373	-968.978576660156	155.260604858398	-0.57628071308136	-982.460754394531
GMNH-VM14-620	116.622520446777	-55.001579284668	-926.763610839844	116.945671081543	-49.2944221496582	-935.440673828125	116.658493041992	-39.0100135803223	-956.327331542969	118.476226806641	-22.9669532775879	-977.763916015625	118.679565429688	-20.1720561981201	-982.103820800781	123.415634155273	61.6477584838867	-946.073181152344	123.853828430176	43.4510688781738	-933.615905761719	121.973472595215	27.2264442443848	-932.623168945312	120.353141784668	6.69066476821899	-945.419921875	119.822692871094	-7.77760648727417	-936.378479003906	117.320846557617	-40.864070892334	-933.389465332031	106.597991943359	-50.8233947753906	-927.798461914062	104.350372314453	-48.0431976318359	-927.860412597656	100.859001159668	-42.3251953125	-926.209228515625	99.5099868774414	-31.0753746032715	-925.662780761719	103.832275390625	-6.59159183502197	-925.565002441406	109.85034942627	-1.33290159702301	-930.390563964844	111.960861206055	-38.6995315551758	-951.653259277344	115.123199462891	-20.5100517272949	-970.966918945312	100.989143371582	-16.0568084716797	-979.102416992188	87.5266494750977	-7.2430911064148	-969.140991210938	78.2998962402344	4.6170859336853	-943.846801757812	85.1508636474609	15.2777366638184	-942.803161621094	105.215782165527	-2.73752331733704	-949.614379882812	92.6736373901367	32.0454597473145	-943.680908203125	105.91283416748	32.3907051086426	-933.802856445312	115.42399597168	36.9617309570312	-932.279968261719	114.183464050293	12.0249290466309	-940.397277832031	126.624008178711	-51.7382049560547	-928.37255859375	128.651031494141	-49.4325904846191	-927.927856445312	133.309692382812	-43.9202919006348	-926.361145019531	136.172393798828	-33.5659828186035	-925.201477050781	136.378143310547	-8.33000087738037	-925.390380859375	131.89079284668	-2.35512709617615	-930.209777832031	121.768783569336	-39.2075157165527	-951.941772460938	122.012176513672	-21.2875289916992	-970.634582519531	135.775283813477	-18.3719253540039	-979.594421386719	151.592559814453	-11.5652208328247	-969.09912109375	162.848510742188	-0.173548817634583	-943.782592773438	157.830154418945	10.6451807022095	-942.547607421875	134.530227661133	-4.75584411621094	-949.814392089844	152.120361328125	27.9307117462158	-943.7666015625	139.149932861328	30.2860145568848	-934.443420410156	130.345596313477	36.1016693115234	-932.154907226562	127.31468963623	11.1265001296997	-940.88916015625
GMNH-VM14-670	138.499847412109	-67.5037231445312	-927.854675292969	138.963882446289	-62.0792961120605	-936.741027832031	138.795013427734	-46.4679145812988	-956.953430175781	140.87028503418	-20.4749736785889	-978.960083007812	140.901809692383	-16.497278213501	-984.184143066406	148.292526245117	67.1996612548828	-941.293823242188	146.629516601562	46.5702171325684	-926.441528320312	145.4384765625	29.8098163604736	-923.810119628906	143.276062011719	4.01461982727051	-942.415649414062	142.11784362793	-11.9756879806519	-934.607666015625	139.768341064453	-50.5224380493164	-933.06982421875	127.572044372559	-61.2139892578125	-930.049194335938	125.865303039551	-59.3805122375488	-929.991149902344	122.772987365723	-51.6574783325195	-928.409973144531	120.846954345703	-39.8879470825195	-924.5380859375	125.501731872559	-12.7126770019531	-923.733825683594	131.29035949707	-7.11383199691772	-928.235107421875	134.377334594727	-45.3451652526855	-953.792602539062	137.598510742188	-20.2403564453125	-972.808471679688	122.658920288086	-12.5171613693237	-980.953796386719	108.245956420898	-7.5260066986084	-968.713928222656	96.2001800537109	5.56759262084961	-938.294128417969	105.29012298584	17.4398441314697	-938.000793457031	127.224349975586	-5.12988471984863	-947.874206542969	113.624084472656	37.333179473877	-937.993591308594	129.144424438477	33.8965606689453	-925.935852050781	138.471237182617	40.2800445556641	-922.8173828125	136.509567260742	12.7617788314819	-933.901794433594	150.78923034668	-62.5145645141602	-930.437255859375	152.209991455078	-61.1979217529297	-930.269653320312	156.909591674805	-53.5701332092285	-929.31787109375	159.938385009766	-42.5608444213867	-925.754089355469	159.238021850586	-15.193489074707	-923.679077148438	153.789703369141	-8.1399507522583	-927.831176757812	143.96647644043	-45.7042236328125	-953.624816894531	144.536117553711	-20.7064571380615	-971.874816894531	159.108001708984	-15.4802474975586	-981.373107910156	175.810882568359	-12.2967138290405	-969.498840332031	190.452346801758	-1.32140159606934	-939.114990234375	183.518417358398	12.5998401641846	-939.389404296875	158.126586914062	-6.91845703125	-948.237670898438	178.922256469727	32.447826385498	-937.811889648438	163.584945678711	31.6652603149414	-926.663635253906	154.331024169922	39.3381042480469	-922.797485351562	151.799423217773	12.446572303772	-933.766906738281
GMNH-VM14-688	132.011032104492	-71.1189651489258	-976.833740234375	132.186325073242	-63.4258575439453	-986.8125	131.874114990234	-52.6597595214844	-1007.32366943359	131.020050048828	-29.2865085601807	-1026.71789550781	130.874572753906	-25.8228282928467	-1030.9609375	130.653869628906	53.2806777954102	-981.906188964844	130.741058349609	32.0512084960938	-973.540649414062	130.80387878418	13.1700325012207	-974.226989746094	131.025665283203	-6.04472064971924	-989.234069824219	131.18864440918	-23.3996696472168	-982.283508300781	131.520462036133	-55.6156845092773	-982.547485351562	121.537986755371	-66.6966400146484	-977.759216308594	119.370567321777	-63.8557395935059	-977.389282226562	115.966773986816	-59.5496101379395	-974.808349609375	NA	NA	NA	114.378059387207	-27.481071472168	-970.425903320312	119.229316711426	-18.664342880249	-974.956665039062	127.083778381348	-51.9821281433105	-1003.18536376953	127.836494445801	-29.7089328765869	-1018.73431396484	115.745407104492	-23.0999698638916	-1027.70104980469	98.6940841674805	-19.1124649047852	-1014.71282958984	86.8984680175781	-7.20375204086304	-987.220764160156	95.3766174316406	0.932928085327148	-986.086120605469	117.970802307129	-17.0513858795166	-995.006774902344	101.60466003418	18.9192142486572	-985.29150390625	114.836532592773	17.3816680908203	-975.067810058594	123.346778869629	22.2002372741699	-972.232543945312	123.69930267334	-2.10159969329834	-984.539855957031	141.640930175781	-66.8019409179688	-977.598510742188	143.151992797852	-64.2875442504883	-976.858520507812	147.238342285156	-60.1065063476562	-974.245727539062	150.051239013672	-51.0796699523926	-971.95947265625	148.684600830078	-27.8263511657715	-970.760192871094	142.791015625	-18.4611148834229	-974.996337890625	136.72477722168	-51.4992408752441	-1002.96630859375	134.756896972656	-28.83154296875	-1018.51538085938	146.745529174805	-23.3147602081299	-1028.31750488281	163.552169799805	-19.3838806152344	-1014.86810302734	175.335678100586	-7.32023572921753	-987.622009277344	168.1953125	0.963762760162354	-986.50341796875	143.937133789062	-16.7025012969971	-995.785034179688	161.080520629883	18.5586910247803	-985.370788574219	148.567687988281	17.5213012695312	-975.281494140625	138.775497436523	21.9163970947266	-971.811340332031	138.191146850586	-2.34401535987854	-984.831176757812
GMNH-VM14-696	138.549743652344	-80.6747436523438	-984.611389160156	138.251571655273	-72.3889923095703	-993.964965820312	137.479309082031	-56.7473411560059	-1012.64538574219	137.452011108398	-35.0234565734863	-1035.09851074219	137.146759033203	-31.2346820831299	-1040.33728027344	134.982955932617	50.8056983947754	-989.554626464844	135.656158447266	29.2593402862549	-978.116516113281	135.693328857422	12.1421785354614	-977.741943359375	135.672012329102	-6.98867225646973	-993.886169433594	135.850219726562	-25.1155872344971	-987.373413085938	137.608551025391	-61.1982231140137	-989.651489257812	127.18775177002	-74.6047821044922	-984.320068359375	124.897956848145	-71.8086242675781	-983.255310058594	121.375389099121	-66.3863754272461	-980.665710449219	118.424949645996	-55.9241523742676	-978.867126464844	117.04541015625	-30.5896739959717	-975.220336914062	122.454978942871	-18.9628829956055	-979.739807128906	132.282180786133	-55.4423370361328	-1009.91015625	133.69612121582	-34.1044082641602	-1026.80627441406	119.325736999512	-27.9660549163818	-1035.73400878906	101.458442687988	-20.7281761169434	-1025.21215820312	92.1055679321289	-9.89874458312988	-993.883544921875	99.4127883911133	-1.07078301906586	-993.372741699219	122.057548522949	-18.3147869110107	-1001.44836425781	103.58235168457	18.1406288146973	-992.03759765625	119.014831542969	14.7550191879272	-979.966064453125	127.57950592041	21.7599277496338	-976.961120605469	128.292388916016	-3.20624566078186	-990.247131347656	149.228637695312	-75.4770812988281	-983.851379394531	151.373809814453	-71.3361053466797	-982.599792480469	154.153839111328	-65.7311935424805	-980.292236328125	156.802993774414	-54.5737686157227	-978.359313964844	155.270874023438	-29.6239776611328	-974.325805664062	149.26725769043	-19.4593772888184	-979.141540527344	143.265823364258	-55.1547813415527	-1009.92553710938	140.929779052734	-33.4629325866699	-1026.830078125	155.675247192383	-27.7258625030518	-1034.53479003906	173.085052490234	-19.3272686004639	-1023.12664794922	181.04899597168	-8.62612438201904	-991.678833007812	173.420211791992	-0.871549606323242	-992.0791015625	151.059707641602	-18.3618392944336	-1001.10125732422	167.94709777832	18.4552974700928	-990.457397460938	152.831604003906	15.6453838348389	-980.48681640625	143.947952270508	21.754997253418	-976.296569824219	143.221221923828	-3.53063249588013	-990.242980957031
GMNH-VM14-697	145.225173950195	-63.8775978088379	-936.180603027344	144.929550170898	-58.1344032287598	-943.298034667969	143.77375793457	-42.7977409362793	-962.854736328125	143.698959350586	-12.0540027618408	-980.126586914062	143.506896972656	-8.54100608825684	-984.463562011719	145.033493041992	73.4865112304688	-943.919006347656	145.722839355469	52.7319641113281	-926.205749511719	146.171295166016	36.4873695373535	-925.691833496094	145.379272460938	11.8068933486938	-942.710266113281	145.236907958984	-4.60964250564575	-935.932250976562	144.822250366211	-45.6864929199219	-939.836669921875	133.27116394043	-57.9632415771484	-937.082336425781	130.35139465332	-54.5682525634766	-935.12060546875	127.128768920898	-46.7260055541992	-932.131469726562	124.941772460938	-34.5688323974609	-928.970031738281	127.534461975098	-7.65633630752563	-925.221130371094	132.72135925293	-0.511845707893372	-928.391052246094	138.465057373047	-39.4322509765625	-958.970153808594	141.129806518555	-11.334451675415	-973.686279296875	127.508041381836	-5.62907123565674	-981.937377929688	110.001068115234	-0.127463489770889	-970.796569824219	98.0082702636719	8.99083137512207	-941.984680175781	106.58275604248	19.8151550292969	-940.740478515625	130.3544921875	1.97737002372742	-947.986572265625	113.780792236328	39.1986045837402	-940.148315429688	127.922981262207	37.9972724914551	-928.427001953125	137.785598754883	45.8026390075684	-924.612182617188	137.133331298828	20.21826171875	-935.45849609375	157.458938598633	-57.8151016235352	-939.137817382812	160.170715332031	-53.56982421875	-937.234985351562	164.360809326172	-45.4360275268555	-933.773681640625	NA	NA	NA	163.438369750977	-7.20286512374878	-925.585998535156	158.266845703125	-0.728325307369232	-928.570129394531	150.425003051758	-40.532844543457	-958.543090820312	147.062194824219	-11.2779836654663	-973.899841308594	160.312866210938	-6.22186422348022	-982.560729980469	179.607360839844	-0.86753112077713	-971.690490722656	193.2646484375	9.00912761688232	-944.875671386719	184.655883789062	19.5631046295166	-942.063903808594	159.513076782227	1.38570964336395	-948.77783203125	177.584075927734	39.2016105651855	-940.772155761719	163.475814819336	38.3657493591309	-928.967590332031	154.305633544922	46.0123023986816	-924.806457519531	154.317596435547	20.1771659851074	-935.78271484375
GMNH-VM14-700	134.580627441406	-60.1700630187988	-931.032958984375	135.612991333008	-53.5432205200195	-940.24609375	135.083435058594	-43.1807022094727	-958.968688964844	135.200378417969	-21.2482280731201	-980.372375488281	135.211013793945	-18.6005630493164	-985.192749023438	136.834808349609	62.6220054626465	-942.350891113281	136.774459838867	40.9815063476562	-930.778259277344	136.374145507812	23.9400482177734	-930.215698242188	135.709701538086	3.47287654876709	-946.885864257812	135.209197998047	-12.716591835022	-936.6591796875	135.436889648438	-45.9085311889648	-936.489013671875	NA	NA	NA	123.24324798584	-53.1364479064941	-931.166320800781	119.36328125	-48.1154747009277	-928.059020996094	116.895172119141	-38.1408843994141	-925.940002441406	118.996185302734	-12.9166164398193	-924.696716308594	124.362861633301	-7.25193548202515	-929.610107421875	130.433776855469	-40.9863243103027	-956.179138183594	131.830520629883	-20.4450149536133	-973.198608398438	119.731788635254	-16.2583484649658	-981.4482421875	102.805992126465	-10.5437803268433	-970.969116210938	89.8923492431641	2.7152795791626	-942.372680664062	96.8924102783203	10.9362001419067	-940.568359375	120.553085327148	-6.37534809112549	-949.983154296875	105.112678527832	29.2634773254395	-941.072326660156	119.973098754883	28.2576179504395	-931.754516601562	129.170684814453	33.4377899169922	-928.994567871094	128.218154907227	9.51988124847412	-939.684265136719	145.694030761719	-55.942684173584	-931.466918945312	147.454452514648	-53.6453285217285	-930.585388183594	150.833602905273	-48.9240379333496	-928.140319824219	153.879867553711	-38.9375801086426	-926.179748535156	153.131637573242	-14.1514739990234	-924.924072265625	147.064834594727	-8.1198902130127	-930.038696289062	140.034423828125	-40.7885932922363	-956.524169921875	138.696029663086	-19.8493518829346	-973.291748046875	151.052322387695	-16.2362403869629	-981.642028808594	168.052749633789	-11.6428728103638	-970.941955566406	181.502044677734	2.8842670917511	-942.481994628906	175.277435302734	10.0796413421631	-940.657836914062	150.09309387207	-7.16614866256714	-950.46142578125	168.335174560547	28.1990623474121	-941.20751953125	154.495101928711	26.7035713195801	-931.673217773438	144.571472167969	32.5608215332031	-928.894592285156	144.130798339844	9.17384433746338	-940.106811523438
GMNH-VM14-715	139.510482788086	-73.2443923950195	-952.129943847656	140.492401123047	-65.3914260864258	-962.369262695312	141.346939086914	-47.1551246643066	-981.946472167969	142.181457519531	-24.9798526763916	-999.73779296875	142.230972290039	-22.1460132598877	-1004.68347167969	145.093856811523	59.4841613769531	-968.815124511719	144.137100219727	39.7759323120117	-949.221313476562	142.921096801758	23.5960178375244	-946.857177734375	142.853134155273	1.9878716468811	-964.051940917969	141.961135864258	-15.9086656570435	-956.815307617188	140.059326171875	-53.7321434020996	-957.667297363281	127.92552947998	-68.4163055419922	-954.588623046875	124.569091796875	-64.8875579833984	-953.19482421875	121.667419433594	-58.3990631103516	-951.841552734375	119.820610046387	-46.0295333862305	-949.812561035156	122.949485778809	-19.6054668426514	-947.050598144531	129.371337890625	-11.3632688522339	-950.105346679688	135.6806640625	-48.3513641357422	-978.146301269531	138.856842041016	-24.8268566131592	-992.653564453125	124.394744873047	-20.9644985198975	-1001.60577392578	106.330284118652	-13.286262512207	-992.173583984375	96.2030563354492	-1.85600447654724	-964.411437988281	104.331230163574	11.0171003341675	-962.893859863281	127.168548583984	-9.25656127929688	-970.219543457031	112.049507141113	29.9798069000244	-963.568298339844	124.721626281738	28.0182342529297	-950.943969726562	135.408218383789	34.9917068481445	-947.713989257812	134.954986572266	8.49286556243896	-958.486633300781	151.14225769043	-68.355094909668	-954.281555175781	153.085815429688	-64.8770370483398	-952.533203125	157.731842041016	-58.0157890319824	-951.093627929688	160.814041137695	-46.5022430419922	-947.564392089844	158.866104125977	-20.9147853851318	-945.11083984375	154.141372680664	-11.4474639892578	-948.791809082031	146.63330078125	-48.1131286621094	-976.876342773438	145.474746704102	-24.3099594116211	-992.471862792969	159.975799560547	-22.994779586792	-1000.65661621094	178.82341003418	-15.6189193725586	-988.980895996094	189.666213989258	-5.28246974945068	-960.581848144531	181.287063598633	7.65499305725098	-959.43896484375	156.102523803711	-9.89441013336182	-968.267639160156	175.558517456055	27.2175350189209	-961.052978515625	161.811157226562	26.9129295349121	-948.965942382812	151.487930297852	33.7926063537598	-946.386169433594	151.161193847656	7.68967771530151	-957.741027832031
GMNH-VM14-716	144.255661010742	-80.9127197265625	-968.034423828125	144.552322387695	-71.2275238037109	-979.49462890625	144.766326904297	-57.2066955566406	-999.124267578125	145.121780395508	-33.0896682739258	-1018.77935791016	145.239654541016	-28.5622234344482	-1025.92651367188	146.86653137207	56.826343536377	-989.287719726562	147.189224243164	34.4374046325684	-970.4521484375	146.858657836914	19.8419132232666	-967.650512695312	146.520568847656	-3.55555415153503	-985.293762207031	145.998031616211	-21.5366821289062	-974.827880859375	144.988494873047	-58.7838973999023	-973.594421386719	131.611633300781	-74.7690887451172	-970.88818359375	126.883346557617	-71.1682891845703	-969.259094238281	125.157592773438	-63.5654182434082	-965.715148925781	123.888862609863	-51.7316055297851	-963.907775878906	127.286575317383	-24.74094581604	-960.448547363281	133.798461914062	-15.7039794921875	-966.614379882812	139.065170288086	-53.643482208252	-996.091735839844	142.06266784668	-30.7943496704102	-1012.88842773438	126.683616638184	-26.4425983428955	-1021.94372558594	108.169616699219	-17.2741470336914	-1010.87005615234	96.2551651000977	-0.185561403632164	-981.161376953125	105.332870483398	6.43969535827637	-981.520141601562	131.090423583984	-14.5190029144287	-988.429382324219	112.201301574707	26.7332992553711	-982.06396484375	128.758544921875	23.4841995239258	-971.018920898438	139.431945800781	29.3201351165771	-968.581909179688	137.691848754883	2.94408559799194	-979.010925292969	157.209671020508	-74.5641250610352	-970.100158691406	161.897262573242	-71.3733444213867	-968.098510742188	164.652816772461	-64.6441192626953	-964.831237792969	166.138854980469	-52.1695823669434	-963.887023925781	163.751663208008	-25.1927967071533	-960.655517578125	157.835678100586	-15.9265098571777	-967.015869140625	151.545074462891	-53.7933044433594	-995.76708984375	149.36083984375	-29.8997707366943	-1012.90814208984	163.239395141602	-26.8632564544678	-1021.85540771484	183.244781494141	-18.9222297668457	-1011.12377929688	196.483810424805	-1.0864976644516	-981.989501953125	187.663604736328	4.77922487258911	-982.035888671875	161.306411743164	-15.1275911331177	-988.847229003906	181.657409667969	25.4133796691895	-982.1728515625	164.911193847656	22.5780258178711	-971.093688964844	155.284454345703	28.5801334381104	-968.151611328125	155.719970703125	2.78576707839966	-979.262939453125
GMNH-VM14-725	150.727905273438	-74.5675735473633	-937.125244140625	150.981079101562	-66.1268844604492	-944.763000488281	150.582061767578	-49.0607147216797	-962.206359863281	151.679168701172	-22.1154079437256	-984.394226074219	151.825790405273	-18.504150390625	-989.343994140625	153.26432800293	65.3136978149414	-948.428955078125	154.028656005859	43.8589553833008	-930.8876953125	153.260101318359	26.1740379333496	-928.409301757812	152.972549438477	1.94131433963776	-947.020141601562	152.5634765625	-15.8161144256592	-936.895568847656	151.26708984375	-55.4663505554199	-939.313720703125	138.620788574219	-67.9476776123047	-937.321655273438	136.860046386719	-65.7219467163086	-936.066345214844	133.04866027832	-58.2154998779297	-933.974182128906	130.780792236328	-46.480583190918	-928.431030273438	134.235076904297	-18.8968276977539	-924.720642089844	139.889221191406	-10.7168760299683	-929.794311523438	145.754821777344	-47.1817588806152	-959.399169921875	149.058853149414	-22.6809825897217	-976.775329589844	133.668670654297	-16.9687042236328	-987.272277832031	116.906280517578	-10.930365562439	-976.267395019531	105.505401611328	1.240882396698	-944.759033203125	113.882232666016	14.6066617965698	-940.988708496094	136.301193237305	-8.85660934448242	-951.254272460938	120.419868469238	32.2428779602051	-942.443420410156	136.609100341797	29.7199611663818	-931.404174804688	145.147964477539	36.62451171875	-927.646301269531	144.282440185547	10.0877590179443	-939.839904785156	164.088073730469	-68.2035903930664	-936.898376464844	165.664123535156	-66.7915725708008	-935.345520019531	170.000854492188	-59.4689178466797	-933.730102539062	173.937210083008	-47.6737060546875	-928.997314453125	171.483749389648	-20.2098445892334	-925.012268066406	165.662933349609	-11.5711393356323	-929.9755859375	157.015441894531	-47.7541656494141	-959.227966308594	154.802795410156	-22.7914562225342	-976.536987304688	171.063079833984	-17.8492164611816	-987.079772949219	187.200927734375	-13.1618003845215	-976.980346679688	201.058456420898	-1.57817304134369	-944.438354492188	193.836639404297	12.5670928955078	-941.519775390625	167.961029052734	-9.11617755889893	-951.124328613281	187.17692565918	30.7356586456299	-942.810180664062	171.026870727539	28.8230419158936	-931.353576660156	161.850677490234	36.0141448974609	-928.205688476562	162.137298583984	9.27353382110596	-940.283569335938
GMNH-VM14-727	128.703750610352	-70.4382095336914	-968.476745605469	129.034637451172	-64.280029296875	-975.9423828125	129.381576538086	-53.5769500732422	-994.752258300781	130.1552734375	-33.5820579528809	-1016.76068115234	130.245483398438	-30.5850486755371	-1022.443359375	134.581329345703	54.057186126709	-984.771240234375	134.15576171875	32.8387489318848	-969.380310058594	132.756622314453	17.2148952484131	-965.906555175781	130.886291503906	-7.16181135177612	-983.579223632812	130.951095581055	-21.5383701324463	-975.080871582031	129.361480712891	-54.015380859375	-973.063232421875	117.720901489258	-65.2254943847656	-969.820190429688	116.407508850098	-63.6979713439941	-969.185974121094	113.502403259277	-58.4747276306152	-965.838500976562	111.263130187988	-47.0179214477539	-963.814270019531	114.04377746582	-21.1398963928223	-963.389221191406	118.830741882324	-15.0667991638184	-967.410217285156	124.901329040527	-51.2106018066406	-993.064880371094	126.948471069336	-32.0508346557617	-1010.95849609375	113.359153747559	-29.1560764312744	-1019.46472167969	98.6590576171875	-20.4378643035889	-1008.78332519531	89.1794281005859	-9.47376441955566	-979.867614746094	95.8299865722656	3.83060240745544	-979.010803222656	115.499198913574	-15.5351629257202	-988.577575683594	101.829429626465	21.7907466888428	-979.877380371094	115.342704772949	21.0089206695557	-968.770751953125	126.334350585938	27.0634651184082	-966.300537109375	124.60693359375	0.0707281678915024	-975.658447265625	139.742599487305	-65.8899154663086	-969.320495605469	140.915863037109	-63.9874839782715	-968.77099609375	144.502838134766	-59.9023017883301	-966.382446289062	148.893707275391	-48.2337913513184	-964.1923828125	147.937484741211	-22.7455310821533	-963.780456542969	142.705062866211	-16.4070873260498	-967.634765625	134.216125488281	-51.3343276977539	-993.154296875	133.912445068359	-32.127269744873	-1010.71044921875	147.50830078125	-29.7942409515381	-1019.51489257812	163.479232788086	-22.8658962249756	-1008.45739746094	173.847747802734	-11.9629983901978	-982.497375488281	167.845169067383	0.937299430370331	-980.413696289062	145.844589233398	-16.2572193145752	-989.222961425781	163.891738891602	19.2436847686768	-981.056518554688	151.333206176758	19.7962741851807	-969.708435058594	141.192886352539	26.1105480194092	-965.866394042969	139.302825927734	-0.0763854458928108	-977.179565429688
GMNH-VM14-728	161.205612182617	-76.0343399047852	-963.110900878906	160.534637451172	-65.584114074707	-973.67919921875	159.366470336914	-46.8417358398438	-993.414916992188	159.644149780273	-15.2384748458862	-1011.54650878906	159.580688476562	-11.1040554046631	-1015.72741699219	160.960433959961	74.3806076049805	-970.707458496094	160.825714111328	51.2983551025391	-952.515930175781	160.826934814453	33.7298545837402	-951.5361328125	160.534469604492	6.06249094009399	-972.68408203125	160.164047241211	-11.2472724914551	-963.063903808594	160.285354614258	-53.6977577209473	-967.8720703125	147.17741394043	-71.9189834594727	-964.977844238281	142.981674194336	-68.2790298461914	-964.171997070312	140.142868041992	-61.5247001647949	-959.277648925781	139.099472045898	-49.5634689331055	-956.048095703125	140.333053588867	-23.7380752563477	-949.328857421875	147.576782226562	-8.76470470428467	-954.893920898438	152.948715209961	-44.107292175293	-988.877014160156	156.240997314453	-14.5560817718506	-1003.99401855469	139.72737121582	-8.63829898834229	-1013.87585449219	123.534202575684	-3.41799473762512	-1004.65069580078	108.239707946777	6.29902029037476	-968.860900878906	118.334869384766	17.4388122558594	-967.938354492188	143.913070678711	-3.50639128684998	-978.353088378906	127.198425292969	40.6287307739258	-966.772705078125	143.197998046875	37.8564376831055	-953.963989257812	153.195083618164	44.7736549377441	-950.898254394531	153.234741210938	16.5177764892578	-964.037719726562	174.826568603516	-71.3179626464844	-965.613342285156	179.273941040039	-67.5200119018555	-963.387390136719	180.665115356445	-59.6813774108887	-958.464416503906	182.013290405273	-47.2788581848145	-956.469848632812	179.681991577148	-20.9985256195068	-949.119384765625	173.14616394043	-8.35965824127197	-955.128723144531	164.891784667969	-45.4712677001953	-990.025573730469	163.553497314453	-14.955771446228	-1004.66339111328	179.655883789062	-9.78391647338867	-1014.03985595703	197.430435180664	-5.09868621826172	-1004.94567871094	212.827377319336	5.87342262268066	-970.221862792969	203.179260253906	17.8149108886719	-968.154296875	176.099807739258	-4.50757551193237	-978.328247070312	195.014495849609	39.8679962158203	-966.784362792969	180.438278198242	38.2785034179688	-954.606201171875	169.012649536133	44.2151374816895	-950.576843261719	168.838745117188	17.2583713531494	-964.085327148438
GMNH-VM14-737	143.692947387695	-59.034538269043	-935.271728515625	144.217239379883	-51.2538642883301	-944.360290527344	NA	NA	NA	144.892913818359	-19.5634860992432	-988.534301757812	144.962341308594	-16.6243076324463	-993.164794921875	148.958404541016	69.1564483642578	-962.330261230469	149.037521362305	48.5881996154785	-946.297546386719	147.769668579102	35.0982780456543	-942.731628417969	146.620300292969	7.51856184005737	-955.334838867188	146.513320922852	-6.91557455062866	-945.51513671875	144.741592407227	-40.6238746643066	-942.923706054688	133.13134765625	-53.090274810791	-936.909362792969	132.167373657227	-51.1289176940918	-936.199645996094	128.664093017578	-46.0922393798828	-934.4560546875	125.995910644531	-34.5541687011719	-932.341064453125	128.858474731445	-7.71700477600098	-931.324340820312	134.844116210938	-1.08137607574463	-938.127807617188	NA	NA	NA	141.695404052734	-18.2765502929688	-981.825988769531	128.428512573242	-15.3139581680298	-989.054565429688	112.247817993164	-6.78279685974121	-978.319458007812	104.418655395508	11.2128038406372	-949.711669921875	110.716453552246	16.6432094573975	-952.080139160156	131.094268798828	-3.78947162628174	-957.89453125	116.433959960938	36.0283966064453	-956.932495117188	131.080902099609	38.0647773742676	-944.759460449219	141.486099243164	44.354549407959	-943.764038085938	139.835494995117	16.6022834777832	-949.712036132812	154.817443847656	-54.7542686462402	-936.4677734375	155.740112304688	-52.862133026123	-935.8798828125	159.954635620117	-48.0234031677246	-934.428039550781	163.813262939453	-36.5861625671387	-932.563598632812	163.706954956055	-9.58770370483398	-931.674011230469	158.183792114258	-1.46929264068604	-938.507202148438	NA	NA	NA	148.403427124023	-18.6551971435547	-981.399719238281	162.260238647461	-16.3123817443848	-989.343078613281	179.659362792969	-10.3756427764893	-979.009765625	190.007415771484	7.25507974624634	-952.309814453125	183.239486694336	13.6167135238647	-953.853698730469	159.970001220703	-4.3745322227478	-958.893188476562	178.270492553711	33.6597099304199	-957.38916015625	164.814926147461	36.1164970397949	-945.442687988281	155.398056030273	44.0581283569336	-944.048522949219	NA	NA	NA
GMNH-VM14-742	131.550277709961	-73.2954711914062	-966.012023925781	131.614852905273	-65.8451843261719	-974.232299804688	130.404922485352	-51.279468536377	-991.486694335938	129.808166503906	-27.0732955932617	-1012.55773925781	129.644409179688	-23.2229690551758	-1017.22906494141	134.744720458984	55.7857398986816	-966.239440917969	134.687545776367	33.4562530517578	-955.990966796875	134.186218261719	16.7823467254639	-956.894958496094	132.574584960938	-4.43442296981812	-975.96923828125	132.609512329102	-20.103889465332	-967.795837402344	131.731781005859	-55.6873779296875	-970.132690429688	120.29175567627	-69.2694854736328	-966.695861816406	117.81761932373	-66.503303527832	-966.143493652344	114.85733795166	-61.0741195678711	-963.429382324219	112.863800048828	-50.7687149047852	-960.559631347656	114.728065490723	-24.123706817627	-956.47119140625	120.582153320312	-14.8709297180176	-960.504760742188	125.643707275391	-49.3497047424316	-988.993896484375	126.980247497559	-26.880880355835	-1005.77606201172	111.907775878906	-19.6211738586426	-1013.28472900391	97.3819808959961	-11.6246242523193	-999.259155273438	88.3159790039062	-4.5401873588562	-969.335632324219	97.453010559082	5.04056549072266	-969.073913574219	117.010307312012	-13.492880821228	-981.079040527344	100.158142089844	23.0177001953125	-968.039367675781	117.418090820312	20.9478282928467	-957.228698730469	127.072555541992	26.5375423431396	-954.415893554688	125.889305114746	2.06279706954956	-968.098815917969	142.393630981445	-69.3761291503906	-967.271423339844	144.632690429688	-66.5905380249023	-966.943298339844	148.172744750977	-61.2696571350098	-964.807922363281	151.118804931641	-50.7613677978516	-961.934753417969	150.8984375	-24.5585231781006	-957.68408203125	145.148025512695	-15.159405708313	-961.758178710938	135.316192626953	-49.120662689209	-989.394958496094	133.441879272461	-27.2271595001221	-1006.18035888672	149.001037597656	-20.4962310791016	-1014.43035888672	165.273895263672	-14.3993606567383	-1002.70843505859	177.870178222656	-6.99635362625122	-974.763427734375	169.484024047852	3.50780057907104	-972.964111328125	146.480865478516	-13.0920429229736	-982.728759765625	166.869155883789	20.9435977935791	-971.825500488281	151.270324707031	20.7444458007812	-959.671447753906	142.02961730957	26.51318359375	-955.67919921875	140.196578979492	1.6873539686203	-970.048767089844
GMNH-VM14-765	125.583694458008	-58.578929901123	-936.329040527344	125.770080566406	-49.1294975280762	-946.386047363281	125.45881652832	-37.4347229003906	-963.946472167969	125.578231811523	-15.9765510559082	-980.419250488281	125.514228820801	-12.2221450805664	-985.3212890625	131.760635375977	63.1652755737305	-941.10498046875	130.869171142578	43.5427513122559	-931.232177734375	129.855499267578	26.052095413208	-930.094055175781	128.309158325195	6.82269668579102	-945.08935546875	127.423690795898	-9.49830341339111	-939.235656738281	126.260330200195	-42.8596038818359	-941.087890625	115.041458129883	-52.7843360900879	-936.605041503906	114.526718139648	-51.6802062988281	-936.2978515625	111.661773681641	-47.0232849121094	-933.60546875	109.670867919922	-36.7839279174805	-930.674377441406	111.850112915039	-11.1226921081543	-927.548095703125	116.955284118652	-5.23694467544556	-931.56689453125	120.977127075195	-36.6740798950195	-960.126098632812	122.645240783691	-15.8875885009766	-974.534912109375	110.316719055176	-9.94009780883789	-982.222900390625	95.6563186645508	-4.09370470046997	-971.440551757812	86.9774627685547	5.46621322631836	-941.477111816406	93.7489242553711	15.8428297042847	-940.590759277344	114.019905090332	-3.22699308395386	-950.680053710938	100.061866760254	33.3152618408203	-941.031799316406	114.367057800293	30.759069442749	-931.82177734375	123.060890197754	34.9835205078125	-928.714477539062	122.280174255371	11.0199117660522	-940.232055664062	136.11653137207	-55.4098777770996	-937.317016601562	137.100402832031	-53.840461730957	-936.724304199219	140.733108520508	-49.0187606811523	-934.624816894531	144.147018432617	-38.8718070983887	-931.731201171875	144.383987426758	-12.9759063720703	-928.684875488281	139.469741821289	-6.92198419570923	-932.784057617188	130.186813354492	-36.4341049194336	-960.475036621094	129.251739501953	-16.2393665313721	-974.583740234375	141.763488769531	-12.4535427093506	-983.164489746094	157.827194213867	-6.94688749313354	-972.684448242188	169.943466186523	1.15923118591309	-943.164916992188	165.13410949707	11.8920831680298	-942.508911132812	139.337890625	-4.67735719680786	-951.9580078125	159.289703369141	29.8090915679932	-942.673645019531	146.649520874023	28.3740139007568	-932.746765136719	137.866516113281	34.3893852233887	-929.061584472656	135.738586425781	10.833493232727	-940.33935546875
GMNH-VM14-777	134.871841430664	-58.7764053344727	-937.0400390625	135.673294067383	-52.966194152832	-946.338745117188	NA	NA	NA	135.032730102539	-16.3681583404541	-980.919677734375	134.763442993164	-11.2729749679565	-986.548767089844	135.485458374023	61.8480567932129	-937.450439453125	135.072814941406	42.3234443664551	-930.884399414062	134.802215576172	24.0972690582275	-934.294494628906	135.196792602539	5.29580068588257	-949.398681640625	134.989868164062	-10.7433738708496	-941.920959472656	135.36865234375	-44.6815528869629	-942.475402832031	124.633262634277	-56.7514801025391	-938.7626953125	123.229469299316	-54.803955078125	-938.461608886719	119.456573486328	-50.1517639160156	-936.709777832031	115.77799987793	-39.6528396606445	-934.764953613281	117.892868041992	-15.3857097625732	-931.974548339844	123.395088195801	-5.41440057754517	-933.861938476562	131.131393432617	-38.1999244689941	-962.2724609375	131.740447998047	-15.2869396209717	-976.358093261719	119.602249145508	-6.7850399017334	-983.805358886719	103.815643310547	-4.22679376602173	-972.177490234375	93.4016418457031	-0.348152875900269	-946.009216308594	99.3239593505859	12.1893091201782	-942.769897460938	121.321319580078	-2.8626983165741	-950.919677734375	105.881248474121	29.5882797241211	-943.120361328125	119.245788574219	28.1743450164795	-932.973510742188	127.049659729004	33.0462532043457	-930.709533691406	128.079025268555	11.3128690719604	-940.973449707031	144.998931884766	-56.6435775756836	-937.360107421875	146.296096801758	-55.3022766113281	-937.076782226562	150.116104125977	-50.3967323303223	-936.540283203125	153.720275878906	-40.0157165527344	-934.580505371094	151.855194091797	-16.2983818054199	-932.117980957031	146.349548339844	-5.64763593673706	-934.235229492188	NA	NA	NA	138.443756103516	-15.266360282898	-976.593078613281	151.582809448242	-7.12236595153809	-984.231994628906	166.707962036133	-3.93269515037537	-972.628662109375	176.884826660156	3.17643737792969	-947.543823242188	170.255065917969	11.839527130127	-944.099792480469	148.469497680664	-2.9983434677124	-951.558166503906	165.19921875	29.3444995880127	-943.315185546875	150.076522827148	27.4509658813477	-933.186828613281	142.539855957031	33.219970703125	-931.050109863281	142.166809082031	10.4242506027222	-941.867004394531
GMNH-VM14-778	151.496124267578	-68.4883422851562	-936.528198242188	151.47184753418	-61.743221282959	-945.12841796875	150.47624206543	-45.6567726135254	-965.927856445312	150.787796020508	-15.6007127761841	-983.996520996094	150.277557373047	-11.6187181472778	-988.264953613281	157.728591918945	70.3058547973633	-944.531921386719	156.949249267578	49.7236175537109	-925.923522949219	156.166656494141	30.2341709136963	-926.11376953125	153.627487182617	4.77512407302856	-947.3505859375	154.096542358398	-10.3011751174927	-938.393798828125	152.274291992188	-51.2153205871582	-939.339721679688	139.821548461914	-63.2219848632812	-936.94580078125	137.796752929688	-60.1146545410156	-935.448608398438	133.816772460938	-52.9432144165039	-932.406555175781	132.333236694336	-41.305721282959	-928.835754394531	135.31071472168	-15.2776021957397	-924.677001953125	141.769241333008	-5.33292484283447	-929.461120605469	145.542510986328	-44.507884979248	-961.891418457031	146.970077514648	-14.8949642181396	-977.301513671875	129.182235717773	-5.7049560546875	-984.010620117188	116.788856506348	0.146122008562088	-973.483703613281	105.989356994629	12.290002822876	-938.992065429688	115.098518371582	17.5259208679199	-940.124938964844	137.305480957031	-2.88374662399292	-949.755676269531	121.814353942871	38.4672164916992	-937.344787597656	139.336166381836	32.6359214782715	-926.238220214844	147.810852050781	38.6147117614746	-924.388610839844	145.971389770508	12.9384603500366	-938.326049804688	163.772216796875	-64.1024703979492	-937.769287109375	166.498718261719	-61.8248558044434	-936.475036621094	169.989181518555	-55.3663940429688	-933.114685058594	173.360122680664	-43.9698448181152	-929.959167480469	173.598281860352	-17.9882736206055	-926.122863769531	166.484634399414	-6.29274463653564	-931.302124023438	156.774383544922	-44.7263793945312	-962.3720703125	155.722763061523	-15.6247797012329	-978.119323730469	172.755416870117	-9.00476551055908	-986.455993652344	187.889999389648	-3.61687779426575	-976.986267089844	204.012313842773	8.72840118408203	-945.080749511719	195.084289550781	14.7898845672607	-944.489440917969	170.348052978516	-4.08920764923096	-952.327941894531	190.719711303711	34.3729591369629	-940.944702148438	172.540466308594	31.4835662841797	-928.909240722656	165.412155151367	37.8573837280273	-925.654418945312	162.819915771484	12.4854412078857	-939.490356445312
GMNH-VM14-806	129.804580688477	-55.2047119140625	-924.537048339844	129.582626342773	-51.0891799926758	-934.237182617188	129.595291137695	-43.3801803588867	-955.691040039062	131.054016113281	-18.8689270019531	-977.518493652344	131.258773803711	-15.8506565093994	-983.380432128906	134.931854248047	67.5375366210938	-942.31982421875	133.750839233398	49.4885864257812	-929.955139160156	133.273880004883	30.0736198425293	-928.626159667969	132.297180175781	5.50164604187012	-944.582946777344	131.337463378906	-7.60168695449829	-932.822387695312	129.929489135742	-39.2729301452637	-933.035400390625	118.230918884277	-50.7260055541992	-926.648681640625	116.14949798584	-48.0213088989258	-926.428405761719	113.056991577148	-42.2927055358887	-924.389465332031	111.219078063965	-30.5787353515625	-922.330078125	114.897857666016	-5.94944524765015	-921.904357910156	120.71004486084	-0.189796462655067	-926.912170410156	124.916381835938	-38.721305847168	-952.566101074219	127.234283447266	-16.617546081543	-969.865478515625	114.742874145508	-12.0715999603271	-977.708679199219	99.1305313110352	-3.77971816062927	-969.322937011719	86.8992080688477	7.84331655502319	-939.340087890625	94.1816482543945	18.8814888000488	-938.794677734375	116.904266357422	-1.96310126781464	-946.501159667969	101.921974182129	37.061840057373	-939.029052734375	117.609069824219	34.9249725341797	-929.994079589844	126.194953918457	39.7480010986328	-928.031311035156	125.440216064453	13.3158702850342	-937.654907226562	140.888580322266	-51.9363212585449	-926.960327148438	142.885116577148	-49.6676750183105	-927.144226074219	146.983749389648	-43.1976852416992	-924.49658203125	149.778686523438	-32.4234924316406	-922.591613769531	147.718963623047	-6.88647317886353	-921.702331542969	142.740203857422	-1.24095666408539	-926.199890136719	134.724960327148	-40.2802886962891	-952.142517089844	134.972351074219	-17.0280323028564	-970.649047851562	148.075286865234	-14.038595199585	-977.757751464844	164.376892089844	-7.18411111831665	-969.018859863281	177.642181396484	4.04358863830566	-939.563232421875	171.963012695312	15.3890752792358	-938.460815429688	146.930938720703	-3.26537418365479	-946.805358886719	165.340835571289	33.5128898620605	-938.616577148438	149.987350463867	32.4535140991211	-929.599609375	141.723358154297	38.4283485412598	-927.399597167969	140.019515991211	12.4999990463257	-937.762512207031
GMNH-VM15-5	132.832611083984	-64.3405456542969	-950.471252441406	133.165679931641	-58.0165405273438	-958.567626953125	133.244171142578	-45.8535614013672	-975.471984863281	132.734085083008	-25.6039905548096	-997.802307128906	132.646408081055	-22.5071125030518	-1002.90795898438	135.076065063477	62.5259971618652	-963.362731933594	135.249176025391	40.3123817443848	-948.463317871094	134.966751098633	23.964900970459	-946.599548339844	133.973815917969	1.81026971340179	-962.770080566406	133.352951049805	-14.0013847351074	-955.496887207031	133.304458618164	-48.5763893127441	-954.781188964844	121.297874450684	-57.8209571838379	-951.67041015625	119.944190979004	-56.0924110412598	-950.13623046875	117.492141723633	-50.7300338745117	-947.41259765625	114.419021606445	-39.3321266174316	-944.659606933594	117.168479919434	-12.570553779602	-944.417907714844	122.10326385498	-8.73077201843262	-948.224975585938	127.344345092773	-44.3671836853027	-973.129150390625	128.977066040039	-24.5483207702637	-990.155090332031	114.068954467773	-20.9147720336914	-998.843505859375	99.3891830444336	-11.2353820800781	-987.446350097656	90.2252883911133	2.73572659492493	-956.621887207031	97.9083099365234	10.4571361541748	-957.408020019531	118.774490356445	-8.77872943878174	-967.934814453125	102.710830688477	28.803596496582	-957.559692382812	117.522361755371	27.5657081604004	-947.765502929688	127.769943237305	34.2529716491699	-946.2021484375	126.871917724609	7.70400142669678	-956.467712402344	144.608505249023	-58.7901954650879	-951.6123046875	146.121337890625	-56.8267555236816	-950.1201171875	148.488067626953	-51.717357635498	-947.912414550781	152.7939453125	-40.2283096313477	-945.200561523438	150.43586730957	-13.5693130493164	-945.63916015625	145.828399658203	-9.85620021820068	-948.831665039062	139.100555419922	-43.9317665100098	-973.594116210938	137.365097045898	-24.0472354888916	-990.609802246094	151.49658203125	-20.4091281890869	-999.661437988281	166.912124633789	-12.380334854126	-989.29736328125	178.86735534668	-0.0784499272704124	-960.561340332031	172.145355224609	8.29268264770508	-960.010986328125	148.239334106445	-9.56835079193115	-969.227416992188	166.603729248047	27.0703392028809	-959.426879882812	152.057434082031	26.8448429107666	-948.933227539062	143.563674926758	33.1603126525879	-945.164001464844	141.754653930664	7.3338737487793	-957.126037597656
HNCC-02-20	-1.31852889060974	-59.0226364135742	-1132.82727050781	-1.29188525676727	-53.5614242553711	-1126.45397949219	-1.21783351898193	-39.838565826416	-1107.48449707031	-1.40746676921844	-21.3900241851807	-1086.42614746094	-1.43485891819	-17.9824962615967	-1081.56030273438	-1.06803023815155	63.7344970703125	-1120.57312011719	-1.11415135860443	43.9567451477051	-1136.56811523438	-1.03010129928589	28.3613319396973	-1137.22314453125	-1.40888035297394	5.31478500366211	-1118.82312011719	-1.12774729728699	-9.6388988494873	-1127.86962890625	-1.22281265258789	-41.3385810852051	-1129.07067871094	10.067403793335	-52.9736022949219	-1132.62292480469	11.8890800476074	-51.3244781494141	-1132.99291992188	15.1051559448242	-46.5680313110351	-1135.18823242188	17.6785087585449	-35.9445495605469	-1138.24353027344	15.4280786514282	-9.61668872833252	-1137.25244140625	10.2885704040527	-4.84076547622681	-1135.18115234375	3.77963662147522	-38.7123794555664	-1110.58325195312	1.57018065452576	-20.1503143310547	-1093.88952636719	17.9576816558838	-15.5963373184204	-1085.36669921875	31.2731895446777	-8.3742561340332	-1096.91369628906	42.7040405273438	1.68487274646759	-1125.24133300781	32.5814056396484	11.1809768676758	-1123.90637207031	13.2980842590332	-5.08662605285645	-1116.68054199219	31.6070346832275	29.8339538574219	-1122.41162109375	16.636754989624	30.8093509674072	-1133.36291503906	6.83694171905518	37.4633712768555	-1137.69177246094	5.66434383392334	11.5010251998901	-1126.5458984375	-13.0179977416992	-52.8511009216309	-1132.85375976562	-13.8435964584351	-51.9180679321289	-1133.2490234375	-16.7406749725342	-46.799503326416	-1135.2763671875	-19.4330883026123	-36.4744338989258	-1138.04089355469	-17.5418472290039	-9.95463752746582	-1138.92651367188	-12.1842250823975	-3.92352271080017	-1134.6513671875	-5.9506721496582	-39.6911773681641	-1110.990234375	-4.38333129882812	-18.9041328430176	-1094.03527832031	-20.114652633667	-15.3119068145752	-1085.61535644531	-33.8678779602051	-7.84231185913086	-1097.44458007812	-44.7763481140137	2.07455968856812	-1126.07556152344	-33.6094589233398	12.8339881896973	-1123.10388183594	-14.3421192169189	-4.35567283630371	-1116.6787109375	-33.6435279846191	30.6814956665039	-1122.72143554688	-18.9462471008301	31.6479244232178	-1134.05419921875	-8.42316341400146	37.974609375	-1137.91162109375	-8.44561100006104	12.1651859283447	-1127.6796875
HNCC-03-10	0.0804338678717613	-73.4969177246094	-1086.98278808594	-0.306807905435562	-64.8521957397461	-1075.02160644531	-0.324841737747192	-50.6856803894043	-1051.86950683594	-0.772579848766327	-22.5708847045898	-1027.37316894531	-0.887466967105865	-18.5349216461182	-1021.52221679688	-0.148744314908981	70.7005233764648	-1048.181640625	0.154075160622597	56.229419708252	-1072.18981933594	-0.0151471626013517	38.4281845092773	-1078.33850097656	-0.559798359870911	7.50793409347534	-1063.64099121094	-0.178622186183929	-9.85766887664795	-1073.63317871094	-0.102284334599972	-51.4697570800781	-1078.43395996094	12.6414041519165	-65.9298248291016	-1083.19152832031	16.4788665771484	-61.9511680603027	-1083.98303222656	18.3909225463867	-54.5333442687988	-1085.69897460938	21.2393703460693	-41.872127532959	-1087.14465332031	18.5041084289551	-14.2048053741455	-1087.08117675781	12.1169958114624	-5.08672904968262	-1080.37023925781	4.93489789962769	-46.6011199951172	-1053.53356933594	2.39401531219482	-21.2265186309814	-1034.47436523438	19.6844348907471	-17.1796131134033	-1024.86633300781	37.5584411621094	-8.81618976593018	-1033.54223632812	52.1421127319336	6.06319332122803	-1065.90576171875	40.8161468505859	17.9040622711182	-1065.80554199219	15.0865364074707	-5.87293100357056	-1058.75305175781	34.1140213012695	39.3260040283203	-1060.59301757812	18.9961566925049	42.2161903381348	-1073.9501953125	8.14524364471436	50.2626342773438	-1076.83312988281	7.44194936752319	18.8428115844727	-1070.49194335938	-12.8162870407104	-66.4794692993164	-1083.96691894531	-16.5654888153076	-63.1665306091309	-1084.49926757812	-19.6987571716309	-55.5512580871582	-1086.12158203125	-21.0478496551514	-42.8825874328613	-1088.38647460938	-18.4776782989502	-14.8316593170166	-1088.11499023438	-12.1770105361938	-5.76059770584106	-1080.96325683594	-6.2846794128418	-47.2959175109863	-1054.59106445312	-4.779944896698	-20.1978569030762	-1034.67065429688	-21.1746635437012	-18.241304397583	-1025.54553222656	-41.0557556152344	-9.63320732116699	-1035.13708496094	-53.9356079101562	6.57670497894287	-1067.09692382812	-42.8752975463867	19.0558395385742	-1066.42858886719	-15.0806913375854	-4.65099334716797	-1057.890625	-34.9944877624512	39.3333396911621	-1061.89184570312	-19.9798431396484	42.2887077331543	-1073.51904296875	-7.95378875732422	50.9104499816895	-1077.39221191406	-7.86791229248047	18.3654708862305	-1070.802734375
HNCC-03-17	-1.05720245838165	-59.8834571838379	-1135.77465820312	-1.204261302948	-52.8132019042969	-1125.76794433594	-1.53689801692963	-43.9037017822266	-1103.96179199219	-2.25991201400757	-23.5869255065918	-1079.29650878906	-2.3203022480011	-20.1126251220703	-1074.4609375	-0.0670309513807297	62.2151947021484	-1107.11413574219	-0.576420068740845	45.3507385253906	-1124.66882324219	-0.731531620025635	28.767993927002	-1127.98034667969	-1.24641144275665	5.0375337600708	-1115.40710449219	-1.45490264892578	-9.85870265960693	-1122.58544921875	-1.03984296321869	-44.0638198852539	-1128.38671875	9.58031368255615	-54.8202056884766	-1134.05505371094	11.476170539856	-52.4770202636719	-1133.94445800781	14.862790107727	-47.2703170776367	-1135.20654296875	17.0770854949951	-37.0080451965332	-1136.02001953125	15.1410245895386	-10.7705898284912	-1134.50732421875	10.1556348800659	-5.02982234954834	-1128.63366699219	3.90314054489136	-42.8661460876465	-1107.19946289062	1.51043570041656	-21.9240989685059	-1086.90234375	15.0407485961914	-18.1718101501465	-1078.38208007812	31.1765174865723	-10.310694694519	-1088.38269042969	42.999755859375	2.29835414886475	-1114.958984375	34.5900268554688	12.0802125930786	-1115.43359375	12.9166355133057	-6.53993701934814	-1108.09704589844	30.6403179168701	31.0001449584961	-1113.29211425781	16.1919002532959	32.232105255127	-1125.01879882812	6.74577331542969	39.8047218322754	-1127.20153808594	6.59440612792969	11.9544620513916	-1119.88891601562	-11.1000003814697	-54.7027816772461	-1134.19750976562	-12.4248332977295	-53.1816139221191	-1134.8095703125	-16.5254020690918	-48.1616668701172	-1135.85668945312	-18.9424991607666	-37.6439895629883	-1136.78051757812	-18.3463897705078	-11.6015462875366	-1135.42785644531	-12.2099857330322	-4.95899295806885	-1129.21850585938	-6.2568564414978	-43.0273551940918	-1106.87329101562	-5.39572811126709	-22.1939296722412	-1086.39477539062	-18.7070045471191	-17.6972541809082	-1077.70141601562	-34.871997833252	-9.93955993652344	-1088.76989746094	-46.6979026794434	2.35220336914062	-1116.57312011719	-37.535285949707	13.2425603866577	-1116.51049804688	-15.6662073135376	-5.04362916946411	-1107.84057617188	-31.9082336425781	31.7037029266357	-1114.68127441406	-18.9521064758301	33.2202301025391	-1125.51049804688	-8.07320880889893	39.787467956543	-1127.8857421875	-9.0233039855957	11.8685054779053	-1120.01257324219
HNCC-03-18	-1.35479080677032	-62.0152473449707	-1070.35815429688	-0.971589624881744	-57.0718841552734	-1063.61413574219	-0.761521339416504	-42.6485023498535	-1043.26025390625	-1.44968461990356	-24.4708423614502	-1023.55377197266	-1.26259422302246	-21.3823108673096	-1019.04614257812	-2.23324680328369	61.2341537475586	-1052.26782226562	-2.09843111038208	44.6821823120117	-1071.1181640625	-2.41390299797058	27.6756553649902	-1073.53503417969	-2.1695237159729	3.16764616966248	-1058.75634765625	-1.93241620063782	-12.5039463043213	-1065.32177734375	-0.811338245868683	-45.8432235717773	-1065.87976074219	9.26087951660156	-56.0542259216309	-1068.61853027344	11.0977354049683	-54.3795433044434	-1069.30505371094	13.8197402954102	-49.1466979980469	-1072.09338378906	17.227991104126	-39.4013366699219	-1074.35229492188	14.5703916549683	-13.6953182220459	-1076.55493164062	9.22004127502441	-8.79357051849365	-1071.89379882812	4.41685056686401	-42.3678169250488	-1047.2919921875	1.51605319976807	-23.0367336273193	-1030.61145019531	15.2524490356445	-18.3553466796875	-1022.03845214844	29.2249870300293	-10.2822341918945	-1031.71618652344	39.5881652832031	0.167871460318565	-1059.35949707031	34.3718376159668	10.9381589889526	-1059.66174316406	12.1237125396729	-8.45646095275879	-1053.79565429688	29.3154640197754	28.7183074951172	-1058.59851074219	15.9511842727661	30.2538986206055	-1070.86267089844	5.70297622680664	37.6878089904785	-1073.4287109375	5.35608673095703	9.18445491790771	-1064.85144042969	-11.1695947647095	-56.3334121704102	-1068.58569335938	-12.7215824127197	-54.5813522338867	-1069.42346191406	-15.9424161911011	-49.566780090332	-1071.88562011719	-19.8963298797607	-39.9385795593262	-1074.51147460938	-18.7659282684326	-14.7328023910522	-1076.43798828125	-12.6611623764038	-9.10483455657959	-1071.90844726562	-5.50812673568726	-43.3823699951172	-1046.89440917969	-5.2470531463623	-22.6757144927979	-1030.50146484375	-18.5476226806641	-18.7128620147705	-1022.28234863281	-33.1521949768066	-10.8416595458984	-1032.33984375	-43.1301116943359	-1.49772334098816	-1059.16772460938	-38.2701873779297	10.6217050552368	-1060.10229492188	-16.0112609863281	-8.37051296234131	-1053.21533203125	-33.2537803649902	28.5356178283691	-1059.5966796875	-20.8688411712646	30.3700942993164	-1071.05749511719	-10.0321760177612	37.9369277954102	-1073.314453125	-9.60739803314209	9.12340354919434	-1064.43371582031
HNCC-03-22	-1.04127073287964	-56.8296051025391	-1144.95263671875	-1.73713755607605	-51.9050674438477	-1137.41943359375	-1.57787907123566	-44.6927680969238	-1117.38037109375	-1.77647185325623	-25.332483291626	-1091.39782714844	-1.71883201599121	-22.7691993713379	-1085.22912597656	-2.45627450942993	64.7533493041992	-1111.34228515625	-2.22021722793579	47.4392700195312	-1130.07263183594	-1.5551210641861	31.8583812713623	-1135.37243652344	-1.72655975818634	5.62190723419189	-1122.98657226562	-1.39635503292084	-9.28740501403809	-1133.04223632812	-1.76189279556274	-41.7960968017578	-1139.16076660156	9.49501419067383	-50.6961631774902	-1143.65344238281	11.1930532455444	-49.2077941894531	-1143.57934570312	14.8250980377197	-43.1561851501465	-1145.09106445312	17.9916362762451	-31.6359272003174	-1146.39538574219	16.3082294464111	-5.06889724731445	-1143.32727050781	10.3830862045288	-1.04886782169342	-1139.77416992188	3.24972176551819	-42.0033416748047	-1119.44201660156	1.07914757728577	-23.690845489502	-1097.34753417969	16.4548664093018	-20.0840854644775	-1087.30529785156	30.8955745697021	-11.0371255874634	-1098.47607421875	40.6543960571289	3.7723958492279	-1124.16284179688	34.7218780517578	13.9847660064697	-1124.64709472656	11.8739213943481	-4.72503185272217	-1118.43884277344	29.362850189209	31.5980110168457	-1122.30310058594	14.6005373001099	34.0649490356445	-1133.26904296875	5.75063037872314	40.8217887878418	-1133.65490722656	5.07541227340698	12.0960168838501	-1128.39965820312	-12.5912160873413	-51.3156127929688	-1143.88647460938	-13.5246114730835	-50.525318145752	-1144.05053710938	-17.578540802002	-44.3154716491699	-1145.75708007812	-21.294412612915	-33.0817184448242	-1146.63220214844	-20.001802444458	-6.24199104309082	-1143.40539550781	-13.2524461746216	-2.45877265930176	-1139.79138183594	-6.5394344329834	-42.6567115783691	-1119.92541503906	-4.64202976226807	-23.7984008789062	-1097.283203125	-19.932804107666	-20.0787200927734	-1087.51025390625	-34.4432907104492	-11.3058052062988	-1098.60119628906	-45.2813110351562	4.94330930709839	-1124.14514160156	-38.5080757141113	13.4735860824585	-1124.24658203125	-15.3872213363647	-5.25400972366333	-1118.87805175781	-32.8807373046875	31.9990501403809	-1121.58557128906	-18.854850769043	33.9753494262695	-1132.69885253906	-9.71670150756836	40.1823043823242	-1134.32873535156	-9.10922431945801	11.2379026412964	-1128.16040039062
HNCC-04-14	-1.613938331604	-68.4208297729492	-1068.13928222656	-1.21547424793243	-60.5244522094727	-1059.21411132812	-1.44271206855774	-45.4475135803223	-1036.47290039062	-1.68163192272186	-21.3631343841553	-1011.97686767578	-1.55660307407379	-18.3766307830811	-1007.83264160156	-1.11934411525726	74.1284561157227	-1036.36999511719	-1.26875066757202	57.2802200317383	-1061.06286621094	-1.04843831062317	39.6031455993652	-1062.97668457031	-1.55495727062225	10.7979917526245	-1048.71838378906	-1.40356540679932	-7.45092535018921	-1057.69104003906	-1.15716993808746	-47.2962799072266	-1062.60729980469	11.829119682312	-61.0468711853027	-1066.35766601562	12.8905267715454	-58.8731231689453	-1066.84069824219	18.1064262390137	-48.8487968444824	-1068.47607421875	20.960205078125	-36.7252388000488	-1071.70178222656	17.8531150817871	-9.5134687423706	-1071.60205078125	10.712459564209	-1.92219007015228	-1065.56787109375	4.71507930755615	-44.4590721130371	-1039.38317871094	2.08965659141541	-20.7398052215576	-1020.55578613281	18.6997509002686	-16.4753818511963	-1010.43884277344	36.2361869812012	-8.08942413330078	-1019.98931884766	46.563175201416	10.1437835693359	-1050.46520996094	38.4298706054688	20.0763359069824	-1049.27624511719	14.9808769226074	-2.71128153800964	-1044.15881347656	33.6029396057129	41.2224540710449	-1046.05712890625	17.8210163116455	41.908935546875	-1058.97717285156	7.70828819274902	51.4087867736816	-1063.85656738281	7.30434656143188	20.773157119751	-1054.55505371094	-15.2546081542969	-60.7233467102051	-1066.94067382812	-16.5739555358887	-58.8184852600098	-1067.56774902344	-20.4398040771484	-49.4774169921875	-1069.76440429688	-22.6822090148926	-37.6709747314453	-1072.80993652344	-18.9925003051758	-9.10127925872803	-1072.86596679688	-12.935884475708	-1.71619987487793	-1066.21667480469	-7.66685962677002	-44.537109375	-1039.91333007812	-5.44547986984253	-20.2376308441162	-1020.83013916016	-21.2431793212891	-16.1411266326904	-1010.9921875	-39.2858390808105	-8.3694896697998	-1021.15576171875	-49.633415222168	10.3628206253052	-1052.76806640625	-41.5538749694824	20.3539791107178	-1051.37829589844	-17.5405712127686	-1.95949327945709	-1045.0966796875	-35.651123046875	41.9433670043945	-1048.12768554688	-20.1947002410889	43.1511497497559	-1061.43823242188	-9.41390132904053	51.2586975097656	-1064.79333496094	-9.50157451629639	19.5775909423828	-1054.81420898438
HNCC-04-15	-1.91034650802612	-66.1939926147461	-1135.43212890625	-1.45374393463135	-59.1174011230469	-1124.36364746094	-1.85135495662689	-47.7260894775391	-1104.17663574219	-1.80776250362396	-23.8844299316406	-1079.95300292969	-1.75344216823578	-19.7571830749512	-1074.46838378906	-1.06039988994598	62.4322891235351	-1119.57189941406	-1.12800443172455	40.9355888366699	-1133.474609375	-0.950091421604156	26.3491153717041	-1134.41918945312	-1.39320015907288	4.43084621429443	-1119.87927246094	-0.636947631835938	-12.57053565979	-1127.66003417969	-1.70163440704346	-49.4388046264649	-1127.78869628906	9.52193069458008	-62.7687797546387	-1132.6953125	10.3448486328125	-62.034366607666	-1132.60595703125	15.1142854690552	-57.4897117614746	-1135.76184082031	18.5617160797119	-45.8536682128906	-1136.60314941406	17.4956092834473	-19.641845703125	-1138.52612304688	10.46706199646	-7.77815294265747	-1133.94909667969	3.26001000404358	-46.8317451477051	-1107.40844726562	1.66066944599152	-23.0581817626953	-1088.83874511719	16.3817920684814	-17.9627838134766	-1080.11437988281	32.8758125305176	-10.1776142120361	-1089.17504882812	42.3503608703613	-3.69341969490051	-1117.00842285156	35.6227722167969	10.2363624572754	-1119.8154296875	14.2732133865356	-6.90473794937134	-1112.46203613281	30.6788387298584	29.3987636566162	-1120.72863769531	14.616418838501	30.4093532562256	-1132.33947753906	5.95992708206177	35.5031204223633	-1133.93176269531	5.32078838348389	9.83250904083252	-1124.46960449219	-12.8609924316406	-62.7158737182617	-1132.67126464844	-14.2353715896606	-60.9231147766113	-1133.47265625	-17.759298324585	-56.6411781311035	-1135.65539550781	-21.0352802276611	-44.8121757507324	-1137.68237304688	-19.6242523193359	-18.2687282562256	-1139.82202148438	-12.9757442474365	-7.06303596496582	-1134.44006347656	-7.3712887763977	-47.000545501709	-1107.33825683594	-4.87073469161987	-23.7275657653809	-1088.39855957031	-19.6240673065186	-17.4850673675537	-1080.54602050781	-36.195972442627	-9.47294044494629	-1090.89978027344	-45.1950607299805	-1.83418822288513	-1118.41687011719	-38.7555389404297	10.6544981002808	-1122.40759277344	-15.9273490905762	-6.3891453742981	-1113.11840820312	-33.2811393737793	30.32839012146	-1122.27124023438	-16.2133636474609	30.0197734832764	-1133.13171386719	-8.17996025085449	35.548454284668	-1134.75903320312	-8.69200325012207	10.3889808654785	-1124.96350097656
HNCC-04-60	-1.91717338562012	-68.3919448852539	-1065.55908203125	-1.723184466362	-62.3381958007812	-1059.3916015625	-1.50270366668701	-48.2304878234863	-1040.01782226562	-1.64551413059235	-21.3903999328613	-1018.32629394531	-1.61298537254333	-16.8363170623779	-1012.83673095703	-2.11619925498962	68.1853332519531	-1060.06628417969	-1.78218805789948	46.5148506164551	-1070.78649902344	-1.37792003154755	27.6279354095459	-1071.08044433594	-1.85489523410797	3.36271619796753	-1055.02868652344	-1.48337054252625	-14.3240041732788	-1061.80285644531	-1.84478461742401	-49.3253288269043	-1064.14050292969	9.56729602813721	-63.777904510498	-1063.83251953125	11.6148233413696	-62.3246192932129	-1064.375	16.6554203033447	-56.0390281677246	-1068.16979980469	18.8672752380371	-45.2901268005371	-1071.24658203125	16.9220275878906	-18.5551223754883	-1073.78259277344	10.6387023925781	-10.0618925094604	-1070.27478027344	4.31475734710693	-45.8771858215332	-1042.05444335938	1.20791292190552	-21.5838031768799	-1024.39855957031	17.0092658996582	-14.6678686141968	-1016.13385009766	31.745662689209	-10.364538192749	-1027.56091308594	43.6609268188477	-1.5887678861618	-1061.36340332031	37.4328384399414	11.4268970489502	-1059.15209960938	12.793007850647	-8.92838191986084	-1049.36804199219	33.3120422363281	32.0188369750977	-1059.54809570312	17.3331508636475	31.4198112487793	-1070.10900878906	6.22861528396606	36.985523223877	-1072.32470703125	6.67443084716797	10.7486381530762	-1062.75939941406	-12.8927373886108	-64.00634765625	-1064.24523925781	-14.7591905593872	-62.5023612976074	-1065.06591796875	-19.6144943237305	-55.8092803955078	-1068.23718261719	-22.0850200653076	-45.0098342895508	-1070.92395019531	-20.5666122436523	-18.8707504272461	-1073.13952636719	-14.2324075698853	-10.4057025909424	-1069.72412109375	-7.55597639083862	-45.8442535400391	-1042.19152832031	-5.06759786605835	-20.7327136993408	-1024.92443847656	-19.4267292022705	-15.2170543670654	-1016.26770019531	-35.0998840332031	-10.8013906478882	-1027.21240234375	-47.9946823120117	-1.12827610969543	-1060.44482421875	-41.1995239257812	10.9463758468628	-1059.43615722656	-16.455846786499	-9.15518856048584	-1049.87646484375	-37.3043441772461	31.3778476715088	-1060.47314453125	-20.8217887878418	30.6234760284424	-1070.96984863281	-9.55536365509033	36.2684478759766	-1072.49243164062	-9.47669792175293	10.5780572891235	-1063.44140625
HNCC-04-85	-0.300284653902054	-65.4136047363281	-1152.08947753906	-0.824012219905853	-59.9613647460938	-1143.38171386719	-0.200710147619247	-50.7212333679199	-1121.54345703125	-0.089346282184124	-22.5537204742432	-1095.68688964844	-0.198437586426735	-19.3011455535889	-1090.87133789062	-2.0686354637146	64.0622940063477	-1129.07116699219	-1.53782689571381	45.6262855529785	-1145.92797851562	-1.34305918216705	28.7260417938232	-1146.56506347656	-0.464495450258255	4.16420316696167	-1131.44812011719	-0.228443488478661	-14.1235818862915	-1139.23376464844	-0.870560884475708	-49.0532112121582	-1144.98327636719	10.6189279556274	-59.393627166748	-1149.91906738281	12.491997718811	-57.1634292602539	-1150.96643066406	15.7329387664795	-51.8944396972656	-1151.0546875	19.2918338775635	-41.2012023925781	-1152.40258789062	17.7238636016846	-15.239782333374	-1151.50891113281	11.8112316131592	-7.90402984619141	-1145.1171875	4.99054718017578	-48.1564254760742	-1123.88220214844	2.90939497947693	-22.3122406005859	-1104.01928710938	18.1065769195557	-16.5956001281738	-1094.25317382812	32.0847778320312	-10.2009792327881	-1104.90002441406	44.319522857666	1.03813910484314	-1133.79772949219	37.5161056518555	13.0866060256958	-1134.41174316406	14.9139518737793	-8.09615325927734	-1125.73400878906	32.010986328125	32.7061882019043	-1133.85302734375	16.935173034668	32.1294898986816	-1145.91259765625	6.43893527984619	38.6247978210449	-1147.76696777344	7.11348152160645	10.5751438140869	-1137.298828125	-12.0524005889893	-59.9521789550781	-1149.76220703125	-13.8354578018188	-57.9012718200684	-1150.0693359375	-17.0876979827881	-52.3843193054199	-1150.41516113281	-20.5696868896484	-41.4737739562988	-1151.97290039062	-18.6428661346436	-15.8563976287842	-1151.34741210938	-12.8911724090576	-8.5269250869751	-1145.94494628906	-5.90246629714966	-48.5694046020508	-1123.6240234375	-3.50857949256897	-22.0666828155518	-1103.90112304688	-18.3296031951904	-18.0680809020996	-1094.27563476562	-32.8258934020996	-10.4658670425415	-1103.78637695312	-45.9265594482422	-1.34887623786926	-1133.52355957031	-38.8492889404297	11.4814929962158	-1133.73815917969	-14.9310007095337	-8.70040798187256	-1126.34973144531	-34.3941421508789	30.5864295959473	-1133.24267578125	-19.7909564971924	30.6255550384521	-1144.8642578125	-9.54668045043945	38.0403671264648	-1147.53369140625	-9.25136470794678	9.76887035369873	-1136.45275878906
HNCC-04-89	-1.99986481666565	-64.6832046508789	-1123.63122558594	-2.51758098602295	-56.3987312316895	-1114.90734863281	-1.86455047130585	-43.8303985595703	-1094.79736328125	-0.376186430454254	-16.6525897979736	-1075.1982421875	-0.223882228136063	-13.3683786392212	-1070.91809082031	0.464233011007309	61.3819160461426	-1122.4189453125	-0.0194677673280239	40.4637069702148	-1133.50439453125	0.0450526624917984	20.0440788269043	-1132.5908203125	0.204389005899429	2.0241014957428	-1113.60363769531	-0.571601033210754	-13.7622394561768	-1120.27880859375	-2.10572862625122	-46.9256820678711	-1118.10192871094	8.1674861907959	-60.9959259033203	-1121.91845703125	10.3166952133179	-58.4597244262695	-1122.85327148438	13.4147424697876	-54.1247901916504	-1124.4296875	17.5334701538086	-42.853931427002	-1127.26354980469	17.5734901428223	-18.4597053527832	-1131.43078613281	11.7927474975586	-10.2116956710815	-1127.60205078125	3.20345664024353	-42.0354995727539	-1097.95910644531	2.07098150253296	-18.0643291473389	-1082.55505371094	17.2628784179688	-11.0503149032593	-1075.77331542969	32.7074928283691	-8.327805519104	-1086.22180175781	44.1000099182129	-0.451144874095917	-1114.59777832031	37.2792549133301	9.21874523162842	-1117.18115234375	12.3852281570435	-6.71254968643188	-1107.44091796875	30.4295597076416	25.913106918335	-1120.44116210938	16.5110511779785	24.2861442565918	-1131.21313476562	8.22721576690674	29.6028213500977	-1134.71179199219	6.83321952819824	7.35871362686157	-1120.92639160156	-12.1146659851074	-60.5414237976074	-1122.42639160156	-13.7729740142822	-58.7516174316406	-1123.23181152344	-17.1428108215332	-53.8167266845703	-1125.70336914062	-20.0496006011963	-42.9329261779785	-1128.65393066406	-19.4898529052734	-18.6377563476562	-1131.27319335938	-12.0927333831787	-9.2402515411377	-1127.64526367188	-7.11181735992432	-40.8690414428711	-1097.62719726562	-2.87636184692383	-17.2742767333984	-1082.49255371094	-17.7207584381104	-9.48272609710693	-1076.02490234375	-33.5011749267578	-8.11368179321289	-1087.19396972656	-44.1208114624023	1.99192881584167	-1113.91076660156	-39.277717590332	10.2369594573975	-1115.85461425781	-14.1337909698486	-7.66727685928345	-1108.14282226562	-30.1890964508057	26.4643363952637	-1119.41027832031	-17.5503025054932	24.9578704833984	-1130.71337890625	-7.8461422920227	30.3207359313965	-1134.35375976562	-6.68771886825562	7.44157600402832	-1120.20397949219
HNCC-05-17	-1.95587527751923	-67.4785537719727	-1070.67565917969	-1.69168937206268	-60.099479675293	-1061.60583496094	-1.18155753612518	-46.8079452514648	-1038.30139160156	-1.22945439815521	-19.0433616638184	-1014.05114746094	-1.27452754974365	-15.6699161529541	-1009.71234130859	-1.90925526618958	68.0399322509766	-1044.73168945312	-1.87805712223053	49.1992378234863	-1064.97497558594	-1.82815217971802	32.5433311462402	-1068.06188964844	-1.5290275812149	8.59259033203125	-1052.83142089844	-1.66376185417175	-9.02816772460938	-1060.42419433594	-1.56405878067017	-49.0767135620117	-1065.23669433594	10.5581369400024	-61.8874015808105	-1068.08728027344	13.8118095397949	-59.0769386291504	-1068.63928222656	16.09716796875	-51.8861770629883	-1071.89196777344	18.5580615997314	-39.6013565063477	-1073.5595703125	15.840576171875	-12.8591403961182	-1074.60778808594	10.6448154449463	-4.03371095657349	-1067.79467773438	4.55405950546265	-43.8471183776855	-1041.56066894531	2.19636011123657	-18.9257984161377	-1021.71929931641	20.1919784545898	-12.0790634155273	-1014.13140869141	35.7703475952148	-4.88153982162476	-1024.83666992188	49.2219352722168	7.91017770767212	-1056.75988769531	38.2918395996094	17.0076141357422	-1056.48474121094	13.5311012268066	-1.54560434818268	-1045.96594238281	33.9417114257812	37.572093963623	-1054.71411132812	15.0895500183105	35.6922988891602	-1064.66259765625	5.04422616958618	43.835262298584	-1067.35595703125	6.61211061477661	15.5523309707642	-1057.68212890625	-13.9587001800537	-62.6376800537109	-1067.92565917969	-17.5504055023193	-59.5391654968262	-1069.58093261719	-19.7193489074707	-51.916389465332	-1071.91418457031	-22.4657020568848	-40.2687149047852	-1073.14733886719	-19.5515556335449	-12.7759408950806	-1074.47436523438	-13.6078662872314	-4.32189178466797	-1068.01916503906	-7.00647687911987	-44.5110397338867	-1041.61340332031	-5.13211870193481	-18.5109081268311	-1022.42266845703	-21.9111080169678	-12.5956182479858	-1014.12078857422	-40.0724296569824	-6.05122804641724	-1026.79650878906	-52.5232963562012	5.29291677474976	-1057.05725097656	-43.0879440307617	16.7408790588379	-1056.65637207031	-15.3864688873291	-2.27873182296753	-1046.10119628906	-37.436408996582	38.0329437255859	-1053.68298339844	-19.4856700897217	36.8411064147949	-1064.80126953125	-9.66832542419434	43.0417671203613	-1067.14868164062	-9.05236530303955	15.431529045105	-1057.79345703125
HNCC-05-23	-1.17472457885742	-61.6238594055176	-1145.95385742188	-1.03190040588379	-56.3331336975098	-1137.44177246094	-0.803949773311615	-45.9014053344727	-1117.03833007812	-0.978792488574982	-25.9720993041992	-1092.12255859375	-1.00405120849609	-22.2584686279297	-1085.73828125	-1.9052973985672	64.6242599487305	-1121.724609375	-2.07426881790161	42.7309989929199	-1137.31994628906	-1.47822153568268	26.4622669219971	-1139.39636230469	-1.44442927837372	3.86469554901123	-1125.158203125	NA	NA	NA	-1.44190192222595	-47.6417617797852	-1139.68591308594	NA	NA	NA	11.2318239212036	-53.6833839416504	-1144.53796386719	14.2111406326294	-48.1443710327148	-1145.57177734375	16.7616691589355	-38.7399444580078	-1146.91076660156	16.0794620513916	-15.0166139602661	-1145.04895019531	10.6067638397217	-5.78081464767456	-1141.2626953125	4.51821756362915	-44.4552268981934	-1119.11328125	1.94072604179382	-24.5896739959717	-1098.51306152344	17.1257076263428	-20.7799091339111	-1090.73852539062	31.3428630828857	-12.8152446746826	-1101.44885253906	41.9656639099121	0.984153568744659	-1129.32922363281	36.0479049682617	14.007287979126	-1128.91625976562	11.5207138061523	-6.03168821334839	-1119.55041503906	30.8602867126465	31.7495803833008	-1126.27722167969	14.911449432373	30.8498191833496	-1137.60107421875	5.36930322647095	36.3727989196777	-1140.17834472656	6.00307846069336	9.032639503479	-1130.05505371094	-11.8391561508179	-57.2423210144043	-1143.4072265625	-13.8297691345215	-54.7365608215332	-1143.94714355469	-17.0146331787109	-48.9978179931641	-1145.27685546875	-20.3733234405518	-39.6403465270996	-1146.18115234375	-19.6687526702881	-15.8016920089722	-1144.78503417969	-14.8063535690308	-7.26313924789429	-1140.63000488281	-6.26445531845093	-44.9355773925781	-1118.54296875	-4.41174554824829	-24.5620670318604	-1098.29504394531	-18.8115539550781	-21.1466789245605	-1090.69165039062	-33.4320297241211	-12.3428030014038	-1100.66748046875	-46.0471305847168	-2.27531909942627	-1129.38452148438	-40.8418273925781	11.9428148269653	-1129.19104003906	-15.0958585739136	-6.45617341995239	-1120.09887695312	-34.0605888366699	30.5574207305908	-1126.78881835938	-18.3341979980469	29.993465423584	-1137.55004882812	-9.07927799224854	35.825325012207	-1140.32263183594	-9.14052677154541	8.93136978149414	-1130.59191894531
HNCC-05-43	-2.41305685043335	-69.4630355834961	-1085.74011230469	-1.71898031234741	-63.879508972168	-1075.28430175781	-0.55898255109787	-49.7182312011719	-1051.59521484375	-0.0113733736798167	-23.7070713043213	-1024.25280761719	0.015249801799655	-20.6081981658936	-1019.80267333984	-1.51644277572632	67.9163131713867	-1056.46545410156	-0.608174383640289	50.5036964416504	-1071.62780761719	-1.07334971427917	31.9743881225586	-1075.89953613281	-0.71557879447937	4.91880226135254	-1061.49145507812	-0.779419422149658	-12.6609048843384	-1073.31604003906	-1.51309216022491	-52.3043174743652	-1078.95690917969	10.4169683456421	-65.6186752319336	-1083.83093261719	14.3978996276855	-62.2754516601562	-1084.52014160156	17.8810081481934	-53.2470474243164	-1085.97790527344	20.3141994476318	-40.6408653259277	-1087.62426757812	17.7535381317139	-16.9748115539551	-1087.53637695312	12.3207035064697	-5.98149919509888	-1080.60510253906	4.82304859161377	-48.0059471130371	-1054.75354003906	3.17069435119629	-23.4381217956543	-1033.10119628906	18.3809909820557	-17.7432441711426	-1024.04577636719	36.9134101867676	-9.60035991668701	-1036.42626953125	48.1932563781738	5.9021258354187	-1065.72106933594	40.6695556640625	14.8962545394897	-1065.44311523438	13.4907684326172	-7.4290075302124	-1059.55700683594	32.5211524963379	35.0486717224121	-1062.587890625	15.80260181427	34.8862419128418	-1072.81164550781	7.93375492095947	41.6317024230957	-1074.99755859375	7.26080465316772	14.1255207061768	-1067.55444335938	-14.4277200698853	-64.8489990234375	-1083.23413085938	-18.5615921020508	-61.7654304504395	-1083.04052734375	-20.892972946167	-53.4162254333496	-1086.42358398438	-22.5836029052734	-40.9603042602539	-1087.51513671875	-19.0702342987061	-17.1580390930176	-1087.37158203125	-13.6425867080688	-6.43408250808716	-1080.91540527344	-7.17778587341309	-46.7780609130859	-1054.35205078125	-3.69858860969543	-22.99147605896	-1032.63745117188	-17.9859466552734	-18.1459808349609	-1023.07690429688	-38.1195755004883	-10.265552520752	-1035.82373046875	-50.0793533325195	6.63949966430664	-1065.56005859375	-42.5634574890137	15.3996353149414	-1065.81689453125	-14.8284378051758	-6.97111558914185	-1060.154296875	-34.6365509033203	36.3273849487305	-1063.57751464844	-19.1132106781006	37.0129165649414	-1073.76281738281	-8.77293872833252	41.9409561157227	-1074.83288574219	-9.08485794067383	14.0635576248169	-1067.69384765625
HNCC-06-23	-1.49562287330627	-77.289306640625	-1069.56689453125	-1.7420574426651	-69.0577774047852	-1061.80712890625	-2.07051014900208	-51.5069541931152	-1040.20849609375	-1.49752461910248	-16.6715602874756	-1021.79425048828	-1.39064431190491	-12.4678831100464	-1017.0927734375	-0.30441477894783	67.3801422119141	-1072.38427734375	-1.26662087440491	43.1145401000977	-1085.24365234375	-1.44565117359161	25.7630138397217	-1085.57873535156	-1.40007984638214	3.9727258682251	-1062.81225585938	-1.00397205352783	-17.1175899505615	-1068.36303710938	-1.6633882522583	-56.3540534973145	-1066.84716796875	11.6566972732544	-71.0113372802734	-1069.52807617188	14.3450994491577	-68.9130096435547	-1070.03161621094	17.6740493774414	-59.889087677002	-1074.40270996094	20.2211036682129	-49.3720703125	-1077.26708984375	18.0581092834473	-21.9924049377441	-1080.99731445312	11.5461349487305	-13.1109142303467	-1077.11865234375	4.0015230178833	-51.7261238098145	-1044.51672363281	2.03219127655029	-18.6516857147217	-1029.62048339844	18.47412109375	-12.5838670730591	-1021.91052246094	36.4089164733887	-5.50038909912109	-1033.99523925781	49.0636749267578	1.6289176940918	-1067.53674316406	39.5877914428711	13.637713432312	-1069.04296875	14.520676612854	-7.85258531570435	-1055.58850097656	35.4841194152832	33.2129821777344	-1072.50183105469	16.5021476745605	29.1090240478516	-1082.51782226562	6.51600074768066	36.543514251709	-1086.25146484375	6.8095703125	8.40011596679688	-1070.68896484375	-14.7877016067505	-71.0467224121094	-1068.85327148438	-17.3170204162598	-68.874755859375	-1069.51794433594	-20.8187236785889	-60.0641899108887	-1074.18041992188	-22.5765151977539	-49.4801330566406	-1077.53540039062	-20.6473350524902	-22.4976654052734	-1081.44396972656	-14.0318059921265	-13.9087953567505	-1077.27978515625	-7.89832925796509	-51.4682540893555	-1044.89697265625	-5.69367980957031	-18.0322380065918	-1029.71276855469	-21.1869716644287	-12.1290473937988	-1021.98223876953	-39.5888938903809	-6.02397346496582	-1033.40515136719	-51.5444374084473	-0.302716314792633	-1067.91064453125	-42.899787902832	12.2695112228394	-1070.28552246094	-17.8086395263672	-8.73287963867188	-1055.51623535156	-37.508243560791	32.7086715698242	-1073.02709960938	-18.9904918670654	28.7530727386475	-1082.30297851562	-9.21461582183838	35.7713851928711	-1086.90893554688	-9.56094264984131	9.87011814117432	-1072.28515625
HNCC-06-35	-2.63276243209839	-58.302303314209	-1170.79711914062	-2.77477478981018	-51.8545989990234	-1162.12634277344	-2.43630981445312	-42.6591873168945	-1142.15112304688	-1.91128206253052	-19.02805519104	-1119.13806152344	-1.71349155902863	-15.1933431625366	-1114.255859375	-1.81577813625336	63.9594650268555	-1159.19274902344	-1.94913792610168	42.0618057250977	-1170.0615234375	-1.84086263179779	25.8538951873779	-1169.36779785156	-2.41234827041626	5.41274499893188	-1153.35632324219	-2.23948884010315	-10.6280174255371	-1162.05383300781	-3.03533458709717	-42.9992332458496	-1165.45837402344	7.78836488723755	-52.2325134277344	-1168.99633789062	9.69088172912598	-49.292552947998	-1169.70361328125	13.6136064529419	-44.4380836486816	-1170.92578125	16.8646335601807	-34.323558807373	-1172.47680664062	13.9722948074341	-10.5065584182739	-1173.35180664062	9.25384616851807	-5.08333349227905	-1167.97985839844	2.62704205513	-40.3183135986328	-1144.2265625	1.13166320323944	-17.8229732513428	-1125.02966308594	14.2376718521118	-12.2640190124512	-1118.30310058594	29.9389610290527	-6.75735139846802	-1129.54504394531	42.2296524047851	4.21284675598145	-1157.34997558594	34.9085998535156	12.2754507064819	-1156.63452148438	12.1856155395508	-4.36929655075073	-1149.5166015625	30.5122394561768	32.7229690551758	-1155.63525390625	15.7440404891968	30.5352687835693	-1168.72985839844	5.33996057510376	36.0170059204102	-1170.92175292969	5.87577867507935	11.8593282699585	-1158.98742675781	-13.8812246322632	-51.6302185058594	-1169.21142578125	-15.3723421096802	-49.713794708252	-1169.82019042969	-18.5462398529053	-44.215389251709	-1171.29504394531	-21.1753273010254	-34.3618812561035	-1172.32348632812	-19.4558525085449	-10.6630420684814	-1173.43493652344	-14.0124912261963	-4.12265205383301	-1167.966796875	-7.17540168762207	-40.5155830383301	-1143.51049804688	-4.94922685623169	-18.1462154388428	-1125.56359863281	-17.6263217926025	-10.220983505249	-1117.302734375	-34.3428001403809	-6.54252052307129	-1128.63623046875	-46.7520484924316	4.89247465133667	-1155.82934570312	-39.8214149475098	12.6135835647583	-1156.23059082031	-16.7204341888428	-4.74540996551514	-1149.34228515625	-33.9390411376953	33.2453918457031	-1155.00451660156	-19.0836963653564	30.2645568847656	-1167.78942871094	-9.27734661102295	36.0255241394043	-1170.48864746094	-9.91823768615723	11.6683559417725	-1158.49084472656
HNCC-06-40	-2.13110303878784	-61.2514533996582	-1102.36999511719	-2.08144760131836	-56.9429512023926	-1092.88061523438	-1.99132370948792	-46.3822212219238	-1070.39514160156	-1.08224260807037	-24.7034683227539	-1042.63317871094	-1.02656745910645	-22.2066192626953	-1036.79602050781	2.50777292251587	66.6510772705078	-1055.0732421875	3.04228568077087	54.6673927307129	-1080.17297363281	2.60535979270935	37.9600372314453	-1086.6435546875	1.15157246589661	7.94693279266357	-1073.08557128906	0.875030815601349	-6.29781293869019	-1084.90576171875	-1.14204668998718	-46.1566047668457	-1095.15197753906	9.2400074005127	-56.1378021240234	-1099.34069824219	11.3200902938843	-54.399040222168	-1099.1259765625	15.8514909744263	-46.5392074584961	-1100.40075683594	20.0173034667969	-34.8622627258301	-1101.67224121094	19.0221900939941	-9.30904293060303	-1100.29907226562	12.1503810882568	-0.97062075138092	-1090.96813964844	3.14276814460754	-44.2837409973145	-1072.21472167969	2.41999387741089	-22.073543548584	-1050.8076171875	18.7412281036377	-19.6278533935547	-1039.56298828125	34.2926139831543	-10.9964008331299	-1046.6083984375	48.4455337524414	6.42696762084961	-1075.56774902344	39.7265014648438	18.4488544464111	-1075.80590820312	14.6034545898438	-4.21499252319336	-1071.83532714844	35.1445693969727	36.670093536377	-1070.60705566406	18.8051719665527	39.7491683959961	-1083.05261230469	10.7101593017578	47.4441413879395	-1084.39721679688	8.9889497756958	17.9045372009277	-1079.14453125	-12.9819669723511	-55.376335144043	-1099.12756347656	-14.6144351959229	-53.3228759765625	-1099.28845214844	-18.338939666748	-44.7374954223633	-1101.49365234375	-20.4885349273682	-33.3137168884277	-1102.51135253906	-18.4617462158203	-7.98805046081543	-1100.4326171875	-11.1403732299805	0.0179662350565195	-1091.36486816406	-7.31166982650757	-43.563362121582	-1072.77600097656	-4.30502367019653	-22.0303859710693	-1050.89721679688	-19.7188949584961	-18.600004196167	-1041.64440917969	-35.8138771057129	-9.1769437789917	-1048.95971679688	-47.4789924621582	11.1595764160156	-1078.10681152344	-38.443920135498	21.125524520874	-1077.31958007812	-14.4551525115967	-3.8747181892395	-1073.078125	-30.5348091125488	39.5171852111816	-1071.97180175781	-14.6872568130493	41.4732894897461	-1083.62097167969	-5.6663646697998	48.3107109069824	-1085.12963867188	-6.23780059814453	19.9972610473633	-1079.76025390625
HNCC-06-59	-1.13679838180542	-72.3010711669922	-1085.16040039062	-1.72372329235077	-65.5163497924805	-1075.22338867188	-1.41803669929504	-49.954288482666	-1052.06701660156	-0.669046580791473	-24.7753772735596	-1026.46557617188	-0.522751152515411	-20.4724540710449	-1020.6201171875	-0.0539902523159981	68.5284881591797	-1057.54943847656	-0.121994853019714	47.6019706726074	-1077.48254394531	-1.24845743179321	29.1802845001221	-1077.8115234375	-0.455907464027405	5.03372049331665	-1062.94409179688	-0.712545812129974	-15.0358781814575	-1074.70104980469	-1.33955526351929	-53.806209564209	-1079.13647460938	11.0553131103516	-67.6688385009766	-1082.17395019531	14.3246612548828	-65.1826324462891	-1082.45544433594	18.3124351501465	-56.9314994812012	-1085.63989257812	21.1468811035156	-45.3239402770996	-1087.70617675781	18.7814998626709	-19.4760055541992	-1088.18212890625	11.3598966598511	-7.89110040664673	-1081.29443359375	4.36859321594238	-48.0545234680176	-1055.02429199219	2.63076591491699	-23.6416702270508	-1034.29321289062	17.927978515625	-20.1142826080322	-1026.20324707031	35.6500358581543	-11.6477537155151	-1035.97033691406	48.9357070922852	0.121642328798771	-1067.33862304688	38.8780174255371	12.0348901748657	-1065.68286132812	14.3117637634277	-6.84006118774414	-1058.11535644531	34.6501808166504	34.1482810974121	-1063.92504882812	18.1405124664307	33.4239768981934	-1075.33349609375	7.77379131317139	41.8974380493164	-1078.17370605469	7.58785057067871	11.4936742782593	-1068.92822265625	-13.710428237915	-66.6692504882812	-1082.37573242188	-16.5005531311035	-64.1399078369141	-1083.30358886719	-20.1358108520508	-56.4285926818848	-1086.57092285156	-23.0631771087646	-45.0487251281738	-1088.46704101562	-19.9955730438232	-18.9201221466064	-1089.33435058594	-13.8566484451294	-8.12351703643799	-1081.92370605469	-6.78404521942139	-47.2946929931641	-1054.93249511719	-4.76304149627686	-23.6120777130127	-1034.28430175781	-19.0790615081787	-19.0698852539062	-1025.46154785156	-37.1478500366211	-10.8147010803223	-1035.24084472656	-51.0628471374512	1.90337228775024	-1067.83032226562	-43.4065208435059	13.328426361084	-1067.27966308594	-15.9650840759277	-6.63373756408691	-1058.01501464844	-35.7142944335938	35.6276435852051	-1064.40881347656	-19.3840198516846	33.7428131103516	-1075.8193359375	-8.50135135650635	41.2839012145996	-1078.54467773438	-9.40087699890137	12.0157012939453	-1068.85339355469
HNCC-06-60	-1.83295953273773	-67.5921859741211	-1096.2021484375	-1.70130932331085	-61.4046211242676	-1087.39099121094	-0.893470108509064	-48.4389495849609	-1063.67077636719	-1.17450654506683	-22.8030872344971	-1036.93811035156	-1.0400630235672	-19.0730247497559	-1030.03088378906	-1.74663054943085	70.3743896484375	-1062.59936523438	-1.01944625377655	49.5840759277344	-1082.8720703125	-0.971006393432617	32.8349914550781	-1086.91186523438	-0.811069905757904	8.8953161239624	-1071.03930664062	-0.781848669052124	-9.08438110351562	-1081.86694335938	-1.34725439548492	-49.4445190429688	-1089.90686035156	10.25572681427	-62.0270385742188	-1092.79675292969	14.3625631332397	-59.123161315918	-1093.55505371094	17.5537357330322	-49.957763671875	-1096.68994140625	20.9234066009521	-38.0723648071289	-1096.99584960938	17.4981060028076	-9.67803192138672	-1096.59936523438	10.7668113708496	-3.37681293487549	-1089.05200195312	4.7990894317627	-47.3102722167969	-1066.8662109375	1.89955937862396	-21.5552825927734	-1043.80078125	17.2296180725098	-17.8110065460205	-1034.74145507812	34.6218681335449	-10.2754926681519	-1042.76318359375	48.0483627319336	8.49442768096924	-1073.76196289062	40.8902320861816	15.8926944732666	-1074.26342773438	13.6473627090454	-4.34453916549683	-1067.58801269531	34.5495986938477	37.6084022521973	-1070.83020019531	16.4621849060059	35.8223609924316	-1083.14831542969	6.6194109916687	43.261116027832	-1085.15869140625	7.43972253799438	14.2298736572266	-1076.60522460938	-14.3201694488525	-61.2194671630859	-1092.97680664062	-17.9331855773926	-59.3410606384277	-1093.37976074219	-20.4902858734131	-51.0037803649902	-1096.76782226562	-22.6910381317139	-38.2991981506348	-1097.21447753906	-18.9139385223389	-10.634181022644	-1096.83508300781	-12.2172479629517	-4.00713634490967	-1088.95727539062	-7.32053184509277	-46.798152923584	-1066.76867675781	-4.84815454483032	-21.2389430999756	-1043.97766113281	-19.5658740997314	-17.6630897521973	-1036.02746582031	-37.5921020507812	-10.5315437316895	-1044.37780761719	-49.398998260498	8.68159008026123	-1076.22021484375	-41.2343521118164	15.6874885559082	-1076.00964355469	-16.0829086303711	-3.80320024490356	-1068.09594726562	-37.9043388366699	37.8297309875488	-1072.78515625	-17.5223274230957	36.7224655151367	-1084.00915527344	-8.71678829193115	42.962100982666	-1085.62463378906	-9.19574737548828	14.809567451477	-1076.42504882812
HNCC-86-3Y	-1.60262942314148	-60.4969520568848	-1072.4638671875	-1.58473241329193	-56.004207611084	-1065.66149902344	-1.29170000553131	-46.171501159668	-1046.13049316406	-1.06738543510437	-23.1413974761963	-1025.40014648438	-0.997844517230988	-21.2051124572754	-1021.85308837891	-1.1366354227066	61.0653228759766	-1060.92321777344	-1.36987543106079	40.022590637207	-1076.81518554688	-1.14719104766846	23.9350872039795	-1077.64978027344	-1.6363137960434	1.05834794044495	-1060.63842773438	-1.42241835594177	-13.3831977844238	-1066.12756347656	-1.52453398704529	-45.9383659362793	-1067.95031738281	8.72588729858398	-54.7998504638672	-1071.44604492188	10.6670913696289	-52.873706817627	-1071.68615722656	13.4399833679199	-47.6640815734863	-1073.28747558594	16.5784759521484	-38.7469482421875	-1075.05920410156	13.1655530929565	-13.9931116104126	-1076.06872558594	9.8468599319458	-9.3491153717041	-1072.48095703125	3.99438405036926	-44.5377044677734	-1048.42431640625	1.64943718910217	-23.0520057678223	-1032.53735351562	15.090181350708	-19.4060020446777	-1025.81066894531	30.3005905151367	-13.0581874847412	-1035.20532226562	39.7498817443848	-5.01356410980225	-1060.06994628906	32.4369010925293	9.06161212921143	-1061.85412597656	12.0268135070801	-8.32246208190918	-1055.54138183594	29.4861278533936	26.5994033813477	-1062.6396484375	15.4218616485596	28.6830787658691	-1074.07653808594	6.40131378173828	34.3202934265137	-1078.10461425781	5.33449363708496	7.7193603515625	-1066.87463378906	-11.4893131256104	-54.4203300476074	-1071.46215820312	-13.3608827590942	-52.6400337219238	-1071.91845703125	-16.0279197692871	-47.0089378356934	-1073.19116210938	-18.7287368774414	-37.7292251586914	-1075.44836425781	-16.8528079986572	-15.2611808776855	-1076.14599609375	-12.4396467208862	-9.0160665512085	-1072.53442382812	-6.44067430496216	-44.5852432250977	-1049.205078125	-3.91096210479736	-22.7598876953125	-1032.42993164062	-18.013521194458	-18.4257717132568	-1025.63439941406	-31.9689540863037	-11.8112192153931	-1034.21911621094	-42.0827102661133	-4.48159074783325	-1061.8798828125	-36.1712875366211	9.2977352142334	-1063.12280273438	-15.0497312545776	-7.54148817062378	-1055.55554199219	-31.8178119659424	26.7181587219238	-1064.19213867188	-18.7507953643799	28.3844375610352	-1074.83801269531	-9.2387056350708	34.6584701538086	-1078.65771484375	-8.66553688049316	7.96106672286987	-1066.70861816406
PRI-10044	-1.49508333206177	-53.3164901733398	-1031.62841796875	-1.62652456760406	-46.9711036682129	-1021.20477294922	-1.50816679000854	-38.9845809936523	-997.81298828125	-0.836296081542969	-17.6399230957031	-974.584899902344	-0.536832332611084	-14.8486289978027	-969.895935058594	-0.0129333641380072	67.9531402587891	-1002.72210693359	-0.297164857387543	51.2203178405762	-1018.86016845703	-0.0645985528826714	32.7763710021973	-1020.57769775391	-0.883497059345245	9.09632587432861	-1006.85986328125	-1.01011407375336	-7.01979064941406	-1017.26568603516	-1.33363080024719	-39.0077934265137	-1022.31127929688	10.4826669692993	-47.8244171142578	-1028.32788085938	11.1116170883179	-46.9715576171875	-1028.71716308594	14.0218944549561	-42.3609886169434	-1029.21472167969	17.2665519714355	-32.058162689209	-1030.64135742188	16.4211025238037	-6.59189558029175	-1028.11840820312	11.0076684951782	-0.656585395336151	-1022.80230712891	2.51709675788879	-38.9579925537109	-1002.02117919922	2.27097225189209	-17.5328884124756	-981.91748046875	14.7908868789673	-12.8195400238037	-973.366455078125	31.0755367279053	-8.06240558624268	-984.905029296875	42.7893981933594	3.22451591491699	-1007.71868896484	37.2831611633301	16.0165996551514	-1009.69738769531	14.2488880157471	-2.58653950691223	-1001.98834228516	32.2806396484375	34.9395370483398	-1007.24401855469	16.2073612213135	35.5262222290039	-1019.52142333984	8.15320682525635	41.8484344482422	-1020.52178955078	7.26848268508911	15.5873146057129	-1013.40936279297	-13.1292734146118	-47.4359436035156	-1028.60705566406	-13.6077499389648	-46.5349769592285	-1028.70532226562	-16.4339179992676	-41.7588348388672	-1029.41235351562	-19.9422874450684	-31.422384262085	-1030.73962402344	-18.6678333282471	-6.78414440155029	-1028.52795410156	-13.8790616989136	-0.62217116355896	-1023.234375	-5.67828130722046	-38.083309173584	-1001.91119384766	-4.07860946655273	-17.1090660095215	-981.790893554688	-17.3199996948242	-11.4812784194946	-973.8359375	-33.2730331420898	-6.87029314041138	-986.15185546875	-41.5850028991699	3.91988563537598	-1009.99603271484	-37.8532638549805	17.7768306732178	-1010.39593505859	-16.5173873901367	-1.96013116836548	-1002.46636962891	-32.0337295532227	37.1075096130371	-1009.06335449219	-17.1277408599854	35.9607734680176	-1020.96838378906	-8.20546817779541	42.5057067871094	-1021.34729003906	-8.89962768554688	15.9439430236816	-1014.67785644531
PRI-10045	-0.629983127117157	-54.0841598510742	-1033.35717773438	-0.796623528003693	-50.1483879089355	-1024.9970703125	-1.22296667098999	-38.7685661315918	-1001.18487548828	-1.84903454780579	-15.3280162811279	-976.789855957031	-1.97872972488403	-11.7292404174805	-970.825256347656	0.399606496095657	74.4661636352539	-1007.01867675781	0.0636573284864426	57.0274276733398	-1024.62036132812	-0.369789034128189	37.8747138977051	-1027.73937988281	-1.04005563259125	14.1475944519043	-1011.9462890625	-0.642277777194977	-1.47211337089539	-1022.4375	-0.889954507350922	-36.4001083374023	-1026.32531738281	11.6455478668213	-48.4691543579102	-1031.11364746094	12.643611907959	-47.3829460144043	-1031.59301757812	15.7556495666504	-39.1118583679199	-1034.14208984375	17.2717723846436	-28.4895133972168	-1035.94738769531	16.5861988067627	-1.79150366783142	-1034.83569335938	11.5236692428589	3.41466569900513	-1027.76354980469	3.57616519927979	-37.4009437561035	-1004.84405517578	1.83132147789001	-15.3817501068115	-984.421203613281	15.7568874359131	-11.9922685623169	-975.07666015625	33.0607032775879	-5.06113004684448	-985.272216796875	47.0484428405762	12.0380630493164	-1014.39886474609	38.660774230957	21.2041015625	-1015.14086914062	14.5020446777344	1.59189188480377	-1006.71563720703	33.4097785949707	40.7225227355957	-1014.05017089844	18.3141555786133	41.9111137390137	-1024.85693359375	6.74927139282227	49.7944107055664	-1026.95166015625	7.4331488609314	21.8809089660645	-1019.33154296875	-13.0106468200684	-48.573558807373	-1031.51318359375	-14.2311792373657	-47.5692977905273	-1031.74047851562	-17.2377185821533	-39.4859428405762	-1034.21520996094	-19.4001083374023	-28.9090938568115	-1036.18957519531	-17.650318145752	-2.17000651359558	-1035.81140136719	-12.1756925582886	3.26618361473083	-1029.0048828125	-6.44564056396484	-37.9229164123535	-1005.16729736328	-5.28906536102295	-15.0164480209351	-984.617492675781	-19.1518478393555	-10.7018432617188	-976.304504394531	-35.9307250976562	-3.68391799926758	-986.644897460938	-48.6522521972656	12.5028018951416	-1015.91876220703	-40.3122062683105	23.3276443481445	-1016.44140625	-15.6747636795044	1.9382655620575	-1006.37414550781	-33.7817611694336	42.0360794067383	-1015.24468994141	-17.1549434661865	42.4707908630371	-1025.39794921875	-7.28703165054321	49.5706634521484	-1027.22668457031	-8.33356857299805	22.3955230712891	-1019.31359863281
PRI-10076	-1.64928138256073	-59.9903259277344	-1011.23419189453	-1.26675033569336	-54.2672729492188	-1003.50793457031	-0.0451119355857372	-44.3126411437988	-980.550537109375	-0.286997616291046	-18.9889125823975	-953.899475097656	-0.150114387273788	-16.1936588287354	-947.976013183594	-1.67200362682343	73.8548736572266	-979.793762207031	-1.3994745016098	54.7101173400879	-1000.23504638672	-0.732307851314545	37.4860496520996	-1003.79840087891	-0.571186423301697	11.9990329742432	-989.632995605469	-0.743183732032776	-4.31700086593628	-1000.18499755859	-1.02391362190247	-42.0074043273926	-1005.07739257812	10.314001083374	-53.0811386108398	-1009.60546875	12.9803314208984	-51.0035629272461	-1009.99847412109	16.3952732086182	-44.3372840881348	-1011.36187744141	19.981502532959	-32.5032157897949	-1013.28118896484	16.0834674835205	-6.25822257995605	-1012.95837402344	11.1432275772095	1.51682984828949	-1006.18359375	5.51045989990234	-41.97509765625	-983.685241699219	2.51996970176697	-17.7031135559082	-961.005493164062	17.5458507537842	-13.3016090393066	-951.848937988281	33.8460807800293	-8.70222282409668	-962.517456054688	49.3879432678223	8.77783966064453	-992.476257324219	37.6350440979004	20.7955913543701	-992.519775390625	14.562650680542	-0.464154064655304	-983.8701171875	32.2726821899414	41.734790802002	-989.582458496094	15.9507455825806	40.4651069641113	-1001.490234375	7.18299531936646	47.8108253479004	-1003.64404296875	6.59076166152954	20.2368984222412	-996.614440917969	-12.4830923080444	-52.902400970459	-1009.17736816406	-15.3740844726562	-50.2478561401367	-1010.01153564453	-18.5353355407715	-43.654541015625	-1011.28594970703	-21.9865074157715	-32.1641654968262	-1013.23059082031	-18.2570095062256	-6.21486759185791	-1012.50280761719	-12.8428983688354	1.77240431308746	-1006.505859375	-5.607253074646	-42.7346687316895	-984.113647460938	-3.73827433586121	-17.5049247741699	-960.789611816406	-17.2326793670654	-13.5277576446533	-951.839721679688	-35.5456199645996	-9.4096736907959	-962.048278808594	-51.171875	5.68837785720825	-991.003356933594	-39.6945991516113	20.0391693115234	-991.806335449219	-15.82200050354	0.0999374464154243	-983.310363769531	-33.9916038513184	40.2776298522949	-988.869201660156	-17.2175483703613	39.4351768493652	-1001.09320068359	-9.08817768096924	47.4759368896484	-1003.77557373047	-8.29739379882812	19.471981048584	-996.161682128906
PRI-10095	-2.69602084159851	-55.267032623291	-1005.8896484375	-2.60247278213501	-50.0598564147949	-999.283142089844	-2.16096925735474	-38.4965362548828	-977.016845703125	-1.90699028968811	-16.6095314025879	-951.46044921875	-1.798210978508	-13.5090475082397	-946.033264160156	-2.17789888381958	71.7805709838867	-977.208129882812	-2.15144371986389	54.4324073791504	-995.976501464844	-2.20326113700867	38.0470199584961	-998.358093261719	-2.12456941604614	12.2846527099609	-985.120239257812	-1.91903054714203	-4.1113772392273	-995.89599609375	-2.50643134117126	-38.640926361084	-1002.60583496094	9.01674365997314	-50.2597961425781	-1006.04534912109	10.0803394317627	-49.7310447692871	-1006.15313720703	14.7851066589355	-40.6584434509277	-1008.60784912109	17.3796615600586	-29.9455871582031	-1009.83996582031	13.6988143920898	-3.10223627090454	-1008.76159667969	9.56690311431885	2.44307065010071	-1001.54858398438	2.08720517158508	-36.9789428710938	-980.26708984375	1.06639671325684	-16.3098220825195	-960.888122558594	14.6342735290527	-10.6457042694092	-948.675537109375	31.5974388122559	-6.21655082702637	-960.491821289062	46.3859329223633	8.36134147644043	-986.840759277344	36.5763854980469	21.1608543395996	-987.734436035156	13.3317537307739	1.14252555370331	-979.545166015625	30.6194343566895	40.5847625732422	-984.224731445312	15.3000965118408	41.4397659301758	-995.745056152344	6.08119106292725	47.2538642883301	-998.445190429688	5.91941118240356	19.9954242706299	-991.257080078125	-14.4781103134155	-50.6548118591309	-1005.8994140625	-15.0745277404785	-50.5303993225098	-1005.98974609375	-19.5397644042969	-40.9102630615234	-1008.93518066406	-22.2174530029297	-30.4934387207031	-1010.04577636719	-18.9739990234375	-3.98986458778381	-1009.40759277344	-13.9548263549805	2.26942348480225	-1001.98809814453	-6.87830257415771	-36.4694862365723	-980.040649414062	-5.13809680938721	-16.1369895935059	-959.76953125	-18.732292175293	-11.0970687866211	-948.643615722656	-35.7047691345215	-6.29749822616577	-960.1328125	-50.880931854248	9.8089714050293	-987.499084472656	-42.211051940918	21.6005859375	-988.493103027344	-16.9724254608154	0.730429768562317	-978.904479980469	-35.4935722351074	40.7105522155762	-985.493591308594	-19.8343029022217	41.5284118652344	-995.787353515625	-10.6367797851562	46.8798561096191	-998.408081054688	-9.66927337646484	20.8504638671875	-991.340454101562
PRI-10110	0.0213076658546925	-48.1723747253418	-989.369262695312	-0.3325514793396	-44.7187423706055	-984.545104980469	-0.674343883991241	-35.5379676818848	-964.3896484375	-2.2359254360199	-13.2728357315063	-943.659240722656	-2.26937890052795	-10.7479562759399	-939.417724609375	-2.97436881065369	62.8737831115723	-974.16748046875	-3.46280384063721	46.9334945678711	-988.680419921875	-3.26707768440247	30.2824878692627	-989.793151855469	-2.14329481124878	8.7733907699585	-976.85986328125	-1.47970008850098	-6.99904584884644	-984.643005371094	-0.506724178791046	-36.1150741577149	-987.020751953125	10.1261224746704	-43.6980476379395	-989.763610839844	10.6741771697998	-43.5142707824707	-989.903991699219	13.4433135986328	-38.9100074768066	-992.049926757812	15.972638130188	-29.0985469818115	-994.476501464844	13.8113784790039	-5.54003858566284	-993.83642578125	9.67819023132324	-0.994489133358002	-989.575256347656	3.90304636955261	-34.0814933776855	-967.983093261719	0.38242119550705	-13.791651725769	-950.934936523438	13.7372188568115	-8.12568378448486	-942.093444824219	27.7424468994141	-5.07788610458374	-953.759155273438	41.2715644836426	6.02919578552246	-978.552185058594	33.2313423156738	16.0865306854248	-979.556701660156	11.8085050582886	0.468540847301483	-970.230285644531	26.959342956543	33.0269546508789	-979.425842285156	13.5544128417969	33.2044219970703	-988.955017089844	4.04202556610107	37.9954833984375	-991.505676269531	4.00960350036621	14.0119037628174	-982.131225585938	-10.7908697128296	-43.8495750427246	-990.001159667969	-11.3274412155151	-43.209041595459	-990.447875976562	-13.9880971908569	-39.4789543151855	-992.932800292969	-17.935453414917	-29.8326950073242	-994.824462890625	-16.7191200256348	-6.50613117218018	-994.455627441406	-12.6033201217651	-1.30518436431885	-989.752807617188	-5.12427425384521	-34.3407325744629	-967.898376464844	-4.5385684967041	-13.8648748397827	-951.10302734375	-18.1822357177734	-8.03358745574951	-942.458801269531	-32.5615158081055	-5.9154782295227	-956.379638671875	-44.9364624023438	4.72182989120483	-981.0966796875	-37.8591003417969	14.7329835891724	-980.405639648438	-15.802806854248	-0.805839836597443	-971.529296875	-31.7211437225342	31.5058937072754	-980.294738769531	-18.7306747436523	32.9046974182129	-989.007629394531	-10.9551992416382	37.5692329406738	-991.736145019531	-8.41785621643066	13.7964239120483	-982.127197265625
PRI-10126	-0.855467140674591	-49.9852333068848	-1000.43200683594	-1.16406905651093	-46.0771865844727	-992.516235351562	-0.956154882907867	-36.5376777648926	-969.944763183594	-0.972994208335876	-15.0654821395874	-947.070129394531	-0.822893440723419	-12.5310821533203	-942.15234375	-3.29308533668518	65.5654907226562	-973.419250488281	-2.35270357131958	50.9440956115723	-992.527893066406	-2.05515265464783	34.6054801940918	-995.196166992188	-1.50100612640381	11.0320291519165	-982.061950683594	-1.59378826618195	-3.81906700134277	-988.94677734375	-1.56485641002655	-35.2583045959473	-993.022399902344	10.1697130203247	-43.6539421081543	-999.400573730469	11.827036857605	-42.954288482666	-999.912719726562	14.1482706069946	-38.4650382995605	-1001.94580078125	16.9160442352295	-27.6960258483887	-1002.75518798828	14.7222261428833	-2.32631635665894	-1002.10919189453	9.57456684112549	3.11588597297668	-996.082702636719	3.15585660934448	-34.7443466186523	-973.496643066406	2.02371788024902	-14.0143775939941	-955.188598632812	14.6382837295532	-10.1743469238281	-945.329040527344	29.6525897979736	-3.69702887535095	-955.839660644531	39.9772148132324	10.9420948028564	-981.621215820312	32.6987915039062	21.1786136627197	-982.758178710938	13.4491891860962	2.53765726089478	-975.817993164062	27.4472694396973	37.4268989562988	-982.110961914062	15.0961008071899	38.6846466064453	-994.16748046875	5.01328039169312	44.9299011230469	-995.6552734375	5.12939596176147	17.9666404724121	-988.333190917969	-12.3898868560791	-44.9869232177734	-998.332702636719	-13.6419677734375	-43.810661315918	-998.959228515625	-17.0745716094971	-38.3753700256348	-1001.16229248047	-19.4595355987549	-28.1122055053711	-1002.34332275391	-18.256031036377	-3.13180422782898	-1001.99572753906	-12.7332191467285	2.88786292076111	-995.747314453125	-5.27026796340942	-35.7873229980469	-974.136657714844	-4.18467950820923	-14.3106660842896	-955.368591308594	-17.0588989257812	-10.6294736862183	-945.775146484375	-32.9486694335938	-5.93318557739258	-956.325439453125	-43.7251510620117	9.89212417602539	-982.095703125	-36.1969413757324	18.8992252349854	-983.55419921875	-16.275993347168	2.39921045303345	-975.447082519531	-31.2804775238037	35.3432159423828	-982.914855957031	-18.6742820739746	37.4294509887695	-993.903564453125	-10.0290193557739	44.6391372680664	-995.898498535156	-8.10622119903564	16.1019382476807	-987.425476074219
PRI-10227	1.58374845981598	-51.0846252441406	-1242.07446289062	0.641475021839142	-49.9565467834473	-1235.73071289062	-1.72549521923065	-43.4646186828613	-1215.90905761719	-4.82765674591064	-28.312894821167	-1193.70080566406	-4.98269987106323	-27.1412487030029	-1189.7216796875	NA	NA	NA	-4.65416240692139	39.9750366210938	-1226.11999511719	-3.72612881660461	24.8883495330811	-1230.55822753906	-4.16893672943115	2.63546824455261	-1220.46179199219	-2.42268562316895	-10.3551483154297	-1230.10668945312	0.151669457554817	-39.3046493530273	-1235.28466796875	10.0368223190308	-45.9129371643066	-1237.78649902344	10.2507467269897	-45.0623588562012	-1238.03247070312	13.36732006073	-39.9369468688965	-1238.23754882812	15.9248008728027	-31.0532035827637	-1238.23962402344	12.7522830963135	-7.55760192871094	-1234.39587402344	9.12059593200684	-4.86288356781006	-1233.03356933594	3.46097040176392	-40.9465179443359	-1218.84631347656	-1.86951994895935	-26.0788841247559	-1198.72216796875	9.9705924987793	-22.4881324768066	-1188.87390136719	25.282621383667	-15.0848379135132	-1197.84338378906	34.6116485595703	1.07435977458954	-1219.9873046875	26.2991352081299	9.5305233001709	-1217.82470703125	9.67483520507812	-6.68562269210815	-1215.44421386719	23.2679004669189	25.349422454834	-1214.91418457031	11.3248023986816	25.596622467041	-1227.01977539062	1.92704808712006	33.8966903686523	-1228.87805175781	2.54411482810974	6.77540826797485	-1223.47924804688	-7.8676962852478	-47.251277923584	-1240.35290527344	-8.62353706359863	-46.6132659912109	-1240.55639648438	-11.8912496566772	-41.7836456298828	-1241.62182617188	-15.8159217834473	-32.8662376403809	-1242.09558105469	-16.0728092193604	-10.5175867080688	-1238.31774902344	-12.8982753753662	-5.87381315231323	-1235.46667480469	-6.44730138778687	-41.9339637756348	-1219.03015136719	-7.62824487686157	-26.58030128479	-1199.37255859375	-21.5173091888428	-23.000862121582	-1192.54956054688	-35.2419509887695	-17.6115455627441	-1205.43872070312	-40.9921379089355	-2.0854640007019	-1228.86474609375	-33.7362251281738	8.33306980133057	-1225.08703613281	-15.966588973999	-7.12464332580566	-1217.82360839844	-33.2366828918457	23.2705402374268	-1221.83532714844	-19.3763046264648	24.900110244751	-1230.626953125	-10.5183420181274	33.734203338623	-1230.29187011719	-10.0251779556274	6.97101068496704	-1224.92956542969
PRI-10228	-0.025699932128191	-51.4120788574219	-1000.49938964844	-0.158280119299889	-48.1357917785645	-993.024291992188	-1.0828777551651	-36.5124130249023	-971.976501464844	-3.15373277664185	-15.3109464645386	-948.627197265625	-3.30734801292419	-12.9104499816895	-944.568664550781	-4.1005859375	68.5765762329102	-975.629455566406	-2.28465676307678	51.4744644165039	-993.873046875	-2.64133930206299	34.4712104797363	-995.997680664062	-2.48163890838623	11.8944339752197	-982.662109375	-1.64224922657013	-4.17327451705933	-990.451416015625	-0.171330228447914	-37.1465263366699	-994.497924804688	9.60592079162598	-46.2177047729492	-999.672424316406	11.5103454589844	-44.0397796630859	-999.866577148438	15.0964307785034	-38.7597198486328	-1000.11944580078	18.6059875488281	-28.4689617156982	-1000.91729736328	15.459005355835	-4.43554306030273	-1000.84393310547	9.7495641708374	2.15473437309265	-996.603332519531	3.24683690071106	-36.155574798584	-975.004760742188	0.201762869954109	-15.135383605957	-955.952697753906	12.9956541061401	-8.42056369781494	-946.904479980469	27.1610469818115	-4.22310972213745	-955.465148925781	43.237060546875	9.18790149688721	-982.252258300781	33.895809173584	21.0299320220947	-983.988342285156	12.3096151351929	1.50236070156097	-977.013000488281	27.5731449127197	38.7063064575195	-981.738525390625	13.6164493560791	38.4824562072754	-993.968383789062	5.37125587463379	43.5301170349121	-996.197387695312	4.02818870544434	17.9651126861572	-988.447570800781	-9.81167507171631	-47.0530052185059	-1000.15850830078	-11.8411989212036	-44.7701187133789	-1000.84265136719	-16.2975025177002	-39.7458572387695	-1001.55206298828	-19.932222366333	-29.5833358764648	-1002.41772460938	-18.1244258880615	-5.48179960250854	-1002.00463867188	-13.0417909622192	1.63320517539978	-997.401062011719	-5.81866455078125	-36.0772857666016	-975.777160644531	-6.26007175445557	-14.813159942627	-957.137756347656	-19.7809085845947	-8.77657794952393	-948.240966796875	-33.3888473510742	-4.56376886367798	-958.353088378906	-46.8491973876953	6.78873872756958	-986.897155761719	-38.6818466186523	18.3831672668457	-987.066162109375	-16.1375102996826	2.00818061828613	-977.190368652344	-32.9212989807129	37.5777130126953	-985.356506347656	-18.3797225952148	38.0874633789062	-995.237426757812	-9.75095367431641	44.6886825561523	-996.543579101562	-9.18161678314209	18.0072402954102	-988.577209472656
PRI-10377	110.148399353027	-56.2555313110352	-852.516296386719	110.149024963379	-51.7887649536133	-858.158203125	109.479034423828	-43.871940612793	-874.124328613281	110.436317443848	-23.8082294464111	-896.6357421875	110.502593994141	-20.3891887664795	-900.873229980469	115.355751037598	51.2016754150391	-867.5947265625	114.208442687988	33.6325225830078	-853.507202148438	113.360946655273	17.4787273406982	-851.734191894531	112.007926940918	-3.11379098892212	-867.057556152344	111.880470275879	-15.1696004867554	-857.405212402344	110.535118103027	-43.8339881896973	-855.776000976562	101.141639709473	-51.4922828674316	-852.157287597656	100.324775695801	-50.9054946899414	-851.6171875	97.1560211181641	-46.9153137207031	-850.442504882812	94.1252593994141	-37.2606620788574	-848.312744140625	98.2207870483398	-13.9924240112305	-849.508728027344	102.120811462402	-10.8828992843628	-853.179992675781	105.087036132812	-42.1247520446777	-871.405395507812	108.447654724121	-24.1511783599854	-889.312133789062	97.0048065185547	-17.8571472167969	-899.259338378906	83.5312652587891	-13.4118127822876	-888.447082519531	73.6431045532227	-1.33346021175385	-863.580261230469	80.0172500610352	6.55920267105103	-863.478210449219	99.018669128418	-12.4008693695068	-870.018737792969	86.6793212890625	21.9973640441895	-863.733581542969	98.8470306396484	21.300537109375	-853.936279296875	106.823501586914	26.4623737335205	-851.525512695312	106.800155639648	3.62388467788696	-861.922485351562	119.342658996582	-52.2536392211914	-852.603698730469	120.498489379883	-51.8040390014648	-852.305908203125	123.433380126953	-47.8324508666992	-850.555419921875	127.427368164062	-38.4555206298828	-848.920349121094	126.353729248047	-14.8484210968018	-850.027954101562	122.528503417969	-11.6553621292114	-853.168334960938	114.330001831055	-42.6564979553223	-871.353637695312	113.081184387207	-23.9413814544678	-888.607299804688	125.157295227051	-17.7869853973389	-898.746765136719	139.494735717773	-15.8825311660767	-887.493225097656	151.243469238281	-4.58797693252563	-864.997192382812	144.428482055664	4.3558521270752	-863.708557128906	125.071311950684	-11.2021102905273	-870.92626953125	139.778625488281	18.988187789917	-864.01806640625	127.602226257324	20.4622268676758	-854.500366210938	121.088264465332	25.915060043335	-851.916198730469	118.651702880859	4.06789207458496	-861.334289550781
PRI-10635	-1.37290346622467	-48.8119812011719	-999.044006347656	-1.19336211681366	-44.1780586242676	-990.710083007812	-0.449563562870026	-34.7132682800293	-971.065490722656	0.269384115934372	-16.79221534729	-948.044067382812	0.63085126876831	-13.898663520813	-942.790588378906	0.084670677781105	69.4444961547852	-976.345520019531	-0.484397798776627	50.4740829467773	-993.923156738281	-0.302995949983597	34.5873146057129	-996.478820800781	-0.50610738992691	11.2387409210205	-980.91650390625	-0.858950257301331	-1.88530135154724	-988.843688964844	-1.22020709514618	-33.6754035949707	-993.343872070312	9.49564170837402	-42.6972427368164	-998.179260253906	11.3356695175171	-40.588794708252	-999.304748535156	14.0518369674683	-35.7039527893066	-1001.11480712891	16.8020038604736	-25.0807323455811	-1002.2333984375	14.4981813430786	-0.514444589614868	-1000.25891113281	10.8695383071899	3.05126857757568	-996.0263671875	3.99858164787292	-33.4386444091797	-974.494567871094	2.55758953094482	-16.1512012481689	-956.330993652344	17.3667755126953	-13.1651706695557	-947.664306640625	31.7271862030029	-5.07129859924316	-956.733093261719	43.0628356933594	6.6333646774292	-984.689453125	35.0349502563477	20.6427249908447	-985.548400878906	14.989803314209	0.809529721736908	-975.906311035156	30.4069004058838	36.7259140014648	-983.783935546875	17.4269180297852	38.351188659668	-993.527282714844	7.02007675170898	45.0350151062012	-996.674072265625	7.04357767105103	18.8950042724609	-987.950439453125	-11.8117437362671	-42.8093299865723	-997.79541015625	-13.9300861358643	-41.1664657592773	-997.897216796875	-17.1990413665771	-36.1338958740234	-999.935607910156	-20.0741958618164	-25.5325546264648	-1000.80303955078	-17.6279773712158	-0.585715591907501	-998.758728027344	-13.4987392425537	2.78922057151794	-995.052368164062	-5.30329704284668	-33.342658996582	-974.247314453125	-2.58658504486084	-15.6557779312134	-955.247131347656	-16.9771347045898	-12.4154930114746	-946.135559082031	-32.4781723022461	-5.0185112953186	-956.759094238281	-43.9252738952637	7.48963594436646	-980.245422363281	-36.6266441345215	20.9444828033447	-981.830688476562	-14.7999362945557	0.914000511169434	-975.137390136719	-30.3741588592529	36.6031951904297	-981.120178222656	-17.9239063262939	38.3311614990234	-992.095764160156	-7.87648439407349	45.5972328186035	-995.968933105469	-7.726891040802	18.765079498291	-986.851989746094
PRI-10651	-1.79450857639313	-56.5736541748047	-1000.3359375	-1.65238380432129	-51.3707084655762	-991.586059570312	-2.11203789710999	-44.717357635498	-971.018920898438	-1.99769985675812	-20.3761024475098	-947.346923828125	-2.20224976539612	-17.8497066497803	-943.485900878906	-2.00676321983337	60.2217750549316	-982.557373046875	-1.90071296691895	39.0530891418457	-995.07958984375	-1.58030641078949	23.1926555633545	-994.081909179688	-2.01992273330688	3.57358551025391	-982.165649414062	-1.69623589515686	-11.4175100326538	-990.214416503906	-1.61250197887421	-44.2971076965332	-995.282897949219	8.6348934173584	-51.0979347229004	-999.658081054688	10.2581615447998	-50.2633018493652	-1000.11041259766	12.9179344177246	-46.0214462280273	-1001.54864501953	16.1922607421875	-35.6514434814453	-1003.07806396484	13.2887620925903	-11.0217885971069	-1001.98779296875	9.23266696929932	-7.25177192687988	-997.029113769531	3.17835187911987	-42.4564514160156	-974.43115234375	0.365213751792908	-21.6536617279053	-956.061157226562	13.6277723312378	-16.3919506072998	-946.559509277344	27.2369556427002	-11.7178583145142	-956.271179199219	39.4045791625977	-0.00134112825617194	-980.6865234375	32.2913665771484	9.00475215911865	-984.079345703125	12.3190298080444	-6.21130609512329	-976.656799316406	28.7888660430908	27.5185947418213	-984.12158203125	13.8716917037964	25.6914196014404	-994.736083984375	5.17740392684937	31.8942394256592	-995.707580566406	3.86349964141846	7.66926670074463	-987.790954589844	-12.5345001220703	-51.0718421936035	-999.215637207031	-13.2718896865845	-50.4579772949219	-999.553527832031	-16.7287425994873	-46.0191421508789	-1001.07318115234	-19.4896602630615	-36.2091445922851	-1003.49237060547	-17.4656925201416	-11.4216794967651	-1002.15338134766	-11.9993724822998	-7.72049427032471	-996.289001464844	-6.54012441635132	-42.8023910522461	-974.051940917969	-5.31371450424194	-21.1955490112305	-955.935546875	-18.3344478607178	-16.3865985870361	-946.397766113281	-32.4448280334473	-12.8517026901245	-957.39013671875	-44.7124176025391	-0.677516222000122	-981.668640136719	-38.5542793273926	9.2371654510498	-983.850341796875	-17.3804836273193	-7.11881923675537	-975.704467773438	-32.1858901977539	26.0981311798096	-984.329345703125	-16.9661273956299	25.8396873474121	-994.642883300781	-8.75590896606445	32.3242721557617	-996.072937011719	-8.06164455413818	7.49282836914062	-987.409729003906
PRI-10652	-0.1959518045187	-54.2383728027344	-997.505310058594	-0.511418700218201	-49.131649017334	-989.486206054688	-2.39022445678711	-40.3009223937988	-970.982666015625	-3.82544326782227	-17.0527935028076	-948.797180175781	-4.1706075668335	-14.1365232467651	-944.581665039062	-4.6794171333313	65.9638900756836	-984.504211425781	-3.12141704559326	45.8746681213379	-996.360778808594	-2.43608164787292	28.7785415649414	-996.55322265625	-2.24417328834534	6.12355518341064	-981.981140136719	-2.01139616966248	-8.90157604217529	-990.778442382812	-0.87705647945404	-40.0215225219727	-992.544128417969	10.2313604354858	-47.878776550293	-996.686767578125	11.1594800949097	-46.7592926025391	-997.410278320312	14.137843132019	-42.1514205932617	-999.385620117188	17.0307922363281	-31.9745903015137	-1000.24737548828	14.6045541763306	-6.00454521179199	-1000.03698730469	10.4797973632812	-2.111980676651	-996.283630371094	2.41047978401184	-38.1841278076172	-973.469665527344	-0.684833347797394	-18.0489330291748	-956.487670898438	12.5161552429199	-11.7911901473999	-946.755432128906	28.9737930297852	-5.8759446144104	-957.7392578125	41.686580657959	9.19295692443848	-983.22900390625	33.3354721069336	16.3537521362305	-983.091552734375	11.3576860427856	-1.2758766412735	-974.666137695312	26.6912174224854	34.067985534668	-983.558837890625	13.5932455062866	32.8407516479492	-995.311828613281	4.57896757125854	38.4785995483398	-997.234436035156	4.4917573928833	13.4404096603394	-988.399353027344	-10.7998180389404	-48.4692726135254	-997.342712402344	-11.8017930984497	-47.3087463378906	-998.244567871094	-15.0409898757935	-42.875316619873	-1000.29553222656	-18.7836933135986	-32.459056854248	-1001.72607421875	-17.3035278320312	-6.97356033325195	-1002.2060546875	-13.6077394485474	-2.51600408554077	-997.847717285156	-5.92113590240479	-38.5255928039551	-973.951782226562	-6.34363603591919	-17.7265243530273	-956.796813964844	-20.2220668792725	-12.3753519058228	-949.092163085938	-35.8792953491211	-8.70095062255859	-962.253356933594	-46.2753448486328	6.26456308364868	-988.932312011719	-39.3525352478027	14.8949871063232	-987.641479492188	-15.8961601257324	-2.15346884727478	-976.689880371094	-33.1778030395508	32.699405670166	-986.835510253906	-18.6251544952393	31.9266471862793	-996.496765136719	-10.2367153167725	38.0669288635254	-997.768798828125	-9.55191040039062	13.3387985229492	-988.723083496094
PRI-10653	-2.34953689575195	-49.7449531555176	-997.452026367188	-2.18203902244568	-45.09130859375	-990.410339355469	-2.0017683506012	-36.5757942199707	-968.478210449219	-2.40979528427124	-11.6495056152344	-943.956420898438	-2.37672901153564	-8.43318748474121	-939.726989746094	-2.8486897945404	72.2268981933594	-980.754577636719	-2.97591924667358	51.7721252441406	-991.342651367188	-3.13615989685059	33.5881767272949	-993.112670898438	-2.82464289665222	11.2843904495239	-978.482666015625	-2.62390756607056	-4.63020467758179	-987.132263183594	-1.941490650177	-35.3145065307617	-991.983459472656	8.73433303833008	-44.1176261901855	-996.938659667969	9.05215263366699	-44.0396919250488	-997.158630371094	11.773678779602	-39.3132247924805	-998.84912109375	15.5914535522461	-28.9055881500244	-1000.21649169922	13.1223926544189	-3.34326100349426	-998.000549316406	9.39500427246094	0.424383968114853	-993.311157226562	2.01515340805054	-35.3924331665039	-972.192443847656	-0.0272939521819353	-12.8101797103882	-952.265075683594	13.4089794158936	-6.65962934494019	-943.65771484375	29.0833721160889	-2.872483253479	-955.603698730469	40.8692932128906	7.6609935760498	-982.438415527344	33.9906768798828	19.446195602417	-983.447143554688	11.6100454330444	1.80622136592865	-974.044128417969	28.6976051330566	36.8287010192871	-982.214538574219	13.9155559539795	36.0668601989746	-991.906066894531	5.07944202423096	42.7096977233887	-994.376892089844	4.8213152885437	16.7785873413086	-985.488403320312	-13.3074245452881	-43.30029296875	-995.241271972656	-13.6050605773926	-43.0829811096191	-995.088989257812	-16.7876510620117	-38.5897178649902	-998.349304199219	-20.4882049560547	-28.2266311645508	-999.815307617188	-17.8093738555908	-2.57965064048767	-997.927978515625	-14.6443433761597	1.3720965385437	-993.708190917969	-6.5865535736084	-35.0044631958008	-972.62646484375	-4.93880796432495	-12.2581558227539	-952.024780273438	-18.1018943786621	-6.23226690292358	-943.067260742188	-34.1339569091797	-3.49583601951599	-956.034851074219	-45.7120780944824	8.77784824371338	-982.6943359375	-38.6944999694824	19.559419631958	-983.591125488281	-17.1031074523926	1.58508932590485	-973.463500976562	-33.9562530517578	37.0705642700195	-983.175537109375	-19.6601963043213	36.4746856689453	-992.017150878906	-10.5547351837158	43.3165817260742	-994.046020507812	-10.4911851882935	17.7747993469238	-985.311218261719
PRI-10658	-1.46542882919312	-52.081371307373	-1020.47772216797	-1.85961210727692	-49.1186218261719	-1012.94354248047	-2.37669706344604	-41.4755706787109	-991.940551757812	-3.42127704620361	-22.6225166320801	-970.480590820312	-3.39527463912964	-19.472505569458	-964.772399902344	-2.52878594398499	60.5951232910156	-993.234130859375	-2.6418137550354	43.4490127563477	-1010.12786865234	-2.27136969566345	26.5470867156982	-1012.43286132812	-2.95949244499207	4.22577333450317	-1000.8935546875	-2.40609264373779	-9.75827693939209	-1009.80505371094	-2.10807061195374	-38.7764663696289	-1014.09661865234	8.77103614807129	-45.7058219909668	-1019.19171142578	9.65790939331055	-45.2567558288574	-1019.12835693359	12.4352760314941	-40.116455078125	-1020.41839599609	15.2962636947632	-30.9734573364258	-1021.48138427734	12.3344430923462	-7.45013284683228	-1019.10504150391	8.7564525604248	-4.3992428779602	-1015.42523193359	1.85002255439758	-40.0439529418945	-995.655883789062	-0.160766378045082	-22.6378917694092	-977.814636230469	12.2218379974365	-16.9763259887695	-967.260070800781	27.2518577575684	-10.7294311523438	-978.948852539062	38.1404991149902	3.73297595977783	-1002.68212890625	31.3693447113037	13.0520544052124	-1001.22302246094	12.6053085327148	-6.77957630157471	-995.926513671875	26.5020389556885	30.5577583312988	-999.45361328125	13.77512550354	29.7363662719727	-1011.81439208984	4.84197616577148	36.7521057128906	-1013.15734863281	3.73847079277039	10.4257764816284	-1006.08782958984	-12.3211889266968	-46.2857437133789	-1019.16589355469	-12.7877740859985	-45.7395133972168	-1019.57171630859	-15.6984748840332	-41.2464408874512	-1020.57531738281	-18.7362155914307	-31.4202136993408	-1020.78204345703	-16.672290802002	-8.40126419067383	-1018.71276855469	-13.0560131072998	-4.60778141021729	-1015.27209472656	-6.32201862335205	-40.0069160461426	-996.375793457031	-5.97421264648438	-22.2503528594971	-977.876525878906	-21.8326854705811	-17.3540935516357	-968.432678222656	-33.733268737793	-10.9123964309692	-981.736938476562	-42.6980857849121	1.55424439907074	-1006.94805908203	-37.1120796203613	12.2390508651733	-1004.26684570312	-17.7039623260498	-5.34187650680542	-996.1484375	-31.6872596740723	29.0287399291992	-1002.26721191406	-18.3994312286377	29.8490390777588	-1013.20727539062	-9.77744483947754	37.1860008239746	-1013.52697753906	-8.69195079803467	10.163013458252	-1006.34185791016
PRI-10673	-4.51323366165161	-55.2347640991211	-1017.12896728516	-4.15762424468994	-49.600471496582	-1008.42663574219	-2.96836400032043	-40.0794296264648	-987.611083984375	-1.1565306186676	-20.290994644165	-963.014465332031	-1.03836047649384	-18.0957565307617	-958.404602050781	-0.588375747203827	67.3079681396484	-990.226135253906	-1.66628110408783	49.3743438720703	-1006.02630615234	-1.71822082996368	32.715877532959	-1009.25775146484	-1.94476175308228	7.94491672515869	-995.495788574219	-2.7566180229187	-4.98676538467407	-1006.60211181641	-4.05880260467529	-39.0993270874023	-1010.68695068359	6.27051210403442	-48.9684143066406	-1016.90728759766	7.23273801803589	-47.382194519043	-1017.89099121094	10.3238496780396	-42.3273468017578	-1019.36602783203	14.0476808547974	-31.8099536895752	-1020.67486572266	13.2655372619629	-5.30401420593262	-1018.68853759766	8.6089334487915	0.316189855337143	-1012.43737792969	2.02290797233582	-38.7060050964355	-991.373779296875	1.51445734500885	-19.1742515563965	-971.064392089844	15.2912044525146	-15.1136169433594	-962.003234863281	30.873046875	-8.5069169998169	-973.830383300781	40.4890174865723	4.56186819076538	-1000.10870361328	33.8126411437988	15.236439704895	-999.389221191406	13.7679023742676	-3.46701216697693	-992.46533203125	29.0770988464355	33.9485206604004	-996.147338867188	15.1465654373169	36.5058784484863	-1007.49859619141	5.54231977462769	43.3828277587891	-1008.89739990234	3.77155160903931	16.6123752593994	-1002.10192871094	-14.9939126968384	-48.4226264953613	-1016.43029785156	-16.351936340332	-47.0858840942383	-1017.11791992188	-19.2515487670898	-42.5110092163086	-1017.93255615234	-22.6886596679688	-31.2712860107422	-1019.341796875	-20.3167400360107	-4.87525081634521	-1018.05694580078	-14.4010410308838	0.500100672245026	-1012.52679443359	-7.61163330078125	-38.8968048095703	-990.58251953125	-4.57364082336426	-19.1002426147461	-970.754821777344	-17.7345485687256	-14.524094581604	-961.442504882812	-34.0908851623535	-8.10447025299072	-972.217956542969	-44.5770034790039	5.89456224441528	-999.599853515625	-37.0012474060059	16.5773487091064	-996.890563964844	-17.1499786376953	-1.30105829238892	-991.311950683594	-31.9690132141113	34.9574890136719	-994.080993652344	-18.1768798828125	37.1728477478027	-1005.89300537109	-9.2296552658081	43.0319557189941	-1008.54071044922	-9.08700942993164	15.8112325668335	-1001.04058837891
PRI-10674	-3.18788981437683	-52.410888671875	-1019.43084716797	-3.47943258285522	-48.5834426879883	-1012.13629150391	-3.34724926948547	-37.8437690734863	-990.666748046875	-2.76177215576172	-15.1030893325806	-969.761840820312	-2.71903300285339	-11.9821472167969	-965.694213867188	-0.845236778259277	67.9220275878906	-1002.75317382812	-1.96694934368134	48.9281578063965	-1016.62982177734	-2.01313376426697	31.6572933197021	-1016.83984375	-2.10587000846863	8.43828773498535	-1004.91448974609	-1.83222341537476	-5.47508478164673	-1013.02685546875	-2.84897446632385	-37.1901512145996	-1014.51647949219	7.09796810150146	-46.8399124145508	-1019.73809814453	8.4189281463623	-46.049186706543	-1020.15997314453	11.3828296661377	-41.8033638000488	-1021.30657958984	14.9584674835205	-31.7747097015381	-1022.48272705078	12.7670125961304	-6.43311500549316	-1022.89178466797	9.70908164978027	-1.25621020793915	-1018.24499511719	1.73966300487518	-38.6973724365234	-997.021484375	-0.106808796525002	-15.7449493408203	-977.845764160156	13.2187128067017	-10.1883850097656	-968.507995605469	27.8641052246094	-7.0305585861206	-979.487365722656	40.5108871459961	4.22256088256836	-1003.47698974609	33.3334350585938	15.9612836837769	-1005.58966064453	12.4830493927002	-2.18526864051819	-998.509338378906	29.0047245025635	33.0585060119629	-1005.80718994141	14.0029354095459	34.1590270996094	-1016.44946289062	5.96690082550049	40.6681861877441	-1018.05206298828	5.14864540100098	14.6757822036743	-1010.62341308594	-13.5464992523193	-46.3319702148438	-1019.45495605469	-14.5423650741577	-45.3273582458496	-1019.70172119141	-17.5977611541748	-40.4654502868652	-1021.72467041016	-20.4997940063477	-30.4029445648193	-1022.93572998047	-17.3184375762939	-5.79043865203857	-1022.72076416016	-13.599739074707	-0.809685289859772	-1019.10797119141	-8.16460037231445	-38.3983573913574	-996.406616210938	-5.77934980392456	-15.8290672302246	-977.297241210938	-19.1597499847412	-10.0118446350098	-969.507263183594	-33.1406364440918	-6.02848815917969	-981.000183105469	-45.1810913085938	5.93939399719238	-1007.51489257812	-38.533016204834	17.2365798950195	-1007.60919189453	-16.1556243896484	-0.871440410614014	-998.476196289062	-33.3481178283691	34.7392311096191	-1007.24584960938	-19.0665626525879	35.0644149780273	-1016.83227539062	-9.44260311126709	40.9890327453613	-1018.39984130859	-9.01800727844238	14.6627712249756	-1010.53845214844
PRI-10675	-1.64370048046112	-54.3956680297851	-1026.55871582031	-1.33028864860535	-50.1344795227051	-1019.22473144531	-1.88885414600372	-39.9868011474609	-996.963928222656	-2.53339171409607	-19.1352634429932	-974.430603027344	-2.66682910919189	-16.3442535400391	-969.614929199219	-3.10673022270203	67.1221923828125	-998.755493164062	-2.92468118667603	50.926383972168	-1017.87078857422	-2.24976229667664	34.2373542785645	-1021.28759765625	-1.9839483499527	9.32457447052002	-1009.759765625	-2.07834649085999	-6.23056697845459	-1016.76538085938	-0.997843086719513	-38.4654846191406	-1019.77618408203	9.75765991210938	-48.5537223815918	-1025.47985839844	11.1026992797852	-46.7907028198242	-1025.69116210938	14.4508781433105	-41.9055404663086	-1026.26892089844	18.0571060180664	-31.0931186676025	-1028.22570800781	14.5076169967651	-6.64707279205322	-1028.45910644531	9.09912872314453	-0.961500763893127	-1023.04571533203	2.71187162399292	-39.0822334289551	-1000.70153808594	0.134612381458282	-19.3973140716553	-982.741333007812	12.7541227340698	-14.229250907898	-973.091064453125	28.8988666534424	-10.2985544204712	-983.362182617188	42.3491668701172	5.48736667633057	-1009.17486572266	33.5685043334961	18.499267578125	-1010.64965820312	12.431339263916	-2.31154561042786	-1003.61468505859	29.4367771148682	36.712833404541	-1007.57196044922	15.1510744094849	38.6997604370117	-1020.12005615234	4.70868015289307	44.1429023742676	-1020.98120117188	4.2528076171875	17.4067420959473	-1015.38262939453	-12.2541933059692	-48.8251609802246	-1025.34509277344	-13.4152412414551	-47.518009185791	-1025.25036621094	-17.0069599151611	-42.2337760925293	-1026.9482421875	-20.9685401916504	-32.1444129943848	-1027.7685546875	-19.0834121704102	-7.7390398979187	-1028.16430664062	-13.1815757751465	-0.667220532894135	-1022.66583251953	-6.14396619796753	-38.9824371337891	-1001.12542724609	-4.92223072052002	-19.2673988342285	-983.238891601562	-18.9497509002686	-13.7838020324707	-973.974853515625	-33.4863433837891	-11.0039319992065	-983.047058105469	-47.6743240356445	4.41981744766235	-1008.61987304688	-40.2531242370605	17.5085372924805	-1009.94903564453	-16.4289608001709	-0.369569778442383	-1003.54071044922	-34.2376327514648	35.2590141296387	-1007.88098144531	-20.8509311676025	37.0257720947266	-1018.970703125	-10.6905498504639	43.5511169433594	-1020.96478271484	-8.61596202850342	16.7048168182373	-1014.73956298828
PRI-10676	1.04600310325623	-63.6953659057617	-1032.27563476562	0.868834793567657	-60.7360916137695	-1027.3349609375	-0.052468053996563	-46.8620262145996	-1002.67352294922	-2.07286596298218	-20.3829593658447	-974.083435058594	-2.28755736351013	-17.1479415893555	-968.597839355469	-3.22117757797241	70.4865112304688	-999.823486328125	-2.19713044166565	54.5792007446289	-1018.21209716797	-1.19416856765747	34.8435935974121	-1023.52020263672	-1.13243699073792	9.56512355804443	-1011.16784667969	-0.769435226917267	-8.94931316375732	-1020.22607421875	0.428508907556534	-46.9358100891113	-1027.76049804688	12.0572576522827	-59.1399192810059	-1033.59375	14.1336479187012	-55.7911186218262	-1034.66955566406	17.2971134185791	-49.6436729431152	-1035.57299804688	20.588005065918	-37.8277473449707	-1035.27355957031	17.2318286895752	-12.116847038269	-1034.35510253906	11.7323570251465	-2.14701080322266	-1028.02124023438	5.1814341545105	-46.0140113830566	-1006.96356201172	1.29437744617462	-18.7586765289307	-983.748840332031	14.0828561782837	-15.6444664001465	-970.698181152344	29.7016315460205	-9.91016864776611	-981.258666992188	47.6226387023926	6.62316274642944	-1009.05480957031	39.0319290161133	17.0824947357178	-1010.27868652344	14.1145496368408	-2.52417874336243	-1005.09545898438	30.5589504241943	39.8310546875	-1006.64764404297	15.3873996734619	38.9494781494141	-1020.54217529297	6.39234352111816	45.8079490661621	-1022.73693847656	7.12130165100098	17.5317497253418	-1016.27465820312	-9.94586563110352	-58.8412322998047	-1033.64013671875	-13.0595550537109	-55.8606414794922	-1034.03759765625	-16.7807559967041	-50.5296974182129	-1035.14331054688	NA	NA	NA	-18.383903503418	-11.7303276062012	-1035.73559570312	-13.3409719467163	-2.01340770721436	-1028.63562011719	-4.85598230361938	-44.6015739440918	-1005.50415039062	-4.48564863204956	-19.0004253387451	-983.838134765625	-18.3095455169678	-15.6604738235474	-971.817260742188	-35.3279914855957	-12.470386505127	-985.553955078125	-50.6927032470703	6.65448474884033	-1013.02966308594	-42.7651138305664	15.8869228363037	-1013.14074707031	-16.4445285797119	-2.56674385070801	-1005.89465332031	-35.2024459838867	38.1942329406738	-1009.04791259766	-19.0335121154785	38.5470390319824	-1022.37060546875	-10.0976572036743	45.678050994873	-1023.46789550781	-10.1133832931519	17.8171005249023	-1017.26654052734
PRI-10678	0.061150498688221	-56.8025932312012	-1036.50537109375	-0.394239544868469	-52.1775894165039	-1028.33703613281	-0.312168031930923	-41.2413749694824	-1005.91973876953	-2.39667677879333	-19.8311958312988	-978.712829589844	-2.33595871925354	-16.4554824829102	-972.287353515625	-1.62438905239105	71.3167266845703	-1004.45941162109	-1.91662776470184	55.165885925293	-1021.61096191406	-1.80088424682617	37.7072982788086	-1024.62109375	-2.16899085044861	12.751368522644	-1013.92834472656	-1.81828951835632	-4.66433763504028	-1022.12261962891	-0.659662902355194	-39.2035980224609	-1028.40393066406	10.5701837539673	-51.404857635498	-1035.03515625	12.8362989425659	-49.3508529663086	-1036.03125	16.5403938293457	-42.1938438415527	-1035.42272949219	18.6600666046143	-30.4809875488281	-1036.74609375	14.6647348403931	-4.980628490448	-1035.98327636719	10.3691215515137	1.93079960346222	-1028.19299316406	5.42620658874512	-39.9967498779297	-1009.26928710938	0.699958324432373	-18.7753791809082	-987.201171875	13.9621896743774	-15.456295967102	-976.900146484375	31.3830986022949	-10.426438331604	-986.283081054688	45.5958595275879	6.18356847763062	-1013.39050292969	33.5032691955566	18.7203102111816	-1012.85754394531	13.493540763855	-1.49356961250305	-1007.18218994141	30.3117485046387	38.5967674255371	-1010.29418945312	15.2870817184448	40.5835647583008	-1022.19927978516	5.98383903503418	47.6646041870117	-1023.96313476562	5.55503368377686	20.2791061401367	-1019.44781494141	-11.6077613830566	-51.6610336303711	-1034.69946289062	-12.7768983840942	-50.4321136474609	-1034.94897460938	-16.7065715789795	-41.0590171813965	-1036.13635253906	-20.0059986114502	-30.2454986572266	-1038.2158203125	-17.6587390899658	-5.21919679641724	-1037.62573242188	-13.6040496826172	1.94580733776093	-1029.59106445312	-5.33762979507446	-40.8909454345703	-1009.85211181641	-4.99383640289307	-18.0492916107178	-986.545593261719	-20.1616458892822	-15.8713731765747	-978.223022460938	-36.8036804199219	-10.5090579986572	-989.998046875	-46.5959701538086	6.67852163314819	-1017.92730712891	-39.534252166748	18.5353355407715	-1015.87377929688	-16.9056129455566	-1.34510123729706	-1007.84405517578	-34.2331161499023	38.7612457275391	-1012.96429443359	-19.0166072845459	41.1705436706543	-1024.55810546875	-9.92619514465332	47.4900207519531	-1024.71618652344	-9.72854328155518	20.373628616333	-1020.15856933594
PRI-10680	-3.11351227760315	-61.1627235412598	-1017.72204589844	-3.3912136554718	-55.9951095581055	-1008.5703125	-3.65680003166199	-42.9308395385742	-984.424499511719	-1.33910477161407	-20.403392791748	-960.567504882812	-1.22230386734009	-17.0465793609619	-957.015258789062	-1.58116948604584	65.5307846069336	-980.933288574219	-1.77589821815491	50.9550704956055	-1003.41558837891	-1.51239168643951	33.1829605102539	-1008.23150634766	-1.68980145454407	6.6073727607727	-994.510070800781	-1.82558345794678	-9.20666027069092	-1004.3212890625	-2.73868918418884	-42.71826171875	-1010.37774658203	9.12423896789551	-54.8640289306641	-1016.65069580078	11.5793228149414	-52.5979270935059	-1017.03381347656	13.6115655899048	-45.0167274475098	-1018.21466064453	17.2762145996094	-33.4707641601562	-1019.00854492188	13.9293355941772	-7.02729082107544	-1017.86444091797	8.42117023468018	-2.57696413993835	-1011.08862304688	1.32801878452301	-42.0095405578613	-988.960632324219	1.16489720344543	-20.0827579498291	-969.411437988281	15.367901802063	-14.4729328155518	-958.086975097656	34.084300994873	-10.2220916748047	-969.60107421875	46.4534912109375	5.27375507354736	-998.215698242188	38.376594543457	16.7080211639404	-997.722229003906	12.8441610336304	-4.98553991317749	-990.70068359375	30.3910827636719	35.0342063903809	-995.456298828125	16.3633766174316	35.3168487548828	-1005.720703125	6.26345348358154	43.1796455383301	-1007.66912841797	5.7371826171875	15.733549118042	-1000.30102539062	-15.114972114563	-55.4365501403809	-1016.9140625	-17.1792697906494	-53.5875015258789	-1017.73748779297	-19.1977615356445	-46.5615539550781	-1019.42541503906	-22.090051651001	-34.7744178771973	-1019.25177001953	-19.0069103240967	-7.93510437011719	-1017.47784423828	-13.7970285415649	-2.92136073112488	-1010.81927490234	-7.63808393478394	-41.8220176696777	-988.571472167969	-4.54752016067505	-20.0263481140137	-969.101135253906	-17.5303516387939	-14.8219232559204	-957.865905761719	-37.8086967468262	-9.5157880783081	-969.553527832031	NA	NA	NA	-41.2678375244141	17.3421859741211	-995.949279785156	-16.4174003601074	-3.89955759048462	-989.930541992188	-34.5907325744629	35.230640411377	-994.173217773438	-19.7936534881592	36.4166564941406	-1005.54730224609	-10.2970571517944	43.780403137207	-1006.49542236328	-9.09478664398193	15.0134515762329	-1000.06744384766
PRI-10682	-2.98580431938171	-51.852108001709	-1172.724609375	-3.23351812362671	-47.2596473693848	-1164.38366699219	-2.84621143341064	-39.5509262084961	-1142.48327636719	-2.80376148223877	-20.6088790893555	-1119.18444824219	-2.81382489204407	-17.8128871917725	-1114.01318359375	-6.79651403427124	65.1879119873047	-1146.25158691406	-6.49320983886719	48.2065734863281	-1162.02856445312	-5.67355632781982	31.0035514831543	-1165.82629394531	-4.50905227661133	8.30079936981201	-1152.70678710938	-3.88279294967651	-6.19237279891968	-1160.64331054688	-3.38800740242004	-37.1547622680664	-1165.9169921875	7.61733436584473	-46.0057907104492	-1171.42309570312	9.00530910491943	-45.1222801208496	-1171.63024902344	12.0914478302002	-39.4791069030762	-1173.20153808594	15.644100189209	-29.6725006103516	-1173.68286132812	11.8544435501099	-5.82102966308594	-1172.53576660156	7.40444707870483	-0.370233595371246	-1167.52685546875	1.12645971775055	-37.9942893981934	-1145.81823730469	0.339154213666916	-19.5609722137451	-1127.45593261719	13.1672096252441	-14.9335994720459	-1117.43701171875	27.8233699798584	-9.27884101867676	-1127.58813476562	41.1493873596191	5.32555055618286	-1152.79614257812	32.4193649291992	18.5564384460449	-1155.05615234375	10.7307510375977	-2.91779947280884	-1145.84887695312	25.3959197998047	35.5982894897461	-1153.62731933594	11.9007949829102	35.3010787963867	-1163.91918945312	1.62055826187134	41.0357131958008	-1165.38562011719	2.25042271614075	14.5932283401489	-1159.111328125	-14.3521366119385	-46.671314239502	-1171.05297851562	-15.1900978088379	-45.7732353210449	-1171.22583007812	-18.2500114440918	-40.8269081115723	-1172.37487792969	-21.7885227203369	-30.8225536346436	-1173.17260742188	-20.4510402679443	-7.46293544769287	-1172.1650390625	-15.6824083328247	-0.806634485721588	-1166.99182128906	-7.6956353187561	-37.8448867797852	-1145.93798828125	-6.38020706176758	-19.7012596130371	-1127.05603027344	-19.8150310516357	-15.5015687942505	-1117.95837402344	-35.3597564697266	-11.5855665206909	-1127.84252929688	-49.5200119018555	2.77068638801575	-1151.51062011719	-42.4059219360352	15.8256511688232	-1154.11706542969	-18.7613487243652	-2.30637788772583	-1144.56115722656	-37.1880302429199	32.9319458007812	-1152.94152832031	-21.3731861114502	33.0857238769531	-1163.16259765625	-13.3279428482056	40.227180480957	-1164.990234375	-11.8353815078735	13.2079095840454	-1157.32263183594
PRI-10684	-1.47536516189575	-52.4547500610351	-1020.94866943359	-2.03335785865784	-47.5091133117676	-1013.2861328125	-2.85899782180786	-37.8540687561035	-992.88427734375	-3.33384466171265	-19.4619979858398	-971.488952636719	-3.41380548477173	-16.8857898712158	-966.289672851562	0.836593687534332	67.304817199707	-997.099182128906	1.08323299884796	48.2395782470703	-1014.94287109375	0.837078750133514	32.4179534912109	-1017.93884277344	-0.711630344390869	9.97039985656738	-1006.25872802734	-1.03984594345093	-6.37493562698364	-1013.46264648438	-1.73816847801208	-36.3345718383789	-1015.34979248047	9.44268989562988	-45.9163436889649	-1019.02062988281	10.6756448745728	-45.2782936096191	-1019.3427734375	13.6759071350098	-41.0297622680664	-1021.39202880859	16.3816967010498	-30.5445938110352	-1024.85131835938	14.6316452026367	-5.37508058547974	-1025.17687988281	10.3678302764893	-0.0898707136511803	-1019.74224853516	1.77677226066589	-36.8393135070801	-996.258239746094	-0.353022754192352	-17.5787601470947	-978.920104980469	14.3043270111084	-14.8221197128296	-968.931396484375	29.634313583374	-7.49760246276855	-979.317443847656	41.0334358215332	3.41731762886047	-1004.61285400391	34.0795783996582	15.2875938415527	-1005.68774414062	13.438645362854	-0.129001960158348	-998.665283203125	29.5267868041992	33.5104522705078	-1003.07202148438	15.7512130737305	34.1329498291016	-1016.05163574219	8.19790840148926	41.1700286865234	-1016.71069335938	5.80239772796631	14.9531049728394	-1010.36798095703	-11.9356594085693	-45.9106864929199	-1021.14581298828	-12.539984703064	-44.8555374145508	-1021.46936035156	-16.1790409088135	-39.8518333435059	-1022.64373779297	-19.3276176452637	-28.9339904785156	-1025.20532226562	-16.4572811126709	-3.73433399200439	-1026.14575195312	-12.223198890686	0.490324676036835	-1020.79119873047	-7.16671323776245	-36.6028251647949	-997.418762207031	-5.90934562683105	-17.531665802002	-979.32470703125	-20.1326770782471	-13.9269714355469	-971.195373535156	-35.3886032104492	-6.11845684051514	-983.719604492188	-43.8601760864258	6.78629493713379	-1007.88488769531	-36.4192314147949	17.0823554992676	-1007.94482421875	-15.668532371521	0.597480535507202	-999.636962890625	-29.3758945465088	35.9198379516602	-1006.20361328125	-14.5842962265015	35.7543487548828	-1017.26043701172	-6.71358966827393	41.5083351135254	-1018.27600097656	-6.79410076141357	15.9060678482056	-1011.38647460938
PRI-10690	-2.85612750053406	-62.1373825073242	-1187.310546875	-2.70870304107666	-56.7861404418945	-1178.15563964844	-2.24927067756653	-42.8716468811035	-1151.23950195312	-1.01560473442078	-16.2396678924561	-1123.50646972656	-0.715051174163818	-12.2832050323486	-1117.54235839844	-3.18980073928833	74.423210144043	-1146.42443847656	-2.59699058532715	59.1198616027832	-1167.55151367188	-2.80220031738281	41.8379783630371	-1171.08874511719	-2.17870020866394	12.3236122131348	-1157.51330566406	-2.6921718120575	-4.425696849823	-1170.41259765625	-2.34814310073853	-42.3849945068359	-1178.69140625	9.18035316467285	-57.1739692687988	-1186.72619628906	11.6109800338745	-54.5673522949219	-1188.06079101562	15.412163734436	-47.8500099182129	-1188.84204101562	18.8561668395996	-36.1342926025391	-1187.96618652344	16.8430290222168	-9.51002216339111	-1186.44299316406	10.8217506408691	1.48509979248047	-1176.5146484375	3.55710220336914	-41.8512268066406	-1155.71862792969	1.91749238967896	-15.7807836532593	-1131.59765625	16.2582702636719	-10.1720561981201	-1122.16137695312	34.8178024291992	-3.37871217727661	-1133.55029296875	46.6194763183594	9.49807262420654	-1164.78601074219	37.341552734375	22.3926753997803	-1161.74963378906	14.7732696533203	1.02523493766785	-1153.10363769531	32.7746734619141	44.4995040893555	-1158.50354003906	16.4222202301025	46.7544555664062	-1170.35437011719	6.10767412185669	51.148509979248	-1170.99523925781	6.07979393005371	22.0757961273193	-1165.38757324219	-14.225754737854	-57.6714477539062	-1186.70361328125	-17.1320400238037	-54.809440612793	-1187.21337890625	-20.9000778198242	-47.4656295776367	-1188.01525878906	-23.6386852264404	-35.8446998596191	-1187.53039550781	-22.3916816711426	-9.64018630981445	-1185.86328125	-16.3231735229492	1.60741281509399	-1176.64880371094	-8.04861831665039	-41.8301239013672	-1155.26501464844	-4.49195957183838	-15.7391977310181	-1130.94506835938	-18.9186191558838	-11.1069984436035	-1121.26171875	-38.5269927978516	-5.11790132522583	-1132.45666503906	-52.8677215576172	7.77095794677734	-1160.05053710938	-43.2067184448242	22.9104080200195	-1160.26965332031	-19.2064685821533	1.13719463348389	-1152.20104980469	-37.3304252624512	45.165584564209	-1156.44738769531	-20.6644630432129	46.2909164428711	-1169.02001953125	-11.0352401733398	51.0050163269043	-1170.39770507812	-10.6320381164551	22.2231922149658	-1164.0625
PRI-10691	-1.6978532075882	-50.4526100158691	-1184.08569335938	-1.68172407150269	-47.4949951171875	-1176.423828125	-1.25209891796112	-42.0952415466309	-1153.72045898438	-1.54531598091125	-23.6764812469482	-1129.1318359375	-1.5679771900177	-21.5541362762451	-1124.1103515625	-4.51691579818726	65.4892959594727	-1150.26647949219	-4.0653338432312	48.9700927734375	-1166.03979492188	-3.15396785736084	31.2670478820801	-1171.04528808594	-2.75975131988525	6.03770446777344	-1158.89538574219	-2.54170536994934	-8.37058162689209	-1169.81799316406	-2.12510204315186	-37.8397026062012	-1177.23937988281	8.41607666015625	-43.8539695739746	-1182.10424804688	9.42414855957031	-42.927848815918	-1182.30200195312	11.7037239074707	-38.380313873291	-1183.48901367188	14.544919013977	-28.3560810089111	-1184.87744140625	11.7262163162231	-4.13866949081421	-1181.88635253906	7.84582042694092	-0.712667882442474	-1176.39953613281	2.80262303352356	-39.1487579345703	-1156.78002929688	1.47876000404358	-22.4292583465576	-1137.99633789062	15.8628273010254	-18.0005187988281	-1128.09057617188	28.9314270019531	-9.99135780334473	-1138.47021484375	39.7369003295898	9.32709693908691	-1162.3955078125	31.8456439971924	16.6703910827637	-1161.44543457031	11.4739818572998	-3.66830039024353	-1154.93322753906	26.8473072052002	33.923957824707	-1157.92553710938	12.293212890625	33.8625564575195	-1168.84924316406	4.11683034896851	40.7864036560059	-1169.79077148438	3.98864912986755	13.7230176925659	-1166.4453125	-12.2586317062378	-44.9125480651855	-1181.34875488281	-13.2841262817383	-44.3298454284668	-1181.46997070312	-15.9741191864014	-39.1572265625	-1182.57141113281	-19.3689842224121	-29.8706741333008	-1183.49157714844	-18.1932239532471	-5.10539388656616	-1180.458984375	-14.4887952804565	-1.79954159259796	-1175.53137207031	-5.7617826461792	-39.9639205932617	-1157.169921875	-4.60216331481934	-22.8764476776123	-1137.6142578125	-18.2993450164795	-18.7131328582764	-1127.71862792969	-33.2712631225586	-11.5179376602173	-1138.59362792969	-46.9281845092773	5.38580942153931	-1160.76220703125	-39.4990882873535	15.7268486022949	-1160.71630859375	-16.4478607177734	-4.45470762252808	-1154.89709472656	-34.8991279602051	32.3842430114746	-1157.45581054688	-19.4446544647217	32.7455558776855	-1168.97790527344	-12.2323741912842	40.3022766113281	-1170.36071777344	-9.85985660552979	12.8699102401733	-1166.12451171875
PRI-10693	-0.812424421310425	-55.1037902832031	-1181.42590332031	-0.736265361309052	-50.130428314209	-1170.9462890625	-0.287627279758453	-39.880615234375	-1149.71228027344	-0.503615021705627	-21.6475887298584	-1125.7900390625	-0.536042988300323	-18.782434463501	-1120.38208007812	-5.51650762557983	62.1286582946777	-1147.32751464844	-5.14144039154053	45.8269157409668	-1164.86108398438	-4.38233423233032	29.3340759277344	-1167.03723144531	-3.38504719734192	8.3262414932251	-1157.38061523438	-2.815434217453	-7.01452159881592	-1167.38879394531	-1.46836817264557	-40.7312202453613	-1173.91857910156	9.52258110046387	-48.8404312133789	-1180.30200195312	10.4393005371094	-47.6410484313965	-1180.53637695312	12.50670337677	-42.4284515380859	-1181.77893066406	15.0024929046631	-31.1951999664307	-1182.27502441406	12.6769781112671	-6.04111909866333	-1179.04174804688	8.65110015869141	-0.424667119979858	-1173.65173339844	3.70718693733215	-39.4150619506836	-1153.6865234375	1.95707857608795	-20.5422382354736	-1132.5712890625	15.830096244812	-15.3533229827881	-1123.93029785156	30.8454093933105	-9.70691204071045	-1135.84692382812	38.601936340332	5.85261726379395	-1158.90185546875	31.2883071899414	15.4325523376465	-1158.83532714844	11.6925468444824	-2.96388840675354	-1152.732421875	25.5961608886719	33.0630989074707	-1155.27087402344	12.0097732543945	33.0420913696289	-1167.37976074219	3.43347144126892	38.8225402832031	-1167.36877441406	3.4958393573761	13.8200340270996	-1162.8935546875	-12.1303300857544	-50.3409538269043	-1178.80065917969	-12.9477882385254	-49.4094886779785	-1179.08459472656	-16.6516857147217	-44.2723121643066	-1180.18676757812	-20.9560489654541	-33.6079444885254	-1180.302734375	-19.9551181793213	-8.1596794128418	-1178.01123046875	-15.0871381759644	-1.70866620540619	-1172.66064453125	-4.9481201171875	-40.0996208190918	-1153.33276367188	-4.23302364349365	-20.3582534790039	-1132.12524414062	-17.453929901123	-16.7703514099121	-1122.44860839844	-34.8653297424316	-12.8504190444946	-1134.47204589844	-45.3843727111816	1.6846764087677	-1155.40002441406	-39.6834526062012	12.5847501754761	-1155.3974609375	-17.0725269317627	-4.34735155105591	-1150.45629882812	-34.0061378479004	31.3249282836914	-1151.79467773438	-19.5340843200684	31.6276435852051	-1165.42626953125	-13.7009229660034	38.0243721008301	-1167.10168457031	-11.0428113937378	13.0701847076416	-1161.77087402344
PRI-10695	-0.575289487838745	-58.8329772949219	-1171.79382324219	-0.900229036808014	-55.2933654785156	-1164.62756347656	-1.81607687473297	-45.3169441223145	-1142.39721679688	-3.92103505134583	-20.8371810913086	-1119.63610839844	-4.18780183792114	-17.7919616699219	-1115.56323242188	-5.38466548919678	60.2611999511719	-1146.77416992188	-4.73218631744385	42.2195243835449	-1164.20642089844	-4.49634218215942	23.3083896636963	-1166.04736328125	-3.87627863883972	1.41592645645142	-1152.50854492188	-3.17999076843262	-13.9078226089478	-1161.20825195312	-1.51987528800964	-44.518627166748	-1165.21374511719	9.88238430023193	-51.9423980712891	-1170.24548339844	10.3365106582642	-50.9662780761719	-1170.76977539062	12.4495296478271	-46.7896881103516	-1172.03308105469	15.1457624435425	-36.9276428222656	-1173.35607910156	13.2568960189819	-13.3006258010864	-1171.68322753906	8.35484981536865	-8.52565670013428	-1166.80261230469	2.86424088478088	-44.2454872131348	-1145.22204589844	-0.964956402778625	-21.1281185150146	-1126.04870605469	11.6429738998413	-15.514458656311	-1117.51770019531	25.7084064483643	-9.82247447967529	-1129.30981445312	37.6480026245117	0.86232578754425	-1153.16430664062	29.3323535919189	9.97004699707031	-1154.52307128906	9.80471324920654	-6.45537853240967	-1146.79699707031	25.0755310058594	28.1409645080566	-1153.53735351562	12.2922039031982	26.8474426269531	-1164.96435546875	3.02305245399475	33.4790229797363	-1167.67333984375	2.94000196456909	7.87349653244019	-1158.630859375	-11.3803195953369	-53.0277442932129	-1170.39892578125	-11.8483724594116	-52.7973899841309	-1170.53540039062	-14.7743968963623	-47.3088912963867	-1172.35107421875	-17.4880428314209	-36.9443893432617	-1173.12805175781	-18.0545978546143	-14.0684080123901	-1172.60974121094	-13.9947109222412	-9.27409648895264	-1167.333984375	-6.77523136138916	-44.5665283203125	-1145.76513671875	-6.30241870880127	-21.6317157745361	-1125.45520019531	-20.5565052032471	-16.4823226928711	-1118.73718261719	-34.109790802002	-13.0666303634644	-1131.36486816406	-44.2712821960449	-3.79576134681702	-1156.28283691406	-37.4447441101074	7.69704627990723	-1156.39184570312	-17.9474124908447	-7.26188278198242	-1147.26379394531	-33.8564147949219	26.0314388275146	-1155.23889160156	-20.363468170166	25.9989967346191	-1165.8466796875	-12.5921182632446	34.0294609069824	-1167.6279296875	-10.7646903991699	7.45767498016357	-1159.33068847656
PRI-10700	0.544236540794373	-63.4651222229004	-1184.828125	0.469752162694931	-59.7776298522949	-1176.48071289062	0.507530868053436	-47.5624008178711	-1150.87182617188	-0.333782643079758	-23.5108375549316	-1124.51379394531	-0.362791508436203	-20.7215251922607	-1119.37219238281	-4.9136757850647	66.3244018554688	-1145.5673828125	-4.96497488021851	53.6601486206055	-1165.05725097656	-3.60179281234741	35.0361671447754	-1170.18762207031	-1.91286957263947	6.44448852539062	-1157.60571289062	-1.46955728530884	-8.43669319152832	-1169.8408203125	-0.0909970104694366	-44.9319915771484	-1177.42956542969	11.8904619216919	-56.1284980773926	-1183.64086914062	13.6772146224976	-54.8895874023438	-1184.078125	16.8131790161133	-46.1160430908203	-1184.95764160156	18.6407928466797	-34.3689613342285	-1186.12084960938	13.9688930511475	-7.39355850219727	-1184.53430175781	8.84454154968262	-1.55621910095215	-1175.25622558594	5.29806232452393	-46.5282821655273	-1156.24743652344	2.02486968040466	-22.9270877838135	-1132.47729492188	14.7993745803833	-19.0965003967285	-1122.06225585938	33.0906448364258	-10.8955631256104	-1134.21459960938	46.2672653198242	9.92944622039795	-1162.83581542969	35.4253425598145	18.6563243865967	-1162.88342285156	16.1557312011719	-4.72262907028198	-1153.27783203125	30.1139106750488	37.015251159668	-1158.35949707031	12.8316335678101	39.8039245605469	-1168.91723632812	4.17625713348389	45.9863319396973	-1169.73168945312	4.78893327713013	16.6703548431396	-1164.06384277344	-11.6588048934937	-57.3205909729004	-1182.97692871094	-12.8613338470459	-56.2448310852051	-1183.57177734375	-17.6463165283203	-48.226806640625	-1183.22436523438	-20.7877883911133	-36.1302757263184	-1184.34558105469	-18.9938411712646	-9.88849544525146	-1183.51196289062	-13.7654857635498	-2.76485538482666	-1174.81787109375	-3.89837837219238	-46.8804664611816	-1154.96508789062	-3.97490954399109	-22.5856800079346	-1132.05615234375	-17.2144012451172	-18.8760681152344	-1122.27429199219	-34.779655456543	-13.878589630127	-1132.92346191406	-50.4899673461914	1.83227586746216	-1161.65515136719	-40.8531150817871	14.4540977478027	-1160.80981445312	-17.653003692627	-5.97922468185425	-1152.75329589844	-36.5060234069824	33.5885276794434	-1156.50439453125	-21.3039951324463	37.4117164611816	-1167.52966308594	-12.9952573776245	44.3162117004395	-1169.759765625	-8.94827270507812	15.8526420593262	-1163.2568359375
PRI-10702	-2.5342218875885	-63.0573387145996	-1185.47583007812	-3.11290836334229	-58.7367401123047	-1178.671875	-2.74784302711487	-45.8183097839355	-1155.30163574219	-2.16386246681213	-18.1765823364258	-1125.62744140625	-1.99172055721283	-14.6440677642822	-1120.59167480469	-5.52569675445557	76.8293685913086	-1154.52307128906	-5.4082612991333	57.323787689209	-1174.56726074219	-4.63693714141846	40.1391868591309	-1178.04626464844	-3.71630835533142	13.2060375213623	-1162.97619628906	-3.9238395690918	-4.08624124526978	-1173.73608398438	-3.34314942359924	-44.8235244750977	-1180.38232421875	9.46856117248535	-55.4593658447266	-1186.16687011719	10.9973611831665	-53.4092559814453	-1187.18505859375	14.2340211868286	-44.0596389770508	-1188.21984863281	16.4863090515137	-31.8967800140381	-1189.220703125	13.673924446106	-4.32736587524414	-1188.4287109375	8.57102489471436	2.29617977142334	-1179.90502929688	2.57834458351135	-44.040901184082	-1157.93908691406	0.834030330181122	-18.56201171875	-1136.19677734375	15.5456857681274	-12.5911512374878	-1125.55737304688	32.7527503967285	-5.16199541091919	-1137.1396484375	45.7634925842285	8.41918277740479	-1166.52893066406	34.9799194335938	23.8689994812012	-1167.50024414062	13.6323823928833	1.56619226932526	-1158.12548828125	30.1960563659668	43.5921669006348	-1164.88696289062	15.8692617416382	44.3910255432129	-1174.49670410156	3.13825416564941	51.8765258789062	-1177.52819824219	4.94685173034668	22.4142932891846	-1169.82995605469	-15.3499555587769	-56.5397453308105	-1185.49658203125	-16.3690948486328	-54.2261085510254	-1186.63684082031	-20.7621307373047	-45.9695739746094	-1187.66369628906	-23.7521839141846	-33.8857765197754	-1188.82043457031	-22.2389049530029	-5.92961311340332	-1187.82238769531	-16.6178550720215	1.12006831169128	-1179.41040039062	-8.20967197418213	-43.8071517944336	-1157.60766601562	-6.16213893890381	-18.192777633667	-1135.822265625	-19.9585285186768	-13.7138214111328	-1124.66857910156	-38.8338928222656	-7.29748106002808	-1136.28845214844	-53.774658203125	5.11577939987183	-1164.04504394531	-45.5159339904785	21.4273471832275	-1165.17639160156	-19.3345737457275	0.382233023643494	-1156.5341796875	-40.015323638916	41.5258331298828	-1163.40625	-25.8370609283447	43.5631942749023	-1174.05078125	-13.5721273422241	50.872501373291	-1177.79174804688	-12.8528690338135	21.4668922424316	-1168.62573242188
PRI-10703	-1.94278240203857	-57.8411674499512	-1183.31030273438	-1.79413235187531	-53.9305686950684	-1175.62658691406	NA	NA	NA	-2.1333532333374	-23.8889713287354	-1125.99719238281	-1.93328845500946	-21.6586418151855	-1121.29248046875	-5.56199264526367	70.512580871582	-1144.35729980469	-5.35101556777954	53.027042388916	-1166.03979492188	-4.78088235855103	35.2746276855469	-1171.11633300781	-3.597501039505	7.16114473342896	-1156.96118164062	-3.54367780685425	-7.80738687515259	-1169.50744628906	-1.92218005657196	-41.9224395751953	-1176.2998046875	8.82786750793457	-52.4721527099609	-1183.02502441406	11.0047235488892	-50.080249786377	-1183.45166015625	13.6439914703369	-44.0821151733398	-1182.5732421875	15.5123729705811	-33.0675773620605	-1184.03259277344	11.7934112548828	-8.21674728393555	-1182.30346679688	7.4634165763855	-1.71542990207672	-1176.14367675781	2.44998216629028	-42.8888053894043	-1155.67651367188	0.637222290039062	-22.8436298370361	-1134.04858398438	15.0857639312744	-19.3136882781982	-1125.13073730469	31.301456451416	-14.7426013946533	-1134.49890136719	43.1669921875	3.16215038299561	-1161.66247558594	33.1661262512207	17.7891025543213	-1162.15246582031	11.1876173019409	-2.51527833938599	-1154.37939453125	28.6582355499268	36.6300621032715	-1157.63952636719	12.0146131515503	39.1744804382324	-1168.56872558594	2.61200451850891	46.1771926879883	-1169.6708984375	3.27319645881653	15.4583921432495	-1163.42504882812	-12.6549863815308	-53.2350234985351	-1182.28625488281	-15.3999042510986	-51.3765182495117	-1182.3564453125	-18.600944519043	-46.9763717651367	-1181.5517578125	-21.3865222930908	-33.9132461547852	-1183.44116210938	-19.2833251953125	-9.1231107711792	-1182.11352539062	-16.1594333648682	-2.12241911888123	-1176.33618164062	NA	NA	NA	-4.90363836288452	-22.5845794677734	-1132.71020507812	-19.2608489990234	-19.014835357666	-1124.357421875	-36.1275520324707	-16.721471786499	-1134.87561035156	-49.9657707214355	-0.606905102729797	-1160.44360351562	-41.6132431030273	16.1869335174561	-1161.69689941406	-18.5096054077148	-4.95951461791992	-1153.93420410156	-37.4170379638672	35.0190773010254	-1157.05603027344	-21.8572597503662	37.4723320007324	-1168.83703613281	-12.6101741790771	45.629035949707	-1168.8076171875	-11.5830001831055	14.5628662109375	-1163.37158203125
PRI-10704	-2.40799832344055	-58.7503242492676	-1183.79638671875	-2.54704856872559	-54.5802955627441	-1176.02404785156	-1.81819260120392	-44.531436920166	-1152.48205566406	-1.06580328941345	-18.0307464599609	-1124.10632324219	-1.02734518051147	-15.326753616333	-1119.19885253906	-1.42558336257935	70.4080123901367	-1148.73425292969	-1.96411919593811	53.121883392334	-1167.96362304688	-1.3124406337738	35.7532081604004	-1170.06103515625	-1.52456104755402	9.81423377990723	-1157.19030761719	-1.53394663333893	-6.48051929473877	-1167.38525390625	-2.58962345123291	-42.1328201293945	-1175.83056640625	8.245680809021	-54.0248794555664	-1183.35510253906	10.0642242431641	-52.3378257751465	-1183.4560546875	14.112286567688	-44.3808059692383	-1184.79895019531	16.5322170257568	-33.7837448120117	-1185.34753417969	15.455361366272	-6.74348545074463	-1181.12646484375	10.8063192367554	0.122940614819527	-1174.88000488281	2.91842889785767	-42.774543762207	-1155.60913085938	1.4322429895401	-18.0991744995117	-1132.16809082031	15.5992212295532	-13.0024032592773	-1123.49194335938	31.9761562347412	-7.52040433883667	-1135.0009765625	46.1855545043945	8.37793350219727	-1160.94299316406	37.540828704834	21.486629486084	-1160.40502929688	14.1981754302979	-1.19187331199646	-1153.22863769531	30.74924659729	38.6314010620117	-1159.04089355469	16.1007480621338	38.6792373657227	-1169.08508300781	6.96490526199341	45.9858551025391	-1170.98010253906	5.51043891906738	16.8249034881592	-1160.744140625	-14.085919380188	-53.6824951171875	-1181.69738769531	-15.8744344711304	-51.7518844604492	-1181.84777832031	-19.2774906158447	-43.5928001403809	-1183.14929199219	-21.7882785797119	-33.5106086730957	-1182.55688476562	-19.8137130737305	-5.57850742340088	-1179.87854003906	-14.6970338821411	0.97959041595459	-1174.21984863281	-6.34479713439941	-42.4720878601074	-1155.28137207031	-3.80249333381653	-17.6047878265381	-1131.43103027344	-17.8752193450928	-12.6382999420166	-1122.48352050781	-33.8428153991699	-8.92550659179688	-1133.84191894531	-50.040699005127	7.65509033203125	-1158.96179199219	-42.2997055053711	20.3456478118896	-1157.9248046875	-15.7783432006836	-2.51456761360168	-1154.29821777344	-33.1891136169434	38.7771377563477	-1157.91918945312	-20.070125579834	38.5448379516602	-1167.78845214844	-10.3177690505981	46.6279830932617	-1169.8642578125	-9.51430320739746	18.5719757080078	-1163.00598144531
PRI-10705	-1.43789839744568	-65.2400436401367	-1195.21118164062	-1.65015029907227	-60.3515510559082	-1184.45068359375	-1.86452519893646	-46.8598327636719	-1161.33117675781	-2.67647671699524	-22.9391498565674	-1136.83837890625	-2.57558417320251	-19.5947761535645	-1132.37866210938	-8.08737468719482	65.9578552246094	-1160.54711914062	-7.24584054946899	49.3689765930176	-1180.3115234375	-5.5327467918396	31.7370204925537	-1184.9921875	-4.01987838745117	5.28402471542358	-1172.8662109375	-3.51810836791992	-10.9611873626709	-1180.97265625	-2.39714074134827	-48.8748207092285	-1187.35388183594	10.755181312561	-59.1102180480957	-1192.92578125	12.7792348861694	-56.9707908630371	-1194.05749511719	15.6199922561646	-49.4102745056152	-1195.65698242188	18.0576076507568	-37.4314575195312	-1194.92663574219	11.8043842315674	-9.7487621307373	-1193.19665527344	7.42158889770508	-5.13712215423584	-1188.27258300781	3.06959891319275	-46.9787902832031	-1166.13879394531	0.129698529839516	-22.5738334655762	-1144.40393066406	13.4241561889648	-16.9810333251953	-1135.88439941406	28.0754299163818	-12.7511596679688	-1146.24987792969	41.8363342285156	4.03996896743774	-1175.82873535156	32.9634017944336	15.4079275131226	-1175.66052246094	11.7498512268066	-6.44299936294556	-1167.08544921875	27.1518173217773	34.7065658569336	-1172.60070800781	14.0753803253174	36.8571281433105	-1183.16857910156	1.9791065454483	41.5870933532715	-1183.9443359375	3.18363118171692	14.2320690155029	-1179.30334472656	-13.5456237792969	-60.2644538879395	-1192.5	-15.4338569641113	-58.6939353942871	-1193.4541015625	-19.5501003265381	-50.4695701599121	-1194.43176269531	-22.5321311950684	-39.0415229797363	-1194.62268066406	-19.8726825714111	-11.2638282775879	-1192.34326171875	-16.1767406463623	-6.33525323867798	-1187.74475097656	-7.3358039855957	-47.4907531738281	-1166.83520507812	-6.17168283462524	-22.5207939147949	-1143.61547851562	-19.9914798736572	-18.9195346832275	-1136.35534667969	-36.2419319152832	-16.5875434875488	-1146.52722167969	-51.297908782959	-0.774178981781006	-1174.60729980469	-42.7700843811035	11.775486946106	-1174.8779296875	-18.0603275299072	-8.74259662628174	-1166.12097167969	-39.1469192504883	31.3627452850342	-1171.98510742188	-24.439884185791	34.1438331604004	-1182.47607421875	-15.3591508865356	39.9553833007812	-1184.93359375	-12.7234048843384	12.6927461624146	-1178.45434570312
PRI-10710	0.419745445251465	-58.2474060058594	-1179.70690917969	0.177380800247192	-54.166862487793	-1172.36047363281	-0.0262827035039663	-44.1327362060547	-1150.7763671875	-0.889842629432678	-24.3400287628174	-1125.41833496094	-1.27055966854095	-21.8351001739502	-1120.46728515625	-4.17112302780151	61.561897277832	-1152.85046386719	-4.13503932952881	42.0865325927734	-1167.66967773438	-3.3640820980072	26.5304069519043	-1170.328125	-1.98703813552856	3.43583607673645	-1156.77197265625	-1.36334049701691	-12.2961006164551	-1168.27868652344	-0.124030493199825	-43.5115852355957	-1173.7685546875	10.7217655181885	-51.9323616027832	-1178.341796875	11.4457702636719	-51.4660987854004	-1178.3974609375	14.6144199371338	-46.5524673461914	-1179.56079101562	17.4616718292236	-36.0665740966797	-1181.19677734375	14.5366106033325	-10.8991441726685	-1179.39392089844	10.2623949050903	-5.9378342628479	-1172.76892089844	3.66570472717285	-43.4927139282227	-1154.55908203125	2.15993666648865	-23.7772731781006	-1134.31811523438	14.9919185638428	-18.8966255187988	-1125.08508300781	29.2455368041992	-13.2702732086182	-1135.74755859375	42.5215835571289	-0.281295895576477	-1159.34777832031	32.6288414001465	10.6372900009155	-1160.12121582031	12.9807481765747	-5.87785911560059	-1151.76159667969	27.152307510376	30.2480239868164	-1156.88732910156	13.5690212249756	31.9356651306152	-1168.69665527344	4.37967348098755	37.0470237731934	-1170.43615722656	5.02603626251221	9.39701557159424	-1162.26965332031	-10.5203075408936	-52.5759010314941	-1177.97326660156	-11.0234355926514	-52.0458526611328	-1178.42065429688	-14.124852180481	-46.5555648803711	-1179.91186523438	-17.6437110900879	-37.2098426818848	-1181.13696289062	-17.1977653503418	-12.0750780105591	-1178.96520996094	-13.6363935470581	-7.0594892501831	-1172.8486328125	-4.28649997711182	-43.8961410522461	-1154.35290527344	-4.14176845550537	-24.0055103302002	-1134.37622070312	-17.1717967987061	-20.4700222015381	-1124.55212402344	-32.9127388000488	-15.740969657898	-1137.07141113281	-46.4449577331543	-3.16186285018921	-1159.56188964844	-38.2467575073242	8.38144683837891	-1159.80139160156	-16.7064666748047	-6.83930540084839	-1150.76635742188	-33.3363761901855	27.0998477935791	-1157.24658203125	-20.6939964294434	29.1681957244873	-1168.77026367188	-10.9857606887817	36.2826118469238	-1170.37622070312	-9.96840000152588	8.53264904022217	-1162.41967773438
PRI-10711	-0.901456475257874	-56.3198699951172	-1188.041015625	-1.61657190322876	-53.7949638366699	-1180.24926757812	-1.71173226833344	-43.6204833984375	-1155.10290527344	-2.2384877204895	-19.4925346374512	-1129.48168945312	-2.0981240272522	-16.0606136322021	-1124.48803710938	-2.57979559898376	72.0676727294922	-1153.15283203125	-2.59648585319519	56.4038696289062	-1172.93408203125	-2.11107420921326	39.401439666748	-1176.70690917969	-2.72093200683594	12.3978815078735	-1164.68408203125	-2.19887733459473	-4.31308555603027	-1173.85290527344	-1.28566157817841	-41.3539924621582	-1180.24755859375	10.7414646148682	-51.4730949401855	-1186.00720214844	11.3192520141602	-50.5008773803711	-1186.21435546875	15.0023965835571	-40.9887619018555	-1187.54382324219	17.5486793518066	-30.4212646484375	-1188.25207519531	14.5496835708618	-4.56754350662231	-1186.94299316406	8.7415714263916	1.45015871524811	-1180.40002441406	3.32509565353394	-42.5940856933594	-1159.28991699219	0.988489747047424	-18.6011734008789	-1137.01977539062	15.0604734420776	-12.6508455276489	-1127.89721679688	32.2107315063477	-5.32305145263672	-1138.1689453125	46.3662452697754	11.9693536758423	-1163.96557617188	37.1902046203613	21.1605472564697	-1165.82275390625	12.5107688903809	0.400988548994064	-1158.20556640625	29.9081592559814	40.588565826416	-1162.75817871094	15.2872362136841	42.8395881652832	-1174.75830078125	5.64276170730591	49.6529273986816	-1176.41015625	5.8480110168457	21.8056087493896	-1170.14294433594	-14.1472301483154	-51.8608474731445	-1186.12451171875	-15.7545185089111	-50.8867149353027	-1186.76843261719	-18.4991092681885	-41.6586875915527	-1187.5810546875	-20.9836082458496	-31.4412841796875	-1187.99548339844	-19.6137828826904	-5.87546539306641	-1187.0576171875	-13.8006086349487	1.03952968120575	-1180.36840820312	-7.86748552322388	-42.5789566040039	-1159.36608886719	-5.34434843063354	-18.5014095306396	-1136.59899902344	-19.9696006774902	-13.7547779083252	-1127.99987792969	-37.811637878418	-8.05565357208252	-1139.31616210938	-52.194522857666	8.54307842254639	-1164.52905273438	-42.1527442932129	20.1707057952881	-1166.16088867188	-18.4196605682373	-0.15001380443573	-1158.83276367188	-35.6415901184082	40.3247299194336	-1163.22583007812	-19.9696941375732	42.106086730957	-1174.21057128906	-10.8700838088989	49.7593536376953	-1176.14562988281	-11.2715864181519	21.984058380127	-1171.41650390625
PRI-10712	-0.949199259281158	-54.9811210632324	-1183.6728515625	-1.16689491271973	-49.6148376464844	-1174.04467773438	-2.49771761894226	-41.6751289367676	-1149.36730957031	-2.35161328315735	-19.2779541015625	-1125.33752441406	-2.46829581260681	-16.8429126739502	-1120.31982421875	-5.75034618377686	66.958366394043	-1151.666015625	-4.92870283126831	47.7053108215332	-1169.23547363281	-4.49776458740234	33.2080383300781	-1172.70825195312	-3.61850357055664	9.30170440673828	-1160.80139160156	-3.09217357635498	-8.19433879852295	-1169.08813476562	-1.15261518955231	-40.5671463012695	-1176.80639648438	9.42593097686768	-49.7185745239258	-1181.38940429688	11.1877861022949	-48.7593612670898	-1181.17529296875	14.8728761672974	-43.9244232177734	-1182.7080078125	16.9422626495361	-32.7905311584473	-1184.07336425781	13.9620227813721	-7.91323089599609	-1182.71655273438	8.59225559234619	-0.0301324371248484	-1176.43640136719	2.24140858650208	-38.7546463012695	-1153.77600097656	0.376841127872467	-17.9170017242432	-1132.81359863281	13.5659370422363	-13.7142896652222	-1124.43823242188	28.4746799468994	-9.16266918182373	-1133.53967285156	42.225399017334	7.34543991088867	-1156.92016601562	33.9181823730469	20.3452816009521	-1160.73400878906	12.3742017745972	-1.99639487266541	-1154.697265625	25.0026226043701	36.7180404663086	-1158.30920410156	11.9345645904541	37.6110076904297	-1170.43176269531	2.67291069030762	42.4366226196289	-1171.77111816406	3.18148136138916	15.8674097061157	-1165.59973144531	-11.3810415267944	-50.6004295349121	-1181.34777832031	-12.5417585372925	-49.6038360595703	-1181.54956054688	-16.9779586791992	-44.7925262451172	-1182.75988769531	-20.340446472168	-34.9395637512207	-1184.21716308594	-19.5769557952881	-9.67305374145508	-1183.0166015625	-15.3295783996582	-1.06532907485962	-1176.48693847656	-6.24802780151367	-40.0214767456055	-1153.70568847656	-5.57992315292358	-17.8756561279297	-1132.27368164062	-18.9959964752197	-15.2188100814819	-1123.70178222656	-33.9691123962402	-12.3665418624878	-1134.47192382812	-48.8646392822266	2.29542660713196	-1156.71044921875	-42.4713134765625	17.3100032806396	-1160.9345703125	-17.7907238006592	-3.27702164649963	-1154.40930175781	-34.8359222412109	34.2370452880859	-1157.93408203125	-21.2926330566406	35.6141471862793	-1170.35327148438	-12.3956937789917	41.8872451782227	-1171.12915039062	-10.692813873291	15.394757270813	-1165.78735351562
PRI-10713	-0.918280780315399	-61.7511329650879	-1175.27185058594	-1.42623174190521	-55.3231582641602	-1168.748046875	-1.57023131847382	-39.3658180236816	-1141.73425292969	-2.32634472846985	-14.2176456451416	-1117.7919921875	-2.43607211112976	-11.0310020446777	-1112.64099121094	-6.288893699646	74.9894561767578	-1151.54504394531	-5.73063278198242	55.5323371887207	-1169.7431640625	-4.3935079574585	36.2749443054199	-1170.93676757812	-2.91109156608582	11.5891075134277	-1155.96166992188	-2.71125078201294	-6.03908014297485	-1164.5947265625	NA	NA	NA	10.8778018951416	-55.1821327209473	-1175.326171875	13.4162616729736	-52.9937362670898	-1175.96704101562	15.7231111526489	-46.1140518188477	-1175.79187011719	18.8111381530762	-35.1243782043457	-1177.07189941406	NA	NA	NA	9.6307897567749	0.197671458125114	-1171.86303710938	3.22524189949036	-39.7454376220703	-1147.81286621094	1.06253159046173	-13.1422443389893	-1125.14135742188	14.3985681533813	-8.96921730041504	-1117.23388671875	29.2248458862305	-3.62579202651978	-1127.89990234375	46.6909446716309	9.13593769073486	-1157.42858886719	35.6589813232422	22.4239635467529	-1160.71948242188	13.1115484237671	1.79215633869171	-1148.34448242188	29.3071098327637	42.2922019958496	-1161.81787109375	11.9310874938965	41.1196174621582	-1169.15393066406	2.92413544654846	47.0566596984863	-1171.90185546875	4.45609331130981	19.881664276123	-1161.87463378906	-13.3023366928101	-57.3145942687988	-1175.41137695312	-16.1353492736816	-54.4403915405273	-1176.59997558594	-18.8697872161865	-48.1949501037598	-1176.74865722656	-21.5377635955811	-36.8962745666504	-1178.41162109375	-20.8977680206299	-10.769455909729	-1179.31018066406	-17.1707382202148	-1.56503975391388	-1172.51550292969	-6.70913696289062	-38.7645835876465	-1146.52905273438	-5.49987649917603	-14.1189470291138	-1125.04846191406	-18.8328723907471	-9.97780323028564	-1116.56396484375	-35.360107421875	-8.15348052978516	-1126.90185546875	-51.3155403137207	4.77920246124268	-1155.82019042969	-42.6999626159668	19.1910247802734	-1160.27160644531	-18.7094955444336	0.18526403605938	-1148.67956542969	-38.355899810791	39.4049797058105	-1160.69165039062	-21.0566120147705	39.0110893249512	-1168.85974121094	-12.8809509277344	45.9497375488281	-1171.185546875	-12.6379137039185	18.3050212860107	-1161.42785644531
PRI-10716	1.27113854885101	-65.3147506713867	-1200.84912109375	0.3668632209301	-61.0481986999512	-1192.66772460938	-0.252432882785797	-48.7737426757812	-1170.88598632812	-1.12571573257446	-23.9292964935303	-1145.73254394531	-1.29100656509399	-21.2834949493408	-1140.88940429688	-4.70197772979736	62.8254051208496	-1172.34875488281	-3.93350553512573	45.4444007873535	-1193.71630859375	-3.33647727966309	28.7138023376465	-1195.22143554688	-2.97498631477356	1.81030738353729	-1179.11267089844	-1.9051171541214	-12.7274188995361	-1189.02453613281	0.198212206363678	-48.8829040527344	-1194.44506835938	12.2413015365601	-59.6539039611816	-1198.23278808594	14.4641094207764	-58.1361351013184	-1198.9873046875	16.7738418579102	-49.9515533447266	-1200	18.8434886932373	-39.4586334228516	-1201.61755371094	16.3242435455322	-14.1243734359741	-1200.82019042969	10.272403717041	-6.90597581863403	-1194.80334472656	5.09086513519287	-48.702579498291	-1175.10339355469	1.48690903186798	-24.0018615722656	-1153.31762695312	14.4936819076538	-18.5785312652588	-1142.63330078125	29.8094940185547	-13.0675277709961	-1152.33374023438	44.3046722412109	3.02258610725403	-1179.04968261719	34.9189338684082	13.9363250732422	-1180.77514648438	12.7084665298462	-7.62945699691772	-1174.0263671875	28.1425552368164	32.4613571166992	-1179.85974121094	16.8126182556152	32.8863830566406	-1191.93420410156	5.48080968856812	37.951473236084	-1196.1806640625	5.69423532485962	10.714054107666	-1186.45166015625	-10.6783561706543	-61.0442008972168	-1198.50463867188	-11.3503131866455	-59.7626533508301	-1198.87683105469	-16.1771469116211	-51.8952445983887	-1200.52368164062	-18.9112110137939	-41.7059783935547	-1202.78686523438	-18.9032649993896	-15.6669473648071	-1201.86108398438	-14.3098421096802	-7.50815343856812	-1195.52282714844	-5.58444786071777	-48.7352638244629	-1174.69519042969	-3.88619542121887	-24.1550045013428	-1152.97644042969	-17.759313583374	-19.2962284088135	-1142.94213867188	-34.1279602050781	-16.3405590057373	-1154.32702636719	-49.309326171875	-1.52568101882935	-1181.47351074219	-40.5002479553223	11.1114406585693	-1182.68017578125	-16.4924545288086	-8.16127490997314	-1174.47448730469	-35.8579483032227	30.6954803466797	-1181.99609375	-23.5611572265625	30.8900699615479	-1193.79077148438	-12.7357654571533	37.664623260498	-1197.09582519531	-11.7975826263428	10.9884843826294	-1187.29699707031
PRI-10722	-3.99415016174316	-66.5880966186523	-1180.14819335938	-4.08743238449097	-59.6735610961914	-1169.46508789062	-4.05133962631226	-47.3875427246094	-1146.11743164062	-4.30198287963867	-21.2337093353271	-1120.32458496094	-4.47030544281006	-17.7930278778076	-1115.88220214844	-4.87669801712036	65.1366424560547	-1155.58068847656	-6.05493974685669	44.6089706420898	-1171.61511230469	-5.74865627288818	27.1994647979736	-1172.39685058594	-5.33570528030396	4.03034162521362	-1156.91687011719	-5.5960259437561	-11.5740852355957	-1167.42834472656	-3.96106171607971	-48.1548957824707	-1172.63305664062	7.22345924377441	-61.159366607666	-1178.08435058594	8.49893379211426	-60.8580017089844	-1177.74719238281	13.4633340835571	-52.6562156677246	-1179.56030273438	16.2562141418457	-41.5751266479492	-1180.92346191406	12.50914478302	-14.6475591659546	-1180.17749023438	7.85763120651245	-7.17318773269653	-1175.15307617188	0.430763423442841	-45.6113166809082	-1148.74841308594	-1.32361340522766	-20.6720657348633	-1128.20532226562	13.5843648910522	-14.9174947738647	-1118.79626464844	30.2372703552246	-8.67227649688721	-1131.00183105469	45.0898132324219	3.43069291114807	-1160.93603515625	35.8258743286133	13.9874572753906	-1160.92565917969	11.7945804595947	-8.55345153808594	-1151.552734375	28.3725624084473	32.9987678527832	-1160.69128417969	12.5019397735596	30.5066261291504	-1171.48754882812	1.77685439586639	37.0790367126465	-1173.91821289062	2.347811460495	10.2485733032227	-1163.35607910156	-15.8650283813477	-61.7636337280273	-1176.29040527344	-16.1416187286377	-61.3334274291992	-1176.41088867188	-21.9029788970947	-52.8567810058594	-1178.57470703125	-24.5916996002197	-41.6617012023926	-1180.44567871094	-23.1953430175781	-16.1362857818604	-1179.44287109375	-18.9887561798096	-7.24423694610596	-1174.59191894531	-9.06735420227051	-47.7797813415527	-1149.970703125	-8.11247158050537	-20.5786609649658	-1127.64208984375	-23.5999660491943	-14.6162738800049	-1118.5126953125	-40.0689468383789	-9.73154354095459	-1130.83081054688	-54.8077201843262	0.502026736736298	-1161.90637207031	-45.1727752685547	12.1310367584229	-1160.35070800781	-21.2485656738281	-7.36316013336182	-1150.21215820312	-39.1596755981445	32.2081680297852	-1161.20056152344	-23.8152751922607	30.8204593658447	-1170.5908203125	-13.8928461074829	37.4108428955078	-1173.91247558594	-12.6110734939575	7.90415382385254	-1160.15246582031
PRI-10723	1.95875108242035	-58.3318862915039	-1172.45141601562	1.55356585979462	-52.9600715637207	-1161.29174804688	0.91776978969574	-43.9770736694336	-1141.01501464844	-0.132813960313797	-23.3373756408691	-1117.73217773438	-0.424577564001083	-20.7376346588135	-1113.15893554688	-0.865997850894928	61.5409545898438	-1147.404296875	-1.43273818492889	45.8175506591797	-1165.24731445312	-1.01550626754761	30.9854927062988	-1167.62231445312	-1.09886384010315	4.78687763214111	-1154.51501464844	-0.457260012626648	-11.6099214553833	-1160.908203125	1.26740348339081	-44.7374305725098	-1165.44079589844	12.2386331558228	-51.8797645568848	-1170.47094726562	13.1087160110474	-50.6256828308105	-1171.12060546875	16.078950881958	-45.7000923156738	-1172.31701660156	19.4858913421631	-35.1142768859863	-1173.32653808594	16.5053062438965	-9.33738136291504	-1172.70300292969	11.3695192337036	-4.73931932449341	-1167.35278320312	5.43033981323242	-42.7299346923828	-1143.34985351562	3.01731133460999	-22.740873336792	-1124.41784667969	15.5063610076904	-17.1665687561035	-1117.30834960938	29.9432106018066	-11.4595985412598	-1127.52978515625	43.7750587463379	0.745939075946808	-1152.0439453125	34.4125061035156	12.8660945892334	-1154.640625	14.0504369735718	-6.16520357131958	-1147.71594238281	27.905632019043	31.2181167602539	-1153.26281738281	14.7522983551025	32.6018524169922	-1165.13317871094	6.34191942214966	39.7301025390625	-1167.47033691406	6.1670732498169	12.7607641220093	-1160.84680175781	-9.40166187286377	-52.5498962402344	-1170.68737792969	-10.2054357528687	-51.5283203125	-1171.20861816406	-13.2960090637207	-46.8831329345703	-1172.52355957031	-17.509765625	-37.0479774475098	-1173.54052734375	-17.1389617919922	-11.299825668335	-1173.61279296875	-12.0757923126221	-5.61618566513062	-1167.67199707031	-3.69228363037109	-44.2541809082031	-1144.50366210938	-3.94818139076233	-22.6061534881592	-1123.94018554688	-17.1022663116455	-17.7612857818604	-1117.20288085938	-31.9934883117676	-12.0357789993286	-1128.05993652344	-44.3931121826172	0.635674118995667	-1153.28698730469	-37.3737640380859	13.2327585220337	-1155.97265625	-14.2076320648193	-5.95203828811646	-1147.27966308594	-30.7395553588867	32.414909362793	-1154.65747070312	-16.788990020752	32.9233169555664	-1166.66076660156	-8.6030683517456	40.1927032470703	-1167.42565917969	-8.08338260650635	12.7919321060181	-1160.93969726562
PRI-10724	-0.687766790390015	-60.7475967407227	-1157.25451660156	-1.04408597946167	-55.5269889831543	-1150.76708984375	-1.13769805431366	-42.9738159179688	-1132.95288085938	-2.98105049133301	-19.143856048584	-1113.80358886719	-3.25668978691101	-16.2232246398926	-1109.63500976562	-9.1987361907959	60.5175590515137	-1154.490234375	-7.72611951828003	40.0305671691895	-1167.71398925781	-6.68391180038452	21.991397857666	-1168.23303222656	-4.77769756317139	0.476466745138168	-1149.64892578125	-3.54714798927307	-15.5829191207886	-1156.65478515625	-1.85667181015015	-46.2241897583008	-1154.91174316406	9.45131683349609	-53.8219757080078	-1157.681640625	10.1285352706909	-53.1888618469238	-1158.072265625	13.2997808456421	-49.2701377868652	-1159.576171875	15.885308265686	-39.2801361083984	-1164.24938964844	12.2675733566284	-14.6241989135742	-1167.42138671875	7.90603828430176	-9.91932487487793	-1163.61743164062	3.14532685279846	-42.8280067443848	-1136.15515136719	-0.659113526344299	-20.2478942871094	-1120.84704589844	12.1265115737915	-13.0228834152222	-1112.06066894531	26.4339389801025	-9.5504961013794	-1122.90319824219	37.7603073120117	2.30443406105042	-1152.59631347656	29.8500270843506	10.1343288421631	-1153.75	10.9755697250366	-6.75748682022095	-1143.69738769531	23.4930553436279	28.3368835449219	-1156.14587402344	10.1340446472168	25.2558555603027	-1166.75036621094	1.04115343093872	30.6434745788574	-1169.59790039062	0.735032439231873	7.39225435256958	-1157.62084960938	-11.8008966445923	-55.3875427246094	-1156.705078125	-12.5939455032349	-54.2954483032227	-1157.42309570312	-16.0359230041504	-50.6047096252441	-1159.57214355469	-20.8434772491455	-40.5256881713867	-1163.56530761719	-19.1156578063965	-15.4389753341675	-1167.5263671875	-15.4205760955811	-11.2496137619019	-1163.51391601562	-4.94741678237915	-43.5145072937012	-1135.91491699219	-5.1990237236023	-19.8789596557617	-1120.73596191406	-18.7143821716309	-14.1190299987793	-1112.52404785156	-34.1123657226562	-12.7109537124634	-1123.82666015625	-46.6044692993164	-3.45978593826294	-1151.52575683594	-39.8097534179688	5.53910303115845	-1153.3935546875	-18.5213966369629	-8.79100704193115	-1144.06262207031	-36.9847068786621	24.8042984008789	-1156.18957519531	-23.9596710205078	22.7672309875488	-1167.33984375	-15.3085899353027	29.9126815795898	-1169.42858886719	-11.6937456130981	6.12893676757812	-1156.66369628906
PRI-10726	-1.84978604316711	-55.2948265075684	-1186.47619628906	-2.01943564414978	-51.5859756469727	-1177.32434082031	-2.33576488494873	-43.4301948547363	-1156.03833007812	-2.78320121765137	-19.3568553924561	-1133.73120117188	-2.96380281448364	-16.9251079559326	-1128.83911132812	-7.07263660430908	64.5359649658203	-1161.45739746094	-6.68141317367554	48.2303161621094	-1177.59533691406	-5.57773447036743	30.8569641113281	-1180.86779785156	-4.3527569770813	6.47733163833618	-1167.73388671875	-3.56641983985901	-9.27503204345703	-1175.53881835938	-2.03531384468079	-41.8713302612305	-1179.12438964844	9.30499744415283	-50.0458679199219	-1183.87976074219	10.0247287750244	-49.1432914733887	-1184.10766601562	13.2080755233765	-44.2434196472168	-1186.11413574219	15.4950590133667	-34.2987251281738	-1187.896484375	12.1953010559082	-10.1645736694336	-1188.55969238281	6.52741050720215	-3.5039496421814	-1182.48669433594	2.45455455780029	-40.3600540161133	-1159.40161132812	-0.0935136079788208	-18.3409652709961	-1141.12963867188	12.6418371200562	-13.1211967468262	-1132.23596191406	27.3530464172363	-7.8569974899292	-1142.80908203125	40.370532989502	7.13878774642944	-1168.21569824219	32.27587890625	18.5154991149902	-1170.30847167969	11.0933818817139	-1.48889374732971	-1160.72509765625	25.735954284668	34.379035949707	-1166.82080078125	11.4163093566895	34.055118560791	-1178.63110351562	1.31327879428864	40.8485832214355	-1179.88940429688	2.23477697372437	15.2829322814941	-1174.35424804688	-13.2163534164429	-50.8985023498535	-1183.47863769531	-14.1734914779663	-49.9922180175781	-1184.06335449219	-16.7492523193359	-45.3847808837891	-1185.99975585938	-20.6305618286133	-35.8196487426758	-1187.95385742188	-19.3653011322021	-11.7950944900513	-1188.59155273438	-14.2717838287354	-4.72197723388672	-1181.81665039062	-7.14714813232422	-41.7098045349121	-1158.64367675781	-6.13082599639893	-19.2152366638184	-1141.14672851562	-19.156681060791	-14.5437908172607	-1132.40100097656	-34.7357902526855	-11.8082256317139	-1141.84826660156	-49.2604446411133	3.11908388137817	-1168.52905273438	-41.8513107299805	14.6073150634766	-1169.91174316406	-19.6179981231689	-4.16729211807251	-1161.43920898438	-36.2121925354004	31.6078090667725	-1167.61877441406	-21.9306907653809	32.2509956359863	-1178.93286132812	-13.8803691864014	40.0378723144531	-1180.52893066406	-11.1164016723633	14.4068422317505	-1174.18115234375
PRI-10727	-0.891688168048859	-53.4994735717773	-1186.27172851562	-0.892384469509125	-49.5084342956543	-1179.77941894531	-1.780348777771	-40.7214775085449	-1157.31384277344	-2.88848090171814	-19.7504577636719	-1130.93200683594	-3.0242965221405	-16.8805294036865	-1125.62475585938	-3.4930739402771	66.4525756835938	-1157.19970703125	-2.58498573303223	50.0735702514648	-1172.62744140625	-2.92641830444336	32.4504814147949	-1177.22338867188	-2.24350666999817	7.43622064590454	-1165.509765625	-1.58871912956238	-8.9562816619873	-1175.947265625	-0.833853781223297	-38.7958030700684	-1181.02941894531	9.62610816955566	-47.301441192627	-1184.97900390625	10.8475189208984	-46.2515640258789	-1185.64929199219	13.8417434692383	-41.5440940856934	-1188.02099609375	18.4453258514404	-31.3479290008545	-1188.66271972656	15.7341547012329	-6.1257266998291	-1188.03527832031	10.1466941833496	-1.47957193851471	-1181.59265136719	2.97751140594482	-38.3937530517578	-1160.63647460938	-0.109063498675823	-19.1230697631836	-1139.46472167969	13.4998607635498	-15.0232601165771	-1129.60583496094	29.8377952575684	-9.17516803741455	-1140.92810058594	43.0310287475586	5.60785961151123	-1165.97741699219	34.0025215148926	16.3849945068359	-1165.666015625	13.6021299362183	-4.35110807418823	-1159.61926269531	28.8321685791016	34.0390129089355	-1162.41577148438	14.5714712142944	34.8812446594238	-1174.86010742188	5.21396684646606	42.6110687255859	-1175.95434570312	4.99387741088867	14.8360958099365	-1171.37670898438	-11.6715431213379	-46.9473342895508	-1185.6513671875	-13.050874710083	-46.1656150817871	-1186.154296875	-16.1511631011963	-41.8241271972656	-1187.92077636719	-20.725643157959	-30.9723720550537	-1189.90478515625	-19.0337524414062	-5.74067735671997	-1188.83850097656	-13.70285987854	-1.25877940654755	-1183.01879882812	-6.27577447891235	-39.3404350280762	-1161.00085449219	-5.53805255889893	-18.5641956329346	-1139.89672851562	-18.9200096130371	-15.7048835754395	-1129.947265625	-35.6995849609375	-10.0476627349854	-1144.12976074219	-47.5020408630371	4.67044496536255	-1170.35705566406	-40.7363052368164	15.3031806945801	-1169.34228515625	-17.6685123443604	-2.81091642379761	-1159.86950683594	-33.3518295288086	33.869270324707	-1165.46911621094	-20.0656280517578	35.5276947021484	-1176.20434570312	-10.4586057662964	41.5913391113281	-1177.7890625	-9.16403770446777	15.3634433746338	-1171.44787597656
PRI-10729	0.784863710403442	-71.568489074707	-1121.24633789062	0.445144712924957	-65.988395690918	-1112.31066894531	NA	NA	NA	-0.19606676697731	-30.9997024536133	-1060.21569824219	-0.152484506368637	-27.9577579498291	-1055.31909179688	-5.27482128143311	58.3457450866699	-1078.94995117188	-5.32961463928223	42.2137069702148	-1103.16223144531	-4.25002908706665	25.2154445648193	-1106.77990722656	-3.20579242706299	-0.794355094432831	-1093.80322265625	-2.2056348323822	-18.1092357635498	-1105.7353515625	-0.104065276682377	-54.4292869567871	-1115.0556640625	11.7415533065796	-65.8432922363281	-1120.20727539062	13.724326133728	-64.5081024169922	-1120.47033691406	16.4247779846191	-54.5978965759277	-1122.83996582031	18.1150817871094	-44.8128242492676	-1123.71520996094	14.4563388824463	-18.9168281555176	-1120.01123046875	8.18661594390869	-10.7771253585815	-1111.19812011719	5.62999773025513	-53.7028312683105	-1092.61169433594	2.79512071609497	-30.0891876220703	-1067.46630859375	16.7872085571289	-24.3125095367432	-1058.28942871094	33.8034629821777	-17.8625946044922	-1068.73010253906	44.8516387939453	-2.55543565750122	-1092.53820800781	36.4114570617676	9.04285430908203	-1093.61364746094	14.5809125900269	-10.539303779602	-1086.34326171875	26.7969837188721	27.7527694702148	-1091.26733398438	12.3104867935181	29.0420188903809	-1104.22143554688	3.56400942802429	36.8142738342285	-1105.85400390625	3.75340294837952	8.43958854675293	-1099.44799804688	-11.3406925201416	-67.6310577392578	-1119.69958496094	-13.150839805603	-66.3599624633789	-1119.86499023438	-17.073299407959	-57.5827598571777	-1121.83569335938	-20.1255474090576	-47.5730285644531	-1122.5517578125	-20.3254947662354	-21.2494850158691	-1119.81677246094	-15.014157295227	-12.1861085891724	-1111.15087890625	-4.91906213760376	-54.2094459533691	-1091.74633789062	-3.39289259910583	-30.4451217651367	-1067.22106933594	-17.7180728912354	-26.8822536468506	-1059.33239746094	-35.7084808349609	-21.7188930511475	-1067.58679199219	-49.7980880737305	-6.84800910949707	-1094.71215820312	-43.0354995727539	5.90080404281616	-1094.03625488281	-18.7741832733154	-11.9929733276367	-1086.55822753906	-37.1120986938477	27.1296348571777	-1091.57019042969	-22.0325603485107	27.9760665893555	-1104.32836914062	-12.8851337432861	35.9576225280762	-1106.88439941406	-12.0780534744263	8.31087493896484	-1099.72082519531
PRI-10731	-0.152019292116165	-68.0510864257812	-1115.32958984375	-0.958779394626617	-60.887020111084	-1106.80749511719	-1.13577020168304	-46.9129486083984	-1085.33850097656	-1.42425060272217	-27.6614513397217	-1060.07556152344	-1.3150794506073	-25.0843162536621	-1054.4208984375	-6.52151203155518	58.1108512878418	-1081.71203613281	-5.4993782043457	43.2922248840332	-1103.58349609375	-4.45541381835938	27.752082824707	-1106.10302734375	-3.15135931968689	1.31968665122986	-1094.6796875	-2.46350598335266	-14.6953001022339	-1104.98376464844	-1.48748409748077	-51.4565086364746	-1109.8046875	11.357084274292	-61.4662628173828	-1115.32861328125	13.3805770874023	-58.4195327758789	-1115.79309082031	16.2138519287109	-49.7654190063477	-1117.50146484375	19.5634727478027	-38.3425483703613	-1116.88684082031	14.5974864959717	-12.2267932891846	-1116.08825683594	9.35309219360352	-6.67488193511963	-1109.93774414062	4.29170274734497	-47.8148918151855	-1090.24816894531	1.6366810798645	-26.2392864227295	-1067.99328613281	13.6436052322388	-22.7425193786621	-1057.77026367188	31.8143882751465	-16.809175491333	-1069.00329589844	45.3555717468262	3.37574625015259	-1096.2734375	34.2045516967773	14.2496747970581	-1095.96020507812	13.042610168457	-9.6389741897583	-1088.32238769531	26.9732723236084	31.2866954803467	-1093.94482421875	13.458930015564	31.1378383636475	-1104.52990722656	3.26425766944885	37.4304542541504	-1105.95983886719	3.9983081817627	10.0579528808594	-1099.5048828125	-12.2701797485352	-62.6891708374023	-1113.9345703125	-14.0262279510498	-60.1917266845703	-1114.27404785156	-18.7904205322266	-51.8911590576172	-1116.49499511719	-22.6011772155762	-40.2521324157715	-1115.80053710938	-19.7023105621338	-14.2656116485596	-1115.35314941406	-14.9874725341797	-8.7026538848877	-1109.64074707031	-6.47784805297852	-48.7630310058594	-1090.39013671875	-4.86095333099365	-26.3715114593506	-1068.11010742188	-17.1433639526367	-24.7427349090576	-1058.12255859375	-36.1037521362305	-21.0380306243896	-1069.41516113281	-50.8991394042969	-4.47379350662231	-1095.16772460938	-42.9661140441895	9.72803115844727	-1095.72229003906	-17.6022853851318	-11.4956293106079	-1088.30749511719	-36.0201683044434	27.1396236419678	-1093.46960449219	-23.0455055236816	29.5907859802246	-1104.46691894531	-13.0704879760742	36.3286285400391	-1106.41186523438	-11.7287549972534	9.29043292999268	-1099.30932617188
PRI-10732	-2.3254656791687	-69.4625701904297	-1112.62316894531	-2.58340191841125	-65.1590042114258	-1104.130859375	-1.77681279182434	-50.3411254882812	-1078.50402832031	-0.995381236076355	-25.3680229187012	-1053.44848632812	-0.961272180080414	-21.6010990142822	-1047.65795898438	-1.46592199802399	62.7751502990723	-1077.5712890625	-1.05149841308594	47.9073867797852	-1100.10803222656	-0.987067103385925	30.8675575256348	-1103.03698730469	-1.56898832321167	4.35365676879883	-1090.87817382812	-1.99126362800598	-13.4596252441406	-1099.19299316406	-2.5396785736084	-51.0351905822754	-1104.79541015625	9.44195747375488	-64.3785781860352	-1111.17993164062	13.9600105285645	-60.1299133300781	-1111.79858398438	15.3732109069824	-53.950439453125	-1114.12487792969	17.3746509552002	-43.7810516357422	-1113.2060546875	15.7184324264526	-17.2068462371826	-1114.20397949219	11.0758934020996	-6.70388984680176	-1107.1533203125	3.0708920955658	-51.5617942810059	-1084.89990234375	2.1736204624176	-25.6052093505859	-1062.71496582031	16.8655586242676	-19.1694259643555	-1052.38488769531	33.1956405639648	-17.8161449432373	-1063.19421386719	48.8854789733887	1.15972340106964	-1092.93481445312	37.6319961547852	12.0757083892822	-1092.96948242188	14.8455600738525	-8.64599895477295	-1084.77502441406	31.9458866119385	31.4177017211914	-1090.55432128906	15.9525737762451	33.524543762207	-1100.8232421875	6.5565881729126	40.7827682495117	-1103.17932128906	6.2384729385376	11.6365222930908	-1095.435546875	-14.3521394729614	-64.3773422241211	-1111.30651855469	-16.9673118591309	-61.5395622253418	-1111.92309570312	-20.3383941650391	-54.8327789306641	-1112.52746582031	-22.3853893280029	-43.8142280578613	-1112.77453613281	-20.665885925293	-16.8598518371582	-1114.01550292969	-15.6901950836182	-7.23140048980713	-1106.87487792969	-7.79185581207275	-51.7758636474609	-1085.85192871094	-4.44413375854492	-25.6772785186768	-1061.81335449219	-18.413215637207	-20.1578559875488	-1052.76477050781	-36.4409561157227	-17.6548137664795	-1063.15563964844	-50.7714195251465	-0.136615037918091	-1091.50695800781	-40.8163795471191	12.9125938415527	-1092.13525390625	-17.6037883758545	-8.92907810211182	-1083.94934082031	-34.9146690368652	32.0816955566406	-1090.24780273438	-18.5736598968506	33.365478515625	-1100.68688964844	-8.9408016204834	39.9070205688477	-1103.26989746094	-8.90213298797607	11.0903043746948	-1095.40209960938
PRI-10734	-2.553555727005	-71.6813583374023	-1110.1806640625	-2.4934196472168	-67.776725769043	-1101.31311035156	-2.59231352806091	-56.4573173522949	-1075.37084960938	-1.91442334651947	-27.0642890930176	-1047.02746582031	-1.89661717414856	-23.2572536468506	-1041.18127441406	-4.53553056716919	64.3741760253906	-1074.49755859375	-3.30540466308594	47.2017860412598	-1095.3271484375	-2.72344064712524	27.7698497772217	-1100.126953125	-2.41914367675781	1.65303492546082	-1083.57836914062	-2.11887431144714	-17.5829830169678	-1094.69287109375	-1.96212899684906	-54.8868751525879	-1101.48583984375	8.56268978118896	-65.5638732910156	-1107.43444824219	12.1103134155273	-63.4361419677734	-1107.31225585938	15.1421089172363	-56.8609886169434	-1108.55505371094	17.3638973236084	-44.8045120239258	-1109.29760742188	15.068377494812	-19.0970230102539	-1108.1396484375	10.1698770523071	-11.2603063583374	-1101.13562011719	2.71283864974976	-53.4174575805664	-1079.71704101562	0.907221615314484	-26.8513107299805	-1055.75854492188	14.3759927749634	-20.0308876037598	-1045.64294433594	31.5913181304932	-15.0249977111816	-1057.73352050781	47.4640579223633	-0.12750931084156	-1084.01379394531	38.2293663024902	12.9502611160278	-1086.69946289062	12.5957164764404	-8.66690158843994	-1076.61828613281	31.3179492950439	32.8827323913574	-1085.86157226562	14.4423418045044	30.6236114501953	-1097.87109375	4.44559478759766	38.2383193969727	-1099.08569335938	5.6635913848877	8.82047939300537	-1090.69250488281	-13.5723009109497	-64.302734375	-1108.14025878906	-17.29709815979	-62.6818695068359	-1109.01745605469	-18.8388996124268	-55.7109527587891	-1111.14709472656	-22.0457420349121	-44.4715423583984	-1109.197265625	-18.8997116088867	-19.2329769134521	-1107.88671875	-14.4513006210327	-10.8901195526123	-1101.09375	-6.77456092834473	-53.3001441955566	-1079.78698730469	-4.91968202590942	-27.5159454345703	-1055.36779785156	-17.9329090118408	-20.9879627227783	-1045.22302246094	-36.3390693664551	-16.1716175079346	-1057.6650390625	-51.4986381530762	-3.44882321357727	-1085.67883300781	-43.6418380737305	10.978479385376	-1086.15905761719	-17.9193210601807	-8.3445291519165	-1076.69360351562	-36.6069831848145	31.3832340240479	-1085.97998046875	-19.5110244750977	29.365348815918	-1097.14416503906	-11.1678686141968	37.1371192932129	-1100.23388671875	-10.8708009719849	8.61885833740234	-1090.42065429688
PRI-10736	-2.28759431838989	-67.0914993286133	-1125.1220703125	-2.29563975334167	-61.1268196105957	-1116.76574707031	-1.60229301452637	-47.949649810791	-1093.84533691406	-0.567977547645569	-22.6851253509521	-1066.52221679688	-0.127921402454376	-19.2058200836182	-1060.74401855469	-1.47319829463959	68.1225509643555	-1092.67700195312	-2.01456642150879	51.4031448364258	-1111.37182617188	-1.98859143257141	33.2057418823242	-1115.7177734375	-2.4309024810791	7.31269598007202	-1102.06750488281	-2.34895062446594	-9.71603107452393	-1111.32531738281	-1.98159694671631	-47.8973846435547	-1118.13854980469	10.0310583114624	-60.6480751037598	-1122.25939941406	11.7471132278442	-58.8851203918457	-1122.61975097656	15.9253053665161	-49.5929069519043	-1123.77136230469	18.0138530731201	-37.8778305053711	-1125.91137695312	14.6414413452148	-11.593807220459	-1124.64086914062	10.3030824661255	-4.80174207687378	-1118.94030761719	3.49414491653442	-45.9972915649414	-1097.52844238281	2.07532620429993	-22.1204528808594	-1074.19543457031	16.0213031768799	-17.8730525970459	-1064.75244140625	33.0985374450684	-12.445559501648	-1075.52575683594	47.4385032653809	5.34730100631714	-1104.42993164062	35.2992668151855	17.0674343109131	-1103.31982421875	13.5522785186768	-5.55914211273193	-1096.54968261719	32.2469482421875	37.4519920349121	-1101.61389160156	14.148494720459	37.060375213623	-1113.45227050781	6.34184741973877	43.3330459594727	-1115.8056640625	4.90521192550659	13.5212211608887	-1108.13891601562	-14.0584802627563	-60.5242919921875	-1122.42639160156	-15.5357751846313	-58.7363204956055	-1122.67932128906	-20.5368480682373	-49.3364295959473	-1123.20910644531	-22.8237419128418	-38.5805511474609	-1125.63818359375	-20.40553855896	-12.2225294113159	-1124.1513671875	-15.3249816894531	-3.91424989700317	-1117.92932128906	-6.9665789604187	-46.9348564147949	-1097.35461425781	-3.97626495361328	-22.176643371582	-1073.87463378906	-16.7225322723389	-17.3233032226562	-1063.82836914062	-35.2636642456055	-12.5120906829834	-1073.99060058594	-50.9836654663086	4.61407947540283	-1102.45227050781	-39.015079498291	17.135986328125	-1101.67468261719	-16.8106861114502	-5.14488935470581	-1095.60266113281	-35.7564125061035	37.5006370544434	-1100.65673828125	-20.5856437683105	37.6823768615723	-1112.71630859375	-10.723391532898	43.5278511047363	-1115.83251953125	-9.32249450683594	13.7553510665894	-1108.07629394531
PRI-10737	-3.50142002105713	-65.523323059082	-1120.67236328125	-2.76679158210754	-59.9464797973633	-1112.95642089844	-1.2280889749527	-44.8232727050781	-1090.14343261719	-1.69488716125488	-19.3660793304443	-1059.77062988281	-1.50881314277649	-16.1441898345947	-1054.89111328125	-1.79531526565552	71.9086837768555	-1084.20263671875	-2.33260679244995	56.9817085266113	-1107.49816894531	-2.88975477218628	38.6189880371094	-1111.78784179688	-2.80406832695007	12.2088174819946	-1099.89978027344	-3.08012413978577	-5.29962253570557	-1109.16540527344	-2.82713031768799	-46.2053756713867	-1115.31359863281	8.36987972259521	-60.0661659240723	-1118.62182617188	12.8312931060791	-57.08203125	-1119.86962890625	15.0963535308838	-50.3153419494629	-1121.08276367188	18.0116786956787	-39.2958679199219	-1123.24475097656	16.4593505859375	-14.2655334472656	-1122.57482910156	10.5924739837646	-0.32703223824501	-1115.77319335938	3.10474896430969	-43.3645629882812	-1094.19775390625	1.24055707454681	-19.0958118438721	-1069.44677734375	15.5437049865723	-14.4587831497192	-1058.59020996094	32.9043884277344	-8.90860271453857	-1068.328125	50.9654769897461	7.09250640869141	-1097.6806640625	38.8363418579102	21.2604293823242	-1098.82299804688	13.1782169342041	-2.29178857803345	-1092.88330078125	33.4040145874023	41.6886215209961	-1096.94848632812	16.0167903900146	42.9212684631348	-1109.15246582031	5.29758310317993	50.8602142333984	-1111.13708496094	5.86489963531494	20.4097347259521	-1105.26745605469	-14.2403326034546	-59.1528396606445	-1118.57263183594	-17.2865791320801	-56.5142135620117	-1119.14208984375	-21.8629722595215	-50.5511627197266	-1121.26733398438	-23.6617107391357	-39.1103515625	-1122.80651855469	-22.5680027008057	-13.8004083633423	-1121.79431152344	-15.8442144393921	0.356462568044662	-1115.37353515625	-7.18143701553345	-43.5918312072754	-1093.51501464844	-5.03235006332397	-19.4554920196533	-1068.99328613281	-20.2328433990479	-14.7522048950195	-1058.72778320312	-35.8936958312988	-8.64392185211182	-1065.42199707031	-55.6535720825195	7.38698625564575	-1096.91369628906	-43.269962310791	22.5805339813232	-1098.48815917969	-18.9337768554688	-1.22872710227966	-1091.76525878906	-37.6836738586426	42.0710029602051	-1097.21447753906	-21.3369102478027	44.0520172119141	-1109.45422363281	-10.8864698410034	50.8370819091797	-1111.23156738281	-11.1724767684937	20.2763690948486	-1104.53002929688
PRI-10739	-3.19426512718201	-63.264575958252	-1117.57019042969	-3.00148844718933	-57.6090965270996	-1110.08654785156	-2.98245573043823	-45.2474327087402	-1087.90661621094	-2.33091592788696	-22.3173942565918	-1061.92407226562	-2.1724362373352	-19.4772701263428	-1057.234375	-3.15204524993896	67.2467956542969	-1088.71838378906	-3.51149249076843	50.27490234375	-1108.88146972656	-3.2007577419281	32.1164245605469	-1112.16857910156	-2.8809187412262	7.16093349456787	-1095.01379394531	-3.05261564254761	-8.22527027130127	-1107.65637207031	-3.1574912071228	-45.9667739868164	-1112.8369140625	8.95306968688965	-56.9921989440918	-1116.89196777344	10.2778882980347	-55.0507850646973	-1117.27587890625	13.4591627120972	-47.6033058166504	-1117.94128417969	15.5926828384399	-35.9565925598145	-1120.41235351562	13.1709413528442	-9.42094612121582	-1121.06518554688	7.57178068161011	-2.2844762802124	-1114.13793945312	1.85932147502899	-43.3739356994629	-1091.12658691406	0.108774498105049	-21.1004905700684	-1070.10803222656	13.7318162918091	-17.6478385925293	-1061.44104003906	30.223503112793	-11.3749837875366	-1070.99353027344	45.1600570678711	5.89049577713013	-1101.33239746094	36.1072387695312	16.3538761138916	-1101.09509277344	12.1275911331177	-3.04995012283325	-1092.44140625	29.3296413421631	36.3879623413086	-1098.54333496094	13.3548440933228	36.5110893249512	-1111.21313476562	4.42617559432983	43.6291847229004	-1112.47863769531	4.64861869812012	16.6809730529785	-1103.93151855469	-15.136965751648	-57.2479629516602	-1116.10119628906	-16.320686340332	-55.9701232910156	-1116.27319335938	-19.7928504943848	-48.6234283447266	-1117.89489746094	-23.0996627807617	-36.5618629455566	-1120.08935546875	-20.6454792022705	-10.1860408782959	-1120.80737304688	-14.8072986602783	-2.87127113342285	-1113.46765136719	-7.21166229248047	-44.2952117919922	-1091.73425292969	-5.7483115196228	-21.9583339691162	-1070.11108398438	-18.7789134979248	-17.7303352355957	-1060.86376953125	-35.5334892272949	-11.3440732955933	-1070.15747070312	NA	NA	NA	NA	NA	NA	-18.5126724243164	-2.76744294166565	-1090.91064453125	-35.9834632873535	35.9541625976562	-1096.80419921875	-20.8272705078125	35.9547920227051	-1109.59338378906	-11.4357261657715	43.1711044311523	-1112.48107910156	-10.5886383056641	15.6585025787354	-1103.22570800781
PRI-10740	0.376259654760361	-65.0645523071289	-1082.1982421875	-0.582673192024231	-59.1248970031738	-1076.01184082031	-0.999121069908142	-44.639102935791	-1054.52172851562	-0.804717898368835	-21.6832008361816	-1029.76208496094	-0.867610394954681	-18.152379989624	-1024.7197265625	-2.3308002948761	67.3258895874023	-1055.00415039062	-2.33275866508484	53.3034439086914	-1077.68322753906	-2.09547209739685	35.1694946289062	-1081.62231445312	-1.10432279109955	8.28962230682373	-1067.91906738281	-1.35685086250305	-9.71839141845703	-1077.31665039062	-0.564870893955231	-46.5053863525391	-1079.16845703125	11.3103494644165	-57.828685760498	-1081.96252441406	13.8379621505737	-55.4426918029785	-1082.95568847656	15.8599452972412	-48.2504196166992	-1085.46008300781	19.1395816802979	-37.4456672668457	-1088.33508300781	16.1295909881592	-11.850248336792	-1091.42053222656	10.8678159713745	-4.43020820617676	-1084.29919433594	4.13966464996338	-42.7055511474609	-1057.98913574219	2.10563039779663	-20.8144721984863	-1038.82312011719	17.1575832366943	-15.579984664917	-1028.17626953125	33.2382850646973	-10.5083208084106	-1038.41662597656	48.0688171386719	9.78627681732178	-1067.35632324219	37.2501831054688	17.5949649810791	-1069.44165039062	14.1132211685181	-3.29732370376587	-1061.07556152344	29.7283401489258	37.9880027770996	-1067.64111328125	16.2346477508545	37.4758911132812	-1080.03930664062	6.19803714752197	45.0733833312988	-1081.46936035156	5.88185405731201	17.580057144165	-1075.47619628906	-11.4882640838623	-58.3612213134766	-1081.88684082031	-14.3831748962402	-55.9321708679199	-1082.91247558594	-17.3658428192139	-49.5605735778809	-1085.30969238281	-20.9767322540283	-38.8170127868652	-1087.80847167969	-19.6975536346436	-13.0905437469482	-1090.76354980469	-13.7299690246582	-5.28958129882812	-1084.58422851562	-5.65693616867065	-43.9805870056152	-1058.29760742188	-3.91345524787903	-21.3173637390137	-1039.18200683594	-18.2392044067383	-16.4126510620117	-1028.79077148438	-34.906135559082	-12.9835176467896	-1038.11218261719	-50.0055809020996	6.58555126190186	-1067.72888183594	-42.6445999145508	16.3288021087646	-1068.44567871094	-16.6552028656006	-5.00000762939453	-1061.11840820312	-33.4795875549316	36.7908935546875	-1066.88940429688	-19.0343112945557	37.4609985351562	-1079.87939453125	-10.2894678115845	44.3606376647949	-1081.58544921875	-9.41155052185059	16.9935436248779	-1074.04956054688
PRI-10742	-0.78220522403717	-56.3317947387695	-1099.77172851562	-0.757142245769501	-52.5805969238281	-1091.99670410156	-0.927238345146179	-43.3055534362793	-1070.92883300781	-1.5941801071167	-21.48659324646	-1046.91711425781	-1.61621022224426	-18.9705238342285	-1041.80969238281	-4.34727382659912	63.3202362060547	-1073.4658203125	-4.00011301040649	47.102180480957	-1090.73315429688	-3.41462850570679	31.0819568634033	-1091.36938476562	-2.45329284667969	6.75952816009521	-1080.82360839844	-1.55757212638855	-9.21504878997803	-1089.83435058594	-0.6800736784935	-44.0077972412109	-1095.06127929688	9.59915065765381	-50.6343536376953	-1099.12194824219	10.7084760665894	-49.9199981689453	-1099.40234375	13.08860206604	-45.6781692504883	-1100.81970214844	16.9496746063232	-35.4379081726074	-1102.77905273438	14.5442161560059	-11.397946357727	-1101.63061523438	10.0137977600098	-3.85138273239136	-1095.77099609375	3.40498065948486	-41.2641906738281	-1073.85888671875	0.87899500131607	-20.3603935241699	-1054.39794921875	14.3973112106323	-15.7817230224609	-1045.3798828125	29.0646018981934	-10.0131015777588	-1057.05517578125	40.8696937561035	0.764912128448486	-1080.72900390625	34.2263641357422	13.5531969070435	-1080.54724121094	11.3882665634155	-3.21616148948669	-1074.17443847656	27.1734962463379	30.4495067596436	-1079.05847167969	12.9856128692627	32.1748542785645	-1090.06237792969	4.48703193664551	38.8863525390625	-1092.53198242188	5.09434843063354	11.4312295913696	-1085.71887207031	-11.3174114227295	-51.9188079833984	-1098.36169433594	-11.9076595306396	-51.2922668457031	-1098.66662597656	-15.1484470367432	-46.2742500305176	-1100.05822753906	-18.7465858459473	-36.4871520996094	-1102.56433105469	-17.5822257995605	-12.0377960205078	-1101.73791503906	-13.0908803939819	-4.42538690567017	-1096.68762207031	-5.69650936126709	-42.532283782959	-1074.18090820312	-4.02414321899414	-21.1495513916016	-1054.8466796875	-17.0937271118164	-16.6999073028564	-1047.08520507812	-32.7120590209961	-12.5784864425659	-1057.23864746094	-45.314884185791	1.36048829555511	-1082.34558105469	-38.9079322814941	10.4762105941772	-1082.49963378906	-16.057523727417	-5.14894008636475	-1075.48168945312	-33.1972122192383	28.6709156036377	-1080.6513671875	-20.0919589996338	31.1711578369141	-1091.0986328125	-11.9109840393066	38.4303245544434	-1093.38391113281	-9.59828472137451	12.0134391784668	-1086.37756347656
PRI-10744	-1.47155261039734	-57.1977081298828	-1139.9091796875	-1.80198574066162	-53.318977355957	-1132.3193359375	-1.63887095451355	-45.5065269470215	-1110.94873046875	-2.31852746009827	-25.6830234527588	-1086.94287109375	-2.23248410224915	-22.9697608947754	-1082.00231933594	-4.04980564117432	60.9059371948242	-1109.27380371094	-4.11271810531616	44.4482688903809	-1126.34875488281	-4.03870534896851	27.5977821350098	-1130.365234375	-3.04263067245483	2.68324899673462	-1117.98327636719	-2.7905912399292	-12.4453439712524	-1129.28527832031	-1.74610412120819	-42.9771499633789	-1134.3701171875	9.06461429595947	-50.9218521118164	-1139.35559082031	10.1345233917236	-49.6579322814941	-1139.74572753906	12.251371383667	-45.1960678100586	-1140.56372070312	15.8548412322998	-35.1010093688965	-1141.03112792969	13.2793388366699	-10.9444637298584	-1140.57983398438	9.6396951675415	-6.04462909698486	-1134.70141601562	2.71449828147888	-44.21875	-1115.08874511719	0.643732488155365	-24.767162322998	-1096.34484863281	12.9101076126099	-21.7463035583496	-1085.63000488281	29.2353649139404	-16.4333782196045	-1096.55932617188	41.1727027893066	1.37720203399658	-1120.83740234375	34.5239372253418	10.854398727417	-1119.19812011719	11.3767166137695	-8.00360298156738	-1112.78173828125	25.5717830657959	29.1686935424805	-1116.31127929688	12.5709323883057	30.5630569458008	-1128.71069335938	3.90157675743103	37.385913848877	-1129.70263671875	3.8883228302002	9.83233070373535	-1124.7431640625	-12.1455888748169	-50.6411018371582	-1139.46655273438	-12.8457221984863	-49.8049926757812	-1139.853515625	-16.0000305175781	-45.122241973877	-1140.35546875	-19.3271961212158	-34.8510856628418	-1141.50231933594	-18.15452003479	-10.5951099395752	-1140.51110839844	-15.3012886047363	-6.02251815795898	-1134.68603515625	-5.80252647399902	-44.4469871520996	-1114.42529296875	-5.4425778388977	-24.7360649108887	-1096.08642578125	-17.9020004272461	-22.1315460205078	-1085.84765625	-34.2839469909668	-17.7600212097168	-1097.45703125	-47.2266502380371	-1.54473781585693	-1121.31420898438	-41.3486976623535	9.52379989624023	-1120.66198730469	-17.8251438140869	-8.56369113922119	-1113.78552246094	-33.7548828125	28.6207122802734	-1117.77478027344	-21.3724269866943	30.3622245788574	-1129.52856445312	-11.866888999939	37.1238327026367	-1129.9150390625	-10.8019752502441	9.16541290283203	-1124.73193359375
PRI-10751	-2.98276495933533	-52.4594917297363	-1138.76049804688	-3.4030487537384	-49.3449668884277	-1128.52844238281	-3.34735584259033	-40.9063301086426	-1107.39819335938	-3.57277607917786	-22.8675136566162	-1086.91369628906	-3.77282333374023	-21.0437335968018	-1081.923828125	-0.928743422031403	61.231273651123	-1110.79235839844	-1.62805795669556	45.4985847473145	-1127.21789550781	-2.07851052284241	29.2118663787842	-1130.25610351562	-2.41385293006897	4.48559904098511	-1116.47412109375	-2.26078009605408	-9.14494132995606	-1126.57800292969	-3.26924705505371	-39.2126884460449	-1131.01391601562	7.95348453521729	-48.3022422790527	-1135.81066894531	8.96206951141357	-46.9936561584473	-1136.7626953125	12.0008935928345	-42.3919982910156	-1137.74670410156	15.6280498504639	-32.0299797058105	-1139.30786132812	13.2789525985718	-6.7198805809021	-1136.66223144531	9.2325611114502	-2.31795811653137	-1132.30310058594	0.867255747318268	-40.1425018310547	-1110.76110839844	-0.252732038497925	-21.750280380249	-1094.27453613281	13.9157609939575	-17.7586040496826	-1083.70837402344	28.9916458129883	-12.1672344207764	-1094.87622070312	40.8567771911621	3.06960654258728	-1119.48754882812	33.5610694885254	12.853063583374	-1119.05920410156	11.1574535369873	-4.81856489181519	-1111.95471191406	27.547477722168	28.6292171478271	-1117.38928222656	14.0256729125977	30.1220569610596	-1128.27770996094	6.44564771652222	37.6283226013184	-1129.09497070312	4.85183811187744	11.3339366912842	-1123.82373046875	-14.0267534255981	-47.9564895629883	-1136.77770996094	-14.1434316635132	-46.7666664123535	-1137.54858398438	-18.0418815612793	-41.8286972045898	-1138.62976074219	-20.4807739257812	-31.6696147918701	-1140.06103515625	-18.0315551757812	-6.53267955780029	-1137.52099609375	-12.9471740722656	-2.36448001861572	-1132.74377441406	-7.40535163879395	-39.9362907409668	-1111.0810546875	-6.7629246711731	-21.4680519104004	-1093.83813476562	-20.2259635925293	-17.0229110717773	-1085.33630371094	-35.5574035644531	-11.0455350875854	-1096.52795410156	NA	NA	NA	-38.2331085205078	15.1356687545776	-1121.58642578125	-16.6975078582764	-4.31099653244019	-1112.20642089844	-31.6738109588623	30.4846115112305	-1120.16345214844	-18.4922351837158	31.0205326080322	-1128.91625976562	-9.58177757263184	37.9005355834961	-1130.62414550781	-9.67428207397461	11.4114418029785	-1123.43725585938
PRI-10765	126.495819091797	-54.7299919128418	-843.344909667969	126.621055603027	-49.9127159118652	-851.408020019531	126.279602050781	-39.0707702636719	-870.888610839844	127.649040222168	-16.8444938659668	-894.362121582031	127.602531433105	-13.2098760604858	-898.950805664062	128.768249511719	67.748176574707	-865.537719726562	128.966400146484	49.9811973571777	-850.524047851562	128.403427124023	32.238395690918	-847.58740234375	128.150680541992	10.1801090240479	-862.158386230469	127.993301391602	-2.76484608650208	-850.620544433594	126.53572845459	-39.3945274353027	-849.794250488281	115.834449768066	-48.1834602355957	-843.792907714844	113.411422729492	-46.0405540466309	-843.853576660156	111.429557800293	-38.4333190917969	-841.566528320312	NA	NA	NA	113.405487060547	-2.78171920776367	-841.362365722656	117.302536010742	2.12135863304138	-846.270141601562	120.944465637207	-36.5252723693848	-867.804443359375	124.851127624512	-15.4052314758301	-886.609924316406	113.03645324707	-12.7610578536987	-894.788024902344	97.8932342529297	-1.99922335147858	-886.119262695312	86.1318359375	9.13817405700684	-858.138854980469	93.5921325683594	17.8625583648682	-858.724853515625	114.530303955078	-0.389169484376907	-865.478332519531	98.7614440917969	36.7118797302246	-860.87060546875	113.30451965332	38.0499153137207	-850.554260253906	121.422920227051	42.8999061584473	-847.953552246094	121.318840026855	18.5906829833984	-856.8623046875	137.214218139648	-48.5391998291016	-844.189331054688	138.98600769043	-46.0436172485352	-843.423217773438	NA	NA	NA	NA	NA	NA	142.4560546875	-3.56783509254456	-841.465209960938	138.654144287109	2.70151782035828	-846.122375488281	132.185104370117	-36.9961585998535	-867.193725585938	130.298568725586	-15.275652885437	-886.725280761719	142.617477416992	-12.3464345932007	-895.782409667969	158.083587646484	-3.36931109428406	-885.184204101562	169.743957519531	8.14363479614258	-858.074645996094	162.936752319336	16.6955127716064	-858.637268066406	141.509994506836	-0.461281269788742	-865.470336914062	158.849990844727	36.5406951904297	-860.182556152344	144.340148925781	37.9565277099609	-849.724914550781	136.503067016602	42.4667053222656	-847.237487792969	135.802062988281	18.7927227020264	-857.523986816406
PRI-10767	110.104667663574	-43.0353202819824	-848.667846679688	110.263870239258	-38.7384338378906	-855.72412109375	110.314231872559	-30.0709934234619	-872.542419433594	111.490898132324	-13.345814704895	-893.508666992188	111.508995056152	-10.3649473190308	-898.886962890625	111.350677490234	63.6964073181152	-870.782470703125	111.434616088867	48.8762855529785	-853.822814941406	111.00407409668	35.6523818969727	-850.519714355469	111.5068359375	11.2886562347412	-864.744201660156	110.96932220459	-0.0454066507518291	-856.295288085938	110.28254699707	-30.7839908599854	-853.060607910156	100.11417388916	-37.8993339538574	-849.536193847656	98.643913269043	-36.6099395751953	-848.924133300781	96.2737503051758	-32.2005157470703	-847.900085449219	93.0216598510742	-22.8474159240723	-847.533508300781	97.6111755371094	2.55918097496033	-849.553039550781	100.438743591309	4.23300457000732	-852.034790039062	106.052101135254	-29.3879833221436	-869.858825683594	109.097328186035	-12.7881994247437	-887.078125	97.3881607055664	-9.35741424560547	-896.800964355469	82.9677200317383	-0.313120424747467	-887.341674804688	73.4137573242188	11.1672439575195	-863.780944824219	82.5390167236328	20.8994293212891	-863.699096679688	96.8553237915039	3.48761606216431	-869.806640625	84.7651138305664	36.8675498962402	-865.161560058594	96.4418411254883	38.5727195739746	-854.315002441406	104.089981079102	44.1476135253906	-851.779724121094	105.184715270996	20.3238525390625	-858.627685546875	120.201698303223	-38.0891532897949	-848.937622070312	121.320686340332	-36.8220100402832	-848.605224609375	123.592132568359	-32.2779502868652	-846.974182128906	127.249382019043	-22.1972522735596	-846.701599121094	124.601119995117	1.82127213478088	-848.59521484375	120.577682495117	4.35321950912476	-851.573974609375	115.474143981934	-29.3339805603027	-869.967651367188	113.836036682129	-13.0726976394653	-886.754272460938	126.748870849609	-9.18258666992188	-895.349609375	140.455718994141	-1.00493037700653	-884.993591308594	148.496185302734	11.4503040313721	-861.4951171875	141.707550048828	20.4367427825928	-861.322570800781	126.120681762695	3.47128510475159	-868.557983398438	137.629821777344	36.1945991516113	-863.4169921875	124.843551635742	37.7251167297363	-853.215454101562	117.602088928223	43.7473220825195	-850.807495117188	117.2861328125	20.1827430725098	-858.005981445312
PRI-10771	112.323989868164	-49.2374496459961	-888.578247070312	112.551445007324	-44.3094024658203	-893.654174804688	112.424949645996	-32.9872894287109	-912.640747070312	112.929962158203	-13.5960865020752	-934.584167480469	112.958854675293	-10.3737916946411	-938.352233886719	114.854988098145	63.3570938110352	-902.363586425781	114.966087341309	45.2061233520508	-889.048095703125	114.757179260254	28.4762840270996	-886.897216796875	114.419677734375	7.89056158065796	-902.60107421875	113.775680541992	-6.34364175796509	-893.764587402344	112.752723693848	-36.2369842529297	-891.796447753906	103.32950592041	-45.821174621582	-887.79931640625	101.867858886719	-44.2762565612793	-887.449645996094	98.7788925170898	-40.3680953979492	-886.168579101562	95.9042205810547	-30.1148071289062	-885.082946777344	99.2695388793945	-5.86717796325684	-887.365661621094	103.403129577637	-0.43756240606308	-888.227478027344	NA	NA	NA	110.617546081543	-13.9031639099121	-926.237426757812	98.3042678833008	-6.99496555328369	-936.079895019531	84.4393310546875	-2.69315910339355	-925.878967285156	75.4443511962891	6.57122373580933	-901.972900390625	83.0826110839844	16.2753410339355	-899.420532226562	99.6193161010742	-0.372406303882599	-907.828918457031	86.846565246582	32.730052947998	-899.710327148438	100.233497619629	31.6000347137451	-888.690856933594	107.364227294922	37.9116554260254	-886.476989746094	107.609375	15.8466320037842	-895.553039550781	122.10432434082	-45.7217864990234	-887.589111328125	123.572601318359	-44.3599624633789	-887.480590820312	126.926536560059	-41.0432395935059	-887.276000976562	130.440643310547	-30.5039501190186	-885.943603515625	128.377899169922	-6.43345880508423	-887.594421386719	124.557914733887	-1.64385163784027	-888.611206054688	117.243629455566	-33.977367401123	-908.826782226562	115.290367126465	-13.9150810241699	-926.227905273438	127.207618713379	-7.56818008422852	-937.274108886719	141.802291870117	-3.10577917098999	-925.832336425781	152.420166015625	6.41396522521973	-901.811767578125	146.207092285156	14.976770401001	-899.601928710938	127.473594665527	-0.397831618785858	-908.208068847656	142.770324707031	31.8412914276123	-899.685180664062	129.588500976562	31.718204498291	-887.982177734375	122.075553894043	37.4899978637695	-886.040222167969	120.881690979004	15.208945274353	-896.446411132812
PRI-10789	131.132522583008	-56.5592041015625	-846.622009277344	130.733337402344	-51.1986351013184	-852.143432617188	129.290084838867	-38.0761032104492	-870.688781738281	129.063980102539	-12.0318746566772	-893.121826171875	128.99772644043	-7.75660419464111	-897.471252441406	137.057907104492	69.6977081298828	-858.222290039062	136.005554199219	48.7974166870117	-841.503662109375	135.154861450195	33.2519340515137	-840.047119140625	132.748901367188	9.57151794433594	-859.985961914062	132.730697631836	-5.58150434494019	-849.705810546875	131.100936889648	-41.2490386962891	-848.789245605469	119.640808105469	-51.7173309326172	-846.348510742188	117.990440368652	-49.8163833618164	-845.639221191406	114.705284118652	-43.2131767272949	-842.946350097656	112.726654052734	-33.0614776611328	-839.967956542969	116.345169067383	-7.15208101272583	-838.2412109375	122.129791259766	-0.624625086784363	-844.184326171875	124.419059753418	-37.1625556945801	-867.239868164062	126.530769348145	-11.1244535446167	-886.877746582031	113.752105712891	-5.3954496383667	-895.726989746094	98.5096282958984	1.74648988246918	-885.013488769531	86.4933395385742	15.8638668060303	-856.993591308594	95.9887008666992	23.1562595367432	-853.367309570312	119.182685852051	1.81344306468964	-865.153076171875	104.076599121094	41.7954711914062	-854.305358886719	120.314270019531	37.9884147644043	-842.345520019531	128.107803344727	43.2451705932617	-839.441589355469	127.025497436523	20.0825157165527	-850.373474121094	141.798278808594	-52.7988700866699	-846.941711425781	142.991058349609	-52.0417976379395	-846.642578125	148.187515258789	-43.5449752807617	-843.480102539062	151.158233642578	-34.2771415710449	-841.257568359375	148.884155273438	-7.54427242279053	-839.771179199219	144.12092590332	-1.60396897792816	-845.514526367188	135.125045776367	-37.4413375854492	-867.782409667969	132.532897949219	-11.8764095306396	-886.923706054688	144.442840576172	-6.278395652771	-896.857971191406	163.09114074707	-2.7363440990448	-888.500427246094	177.374252319336	8.2661771774292	-861.442504882812	171.315139770508	17.5196094512939	-858.097290039062	145.448822021484	1.57653379440308	-866.21728515625	166.159759521484	37.4109115600586	-856.918334960938	151.50178527832	35.7818946838379	-843.55712890625	143.431213378906	42.2877616882324	-840.318603515625	141.756423950195	18.7836494445801	-851.671875
PRI-10928	-4.72079801559448	-61.7673301696777	-1168.58312988281	-4.07169151306152	-56.6226234436035	-1158.16955566406	-3.31476831436157	-46.4387855529785	-1131.85180664062	-3.0700957775116	-23.9710559844971	-1099.74719238281	-2.84658479690552	-20.1776638031006	-1094.07971191406	-2.71864223480225	70.0653915405273	-1123.84851074219	-3.72539210319519	50.5085105895996	-1142.23815917969	-3.18346381187439	33.8075828552246	-1146.80798339844	-3.33902263641357	6.84710741043091	-1132.05493164062	-4.00757122039795	-8.59603023529053	-1145.40356445312	-3.74791741371155	-45.174015045166	-1159.537109375	6.72389936447144	-57.1092948913574	-1165.62939453125	10.205662727356	-54.8669204711914	-1165.88562011719	13.201132774353	-47.3156127929688	-1167.25805664062	15.5275001525879	-35.7664985656738	-1165.78625488281	12.7546167373657	-10.3596515655518	-1161.158203125	6.60260438919067	-3.31209564208984	-1152.978515625	2.06031966209412	-45.9496650695801	-1133.78479003906	0.374041318893433	-23.7614517211914	-1108.33862304688	15.8929929733276	-18.7396430969238	-1098.42077636719	31.3818187713623	-10.5707855224609	-1107.8623046875	42.1036224365234	7.20739507675171	-1137.5625	35.5145111083984	16.7526168823242	-1137.8056640625	10.9439897537231	-3.5407874584198	-1127.9306640625	29.7283916473389	37.5853996276855	-1133.2109375	13.9431314468384	39.3570442199707	-1144.9091796875	3.54606008529663	45.1562652587891	-1145.900390625	4.51601028442383	15.1025447845459	-1138.45434570312	-15.5377836227417	-57.3742294311523	-1164.974609375	-17.784294128418	-54.9356575012207	-1164.81213378906	-21.1792030334473	-46.6227912902832	-1166.3154296875	-23.4057941436768	-35.668041229248	-1164.72998046875	-21.4109935760498	-10.2408494949341	-1160.21630859375	-14.830304145813	-1.78929722309113	-1151.61608886719	-8.57660865783691	-45.5434989929199	-1133.38244628906	-6.85206413269043	-22.2967395782471	-1108.30615234375	-22.6899223327637	-18.5312442779541	-1097.64013671875	-38.3818168640137	-11.3456468582153	-1107.10095214844	-49.8780822753906	6.63177680969238	-1135.05322265625	-43.4601135253906	15.1405086517334	-1135.29443359375	-18.5039386749268	-3.87163400650024	-1127.4833984375	-37.9247627258301	36.734001159668	-1130.3642578125	-21.2959613800049	36.4904632568359	-1142.7001953125	-11.771258354187	43.9988441467285	-1145.78747558594	-11.9587564468384	15.8103694915771	-1137.39001464844
PRI-11109	121.590385437012	-55.3937911987305	-842.062438964844	122.30989074707	-50.0756492614746	-848.666198730469	123.357795715332	-37.5480499267578	-867.051147460938	124.915084838867	-20.3583812713623	-889.4921875	125.182502746582	-17.9394264221191	-894.322631835938	125.100028991699	63.9726486206055	-865.307006835938	124.059837341309	46.1579132080078	-847.443115234375	123.816116333008	30.1387615203857	-845.87744140625	124.289215087891	8.52465915679932	-858.657653808594	123.428657531738	-6.51362752914429	-850.109191894531	122.678169250488	-39.3339920043945	-847.321105957031	111.458656311035	-49.8921394348145	-844.853454589844	109.791816711426	-48.7064743041992	-844.716613769531	106.044891357422	-42.9267387390137	-843.729736328125	102.795097351074	-31.568868637085	-842.500305175781	106.346092224121	-5.71753597259521	-841.663635253906	111.463119506836	-1.27450203895569	-844.336853027344	119.236328125	-36.8257293701172	-865.403930664062	121.689590454102	-19.0291404724121	-882.294250488281	108.500732421875	-16.3007621765137	-892.349670410156	94.8454513549805	-9.50825691223145	-885.692016601562	79.8080062866211	4.57836580276489	-860.051513671875	87.3737106323242	17.0002021789551	-857.447387695312	110.134735107422	-2.224280834198	-863.2822265625	94.0149688720703	33.9631004333496	-858.881591796875	107.910659790039	34.2710990905762	-848.593383789062	116.540138244629	39.2620849609375	-845.63916015625	117.011489868164	13.6775636672974	-852.997375488281	133.027954101562	-49.9852676391602	-843.291076660156	133.647048950195	-49.2485313415527	-842.958251953125	137.603866577148	-43.2841720581055	-841.108947753906	140.607330322266	-32.59619140625	-839.763488769531	139.924087524414	-6.55380535125732	-838.787536621094	134.923034667969	-1.82347977161407	-843.255920410156	128.09407043457	-37.2485771179199	-864.546691894531	127.471504211426	-19.6110992431641	-882.108581542969	140.664138793945	-16.9916934967041	-890.923278808594	155.113433837891	-10.561336517334	-881.592407226562	167.508056640625	2.75729966163635	-854.195861816406	160.531860351562	15.7524967193604	-853.722961425781	138.231109619141	-2.47579979896545	-862.0986328125	154.410766601562	33.4182929992676	-855.347290039062	140.037353515625	34.5633850097656	-846.799865722656	131.028121948242	39.3434104919434	-844.519104003906	131.632293701172	13.3903951644897	-853.045776367188
PRI-11285	106.500671386719	-54.6382522583008	-849.349182128906	106.775108337402	-51.1811676025391	-854.163635253906	106.480995178223	-44.7966651916504	-870.494689941406	107.362731933594	-26.2899971008301	-892.771728515625	107.487075805664	-23.5437965393066	-897.215026855469	109.858825683594	51.6927871704102	-868.805297851562	109.088836669922	34.8460121154785	-854.454223632812	108.347473144531	18.5405349731445	-852.807983398438	108.199279785156	-2.92102909088135	-865.514770507812	107.793495178223	-13.2376098632812	-855.520629882812	106.772323608398	-43.476863861084	-852.254455566406	97.7107391357422	-50.434757232666	-848.887634277344	96.082878112793	-49.2212829589844	-848.43212890625	92.8824310302734	-44.2666473388672	-846.872802734375	89.1486206054688	-34.1326522827148	-846.299865722656	94.5529251098633	-10.9949970245361	-848.293762207031	97.1917495727539	-8.04655075073242	-850.586608886719	101.865234375	-42.8108520507812	-868.290710449219	104.774635314941	-26.2413539886475	-885.153747558594	93.909309387207	-20.5246162414551	-896.3837890625	79.5969924926758	-13.9645233154297	-887.32470703125	69.539176940918	-2.30601978302002	-864.492370605469	78.9841613769531	6.092942237854	-863.458923339844	93.7719879150391	-10.4781866073608	-869.199951171875	82.3325347900391	22.7465362548828	-865.557922363281	94.5161590576172	22.2501735687256	-854.85009765625	101.430252075195	28.3820037841797	-852.814819335938	102.705841064453	5.16289281845093	-860.156616210938	115.629821777344	-51.5749473571777	-848.816772460938	116.83666229248	-50.0630493164062	-848.486877441406	120.748954772949	-45.4441108703613	-847.006652832031	124.976264953613	-35.7671241760254	-846.89990234375	121.110694885254	-12.1502304077148	-848.55712890625	119.073928833008	-9.46540546417236	-850.804626464844	110.971267700195	-43.5819435119629	-868.892822265625	109.943954467773	-26.1784782409668	-885.508178710938	122.087821960449	-20.6142520904541	-895.679382324219	136.499053955078	-15.4144773483276	-885.866027832031	146.161605834961	-5.11225891113281	-863.406982421875	138.422348022461	4.77081394195557	-863.271484375	122.167358398438	-10.793550491333	-869.619934082031	134.946762084961	21.1040420532227	-864.476867675781	123.674331665039	22.1426010131836	-853.760131835938	116.51993560791	27.279655456543	-851.2158203125	114.585762023926	4.76210689544678	-860.081909179688
PRI-11318	121.885322570801	-55.8664016723633	-837.154846191406	122.118316650391	-50.7966499328613	-844.009216308594	122.735275268555	-41.1362724304199	-862.994995117188	123.422904968262	-23.9025650024414	-885.876831054688	123.429107666016	-20.7662658691406	-891.955627441406	129.043853759766	66.4378814697266	-853.756225585938	128.507308959961	46.0022010803223	-840.865051269531	127.363922119141	27.9025402069092	-840.1669921875	125.886672973633	6.20347452163696	-854.764404296875	124.846977233887	-8.46795177459717	-845.685852050781	122.47492980957	-39.708683013916	-841.885803222656	110.873207092285	-48.672737121582	-837.817565917969	109.945083618164	-47.7993583679199	-837.378112792969	107.660636901855	-42.6142654418945	-835.437622070312	104.941749572754	-31.7998924255371	-834.13720703125	108.211791992188	-7.15025424957275	-835.530517578125	112.980857849121	-2.35206317901611	-839.306579589844	117.174179077148	-39.6432495117188	-860.062744140625	120.139961242676	-22.2038249969482	-877.603698730469	107.259201049805	-17.7888069152832	-887.222961425781	92.6453475952148	-7.73513460159302	-877.95458984375	80.338996887207	5.41996240615845	-854.353942871094	88.2259674072266	18.7206344604492	-850.691589355469	110.832237243652	-3.62469410896301	-857.482055664062	96.7731552124023	34.9784851074219	-851.22119140625	110.803649902344	32.763313293457	-841.558166503906	120.721054077148	38.201976776123	-839.309509277344	118.944648742676	12.9393529891968	-847.909606933594	133.297836303711	-50.1198883056641	-838.357421875	133.934524536133	-49.2399635314941	-837.733032226562	136.897659301758	-44.2955093383789	-835.286804199219	141.268127441406	-33.9356117248535	-833.854797363281	141.171340942383	-9.12276268005371	-835.343139648438	137.510772705078	-3.60124468803406	-839.390319824219	128.692184448242	-39.778636932373	-859.34228515625	126.478874206543	-23.1486129760742	-878.111206054688	140.023681640625	-19.7760372161865	-887.214111328125	156.34748840332	-11.5834169387817	-877.605895996094	170.60498046875	0.856549322605133	-854.046936035156	164.887710571289	13.944676399231	-850.562927246094	138.698776245117	-5.4142689704895	-857.736145019531	157.642364501953	31.2192153930664	-851.277221679688	143.863693237305	30.5004444122314	-841.334350585938	135.383666992188	36.4141616821289	-838.6875	133.304885864258	12.389533996582	-848.103210449219
PRI-11320	123.697105407715	-56.171012878418	-833.991394042969	124.366638183594	-51.6271591186523	-841.169616699219	124.620788574219	-42.426700592041	-861.642700195312	125.770477294922	-24.0474758148193	-885.295166015625	125.981666564941	-21.3657360076904	-890.198364257812	130.419952392578	65.0287475585938	-856.606872558594	129.275863647461	47.7412605285645	-841.046447753906	127.972236633301	30.1218090057373	-838.928649902344	127.537223815918	7.25024271011353	-853.171203613281	126.263610839844	-10.0197420120239	-842.454833984375	124.412651062012	-41.8026390075684	-838.509216308594	113.420036315918	-50.0790100097656	-834.943664550781	111.951393127441	-49.1179122924805	-834.658325195312	108.899894714355	-43.2095260620117	-833.513854980469	106.289268493652	-31.7450561523438	-832.967407226562	109.934768676758	-5.85679769515991	-835.175842285156	114.14128112793	-2.5056209564209	-837.413146972656	119.962120056152	-41.3494453430176	-858.135620117188	122.55451965332	-22.6119689941406	-877.516235351562	110.566635131836	-18.4497165679932	-886.393188476562	95.0169677734375	-8.04910945892334	-878.307495117188	85.0394897460938	7.66651630401611	-852.120483398438	92.0752944946289	15.9539794921875	-852.035827636719	113.52587890625	-2.50528883934021	-858.222229003906	99.1219863891602	34.972770690918	-852.684020996094	113.25415802002	35.299243927002	-841.171630859375	121.37133026123	40.6589164733887	-838.182434082031	120.203590393066	13.3256702423096	-846.111511230469	134.956268310547	-51.0698623657227	-834.584533691406	135.98210144043	-50.2119636535645	-834.425659179688	139.620193481445	-44.7146492004395	-832.697814941406	143.67073059082	-33.6322288513184	-832.312255859375	142.568496704102	-7.8508768081665	-834.208740234375	138.512741088867	-4.08709335327148	-836.675048828125	130.157531738281	-41.4387512207031	-857.17919921875	128.969039916992	-22.9314479827881	-877.448547363281	143.306503295898	-19.3711681365967	-885.6328125	158.928253173828	-10.852089881897	-876.164855957031	169.809555053711	3.30873155593872	-850.898620605469	163.158004760742	12.5464601516724	-851.034729003906	142.474212646484	-4.57579565048218	-857.517028808594	158.650375366211	32.4726181030273	-851.2509765625	145.409362792969	34.4147834777832	-839.772827148438	135.637847900391	39.9608459472656	-837.37548828125	134.899612426758	13.3363304138184	-845.376770019531
PRI-11322	128.185028076172	-60.8993949890137	-836.742004394531	128.622467041016	-55.8067016601562	-844.703308105469	129.111938476562	-47.6952781677246	-864.599914550781	130.249450683594	-28.5305366516113	-888.829833984375	130.532012939453	-25.5593547821045	-894.457824707031	132.794235229492	65.2111434936523	-861.908874511719	132.739135742188	45.3982543945312	-848.777404785156	131.917343139648	27.9337749481201	-844.900390625	131.49072265625	2.44918704032898	-857.969177246094	130.632446289062	-11.3545875549316	-847.408813476562	129.082382202148	-45.4708824157715	-842.009582519531	117.2109375	-54.0877723693848	-837.690063476562	115.804954528809	-52.8603515625	-837.210693359375	113.102645874023	-46.1140937805176	-835.4091796875	110.445365905762	-35.2866363525391	-834.763488769531	114.608558654785	-8.93475341796875	-839.115844726562	118.056449890137	-6.7432050704956	-841.674865722656	124.875183105469	-45.7292060852051	-862.164184570312	126.985733032227	-27.2207221984863	-882.625	112.47354888916	-22.351146697998	-891.538757324219	97.5700836181641	-13.8167428970337	-882.028015136719	86.9133453369141	2.07531332969666	-856.06884765625	93.7934494018555	14.148663520813	-856.340698242188	117.791297912598	-8.90286922454834	-861.97802734375	101.529975891113	31.5502452850342	-856.941101074219	113.448081970215	33.5736045837402	-847.411071777344	124.80696105957	38.0301399230957	-844.732971191406	123.910552978516	9.76716995239258	-851.552795410156	139.648208618164	-54.8752326965332	-837.509826660156	141.196105957031	-53.6583099365234	-836.722106933594	144.634948730469	-46.9229965209961	-835.11572265625	148.27717590332	-35.9750862121582	-833.914123535156	146.443374633789	-9.8530158996582	-838.578430175781	143.153778076172	-7.71511363983154	-841.23095703125	133.406753540039	-46.3238906860352	-862.010864257812	133.659149169922	-27.4416465759277	-882.87109375	148.200210571289	-23.8093090057373	-891.513366699219	163.709381103516	-16.8551826477051	-881.3662109375	176.261260986328	-3.25700044631958	-855.133850097656	170.657760620117	11.2560367584229	-855.511291503906	144.134536743164	-10.2135429382324	-861.502319335938	164.275894165039	29.7549285888672	-856.855590820312	151.119354248047	32.1298675537109	-846.9755859375	140.37890625	37.9581718444824	-844.527954101562	138.924011230469	9.2852087020874	-851.664733886719
PRI-11328	124.796028137207	-55.3269462585449	-837.074279785156	126.165908813477	-51.3887557983398	-842.839050292969	127.320571899414	-43.5408744812012	-862.286804199219	128.37321472168	-21.9802169799805	-887.362426757812	128.791595458984	-18.7534885406494	-894.828735351562	130.822326660156	67.7507629394531	-866.338562011719	130.24137878418	50.4106903076172	-849.361022949219	128.695129394531	33.9405479431152	-845.885009765625	128.554428100586	9.27493476867676	-858.802734375	127.542938232422	-5.88925647735596	-847.806701660156	126.575798034668	-41.2512435913086	-840.786743164062	114.193344116211	-48.4454002380371	-838.661865234375	113.148544311523	-47.7481002807617	-838.758972167969	110.217002868652	-41.6983528137207	-836.553039550781	107.926422119141	-30.0755863189697	-834.804443359375	109.987365722656	-3.65686130523682	-838.033081054688	114.797470092773	1.52361404895782	-842.207641601562	121.926216125488	-41.2349700927734	-859.729858398438	125.052223205566	-20.0286827087402	-880.715270996094	111.47541809082	-15.9432058334351	-890.366455078125	98.5920104980469	-8.05728244781494	-882.551940917969	86.1958847045898	8.61661911010742	-858.088439941406	93.9196548461914	18.9584102630615	-857.509338378906	115.282684326172	-1.83215606212616	-861.917663574219	98.3570785522461	37.1705055236816	-859.694396972656	112.022750854492	39.4201431274414	-848.626220703125	122.127944946289	45.5622825622559	-846.869262695312	120.925636291504	17.60471534729	-852.416076660156	136.657791137695	-50.2872314453125	-837.59619140625	137.295806884766	-50.055980682373	-837.343505859375	141.450347900391	-44.168399810791	-835.364685058594	145.143951416016	-33.1112937927246	-833.728393554688	144.56623840332	-5.62848949432373	-837.366516113281	139.951812744141	-0.749036192893982	-841.972351074219	132.559036254883	-41.8531761169434	-859.8525390625	131.500869750977	-20.3470554351807	-880.50537109375	145.180465698242	-17.7400417327881	-888.950744628906	159.120223999023	-11.493013381958	-879.345520019531	170.270706176758	1.76884734630585	-855.15380859375	164.822967529297	15.5789041519165	-855.402465820312	142.090316772461	-2.91076588630676	-860.436584472656	159.940444946289	34.9040107727051	-857.456298828125	146.949783325195	36.7439041137695	-847.377014160156	136.988464355469	44.7040824890137	-846.8359375	136.141723632812	15.4800891876221	-852.397644042969
PRI-11373	126.58895111084	-58.484546661377	-840.199035644531	126.737274169922	-55.4865303039551	-846.172424316406	127.616920471191	-45.466007232666	-867.5078125	128.600738525391	-25.577543258667	-892.685913085938	128.732620239258	-22.3330764770508	-897.2900390625	129.979629516602	65.485221862793	-864.920715332031	129.404281616211	47.2033042907715	-846.778137207031	128.546920776367	28.8594665527344	-844.9921875	128.59162902832	4.02327108383179	-859.996643066406	128.195755004883	-8.72699642181396	-848.676940917969	127.044204711914	-44.6688423156738	-845.455688476562	115.237937927246	-52.9154396057129	-842.735412597656	114.42057800293	-52.0260581970215	-842.897399902344	111.045692443848	-45.5671997070312	-840.263732910156	109.044105529785	-34.8647155761719	-839.804260253906	109.898147583008	-7.95734119415283	-839.453491210938	115.421615600586	-3.45199012756348	-842.997192382812	122.929656982422	-43.6719245910645	-865.000427246094	125.806739807129	-24.63254737854	-883.307067871094	112.998542785645	-20.4659252166748	-891.912231445312	98.3689575195312	-11.2527437210083	-884.272094726562	84.5760345458984	1.32180285453796	-859.345092773438	92.2876663208008	14.452260017395	-857.276733398438	115.744331359863	-5.99268531799316	-862.506713867188	97.8458862304688	32.9035301208496	-858.8271484375	111.791381835938	33.7045211791992	-847.399841308594	121.11156463623	40.0606117248535	-844.008117675781	120.667182922363	13.1804447174072	-852.870300292969	138.351806640625	-53.4890480041504	-842.810913085938	138.854507446289	-53.0911674499512	-842.750061035156	142.769271850586	-46.7442169189453	-840.242553710938	145.761993408203	-35.6818237304688	-838.565307617188	145.871322631836	-9.2768440246582	-838.620239257812	140.839935302734	-3.5075032711029	-842.233215332031	132.607971191406	-43.8664131164551	-864.902770996094	131.520645141602	-24.0614242553711	-883.51806640625	144.999053955078	-19.9777660369873	-890.993225097656	159.723510742188	-13.4223251342773	-882.943237304688	171.585098266602	-1.84924387931824	-856.239929199219	165.371719360352	13.0557298660278	-855.42333984375	142.825820922852	-5.86543703079224	-862.223205566406	160.093795776367	32.3770599365234	-857.16796875	146.341827392578	32.5998573303223	-846.62109375	137.376708984375	38.918773651123	-843.510314941406	136.64030456543	12.3989000320435	-852.778198242188
PRI-11376	138.653930664062	-70.9958801269531	-829.075744628906	139.540634155273	-62.9400444030762	-839.771118164062	140.42626953125	-49.7528266906738	-861.485229492188	141.754852294922	-26.1286373138428	-886.3173828125	141.959091186523	-21.8796348571777	-891.598571777344	144.736328125	63.4299392700195	-851.031616210938	143.337066650391	42.2876358032227	-831.909118652344	141.942031860352	23.0446071624756	-830.073608398438	141.666076660156	0.916936218738556	-849.801574707031	141.003189086914	-13.8763637542725	-838.822875976562	140.018798828125	-52.0383720397949	-834.781494140625	127.998558044434	-64.7552185058594	-831.047424316406	125.000617980957	-61.8718643188477	-830.219055175781	122.750411987305	-54.6700286865234	-827.712158203125	120.271537780762	-44.3802833557129	-826.268798828125	123.396156311035	-20.2302494049072	-826.579284667969	128.738998413086	-9.56268978118896	-833.285949707031	134.606002807617	-48.2730369567871	-857.542663574219	137.451843261719	-26.3954219818115	-876.458129882812	122.963706970215	-19.6717262268066	-885.264953613281	106.310050964355	-11.0965175628662	-875.799682617188	91.5722045898438	-2.17541575431824	-843.926574707031	101.613151550293	11.6132154464722	-845.591186523438	126.675666809082	-7.55556154251099	-855.003234863281	111.1884765625	30.8369674682617	-844.609069824219	124.356231689453	29.3718566894531	-833.573791503906	135.427368164062	34.0142631530762	-829.197143554688	133.776672363281	8.88734149932861	-841.858825683594	149.828811645508	-65.5306701660156	-830.054077148438	152.07926940918	-63.8046073913574	-828.506225585938	155.637191772461	-56.9940795898438	-827.598022460938	159.002899169922	-45.6103553771973	-825.808044433594	157.618804931641	-21.0196971893311	-825.611145019531	153.475357055664	-10.4348249435425	-832.180908203125	145.731460571289	-49.0183982849121	-856.834594726562	144.73828125	-26.5457077026367	-876.690795898438	160.262176513672	-21.4425373077393	-885.505676269531	178.006118774414	-14.8498973846436	-873.628967285156	190.76496887207	-2.94913053512573	-842.195983886719	184.007720947266	6.41557550430298	-843.524719238281	156.485229492188	-8.56087493896484	-853.920288085938	175.925048828125	28.8451023101807	-843.180480957031	161.278350830078	27.8395137786865	-832.624633789062	150.456359863281	34.2245445251465	-828.810485839844	151.121841430664	7.3408637046814	-841.787109375
PRI-11414	142.112808227539	-77.8492050170898	-831.544067382812	143.072616577148	-68.0867004394531	-841.749267578125	144.517669677734	-51.9265403747559	-860.723754882812	147.045425415039	-28.8623790740967	-883.685241699219	147.281097412109	-25.8676624298096	-888.193542480469	149.834518432617	61.7531509399414	-848.101989746094	147.747680664062	40.8911514282227	-832.17919921875	146.510269165039	20.1498622894287	-830.619018554688	146.571548461914	-2.79080176353455	-846.330505371094	145.885894775391	-19.2958812713623	-836.561767578125	143.63444519043	-58.8530616760254	-835.746276855469	130.170043945312	-71.2316741943359	-832.222717285156	127.790191650391	-69.9090576171875	-831.342956542969	124.68888092041	-62.0388374328613	-828.611267089844	122.789337158203	-49.7586936950684	-825.480407714844	127.046951293945	-23.9307308197021	-823.119018554688	132.239715576172	-15.074520111084	-828.484069824219	138.66064453125	-52.039421081543	-856.847412109375	143.450119018555	-27.8107261657715	-877.730285644531	127.121894836426	-21.0859088897705	-886.759826660156	111.650444030762	-13.3391265869141	-877.577331542969	94.0622940063477	-2.8994836807251	-847.039733886719	104.006660461426	7.51057434082031	-842.8330078125	129.835494995117	-12.6814002990723	-853.289611816406	112.271606445312	28.0713424682617	-843.964477539062	127.957275390625	26.0868949890137	-832.295471191406	139.220932006836	31.3836555480957	-829.719360351562	138.331787109375	3.57900524139404	-839.526977539062	154.822204589844	-72.5669479370117	-831.943115234375	155.935394287109	-71.2146606445312	-830.850952148438	161.81135559082	-64.0942230224609	-827.872131347656	163.8544921875	-52.2067680358887	-824.245178222656	163.020843505859	-25.4246158599854	-821.690856933594	158.415435791016	-16.8637218475342	-826.532470703125	150.197601318359	-52.8250350952148	-856.092163085938	150.99821472168	-27.7120971679688	-877.803344726562	166.645462036133	-23.0252552032471	-885.343994140625	183.573333740234	-15.9660339355469	-876.112121582031	199.829986572266	-5.66805219650269	-843.294677734375	190.788604736328	4.18513488769531	-840.595397949219	162.243118286133	-13.3939571380615	-852.488647460938	181.973159790039	23.5436325073242	-840.604370117188	167.418029785156	24.6376056671143	-830.326843261719	155.27864074707	30.6493797302246	-828.526977539062	156.16716003418	2.68414521217346	-839.246887207031
PRI-11415	136.647674560547	-68.5296249389648	-837.826232910156	136.642639160156	-62.9507713317871	-846.443603515625	136.897750854492	-48.156608581543	-865.762634277344	136.804428100586	-23.2012519836426	-888.691955566406	136.810089111328	-19.0682163238525	-893.846069335938	144.01139831543	62.6474342346191	-853.446044921875	141.869613647461	42.1499404907227	-832.554870605469	140.735824584961	24.6558475494385	-831.507507324219	138.764862060547	1.16538369655609	-849.5390625	138.380310058594	-14.7610549926758	-841.584228515625	136.974472045898	-50.1698417663574	-840.973205566406	123.813491821289	-61.3603668212891	-839.251342773438	122.827354431152	-60.6751823425293	-839.352233886719	119.214920043945	-51.9040336608887	-835.320739746094	116.484146118164	-40.496395111084	-832.329772949219	122.146926879883	-14.2099552154541	-830.566589355469	125.875717163086	-9.45498085021973	-833.990661621094	130.999710083008	-46.7068977355957	-862.227355957031	133.914688110352	-23.5765991210938	-879.74462890625	118.096473693848	-15.863205909729	-888.159912109375	103.783271789551	-6.94668579101562	-878.962524414062	91.0246810913086	4.83501672744751	-849.336669921875	100.415817260742	13.1614780426025	-846.737243652344	122.992660522461	-6.95147228240967	-856.809448242188	107.756225585938	33.2385406494141	-846.741577148438	123.765777587891	30.3036880493164	-832.367309570312	134.443603515625	36.2243957519531	-830.675109863281	131.400009155273	8.8831090927124	-841.168640136719	149.26042175293	-62.8566513061523	-840.156494140625	150.120452880859	-62.5166969299316	-840.001037597656	154.847259521484	-54.5722846984863	-836.011108398438	158.266891479492	-43.1374702453613	-832.640380859375	155.441909790039	-16.8149566650391	-830.798889160156	151.792663574219	-11.5232677459717	-834.311950683594	142.54801940918	-47.8025016784668	-862.023315429688	140.472137451172	-24.1714115142822	-879.968872070312	158.995727539062	-18.8882694244385	-889.047424316406	173.580108642578	-13.6253290176392	-880.276733398438	188.597122192383	-5.70252180099487	-850.082153320312	180.282455444336	6.58056116104126	-847.432067871094	153.609741210938	-9.44902610778809	-856.673034667969	175.636566162109	27.4760360717773	-847.392517089844	158.393249511719	26.5363426208496	-833.553894042969	148.681777954102	34.1772537231445	-830.267944335938	147.105453491211	7.26563549041748	-841.177856445312
PRI-11665	-4.52045488357544	-43.4526062011719	-1007.24627685547	-4.16391086578369	-39.4468688964844	-1000.84771728516	-3.34326887130737	-32.0979499816895	-982.524108886719	-2.37276864051819	-15.0747051239014	-958.565673828125	-2.07387256622314	-12.2895851135254	-954.079345703125	-0.134351894259453	62.5116386413574	-983.754577636719	-1.99373459815979	45.3497085571289	-998.380859375	-2.38138628005981	30.8072357177734	-1001.35357666016	-2.72685599327087	10.279746055603	-988.675720214844	-3.22113418579102	-1.49576187133789	-998.786560058594	-3.98523592948914	-32.5755195617676	-1002.38891601562	5.22947549819946	-39.7577896118164	-1008.37994384766	6.57380247116089	-38.5560150146484	-1009.22686767578	9.9147138595581	-34.1274223327637	-1010.62554931641	13.786789894104	-24.5387229919434	-1010.77270507812	10.818078994751	0.430220305919647	-1006.89294433594	7.13307428359985	2.72669410705566	-1002.96807861328	1.24014830589294	-31.7031993865967	-985.48095703125	-0.028274042531848	-14.962028503418	-967.428039550781	11.8443765640259	-11.131947517395	-956.196166992188	26.2987442016602	-3.82489657402039	-964.98388671875	37.510570526123	8.94239902496338	-989.975524902344	28.964973449707	17.0615463256836	-990.397705078125	11.2352571487427	1.13308417797089	-983.970947265625	25.35280418396	33.4113693237305	-988.202209472656	11.7741508483887	34.4079208374023	-998.805969238281	4.59062576293945	39.3769302368164	-1001.19445800781	2.75986218452454	17.7001972198486	-993.715026855469	-14.4279079437256	-39.3201370239258	-1007.44744873047	-15.3949785232544	-38.004940032959	-1008.06268310547	-18.257137298584	-33.8662338256836	-1009.63110351562	-21.8578758239746	-23.7890758514404	-1009.57507324219	-17.8288841247559	1.12258982658386	-1005.7421875	-13.1612586975098	2.95581555366516	-1002.87225341797	-7.91947078704834	-31.6937408447266	-985.170471191406	-5.39112520217896	-14.6137647628784	-966.613586425781	-17.0506610870361	-9.43031978607178	-956.10888671875	-31.494665145874	-1.76659965515137	-964.46728515625	-43.1499519348145	9.74362277984619	-989.121459960938	-34.4618301391602	19.1090679168701	-990.103271484375	-16.5860652923584	1.27171170711517	-983.404235839844	-29.6149215698242	34.6054382324219	-988.4677734375	-16.5640163421631	34.6074600219727	-999.278625488281	-9.1690149307251	40.4391555786133	-1001.05010986328	-8.29911231994629	17.6682262420654	-993.293212890625
PRI-1571	-2.2077898979187	28.3062877655029	-1031.978515625	-1.59596920013428	20.1809463500977	-1026.45825195312	-1.49024772644043	1.40826082229614	-1015.05981445312	-1.07058119773865	-24.58034324646	-992.423950195312	-0.937045395374298	-29.8295879364014	-988.36767578125	-1.49487626552582	-3.60070300102234	-904.513793945312	-1.14632666110992	15.9907522201538	-921.553466796875	-1.06728553771973	21.025032043457	-936.798461914062	-1.53392267227173	7.83016204833984	-963.261047363281	-1.60776352882385	18.6016311645508	-977.840270996094	-1.81573951244354	22.4661655426025	-1015.49536132812	8.48567008972168	27.4095001220703	-1028.04907226562	12.1624069213867	28.0409812927246	-1024.54895019531	15.168402671814	28.7685642242432	-1018.86358642578	18.2359466552734	29.6717872619629	-1006.34002685547	15.0802574157715	29.0262508392334	-979.65625	10.6344032287598	24.4054203033447	-972.661499023438	4.07026720046997	3.86428284645081	-1013.64904785156	1.3242506980896	-17.3813629150391	-991.110473632812	14.4963312149048	-26.5269737243652	-987.308654785156	31.4046192169189	-18.5022144317627	-978.871887207031	42.5781555175781	9.02770328521729	-964.680114746094	34.1604881286621	10.1640386581421	-957.053100585938	13.001293182373	2.33534598350525	-972.569946289062	29.9082984924316	5.7165675163269	-935.394714355469	14.6516227722168	18.2142543792725	-935.34033203125	6.39815521240234	19.3690509796143	-927.411193847656	5.1619086265564	12.5463752746582	-954.535583496094	-12.2716236114502	26.1746196746826	-1027.50988769531	-15.3055353164673	27.6563873291016	-1024.34655761719	-18.6066398620605	28.151273727417	-1017.83666992188	-21.7268123626709	28.6392345428467	-1006.62609863281	-18.4611186981201	29.2775783538818	-979.615600585938	-14.259256362915	24.8532543182373	-972.723815917969	-6.8299036026001	3.40688109397888	-1013.78662109375	-4.04891967773438	-18.041633605957	-991.416748046875	-16.9931106567383	-28.1592063903809	-986.893432617188	-34.5283737182617	-18.7666969299316	-978.774169921875	-47.753475189209	7.71485424041748	-968.356323242188	-41.005558013916	9.68459033966064	-955.043090820312	-15.7609643936157	2.36596632003784	-973.925231933594	-33.0154876708984	6.62154531478882	-934.720825195312	-16.8786067962646	17.7199859619141	-934.430419921875	-8.59468269348145	19.1175994873047	-926.931274414062	-8.10808181762695	12.1808156967163	-954.845397949219
PRI-1631	-1.91772174835205	-51.3463478088379	-999.955871582031	-2.09145760536194	-45.9863548278809	-994.48779296875	-1.82168662548065	-32.9034996032715	-973.161254882812	-2.83355093002319	-15.3502817153931	-953.111328125	-3.28428077697754	-12.4826908111572	-946.778259277344	-3.39962482452393	69.4491577148438	-987.997680664062	-3.41183662414551	50.7478713989258	-999.44775390625	-2.98032832145691	34.1926918029785	-1002.07647705078	-2.23845386505127	13.2538042068481	-988.968078613281	-2.34584283828735	-1.5654901266098	-997.50439453125	-2.16867518424988	-35.5845222473145	-996.868469238281	9.14795017242432	-46.6981964111328	-998.908081054688	10.2091999053955	-45.1310272216797	-999.440734863281	13.6628046035767	-40.9071273803711	-1001.28747558594	NA	NA	NA	15.070671081543	-4.61689472198486	-1006.69342041016	9.33856296539307	3.21530389785767	-1002.02667236328	2.89850974082947	-30.8802261352539	-977.000732421875	-0.0637754797935486	-14.4747133255005	-959.296264648438	14.5761976242065	-10.603536605835	-950.300720214844	32.6144981384277	-1.61308765411377	-963.01123046875	41.2200355529785	11.2423143386841	-991.906372070312	31.9487037658691	20.1843414306641	-991.441589355469	10.2920923233032	2.86871147155762	-981.704956054688	28.7110900878906	37.3546104431152	-989.122497558594	13.9908752441406	37.33203125	-999.903747558594	4.18045043945312	44.6101951599121	-1001.73193359375	4.8202953338623	19.3649444580078	-994.268005371094	-12.4707841873169	-47.2153587341309	-1000.45166015625	-13.3506460189819	-45.6238632202148	-1000.76159667969	-17.5635261535645	-41.1448707580566	-1002.17193603516	NA	NA	NA	-18.6088695526123	-4.73399543762207	-1006.97692871094	-13.5786380767822	3.40908861160278	-1002.46734619141	-7.53319883346558	-32.2502708435059	-976.370788574219	-6.12707805633545	-13.7645168304443	-959.161193847656	-20.6545372009277	-9.86634159088135	-952.353088378906	-38.3614196777344	-1.75603699684143	-964.196716308594	-46.9348907470703	9.18698596954346	-992.278259277344	-37.3581008911133	19.5912971496582	-992.02734375	-17.3345222473145	1.78902018070221	-982.297424316406	-34.3454513549805	37.2262954711914	-989.581237792969	-19.1915969848633	37.3977813720703	-1000.14093017578	-10.5666332244873	43.7029495239258	-1002.64099121094	-9.6374454498291	18.6848411560059	-993.455017089844
PRI-2133	1.09258306026459	-68.3789443969727	-1009.40124511719	0.141575708985329	-57.3260536193848	-998.348999023438	-0.376074224710464	-43.8713836669922	-974.783142089844	-2.99729514122009	-19.3202800750732	-948.171936035156	-3.2971715927124	-15.540753364563	-941.649963378906	-5.54012537002563	70.3608322143555	-981.105346679688	-4.49421691894531	52.1136131286621	-999.878234863281	-3.76682233810425	35.3566207885742	-1001.51525878906	-2.61256265640259	10.8326282501221	-986.596069335938	-1.61779320240021	-7.87480020523071	-997.523559570312	0.421818315982819	-48.3883895874023	-1003.46606445312	12.0060596466064	-62.093189239502	-1007.25384521484	14.1982431411743	-59.6365127563477	-1007.74530029297	17.8518009185791	-51.2108955383301	-1010.49267578125	18.827787399292	-39.8813514709473	-1012.58508300781	17.6817817687988	-14.4148817062378	-1011.29034423828	10.2481822967529	-2.60335373878479	-1004.27288818359	4.60256385803223	-40.1577911376953	-978.850158691406	0.74211311340332	-17.3391399383545	-955.695983886719	17.0828628540039	-13.5836229324341	-945.89111328125	34.2126731872559	-3.15958046913147	-956.532531738281	45.646541595459	13.5784292221069	-986.433959960938	35.9767799377441	20.4246292114258	-988.525085449219	11.8445148468018	-1.84913384914398	-979.036987304688	29.3710918426514	39.2593803405762	-986.575500488281	14.0511693954468	38.7123146057129	-999.507202148438	3.42796683311462	45.2078475952149	-1002.1357421875	5.08436727523804	15.9638948440552	-992.420532226562	-10.3713693618774	-62.6628952026367	-1006.58117675781	-13.3039875030518	-59.1540336608887	-1007.84521484375	-17.0342712402344	-50.9828109741211	-1009.18426513672	-19.9076747894287	-41.2075271606445	-1012.68707275391	-19.9011363983154	-15.0138521194458	-1012.0341796875	-13.8473348617554	-3.21142506599426	-1004.48937988281	-6.91394329071045	-42.7505531311035	-977.677490234375	-6.2466516494751	-17.0779037475586	-956.449523925781	-23.0205020904541	-14.6742095947266	-947.821594238281	-39.4180908203125	-6.19005489349365	-959.125366210938	-50.4242706298828	9.21239852905273	-989.415283203125	-42.5435981750488	16.9423542022705	-991.195861816406	-18.1234931945801	-3.47770047187805	-980.671447753906	-37.8565864562988	35.9039726257324	-988.750061035156	-21.9141731262207	37.6002349853516	-1000.71368408203	-11.6682968139648	44.5561676025391	-1002.58447265625	-11.0331649780273	15.9327974319458	-992.400695800781
PRI-2147	-1.60419416427612	-61.9554100036621	-1005.39904785156	-1.96839439868927	-57.1406669616699	-996.343444824219	-2.60246753692627	-43.959098815918	-978.095092773438	-4.00417613983154	-18.4198722839355	-954.425476074219	-4.22956705093384	-15.2850170135498	-949.989624023438	-4.85107040405273	65.98388671875	-980.165344238281	-4.02331781387329	48.6120109558105	-1000.2724609375	-2.95478296279907	32.1181297302246	-1003.79357910156	-3.61057758331299	6.95739078521729	-988.622314453125	-2.25298833847046	-8.81663131713867	-998.407104492188	-1.51179540157318	-47.7747421264649	-1000.68585205078	8.81720352172852	-57.5021781921387	-1003.40478515625	11.2495336532593	-55.5801811218262	-1003.75646972656	14.5871353149414	-49.063232421875	-1005.45916748047	17.7707576751709	-38.4178009033203	-1006.50775146484	16.2035808563232	-11.4501152038574	-1008.34985351562	9.53464508056641	-4.16266298294067	-1003.51641845703	2.92463183403015	-42.6829490661621	-980.796752929688	-0.775525152683258	-17.3124084472656	-961.578857421875	10.1639070510864	-14.4091691970825	-951.192687988281	26.8415431976318	-5.5672459602356	-958.671203613281	42.9464111328125	7.722083568573	-985.459411621094	33.4137001037598	15.3115949630737	-987.401306152344	12.0172710418701	-2.9177942276001	-982.372863769531	28.3410949707031	36.8190498352051	-985.170166015625	13.2199392318726	35.3878135681152	-999.372009277344	4.45378494262695	42.3651885986328	-1002.06622314453	3.83421683311462	15.0193758010864	-993.220764160156	-12.6129055023193	-56.6261291503906	-1003.95666503906	-14.2365102767944	-54.6611099243164	-1004.87548828125	-17.0293922424316	-48.109619140625	-1007.8388671875	-19.7613258361816	-37.6704788208008	-1009.11206054688	-19.0118942260742	-11.3849000930786	-1010.81182861328	-13.9944906234741	-4.01618719100952	-1005.15374755859	-7.54263019561768	-41.7277221679688	-981.252685546875	-6.49667453765869	-16.9076251983643	-962.146179199219	-18.2473220825195	-14.7516231536865	-952.706115722656	-35.3546257019043	-6.90797519683838	-962.107727050781	-49.5182342529297	3.96571922302246	-991.046752929688	-42.6033020019531	14.1846218109131	-991.838562011719	-15.3306655883789	-2.39028072357178	-982.863586425781	-35.9675064086914	35.0853576660156	-990.151672363281	-20.1098861694336	34.1591567993164	-1001.48492431641	-11.2776193618774	40.8776512145996	-1003.46710205078	-10.3470726013184	15.4291620254517	-995.236267089844
PRI-2157	-1.91111540794373	-66.3447647094727	-1018.27703857422	-2.14430785179138	-57.4163093566895	-1007.07153320312	-0.37183478474617	-46.4495735168457	-982.483642578125	-2.79999351501465	-23.4625244140625	-952.051391601562	-2.6912739276886	-19.6034278869629	-946.085693359375	-3.85828804969788	71.740852355957	-978.799987792969	-3.06441640853882	52.1700744628906	-999.285583496094	-3.04261684417725	33.6481323242188	-1002.310546875	-3.05445384979248	9.52979755401611	-989.064025878906	-2.17281103134155	-7.74491882324219	-1001.23211669922	-2.13405752182007	-46.8330917358398	-1009.35461425781	9.81621265411377	-61.9116287231445	-1015.75439453125	13.2410469055176	-59.5707588195801	-1016.04962158203	16.195032119751	-50.8736572265625	-1018.53698730469	17.6329135894775	-38.3850288391113	-1018.73284912109	15.7550449371338	-11.7717933654785	-1014.62512207031	9.21770668029785	-3.10524749755859	-1007.05853271484	4.29230451583862	-46.1615600585938	-987.024780273438	0.0485677048563957	-22.9114780426025	-958.302612304688	16.4115047454834	-18.8590888977051	-950.707702636719	35.0898094177246	-10.2932319641113	-961.819458007812	45.9524421691895	4.33014965057373	-991.781188964844	36.818920135498	16.4163131713867	-991.746032714844	12.1434288024902	-4.29323625564575	-983.681396484375	32.1225471496582	36.899959564209	-988.115661621094	13.9568166732788	36.3375244140625	-999.235595703125	5.48072624206543	43.2032852172851	-1002.70593261719	5.2571291923523	14.0767698287964	-993.308288574219	-13.4711418151855	-62.0948677062988	-1017.36761474609	-15.4510583877563	-60.4527702331543	-1017.76031494141	-18.9447498321533	-51.5765151977539	-1019.22534179688	-20.5525321960449	-39.5272789001465	-1019.88250732422	-20.0899600982666	-13.4176645278931	-1016.09045410156	-13.7525701522827	-3.35392189025879	-1008.32318115234	-7.66163539886475	-45.2215995788574	-985.626220703125	-6.3516731262207	-22.429615020752	-958.676818847656	-23.2724590301514	-17.6617851257324	-951.993469238281	-41.206600189209	-11.0364217758179	-962.7412109375	-51.7662200927734	6.29926347732544	-991.549865722656	-41.6381301879883	16.56174659729	-992.428588867188	-18.1771965026855	-3.06164193153381	-983.700012207031	-38.3203964233398	36.4752426147461	-988.660827636719	-22.1097984313965	36.6206588745117	-999.150085449219	-11.5207777023315	42.9537887573242	-1002.76538085938	-11.0935211181641	13.8848752975464	-993.864440917969
PRI-2168	-1.86617088317871	28.193696975708	-1041.30078125	-2.16210246086121	19.8066177368164	-1036.10656738281	-1.54179799556732	0.199229255318642	-1024.29455566406	-2.02638792991638	-24.2231559753418	-999.535461425781	-2.09185290336609	-29.7804164886475	-995.828979492188	-0.414923936128616	-4.27493810653687	-913.720825195312	-0.946917235851288	17.0377082824707	-930.771118164062	-0.575192868709564	21.3474674224854	-946.83837890625	-1.3859965801239	7.68399953842163	-973.581787109375	-1.00301587581635	18.3742523193359	-988.164672851562	-1.29741072654724	22.709228515625	-1027.2001953125	8.75170421600342	26.1949520111084	-1036.97863769531	11.5937328338623	26.976411819458	-1034.45397949219	14.2205505371094	28.5089855194092	-1028.4423828125	17.668924331665	28.3789768218994	-1018.17449951172	17.1189785003662	28.9273929595947	-991.187866210938	11.0103092193604	23.4122867584229	-983.583129882812	3.45260071754456	1.72997438907623	-1021.71173095703	0.940989077091217	-18.6917705535889	-998.273498535156	13.09104347229	-27.5431709289551	-995.797790527344	28.8799133300781	-20.2680435180664	-987.156555175781	43.9011192321777	6.73330068588257	-975.574523925781	34.9111328125	7.17768287658691	-965.183776855469	13.4869699478149	2.33974504470825	-983.97265625	31.2568550109863	3.57358169555664	-943.531677246094	15.8485898971558	17.368185043335	-943.790466308594	7.50659322738647	19.4357776641846	-936.867858886719	5.87783002853394	13.0648670196533	-963.860290527344	-12.779200553894	26.6902160644531	-1035.75915527344	-13.8315763473511	27.9030208587646	-1033.58093261719	-16.8675765991211	29.700174331665	-1026.98181152344	-19.2120380401611	30.3873844146729	-1016.44830322266	-18.1961803436279	30.3211002349854	-989.951599121094	-12.7293882369995	24.3985805511475	-982.993530273438	-6.84172868728638	2.33422207832336	-1021.07647705078	-4.25001239776611	-18.114278793335	-998.323303222656	-17.1135349273682	-27.5144462585449	-995.494323730469	-33.1364479064941	-18.4967670440674	-986.612854003906	-47.4899520874023	9.02256107330322	-975.225952148438	-40.2383689880371	9.80547332763672	-964.436767578125	-14.7914867401123	2.4646852016449	-981.571411132812	-32.9504852294922	6.81211996078491	-943.65283203125	-16.5493583679199	18.5764274597168	-944.359741210938	-8.88094806671143	20.1007633209229	-937.600341796875	-8.31175231933594	13.7070178985596	-963.829162597656
PRI-2584	-1.54780840873718	29.6346836090088	-1006.25457763672	-1.4678225517273	19.9983463287354	-998.87939453125	-2.20809507369995	1.12423455715179	-985.515258789062	-1.48409819602966	-22.4197978973389	-959.834777832031	-1.68340516090393	-27.7103157043457	-955.30859375	NA	NA	NA	0.64393824338913	26.0370769500732	-891.298645019531	0.117871254682541	29.8645172119141	-907.932495117188	-0.404390722513199	11.0933542251587	-935.769165039062	-0.991766273975372	23.6155490875244	-950.799987792969	-1.41391324996948	24.2670459747314	-989.373596191406	9.75648880004883	28.4871959686279	-1000.68005371094	13.4689245223999	30.2477016448975	-997.621643066406	14.7678451538086	32.5027465820312	-991.001708984375	17.3533229827881	34.6518516540527	-979.573669433594	14.5914392471313	35.138542175293	-953.333679199219	9.50862312316895	29.3668346405029	-946.878356933594	3.96102929115295	3.42780160903931	-983.656494140625	0.828418552875519	-15.1216201782227	-959.218566894531	16.849536895752	-26.5219306945801	-954.856811523438	32.0168304443359	-17.3932132720947	-946.591369628906	46.1510467529297	15.6276264190674	-934.696228027344	34.2875633239746	18.4683990478516	-926.103942871094	13.3464994430542	5.43383741378784	-942.37841796875	32.29638671875	16.5753192901611	-905.457885742188	15.8290853500366	27.3092155456543	-906.244323730469	7.98280572891235	29.6201095581055	-899.452270507812	6.52162790298462	20.1168975830078	-925.223388671875	-12.8957223892212	28.9767208099365	-1001.23425292969	-16.558277130127	30.3495693206787	-998.383850097656	-18.2759838104248	33.378101348877	-992.124267578125	-20.1034774780273	36.1519622802734	-980.969970703125	-17.4882354736328	36.0229721069336	-954.076721191406	-11.9512844085693	29.6995449066162	-947.518493652344	-7.32182121276855	3.1755862236023	-983.256408691406	-4.36983728408813	-14.7691144943237	-958.725219726562	-19.1089191436768	-25.648738861084	-954.609619140625	-34.1980361938477	-16.0815658569336	-947.188842773438	-49.0412254333496	17.2659473419189	-936.626098632812	-38.326358795166	19.0663261413574	-925.879211425781	-15.4957342147827	7.20330953598022	-943.532043457031	-31.9350566864014	16.5469379425049	-904.758117675781	-15.5622072219849	26.3415870666504	-904.991882324219	-7.58219861984253	29.3319320678711	-898.913330078125	-6.62026500701904	20.0454025268555	-924.87109375
PRI-2585	NA	NA	NA	-1.1785831451416	-51.4818916320801	-1002.58984375	NA	NA	NA	-1.40192329883575	-15.8516092300415	-957.284729003906	-1.67469096183777	-11.9682464599609	-952.421142578125	-7.23029613494873	65.6150436401367	-984.133666992188	-5.92058610916138	47.4473114013672	-1000.40032958984	-5.24416732788086	32.9450531005859	-1005.46685791016	-2.98732614517212	8.4064245223999	-990.041198730469	-2.63047242164612	-6.47945165634155	-1002.03930664062	-1.5295342206955	-42.6046485900879	-1005.15942382812	NA	NA	NA	11.4097394943237	-48.9708786010742	-1010.37054443359	14.4443283081055	-44.4684638977051	-1011.60693359375	16.9568099975586	-33.7068405151367	-1013.19061279297	15.7250871658325	-6.91628789901733	-1013.81915283203	10.0586767196655	0.495396316051483	-1005.73785400391	4.94765424728394	-39.7818832397461	-986.863708496094	1.08397603034973	-15.8474655151367	-964.510559082031	13.5404071807861	-8.73077487945557	-954.602294921875	28.4524269104004	-3.11003398895264	-964.253234863281	39.9048957824707	10.382851600647	-992.124084472656	34.7473754882812	19.0175914764404	-989.930847167969	10.839695930481	0.843155205249786	-984.904907226562	24.774284362793	37.5293312072754	-990.439514160156	10.1025018692017	35.2791519165039	-1001.67211914062	2.30412483215332	40.6267852783203	-1004.04504394531	3.73228645324707	16.2571964263916	-994.781005859375	NA	NA	NA	-13.2117605209351	-48.7525215148926	-1008.22735595703	-17.3201522827148	-44.4054107666016	-1010.93981933594	-20.240873336792	-33.3434829711914	-1012.76776123047	-20.3255596160889	-7.4176287651062	-1013.73071289062	-14.9784164428711	-0.0227849315851927	-1006.76251220703	-5.29263353347778	-40.3721160888672	-987.682434082031	-4.46926259994507	-15.7989912033081	-964.628479003906	-17.6463108062744	-10.4858732223511	-955.046142578125	-33.6328430175781	-6.46329355239868	-963.988464355469	-47.4716186523438	4.06840991973877	-990.759704589844	-41.2295875549316	15.091965675354	-991.196533203125	-16.5663738250732	-0.94975870847702	-984.482543945312	-35.102611541748	34.6682205200195	-990.729736328125	-20.482479095459	33.1529197692871	-1001.73413085938	-13.2706708908081	39.6521263122559	-1003.43865966797	-11.9934225082397	16.7779121398926	-995.706237792969
PRI-2586	-1.62482559680939	25.4347953796387	-1019.53985595703	-0.601549327373505	20.4925346374512	-1015.29351806641	-0.958405256271362	0.576109230518341	-1001.25848388672	-1.50521469116211	-21.9432010650635	-977.630004882812	-1.65989744663239	-26.9061756134033	-973.897094726562	-0.878692030906677	1.91567635536194	-892.417541503906	-0.730865716934204	20.5152969360352	-908.468200683594	-0.180238574743271	23.5011501312256	-924.652709960938	-0.497654378414154	9.87145042419434	-951.588012695312	-0.568618357181549	21.2405166625977	-965.274841308594	-0.656639158725739	22.8185081481934	-1005.22229003906	8.70230293273926	27.2153873443604	-1014.84136962891	12.2127265930176	30.0585956573486	-1009.84533691406	15.5239543914795	30.263650894165	-1003.75384521484	17.5457153320312	31.0116786956787	-992.784423828125	15.2262239456177	31.025390625	-966.283142089844	10.3036890029907	26.5012817382812	-959.7763671875	5.17946004867554	5.15223503112793	-1000.74322509766	1.12026631832123	-13.2990636825562	-976.032897949219	14.4300584793091	-25.0638751983643	-972.328674316406	29.9505882263184	-17.0444850921631	-964.228454589844	44.5655364990234	8.24526786804199	-954.023193359375	36.3216857910156	11.0080547332764	-940.368591308594	13.183141708374	6.38426113128662	-963.011657714844	30.2445945739746	8.40529918670654	-920.741271972656	15.0387516021729	20.7078037261963	-922.257080078125	7.22656345367432	22.0266895294189	-915.496276855469	6.33664321899414	16.0873165130615	-940.910766601562	-10.9063873291016	26.3407096862793	-1015.27960205078	-15.3040742874146	28.7075271606445	-1010.19183349609	-17.5706481933594	29.8742656707764	-1003.63623046875	-19.9735660552979	30.9024295806885	-992.924133300781	-17.2247276306152	31.2276077270508	-966.907775878906	-11.3687705993652	26.710428237915	-960.596252441406	-6.43408393859863	4.28012228012085	-1001.3232421875	-3.59185576438904	-13.3871307373047	-976.214965820312	-17.5560817718506	-23.7908496856689	-972.373962402344	-32.1985931396484	-16.5071468353271	-966.152648925781	-46.1413726806641	9.80766201019287	-954.865051269531	-37.9168968200684	13.5925035476685	-941.537048339844	-14.7309818267822	6.31971549987793	-961.508850097656	-31.6913051605225	9.81269550323486	-922.378479003906	-16.3784713745117	21.2494697570801	-922.547790527344	-8.75429439544678	22.493070602417	-916.297241210938	-7.62359762191772	16.5303745269775	-941.493041992188
PRI-2587	-1.78912794589996	-55.4650688171387	-1007.55145263672	-1.58174908161163	-51.0301971435547	-998.548828125	-1.3940407037735	-40.7132911682129	-980.588134765625	-2.43147754669189	-16.507251739502	-954.496215820312	-2.47829723358154	-12.3121023178101	-948.7138671875	-5.72037553787231	69.0475006103516	-981.520568847656	-4.51956844329834	50.4227600097656	-999.265380859375	-4.15332698822021	37.1525077819824	-1002.263671875	-3.25853896141052	10.8796701431274	-986.739379882812	-2.90667033195496	-3.20427870750427	-997.353088378906	-2.18188548088074	-41.7247772216797	-1001.87127685547	8.52463150024414	-51.4976234436035	-1005.52679443359	12.9967651367188	-47.831672668457	-1006.51202392578	15.7883348464966	-42.5429763793945	-1007.62390136719	16.8243465423584	-30.7621173858643	-1009.80133056641	14.0000762939453	-4.92214441299438	-1009.88739013672	8.36026287078857	2.42555832862854	-1003.03833007812	3.38463759422302	-38.216495513916	-982.112182617188	0.640581607818604	-14.8835887908936	-961.149169921875	13.2217960357666	-10.4902381896973	-951.013671875	31.2846641540527	-2.69237875938416	-961.483947753906	42.9293174743652	6.9082818031311	-985.99609375	31.7855968475342	19.2907085418701	-988.958923339844	10.6682357788086	-0.43300986289978	-981.028991699219	27.0713844299316	39.36474609375	-985.172485351562	12.2372055053711	37.7522850036621	-997.9443359375	2.87182402610779	44.1179885864258	-1001.68133544922	3.15309047698975	18.648624420166	-992.44921875	-12.3583221435547	-52.6354026794434	-1005.56121826172	-16.6656646728516	-49.3251152038574	-1006.15979003906	-19.9418334960938	-43.335823059082	-1007.55462646484	-21.3831176757812	-31.8194828033447	-1009.09466552734	-19.0034008026123	-6.52027273178101	-1008.72772216797	-13.6393556594849	1.45040214061737	-1002.9169921875	-7.05763339996338	-38.5499687194824	-982.334045410156	-5.46431350708008	-14.2578401565552	-961.095947265625	-17.8258666992188	-12.1804447174072	-951.76318359375	-35.6970405578613	-4.07965803146362	-960.580139160156	-47.2685241699219	5.89791631698608	-986.790344238281	-40.0641174316406	18.6586494445801	-989.962585449219	-16.0277633666992	-0.940494537353516	-981.692504882812	-35.5219688415527	36.935375213623	-986.869567871094	-20.3870086669922	36.887264251709	-998.83544921875	-11.8165988922119	43.8167915344238	-1001.93420410156	-10.0702085494995	18.4011745452881	-992.071716308594
PRI-2588	-1.63129067420959	-51.2102165222168	-1012.2724609375	-1.46660780906677	-45.1900405883789	-1003.78326416016	-1.66313421726227	-34.2473106384277	-985.265502929688	-2.36444973945618	-14.8051900863647	-960.745422363281	-2.33073830604553	-11.3470115661621	-955.442016601562	-4.79603004455566	72.368293762207	-978.583557128906	-3.23438000679016	56.4943084716797	-998.490661621094	-3.06028747558594	40.4130668640137	-1002.84808349609	-2.38999533653259	14.3222169876099	-989.4521484375	-2.1232602596283	1.37730884552002	-1003.92816162109	-1.63157033920288	-36.9840812683105	-1008.01672363281	7.8388352394104	-47.6098594665527	-1012.62567138672	12.8284721374512	-41.6533355712891	-1014.24877929688	14.9427461624146	-36.0640602111816	-1014.95916748047	17.2584648132324	-23.6466102600098	-1016.35559082031	15.2043581008911	0.572550475597382	-1014.70080566406	9.06083869934082	7.13588523864746	-1008.544921875	3.02350497245789	-31.5615921020508	-987.049560546875	0.365338861942291	-13.4447927474976	-968.052673339844	13.3997297286987	-9.83523941040039	-956.868286132812	29.6250553131104	-1.01485157012939	-964.926208496094	NA	NA	NA	32.6367683410645	24.6449584960938	-994.187683105469	11.9945116043091	6.18980741500854	-986.003173828125	27.4914245605469	43.048225402832	-986.904724121094	13.0157165527344	43.701171875	-999.738952636719	4.1604962348938	49.8367004394531	-1001.86322021484	3.29317140579224	24.4206943511963	-994.550231933594	-10.9363679885864	-47.5275611877441	-1011.29107666016	-15.5998306274414	-43.015697479248	-1011.82543945312	-19.3894004821777	-37.2115669250488	-1015.80816650391	-21.738073348999	-25.3282051086426	-1017.35540771484	-20.2749271392822	-1.26786482334137	-1013.69561767578	-14.1933574676514	7.09104156494141	-1008.9892578125	-6.84767246246338	-32.4291687011719	-987.463195800781	-4.96022987365723	-12.8464698791504	-968.356079101562	-20.1284656524658	-9.3897762298584	-958.440063476562	-35.3567962646484	-2.92030501365662	-965.487548828125	-45.657772064209	10.1129035949707	-992.87451171875	-39.5095596313477	23.2879199981689	-994.073364257812	-15.9676561355591	5.83445596694946	-986.521545410156	-33.6139640808105	41.8506965637207	-988.318420410156	-19.2367897033691	42.6434669494629	-1000.22357177734	-10.5012006759644	49.5394325256348	-1001.96868896484	-9.15395164489746	24.6218795776367	-995.338562011719
PRI-2592	1.89516234397888	-57.0401000976562	-1012.93872070312	1.3755294084549	-50.7019424438477	-1004.92822265625	0.308380573987961	-38.6589088439941	-984.654846191406	-1.99100422859192	-16.8516883850098	-958.838073730469	-2.1873083114624	-12.5368633270264	-953.20556640625	-8.55568408966064	71.5653457641602	-978.641479492188	-7.03691005706787	54.3752517700195	-1000.02465820312	-5.44089269638062	38.1242790222168	-1003.58953857422	-3.23064827919006	11.9501848220825	-992.623046875	-1.84627640247345	-1.94715118408203	-1004.15563964844	1.22540473937988	-41.1822357177734	-1009.42077636719	11.1449604034424	-51.705020904541	-1012.98132324219	15.1786279678345	-47.300724029541	-1014.53118896484	17.7997570037842	-41.8664321899414	-1015.95648193359	20.0696926116943	-30.1016616821289	-1016.45788574219	15.0650424957275	-4.00131988525391	-1014.83892822266	8.98551654815674	4.11180734634399	-1009.33483886719	5.79635238647461	-36.9589691162109	-987.818603515625	1.18292820453644	-14.9338750839233	-966.13916015625	15.325590133667	-10.8364343643188	-956.936218261719	30.4763832092285	0.657309234142303	-964.318908691406	NA	NA	NA	33.4519653320312	25.1429710388184	-993.671020507812	11.8010311126709	1.57653868198395	-986.9970703125	26.0936012268066	44.3203659057617	-989.048461914062	10.152850151062	41.3828086853027	-1000.97668457031	1.0510481595993	48.4011535644531	-1002.27325439453	3.17798447608948	22.2686214447021	-996.865478515625	-8.225510597229	-51.9428253173828	-1012.07952880859	-12.839129447937	-48.2995262145996	-1013.95208740234	-16.2329998016357	-43.2773933410645	-1016.27911376953	-19.2476177215576	-31.2774524688721	-1017.20324707031	-18.2530422210693	-6.10450029373169	-1015.19519042969	-13.8170356750488	3.3835301399231	-1009.35852050781	-5.1600661277771	-38.0455284118652	-988.190979003906	-4.69617319107056	-15.0480213165283	-965.808898925781	-18.3346996307373	-13.4431295394897	-956.984497070312	-35.9333953857422	-4.92408657073975	-964.765869140625	-50.0664939880371	8.39379978179932	-994.80810546875	-42.3516654968262	19.6909770965576	-994.643005371094	-16.7312450408936	-0.467534303665161	-987.560180664062	-38.3567733764649	39.8519096374512	-991.017761230469	-22.9548034667969	39.4725303649902	-1001.70434570312	-14.4291210174561	47.4579772949219	-1003.26434326172	-12.1189069747925	21.8131904602051	-997.044921875
PRI-2595	0.0230347458273172	-52.0027160644531	-1005.07403564453	-0.322361439466476	-47.6572608947754	-998.057800292969	0.182274147868156	-41.2700157165527	-980.359252929688	-0.841354429721832	-23.210599899292	-957.5	-0.988239705562592	-20.4287185668945	-952.668640136719	-5.03171586990356	56.6767654418945	-984.596313476562	-5.12627696990967	39.2047996520996	-999.135559082031	-4.50063896179199	24.3419246673584	-1001.25714111328	-2.84862780570984	2.20879673957825	-985.936157226562	-2.28477764129639	-9.85124397277832	-996.129699707031	-0.562671303749084	-39.5433082580566	-1000.10217285156	10.0597667694092	-47.0189628601074	-1005.17242431641	11.3807229995728	-46.5790596008301	-1005.35223388672	13.811224937439	-41.5752105712891	-1006.43450927734	16.1650142669678	-30.5697631835938	-1006.69775390625	10.6172227859497	-5.44206666946411	-1003.31561279297	7.836989402771	-4.05195760726929	-1000.73254394531	4.5946478843689	-39.9061088562012	-982.792053222656	1.50221860408783	-21.7194862365723	-963.762023925781	13.0573883056641	-18.7992649078369	-954.710876464844	27.1641979217529	-9.85819339752197	-964.78759765625	34.597972869873	2.5384030342102	-987.124145507812	29.0869789123535	12.0814180374146	-989.376403808594	11.0332508087158	-5.75897598266602	-982.073669433594	22.2188777923584	28.7646522521973	-988.506164550781	10.2881050109863	28.7736034393311	-998.552734375	2.72479701042175	33.5878944396973	-1000.92272949219	2.50407218933105	10.5678815841675	-992.354187011719	-10.4762525558472	-48.4487915039062	-1004.68499755859	-11.5150699615479	-47.5310897827149	-1004.79248046875	-14.744631767273	-43.1620178222656	-1006.49359130859	-19.3111839294434	-31.9210243225098	-1006.69775390625	-16.003002166748	-6.87833261489868	-1003.50677490234	-12.8721380233765	-5.14505958557129	-1001.21148681641	-4.63625288009644	-40.2513198852539	-983.160095214844	-3.65478181838989	-22.0674266815186	-963.501831054688	-15.6778593063354	-20.3469142913818	-954.4091796875	-30.6143188476562	-12.9340934753418	-965.457275390625	-40.5650100708008	-1.18913865089417	-987.035827636719	-36.1594886779785	8.50131702423096	-989.067077636719	-16.2078380584717	-7.65453720092773	-981.821350097656	-31.735107421875	25.3385887145996	-987.435974121094	-19.2666053771973	26.8920192718506	-997.358093261719	-12.3932609558105	33.3107681274414	-1000.52233886719	-9.43228435516357	9.44069766998291	-991.729309082031
PRI-2596	-3.2920515537262	-61.7821502685547	-983.455993652344	-3.07343673706055	-56.7248039245605	-976.844421386719	-2.28296279907227	-48.4756851196289	-959.554016113281	-1.39200866222382	-30.0163421630859	-937.545959472656	-1.1271790266037	-27.1285362243652	-933.127014160156	-1.86923432350159	50.1867942810059	-961.820678710938	-2.88015389442444	33.1309280395508	-977.740966796875	-3.43716073036194	18.472469329834	-980.763061523438	-2.97131061553955	-5.41695547103882	-967.138610839844	-3.32168912887573	-16.6350269317627	-977.835815429688	-3.35351777076721	-49.4038429260254	-979.878723144531	6.18016242980957	-57.4327354431152	-983.569152832031	7.3446741104126	-56.7708892822266	-983.845520019531	10.9346895217896	-52.1889038085938	-984.714294433594	13.8980722427368	-42.2003479003906	-987.31884765625	12.4552898406982	-18.6198139190674	-986.124877929688	7.52712678909302	-12.6299524307251	-982.546142578125	2.41681623458862	-47.4155616760254	-962.464477539062	0.884259402751923	-29.2946395874023	-944.985534667969	13.1503295898438	-26.1346664428711	-935.276916503906	28.3348369598389	-19.1779098510742	-946.08251953125	36.4806060791016	-11.2413892745972	-970.253845214844	30.7254581451416	0.832934200763702	-971.233581542969	10.6077346801758	-13.9210538864136	-964.032897949219	25.9926242828369	18.444522857666	-968.416259765625	12.347110748291	20.3950214385986	-979.068664550781	4.13279962539673	27.0045585632324	-979.810241699219	2.99428987503052	2.57135105133057	-973.572937011719	-12.8781356811523	-59.1081504821777	-982.703247070312	-14.096194267273	-57.6342353820801	-982.872619628906	-17.8495635986328	-52.6796112060547	-984.222229003906	-21.6776008605957	-42.6678657531738	-985.154479980469	-20.3578414916992	-19.725248336792	-984.843139648438	-14.2055110931396	-12.7139387130737	-981.72314453125	-7.13946437835693	-47.9754104614258	-961.690002441406	-4.51075601577759	-28.89381980896	-944.053833007812	-16.3798923492432	-25.1631870269775	-934.852478027344	-32.170238494873	-18.9394187927246	-945.180480957031	NA	NA	NA	-37.4829559326172	1.84141445159912	-969.006286621094	-15.8913669586182	-13.6559925079346	-962.873352050781	-31.0272655487061	19.6851902008057	-966.901794433594	-19.0853576660156	19.7589683532715	-978.326843261719	-9.70337390899658	27.2380924224854	-979.446655273438	-8.91991138458252	3.34047055244446	-972.979431152344
PRI-2597	-1.70438230037689	-47.315128326416	-999.461669921875	-1.89788019657135	-42.6165313720703	-992.785461425781	-1.32616257667542	-35.7402038574219	-975.489379882812	-0.800600826740265	-15.5264129638672	-949.609924316406	-0.526837468147278	-13.3224697113037	-945.629211425781	0.431252658367157	63.8676300048828	-972.1396484375	-1.28302335739136	47.9562225341797	-989.251159667969	-1.6810599565506	33.8392791748047	-992.412536621094	-2.30202722549438	9.6027193069458	-980.407897949219	-2.32728576660156	-2.20416474342346	-990.642028808594	-2.10446262359619	-33.8385353088379	-994.004516601562	8.95362854003906	-42.0232086181641	-997.528625488281	10.1278343200684	-40.6251640319824	-997.996215820312	13.0243883132935	-36.626781463623	-998.224487304688	15.8610200881958	-24.7774314880371	-1000.83508300781	11.9544553756714	-0.175704926252365	-995.550476074219	8.55666065216064	2.31808185577393	-995.327880859375	3.54255652427673	-33.1343841552734	-977.839599609375	1.29534840583801	-13.9522533416748	-957.513122558594	14.5056648254395	-12.5950832366943	-948.590148925781	29.6677780151367	-5.07787322998047	-959.895385742188	38.0993919372559	7.89162826538086	-981.699096679688	30.5390892028809	17.3110504150391	-983.204406738281	12.0450439453125	0.629769802093506	-977.401184082031	26.5101089477539	33.9207077026367	-979.503479003906	13.5547113418579	36.6198692321777	-990.79345703125	5.53500747680664	42.4311370849609	-992.413452148438	4.43860769271851	18.7190284729004	-985.957397460938	-12.3851633071899	-42.8489036560059	-998.292297363281	-13.676685333252	-40.5168075561523	-998.756530761719	-17.1291160583496	-35.6757850646973	-999.189025878906	-19.8913631439209	-24.8144721984863	-1000.88323974609	-16.2975444793701	-0.099154643714428	-995.805541992188	-13.158031463623	3.31215620040894	-995.216186523438	-7.25831985473633	-33.6976699829102	-977.9501953125	-3.5995831489563	-13.8330316543579	-957.314575195312	-15.9759111404419	-11.1945428848267	-947.56787109375	-30.6066837310791	-3.10380697250366	-957.458618164062	-40.1597709655762	8.36545658111572	-978.34521484375	-32.3463439941406	18.7875843048096	-981.093078613281	-16.0617599487305	1.78442358970642	-976.057861328125	-28.165620803833	34.6558532714844	-979.216430664062	-16.7996063232422	37.9058418273926	-990.181457519531	-8.37500858306885	44.0796775817871	-991.677429199219	-8.38331317901611	18.6886978149414	-985.4638671875
PRI-2601	-1.31896340847015	26.9998683929443	-1041.4931640625	-0.948147475719452	18.2579441070557	-1035.12658691406	-0.579612195491791	1.67625999450684	-1025.73547363281	-1.17819595336914	-20.9872398376465	-1004.98492431641	-0.940095961093903	-24.59055519104	-1001.58850097656	-1.49296021461487	12.918381690979	-930.239868164062	-1.97461068630219	24.6830310821533	-950.423645019531	-1.59472632408142	25.6621379852295	-966.055419921875	-1.52092087268829	11.3811378479004	-984.528442382812	-1.5375554561615	18.9672985076904	-997.171325683594	-1.35241198539734	21.2364616394043	-1027.68811035156	7.28972339630127	26.2955875396729	-1038.3212890625	9.41548824310303	26.2470855712891	-1036.71301269531	12.2266407012939	28.2905330657959	-1033.33386230469	15.3180646896362	29.8231105804443	-1024.11560058594	15.6736240386963	29.3511180877686	-1001.64837646484	8.76532745361328	24.3840999603271	-992.542541503906	3.48862528800964	3.97714519500732	-1024.56774902344	1.23957717418671	-13.9771976470947	-1005.13989257812	13.1152229309082	-22.4915657043457	-998.73876953125	27.31325340271	-10.5552320480347	-995.119689941406	37.9116134643555	14.0148086547852	-988.121154785156	30.5856094360352	15.6430654525757	-977.97119140625	12.010181427002	7.3334641456604	-993.297424316406	26.8764686584473	13.753737449646	-960.299499511719	12.7120819091797	23.3999061584473	-963.386413574219	5.09973764419556	25.7322311401367	-957.315490722656	4.03216361999512	16.4989356994629	-978.269714355469	-10.0744199752808	26.0484771728516	-1038.36328125	-11.476788520813	26.6035537719727	-1037.06103515625	-14.6623048782349	28.3862113952637	-1033.82690429688	-17.7315216064453	30.2095756530762	-1025.21337890625	-17.9145412445068	29.7978267669678	-1002.13690185547	-11.111834526062	24.7487449645996	-993.042663574219	-5.00104284286499	2.73861694335938	-1023.42224121094	-3.53233766555786	-13.9796018600464	-1005.11138916016	-15.5337381362915	-22.6239490509033	-998.690734863281	-29.8888702392578	-10.9004993438721	-995.94970703125	-39.2257232666016	13.7367372512817	-984.823852539062	-32.6479148864746	15.4073934555054	-978.773742675781	-14.2543659210205	6.4535608291626	-993.537780761719	-29.6494979858398	14.5166234970093	-961.676147460938	-15.6441555023193	23.6856689453125	-962.579895019531	-8.47107410430908	25.994758605957	-957.133422851562	-7.0389084815979	16.5952224731445	-978.509094238281
PRI-3123	0.0866776332259178	-51.6156158447266	-1011.02581787109	-0.598131000995636	-46.0491065979004	-1002.21350097656	-1.0164932012558	-34.0757904052734	-982.477600097656	-2.61846995353699	-13.373067855835	-959.576538085938	-2.5621030330658	-10.0971307754517	-954.480529785156	-7.02724409103394	72.5641326904297	-980.636901855469	-5.96709680557251	56.0619010925293	-998.496459960938	-5.30461120605469	40.8197975158691	-1004.41961669922	-4.00209188461304	16.4945106506348	-990.715759277344	-3.13847899436951	0.581492364406586	-1000.93481445312	-0.781583368778229	-36.3499298095703	-1005.07928466797	10.2869119644165	-46.5389671325684	-1008.95709228516	13.1623268127441	-43.9812889099121	-1009.24114990234	16.5147018432617	-35.9909477233887	-1011.38525390625	19.3955841064453	-24.3320293426514	-1012.61798095703	13.0445308685303	1.21851122379303	-1012.11700439453	7.80438995361328	5.9948902130127	-1006.47003173828	3.96596550941467	-33.4377975463867	-985.533081054688	0.243005707859993	-12.1447257995605	-966.232177734375	12.4313125610352	-8.6962776184082	-957.167663574219	28.9551811218262	-0.0903192684054375	-965.005432128906	42.1817932128906	12.1469593048096	-990.550170898438	31.5711917877197	24.8231525421143	-991.928771972656	10.6643390655518	5.78424215316772	-985.736389160156	24.8965549468994	43.2764663696289	-988.533142089844	11.6598491668701	43.752986907959	-1000.31311035156	1.94000434875488	49.6430854797363	-1002.54217529297	2.2445695400238	24.4063320159912	-995.520935058594	-10.7297277450562	-47.8044319152832	-1008.81658935547	-14.3676280975342	-44.815299987793	-1010.06866455078	-18.2286643981934	-38.4133758544922	-1011.56909179688	-22.2812061309814	-27.4276943206787	-1013.26623535156	-19.6634712219238	-1.39360630512238	-1012.70037841797	-14.1072216033936	4.33687734603882	-1006.40252685547	-6.78938245773315	-33.3260307312012	-985.517883300781	-5.72677612304688	-11.8177576065063	-966.679321289062	-18.9892654418945	-9.60537815093994	-957.010559082031	-35.8456115722656	-3.85572457313538	-966.336242675781	-49.029167175293	6.86545610427856	-990.312255859375	-42.8139038085938	21.0935764312744	-992.270812988281	-17.3483619689941	4.37031173706055	-985.488647460938	-35.0724449157715	40.4714126586914	-989.538513183594	-22.0585479736328	42.0272407531738	-1001.24645996094	-13.6540021896362	49.3043975830078	-1002.64801025391	-11.7036333084106	23.6601810455322	-995.563720703125
PRI-3125	-2.27164959907532	-63.4691276550293	-1001.67108154297	-2.47751569747925	-58.2208862304688	-994.125061035156	-1.38435161113739	-44.8370399475098	-973.184814453125	-1.01467597484589	-21.079439163208	-949.920837402344	-0.814094007015228	-16.1496715545654	-944.451721191406	1.31724119186401	65.9453582763672	-984.408874511719	-1.00825715065002	46.796257019043	-996.7998046875	-1.16080439090729	30.153772354126	-998.602233886719	-1.62927103042603	4.59997892379761	-982.243957519531	-1.94030797481537	-8.09393692016602	-994.193603515625	-2.48187017440796	-48.8557052612305	-997.063903808594	9.55896091461182	-57.5516777038574	-1000.09552001953	11.777850151062	-55.722785949707	-1001.29028320312	15.583251953125	-48.436710357666	-1002.93994140625	17.8828945159912	-36.4548492431641	-1005.63385009766	13.1334476470947	-9.10431289672852	-1005.29669189453	8.4727373123169	-3.89078497886658	-1000.24200439453	4.24300479888916	-46.1192321777344	-977.340209960938	1.3881117105484	-21.0787620544434	-957.451538085938	14.0050191879272	-15.7687177658081	-948.154113769531	30.3779354095459	-7.78826904296875	-959.011596679688	42.3101234436035	3.34953165054321	-989.770324707031	30.1025352478027	13.5744047164917	-988.739990234375	11.9973640441895	-5.50807666778564	-980.724365234375	30.1301689147949	33.3528251647949	-986.714416503906	14.1246967315674	32.9176139831543	-996.956848144531	6.32388734817505	37.4119415283203	-998.2890625	5.87773084640503	16.42431640625	-989.28125	-13.9249458312988	-58.117992401123	-1000.08099365234	-16.5288982391357	-55.2492904663086	-1001.06072998047	-20.591121673584	-46.4747200012207	-1003.37133789062	-22.5056133270264	-36.1417274475098	-1003.76525878906	-18.8435230255127	-10.1190700531006	-1003.92370605469	-13.1083869934082	-3.21745491027832	-1000.09576416016	-6.84838390350342	-42.9559707641602	-975.581298828125	-4.53557443618774	-19.6680603027344	-957.706909179688	-15.9881153106689	-14.6888189315796	-947.426513671875	-32.1247062683105	-6.7386155128479	-957.866821289062	-44.5291366577148	5.76339864730835	-987.582885742188	-34.3649711608887	15.4910774230957	-987.66552734375	-14.0000400543213	-4.56035566329956	-979.609130859375	-31.7470645904541	34.6210098266602	-985.737365722656	-17.1519203186035	33.0775337219238	-996.525939941406	-8.5379056930542	38.5346603393555	-998.102783203125	-8.7614221572876	16.9511299133301	-988.62744140625
PRI-3126	1.06123471260071	-59.080005645752	-1004.21630859375	0.533094823360443	-52.617359161377	-995.961181640625	-0.160979643464088	-43.6677589416504	-976.073913574219	-1.0053688287735	-19.3548355102539	-948.463928222656	-1.3327271938324	-14.276195526123	-942.681518554688	-4.79079389572144	64.2900924682617	-981.074401855469	-3.43550443649292	45.1264533996582	-995.181396484375	-2.38131284713745	29.6271877288818	-998.133239746094	-1.79611957073212	7.27593803405762	-981.225402832031	-1.18473923206329	-7.54798936843872	-993.186157226562	0.136643335223198	-42.8893928527832	-997.957824707031	11.0805711746216	-53.4248008728027	-1002.49084472656	14.4073762893677	-50.5747566223145	-1003.05438232422	16.4271049499512	-43.3331527709961	-1004.93878173828	18.8183784484863	-32.0675354003906	-1004.95861816406	14.8789110183716	-8.73361492156982	-1003.39227294922	9.12259006500244	-1.74402797222137	-998.2548828125	5.81596660614014	-41.3025245666504	-977.862243652344	1.95528149604797	-17.873571395874	-955.861022949219	15.1390295028687	-15.4928789138794	-947.388793945312	30.9370594024658	-2.84140610694885	-954.779113769531	44.1363830566406	5.69450902938843	-982.634216308594	36.0188751220703	18.221378326416	-985.594360351562	12.10045337677	-2.21595311164856	-976.968078613281	28.5357189178467	37.3739128112793	-981.745361328125	13.283896446228	34.5036888122559	-995.639831542969	4.49153852462769	39.181282043457	-997.867858886719	5.41121912002563	15.2751388549805	-988.510070800781	-10.0034532546997	-54.6314697265625	-1001.91784667969	-13.5178127288818	-51.085033416748	-1002.51837158203	-16.5352535247803	-44.6581573486328	-1005.17626953125	-19.4453830718994	-32.9495544433594	-1005.92779541016	-16.643533706665	-9.12512493133545	-1004.32446289062	-12.0026845932007	-2.52224469184875	-998.890075683594	-6.83859252929688	-42.1392097473145	-978.38623046875	-4.33291625976562	-18.407413482666	-955.911682128906	-17.9004592895508	-17.5393905639648	-947.219543457031	-35.9817314147949	-5.84591722488403	-956.610107421875	-48.2601089477539	4.62001132965088	-985.236389160156	-39.9954223632812	13.6030921936035	-986.290222167969	-15.9703197479248	-2.82842397689819	-977.570556640625	-34.1738700866699	32.9232864379883	-983.681396484375	-19.4458179473877	30.4423751831055	-994.579833984375	-10.3694696426392	38.3535041809082	-997.871643066406	-9.04846286773682	14.8346176147461	-987.737915039062
PRI-3128	8.33928203582764	-61.6777877807617	-946.136291503906	7.59376859664917	-54.0546531677246	-952.6689453125	6.14627933502197	-38.3729057312012	-967.657348632812	2.04925727844238	-12.2107086181641	-986.634887695312	1.65104043483734	-8.45090198516846	-990.060546875	-1.69835638999939	63.3464202880859	-940.879760742188	-1.40510237216949	42.3096580505371	-930.332275390625	-0.322355329990387	25.6152687072754	-931.131103515625	1.22153234481812	6.39829969406128	-951.554565429688	3.14781999588013	-10.1930866241455	-942.786315917969	7.00065469741821	-44.8463172912598	-946.631774902344	-2.85890007019043	-57.0635795593262	-945.5185546875	-4.19820737838745	-55.0207366943359	-944.102844238281	-8.99558925628662	-49.9609794616699	-940.119567871094	-12.4958763122559	-40.6718597412109	-937.010498046875	-11.1175270080566	-14.9801549911499	-933.633911132812	-7.42158842086792	-7.78271389007568	-936.763122558594	1.7036942243576	-38.1083297729492	-966.018493652344	-0.379849672317505	-13.8905744552612	-978.068542480469	-12.9253492355347	-8.07756042480469	-987.751342773438	-28.6899719238281	-4.86984586715698	-976.665710449219	-40.5446929931641	1.01704120635986	-946.813659667969	-34.1335372924805	10.0938844680786	-942.948913574219	-11.8871765136719	-3.62988924980164	-957.015869140625	-29.1559295654297	29.246618270874	-941.827880859375	-14.7636432647705	28.8827533721924	-931.976745605469	-8.15158843994141	33.8790588378906	-929.75830078125	-5.81265306472778	13.0192041397095	-942.391845703125	17.8272590637207	-56.0121574401855	-945.181457519531	20.2138805389404	-52.3016624450684	-943.458740234375	22.7935104370117	-47.222412109375	-940.281982421875	24.1789588928223	-36.8902359008789	-936.469360351562	19.0302791595459	-13.0722827911377	-933.401489257812	12.1825160980225	-5.26586437225342	-937.423889160156	11.0772228240967	-37.6683959960938	-964.852355957031	5.39006853103638	-13.2584924697876	-978.571899414062	16.8986892700195	-5.89792394638062	-987.439758300781	32.9855194091797	1.17959189414978	-977.002868652344	43.6593818664551	8.01602172851562	-948.252014160156	36.2137603759766	16.1694717407227	-944.13134765625	16.1890087127686	-0.635082840919495	-956.511291503906	28.3141078948975	33.728515625	-942.397277832031	14.3877553939819	30.8135833740234	-932.139526367188	6.67230176925659	35.5090179443359	-930.310363769531	7.80635833740234	13.9316673278809	-943.518859863281
PRI-3134	0.97971099615097	-63.0707168579102	-998.174194335938	1.00465834140778	-59.8787536621094	-992.994689941406	-0.546972274780273	-43.6335639953613	-973.307861328125	-2.13137078285217	-22.3592967987061	-951.549499511719	-2.21481251716614	-19.4551544189453	-946.947326660156	-5.24287891387939	63.4102249145508	-980.267517089844	-3.61584401130676	45.8015975952148	-995.18896484375	-2.79697823524475	29.3144779205322	-998.401977539062	-2.03880453109741	4.96223831176758	-983.679992675781	-1.0162935256958	-11.0244293212891	-994.540344238281	0.546116888523102	-49.1196022033691	-995.721130371094	10.5483999252319	-57.8739166259766	-997.504699707031	12.9094581604004	-54.5796356201172	-998.061340332031	16.6462955474854	-49.0776138305664	-999.248352050781	19.9523601531982	-37.9405975341797	-1001.82098388672	15.1871280670166	-13.0298337936401	-1003.75610351562	8.90843677520752	-5.27187395095825	-999.856628417969	3.7597029209137	-42.9505081176758	-976.012145996094	0.854898571968079	-20.9181442260742	-959.134399414062	13.7996263504028	-16.5551834106445	-949.065246582031	29.0462207794189	-9.25234222412109	-957.2822265625	42.1192626953125	5.86960792541504	-983.125610351562	31.1121215820312	17.9956455230713	-985.706115722656	11.7717790603638	-4.33907079696655	-979.727355957031	24.7691383361816	34.761043548584	-984.992004394531	12.5800561904907	31.8650569915771	-996.176330566406	4.256911277771	37.2320175170898	-997.798583984375	4.33133935928345	14.8366785049438	-990.0908203125	-9.09609794616699	-58.699146270752	-999.244079589844	-11.305721282959	-56.1410179138184	-999.927673339844	-15.047402381897	-49.8844528198242	-1002.1650390625	-18.3802394866943	-39.3474273681641	-1004.35601806641	-15.6023750305176	-14.5789279937744	-1004.79626464844	-11.3367509841919	-6.37584829330444	-1000.06890869141	-5.62225723266602	-43.849308013916	-977.105895996094	-5.00915813446045	-20.314380645752	-959.446228027344	-18.0079956054688	-18.2324333190918	-950.070068359375	-33.9378814697266	-11.9715280532837	-959.567687988281	-47.1253623962402	2.78531193733215	-986.966064453125	-37.977237701416	14.9919385910034	-987.314636230469	-14.350588798523	-5.83009767532349	-979.631042480469	-32.8083000183105	32.2805366516113	-985.616821289062	-18.6696796417236	30.7466869354248	-995.837219238281	-11.4214448928833	36.2784729003906	-998.442687988281	-10.0449171066284	14.6875734329224	-990.001647949219
PRI-3135	-0.851081490516663	-44.9797744750977	-991.452331542969	-1.07982325553894	-39.0310401916504	-985.047546386719	-1.84674167633057	-31.7194366455078	-968.239318847656	-3.75713324546814	-12.1417627334595	-946.349548339844	-3.81974673271179	-9.59134101867676	-942.211608886719	-3.04708099365234	66.7601318359375	-976.539001464844	-2.16027212142944	49.498649597168	-988.547546386719	-1.98216712474823	32.4933738708496	-990.122863769531	-2.41330766677856	12.500394821167	-976.518371582031	-1.41201603412628	0.17828780412674	-985.663696289062	-0.655992150306702	-31.0537376403809	-987.952453613281	8.85452651977539	-40.2341346740723	-990.868469238281	10.4685230255127	-37.7375907897949	-991.532470703125	13.4938249588013	-33.7571449279785	-992.9658203125	16.2559089660645	-22.9687461853027	-993.881591796875	13.2809476852417	1.57464623451233	-992.272521972656	8.79297733306885	4.64986515045166	-990.172729492188	2.43073296546936	-27.905309677124	-969.225280761719	-0.790121495723724	-10.5541706085205	-952.128479003906	11.1915149688721	-6.88590002059937	-942.58251953125	25.6939277648926	-0.474111676216125	-952.642700195312	36.259635925293	12.6928987503052	-973.774230957031	29.1773014068604	19.3194999694824	-975.96728515625	10.4271268844604	5.14907073974609	-970.668029785156	24.8470153808594	36.760082244873	-975.607788085938	12.5193777084351	36.5410804748535	-987.719360351562	4.55564546585083	40.9483070373535	-989.979370117188	3.92279076576233	20.2141094207764	-982.821411132812	-10.2512054443359	-40.008186340332	-991.557739257812	-12.2156744003296	-38.1044616699219	-992.225769042969	-14.5105886459351	-33.8824577331543	-994.161315917969	-18.3870944976807	-23.6044902801514	-994.975036621094	-16.0214767456055	1.32138419151306	-994.135803222656	-11.047082901001	4.66446542739868	-991.324890136719	-6.29654312133789	-29.0532531738281	-969.846740722656	-5.85080194473267	-10.5766067504883	-952.316223144531	-18.2408618927002	-6.87856721878052	-944.759521484375	-32.3230476379395	-0.109017759561539	-955.267456054688	-41.1519165039062	9.38103771209717	-978.036376953125	-33.3178634643555	18.7020168304443	-980.488037109375	-15.75927734375	4.4951548576355	-971.959655761719	-29.8311347961426	35.958179473877	-980.519592285156	-16.637508392334	35.6142311096191	-990.2783203125	-8.62827682495117	41.3252296447754	-991.135070800781	-8.28024196624756	20.043872833252	-983.070373535156
PRI-3153	1.45571196079254	-59.1141548156738	-990.8603515625	1.79735672473907	-51.3627548217773	-984.182250976562	NA	NA	NA	-1.84139049053192	-10.2634916305542	-942.768310546875	-2.23920583724976	-7.04253005981445	-939.088195800781	-2.72376823425293	73.2459030151367	-977.166076660156	-2.08998465538025	52.9757461547852	-991.165161132812	-1.5191113948822	35.0771903991699	-993.21630859375	-0.416536569595337	10.5213193893433	-977.425354003906	0.28283354640007	-6.00222301483154	-988.064147949219	0.768178761005402	-43.514892578125	-987.632995605469	11.8719358444214	-53.4034118652344	-989.130310058594	15.8365068435669	-50.0286483764648	-991.866882324219	18.264347076416	-45.0076751708984	-995.307189941406	20.1685466766357	-34.6615295410156	-996.491577148438	18.5172348022461	-9.35519313812256	-996.838012695312	12.6043672561646	0.457224726676941	-993.123779296875	NA	NA	NA	1.0483922958374	-10.6659183502197	-949.493469238281	14.1417331695557	-4.58830547332764	-940.329406738281	30.0067176818848	2.90659689903259	-948.35791015625	46.5917549133301	10.3575048446655	-975.633483886719	39.4000587463379	21.8445663452148	-978.196899414062	12.7807092666626	2.23453783988953	-971.192321777344	29.4255428314209	42.245849609375	-977.673828125	14.5041799545288	38.8659591674805	-989.558044433594	5.42349290847778	45.218677520752	-992.316711425781	7.23040771484375	21.1487464904785	-982.597534179688	-8.6574239730835	-53.5613250732422	-990.315734863281	-11.6394672393799	-51.0052146911621	-993.197570800781	-15.1438407897949	-45.6386680603027	-996.543090820312	-17.1491394042969	-35.3559722900391	-998.364318847656	-15.5298490524292	-10.4047765731812	-999.279907226562	-10.9067840576172	-0.714689552783966	-994.100158691406	NA	NA	NA	-4.37199306488037	-10.3917551040649	-949.863647460938	-17.7106742858887	-5.02967500686646	-941.4775390625	-35.1541709899902	0.248017325997353	-952.3583984375	-48.0312271118164	7.90960025787354	-980.418762207031	-41.0970268249512	19.2594299316406	-982.9111328125	-14.9351301193237	1.76140582561493	-972.455139160156	-33.4801025390625	40.5035629272461	-980.827880859375	-17.7609577178955	38.3320999145508	-990.834838867188	-8.88684272766113	44.840877532959	-992.851501464844	-7.85458707809448	20.7330570220947	-983.605346679688
PRI-3159	-1.67310166358948	19.9207801818848	-1056.568359375	-1.52153539657593	15.0275087356567	-1052.46813964844	-1.34778463840485	-1.11266422271729	-1043.13525390625	-0.533330023288727	-20.9018878936768	-1021.55383300781	-0.374874919652939	-24.9818534851074	-1018.32281494141	-2.5522563457489	12.2738924026489	-947.560852050781	-3.11507534980774	22.9822998046875	-965.415832519531	-2.92981219291687	24.2091865539551	-982.34814453125	-2.19376277923584	6.9446611404419	-1000.95104980469	-2.27518606185913	17.7708892822266	-1013.94860839844	-1.48420655727386	17.768611907959	-1045.52319335938	8.05631160736084	20.6326637268066	-1050.66796875	8.98173236846924	21.0225601196289	-1049.6162109375	11.8797416687012	22.1635398864746	-1044.72595214844	14.7765922546387	24.3144073486328	-1035.08703613281	10.5174360275269	22.9782543182373	-1011.21569824219	8.00021934509277	22.4167537689209	-1010.11877441406	3.53326630592346	1.44252002239227	-1041.54821777344	1.4478942155838	-14.9433374404907	-1020.56915283203	11.1503200531006	-23.8287696838379	-1015.94610595703	25.9845962524414	-11.5557374954224	-1009.06256103516	34.0351333618164	12.0311737060547	-1002.18536376953	27.0253486633301	12.1174602508545	-994.014038085938	11.0354404449463	2.60731720924377	-1008.29309082031	23.3003749847412	12.6139392852783	-977.946105957031	12.5506782531738	22.3780326843262	-979.213684082031	4.65488529205322	24.8572044372559	-973.44287109375	4.03589010238647	14.7243776321411	-994.723083496094	-10.9969711303711	20.200309753418	-1051.51416015625	-12.4720630645752	20.4114723205566	-1050.14147949219	-15.5442190170288	22.0948753356934	-1045.01647949219	-18.6949462890625	23.9398555755615	-1035.82568359375	-15.6058483123779	22.3542728424072	-1012.23706054688	-12.3426246643066	21.479923248291	-1010.60498046875	-6.70764398574829	1.03610646724701	-1041.48876953125	-3.41322684288025	-15.1284465789795	-1021.04870605469	-13.1258096694946	-24.1818065643311	-1016.46496582031	-28.8464889526367	-12.8742733001709	-1010.42108154297	-38.865047454834	10.3178272247314	-1003.83703613281	-33.9116973876953	11.1898164749146	-994.886657714844	-14.9385347366333	1.9561675786972	-1008.46557617188	-29.2184944152832	11.7829923629761	-978.34326171875	-17.9656505584717	22.19997215271	-978.989990234375	-10.6102991104126	25.0001850128174	-974.011413574219	-9.36617565155029	14.1178169250488	-994.410583496094
PRI-3161	0.651605010032654	-45.2011756896973	-996.251831054688	0.628151535987854	-41.3340835571289	-988.54833984375	1.27473104000092	-33.9883460998535	-971.149169921875	1.17969226837158	-14.6415939331055	-949.855651855469	1.20026338100433	-11.3592967987061	-944.950927734375	-5.45283222198486	64.9997634887695	-974.363525390625	-4.9313907623291	47.9392967224121	-987.929626464844	-4.15518665313721	32.1069259643555	-990.218322753906	-2.13610053062439	9.78749561309814	-976.696105957031	-2.25217437744141	-0.685950815677643	-986.376098632812	-0.134984657168388	-33.6295547485352	-990.067016601562	9.4176664352417	-39.958927154541	-995.937683105469	10.607928276062	-37.5646095275879	-996.281799316406	12.9003162384033	-33.9156494140625	-996.620544433594	15.9086027145386	-23.11936378479	-998.238403320312	13.0095558166504	0.61222916841507	-996.1416015625	7.51020765304565	5.06741285324097	-991.384948730469	5.76309537887573	-30.0961456298828	-973.316284179688	3.1879870891571	-13.6794519424438	-956.52978515625	15.2743473052979	-9.77182579040527	-948.065185546875	28.7332782745361	-1.58159732818604	-957.243347167969	36.940502166748	11.0056686401367	-979.901733398438	29.2779560089111	20.9781818389893	-980.592163085938	10.7556352615356	2.56710696220398	-974.981506347656	23.542947769165	36.7452278137207	-978.3291015625	10.4259843826294	35.5825157165527	-988.492065429688	2.82875680923462	40.8062210083008	-989.941528320312	3.31322598457336	19.4118270874023	-982.035217285156	-9.22465133666992	-41.7830657958984	-994.823120117188	-11.2885961532593	-39.2520370483398	-995.015319824219	-14.1396684646606	-35.4209175109863	-996.008728027344	-18.8369026184082	-25.7317180633545	-996.484191894531	-18.2181072235107	-1.69733870029449	-994.220275878906	-13.1766786575317	3.46329212188721	-990.551574707031	-3.50544142723083	-30.9622783660889	-972.873596191406	-2.0633065700531	-13.4120397567749	-956.241516113281	NA	NA	NA	-29.5883178710938	-5.12085819244385	-955.161254882812	-42.2492980957031	7.67745494842529	-978.204711914062	-36.3403663635254	17.4175052642822	-979.009826660156	-14.238039970398	0.603223145008087	-974.008361816406	-31.3239593505859	33.5284576416016	-976.923645019531	-18.7970104217529	34.0935592651367	-986.80126953125	-11.546986579895	40.7496337890625	-989.250183105469	-9.4444465637207	18.9886684417725	-981.524230957031
PRI-3162	-2.88322162628174	-56.9451065063477	-1010.00134277344	-3.01344990730286	-51.3680763244629	-1002.35009765625	-1.47236466407776	-40.218090057373	-980.240661621094	-0.923392415046692	-16.8417263031006	-952.1845703125	-0.76772940158844	-13.6060361862183	-947.432189941406	-1.6175651550293	68.9207763671875	-980.592224121094	-1.80313849449158	51.9539642333984	-997.535827636719	-2.17065525054932	35.8338279724121	-1002.14227294922	-1.49611258506775	9.7366828918457	-986.60400390625	-2.3742458820343	-4.57812023162842	-998.424438476562	-3.13858652114868	-41.669864654541	-1005.38342285156	6.01697397232056	-51.9324722290039	-1009.55297851562	10.3796539306641	-47.810977935791	-1010.01593017578	13.7941417694092	-43.7576293945312	-1012.35687255859	NA	NA	NA	14.4208555221558	-8.45592880249023	-1010.57171630859	8.79837226867676	0.696450233459473	-1004.32897949219	3.29195737838745	-38.0809745788574	-982.838012695312	1.98522758483887	-14.7511281967163	-960.664978027344	15.9429836273193	-9.97461318969727	-949.821960449219	32.9055557250977	-5.05216550827026	-964.960083007812	44.4973602294922	9.64147186279297	-991.43310546875	36.5053863525391	19.9477825164795	-993.175964355469	13.3632793426514	-0.376607626676559	-981.893737792969	30.3319931030273	40.0751838684082	-989.095153808594	13.1382541656494	37.6824913024902	-999.872741699219	5.22183465957642	44.9134254455566	-1000.79064941406	5.16080951690674	19.7853736877441	-992.750793457031	-12.0173044204712	-53.0594329833984	-1007.78082275391	-16.8567333221436	-48.0076904296875	-1007.77233886719	-20.5652465820312	-43.7857856750488	-1010.97961425781	-22.4874858856201	-32.2165260314941	-1011.85009765625	-19.7590599060059	-8.09831809997559	-1009.08581542969	-14.6302299499512	0.689438104629517	-1003.61480712891	-7.58450317382812	-38.1692008972168	-982.477355957031	-4.50832366943359	-14.740927696228	-960.411987304688	-17.1510334014893	-9.31744480133057	-948.310729980469	-35.7620811462402	-1.4999098777771	-961.026977539062	-49.1453056335449	10.648099899292	-990.722778320312	-41.8332977294922	19.4332485198975	-991.420288085938	-15.7062501907349	-0.769946336746216	-981.768005371094	-34.0544967651367	39.5251541137695	-986.940185546875	-18.4040622711182	39.2311820983887	-998.507385253906	-9.79306316375732	44.4819107055664	-1000.37640380859	-9.59864521026611	19.6780567169189	-991.485107421875
PRI-3438	-0.171280115842819	22.8199596405029	-1052.0439453125	-0.337962239980698	16.7879009246826	-1048.16906738281	-0.486795544624329	-0.189295083284378	-1039.78393554688	-1.68004465103149	-24.8869457244873	-1018.94097900391	-1.76248574256897	-28.6927223205566	-1016.04162597656	1.76080191135406	7.75859308242798	-940.673217773438	1.10899150371552	21.7217388153076	-960.194091796875	1.21848976612091	22.2467861175537	-975.509094238281	-0.179361715912819	8.17013168334961	-996.387939453125	0.058056965470314	17.5866470336914	-1008.57867431641	-0.266126811504364	19.0334663391113	-1040.24877929688	9.47183036804199	21.9224166870117	-1048.333984375	11.2262620925903	21.6935977935791	-1047.25390625	14.4099206924438	23.7504291534424	-1042.40844726562	17.8161964416504	25.3643932342529	-1033.64038085938	16.6918716430664	25.4392185211182	-1010.47088623047	11.7747821807861	21.6646099090576	-1004.49090576172	4.19176816940308	0.861337125301361	-1037.12316894531	0.880850672721863	-18.1070022583008	-1018.97045898438	12.7182359695435	-27.9174900054932	-1012.80364990234	28.7436752319336	-16.9742107391357	-1007.83374023438	41.7842063903809	9.43099689483643	-998.16796875	33.4085922241211	11.8856029510498	-989.403625488281	11.9332427978516	3.64785766601562	-1005.98840332031	29.3007106781006	10.1916408538818	-971.797119140625	16.5541152954102	20.1807041168213	-971.638732910156	8.48930072784424	22.8837852478027	-967.475769042969	5.92529821395874	13.0077505111694	-989.345825195312	-9.08656024932861	22.183708190918	-1047.59155273438	-10.2337646484375	22.1688327789307	-1046.50793457031	-13.798376083374	23.5981578826904	-1042.1884765625	-16.5101356506348	25.9471168518066	-1032.68762207031	-15.1374464035034	26.4536628723145	-1009.25714111328	-10.6505737304688	22.6438999176025	-1003.47863769531	-5.22390079498291	0.946785688400269	-1036.90515136719	-3.83703231811523	-18.4031620025635	-1018.28887939453	-15.5643243789673	-27.8462104797363	-1012.11090087891	-31.3149681091309	-14.4451017379761	-1007.0654296875	-40.9551773071289	12.1558866500854	-996.149230957031	-31.7803554534912	13.1050834655762	-988.024780273438	-13.3176259994507	3.07123255729675	-1005.0146484375	-27.8531494140625	11.5708703994751	-970.154724121094	-13.5563497543335	20.7746334075928	-971.222290039062	-5.78479099273682	23.0657272338867	-966.106140136719	-5.95699787139893	13.1634654998779	-988.77783203125
PRI-3444	-1.70536541938782	-61.7879295349121	-1001.02404785156	-1.83224093914032	-58.0996284484863	-996.215270996094	-2.4516179561615	-45.0774574279785	-975.01318359375	-3.59208798408508	-23.1135139465332	-950.426391601562	-3.49831986427307	-19.6340351104736	-945.138671875	-4.7534236907959	66.3708572387695	-973.781799316406	-3.42732524871826	50.526439666748	-994.625610351562	-3.46301436424255	33.301628112793	-997.978088378906	-3.07340979576111	5.30633401870728	-984.057495117188	-2.36777997016907	-9.31733131408691	-994.71533203125	-1.89601469039917	-47.1736526489258	-998.444213867188	8.06972980499268	-55.4911880493164	-999.504028320312	10.0800628662109	-52.9511451721191	-1000.67150878906	14.8076877593994	-47.3089065551758	-1001.08581542969	17.670295715332	-35.1040916442871	-1003.52319335938	14.203971862793	-10.0553884506226	-1004.39929199219	8.19656753540039	-3.02203607559204	-999.627380371094	2.38042616844177	-42.7889823913574	-977.529724121094	-1.01734137535095	-22.0547122955322	-957.878967285156	11.7143449783325	-17.938793182373	-948.59619140625	28.7870445251465	-9.27109241485596	-956.286987304688	NA	NA	NA	NA	NA	NA	11.6160593032837	-3.73036766052246	-978.279174804688	28.042911529541	36.5259170532227	-981.396179199219	13.5356922149658	37.4420356750488	-994.505676269531	4.48388051986694	42.2338104248047	-997.22216796875	3.77597260475159	15.2590484619141	-988.933471679688	-11.7042179107666	-55.3714981079102	-1000.14593505859	-13.050518989563	-52.629264831543	-999.875366210938	-19.7940711975098	-47.9528465270996	-1002.30700683594	-22.0665988922119	-35.6018447875977	-1004.8583984375	-19.7229537963867	-10.8476810455322	-1005.04187011719	-13.4298839569092	-3.52524614334106	-1000.23156738281	-8.12447166442871	-43.7545471191406	-978.514709472656	-6.28345632553101	-21.1639747619629	-958.045959472656	-18.7404708862305	-18.3370513916016	-949.756164550781	-36.184814453125	-10.4466791152954	-958.670837402344	-49.2532691955566	4.38013887405396	-986.910461425781	-41.6026191711426	15.2129859924316	-987.622863769531	-17.6638603210449	-4.69707918167114	-978.009338378906	-35.9647560119629	34.9141540527344	-983.132690429688	-20.3937644958496	37.9199256896973	-995.052124023438	-11.648627281189	43.0450706481934	-997.474975585938	-9.87237644195557	15.3863096237183	-988.913391113281
PRI-3446	-2.700031042099	-55.2927474975586	-988.447509765625	-2.44258904457092	-49.0621719360351	-981.133239746094	-1.70653963088989	-38.7371559143066	-962.883056640625	-1.39510107040405	-22.4135284423828	-944.526306152344	-1.25500953197479	-19.6671333312988	-939.545776367188	0.939339697360992	53.8578643798828	-979.458435058594	-0.00820782035589218	35.6600341796875	-990.377319335938	-0.915324926376343	20.9231796264648	-992.476806640625	-1.26334428787231	0.724615395069122	-974.84716796875	-1.39019179344177	-11.3160572052002	-983.876708984375	-2.08551907539368	-42.467887878418	-983.643188476562	7.40952777862549	-50.5457801818848	-988.246520996094	8.9159517288208	-48.6093292236328	-988.747497558594	11.2783050537109	-44.668399810791	-990.043273925781	NA	NA	NA	12.014331817627	-12.0742702484131	-990.878601074219	8.92478084564209	-7.53051662445068	-988.685668945312	3.41613936424255	-40.1377830505371	-966.836059570312	1.16223502159119	-20.7972679138184	-949.852294921875	12.4721755981445	-19.5786037445068	-944.0205078125	26.7847461700439	-10.4538421630859	-952.85498046875	35.3237724304199	-3.41326379776001	-976.438232421875	29.467077255249	7.3411545753479	-978.762329101562	12.7845611572266	-7.66167163848877	-969.765930175781	26.6419506072998	23.7821922302246	-979.158813476562	14.3810148239136	23.2975234985352	-989.61962890625	6.8948130607605	29.7211418151855	-992.306823730469	4.83876371383667	7.06834554672241	-982.53173828125	-12.5520334243774	-50.0789108276367	-987.760314941406	-13.5727777481079	-48.4484939575195	-988.479248046875	-15.9345474243164	-44.576171875	-989.775390625	-20.4809494018555	-34.8851127624512	-989.919921875	-16.3725185394287	-10.9918527603149	-990.791748046875	-11.8401689529419	-7.20476627349854	-988.491882324219	-6.82569742202759	-38.8081741333008	-966.019104003906	-4.35487604141235	-19.809534072876	-949.902404785156	-14.6113557815552	-19.161600112915	-943.744567871094	-29.7617244720459	-9.19852542877197	-953.712585449219	-37.8445358276367	0.562797844409943	-976.704345703125	-31.6748962402344	9.9212064743042	-979.2744140625	-14.3361539840698	-5.85280609130859	-969.512939453125	-27.4911804199219	24.9799346923828	-980.160461425781	-15.6576509475708	25.0155906677246	-990.345947265625	-7.38329124450684	29.5703430175781	-992.962463378906	-6.83593416213989	7.78008699417114	-981.735534667969
PRI-3447	-0.518931686878204	-42.5507545471191	-995.449890136719	-0.603398561477661	-38.230583190918	-988.838134765625	-1.59445750713348	-31.0674953460693	-972.141357421875	-3.80542278289795	-12.2139720916748	-948.603515625	-4.03456211090088	-9.87589836120605	-944.461486816406	-6.4375057220459	66.5146713256836	-977.35888671875	-4.13235569000244	48.4206848144531	-990.153381347656	-2.66943907737732	32.7174911499023	-991.630615234375	-3.12540769577026	12.5763359069824	-978.399841308594	-2.31537437438965	-0.137519836425781	-988.134155273438	-0.885223150253296	-31.2118091583252	-990.705871582031	8.80205917358398	-37.8665885925293	-994.003112792969	10.3352670669556	-35.4614524841309	-994.909118652344	13.5923051834106	-30.4836807250977	-995.486694335938	16.4160480499268	-20.6155529022217	-996.430603027344	12.7526588439941	1.81766784191132	-994.067565917969	8.33898639678955	5.04810571670532	-991.520202636719	3.32525181770325	-29.1337394714355	-973.580322265625	-1.32502162456512	-11.5418300628662	-954.851501464844	10.0058650970459	-7.57363891601562	-944.712463378906	24.8016223907471	1.60342955589294	-954.291625976562	34.338306427002	11.6496696472168	-977.851989746094	27.8371601104736	20.3256587982178	-978.677917480469	9.66802406311035	3.20234107971191	-972.615966796875	22.7433910369873	37.3431854248047	-977.806213378906	11.2813510894775	36.3661956787109	-988.862731933594	3.81391334533691	40.6885375976562	-992.278564453125	2.94735097885132	19.4577369689941	-983.181823730469	-9.835129737854	-38.5424613952637	-994.729736328125	-11.5409240722656	-36.762825012207	-995.145324707031	-14.7974414825439	-31.9817943572998	-997.47802734375	-17.8271255493164	-22.1678409576416	-998.818054199219	-16.6509132385254	0.606303453445435	-996.261596679688	-13.3711194992065	4.98628616333008	-993.385681152344	-6.86637878417969	-29.8878040313721	-974.724182128906	-6.00560235977173	-11.6395664215088	-955.244201660156	-18.567253112793	-8.47979927062988	-946.164123535156	-32.6537666320801	-1.51840555667877	-956.923095703125	-40.8455619812012	9.18097114562988	-982.2001953125	-36.0581703186035	17.0566864013672	-982.315979003906	-16.9526214599609	3.40842056274414	-973.945861816406	-31.2301788330078	34.961597442627	-980.861633300781	-17.9242630004883	35.0190277099609	-990.267761230469	-10.1975259780884	40.134937286377	-992.865417480469	-9.08131790161133	18.8627452850342	-983.389831542969
PRI-3448	-1.49341213703156	22.8891429901123	-1048.48876953125	-1.7043149471283	16.1520748138428	-1041.13464355469	-1.48370552062988	-0.0960955992341042	-1033.23388671875	-1.85183358192444	-24.145601272583	-1011.29357910156	-1.57029795646667	-27.6333770751953	-1008.71435546875	-1.85062110424042	11.8994340896606	-934.43359375	-1.79306519031525	24.7873821258545	-954.630310058594	-1.82590782642365	25.4776554107666	-969.650085449219	-1.31002402305603	8.74460124969482	-990.433959960938	-1.52928614616394	17.7882232666016	-1003.68713378906	-1.47227907180786	19.1069164276123	-1034.85534667969	7.56140041351318	23.6747875213623	-1044.57641601562	9.92803573608398	24.5714092254639	-1043.16027832031	12.7099123001099	25.224760055542	-1039.34765625	16.1400241851807	26.4603309631348	-1029.66516113281	13.7462472915649	26.6555347442627	-1005.27740478516	9.43931579589844	22.8857727050781	-999.372314453125	2.88756561279297	1.76499545574188	-1031.45324707031	0.606481373310089	-17.2843704223633	-1011.85284423828	12.2402658462524	-26.2818756103516	-1006.38623046875	27.3911514282227	-16.3899765014648	-998.219360351562	37.452449798584	10.3374767303467	-993.715576171875	31.7467975616455	13.6593112945557	-982.653015136719	12.2290620803833	2.99297785758972	-999.009216308594	26.8243827819824	13.7931413650513	-965.197387695312	12.9179582595825	23.0535526275635	-966.47314453125	4.92172193527222	26.8324089050293	-961.724487304688	4.78617906570435	15.6067972183228	-982.934326171875	-10.7196884155273	23.630392074585	-1045.33312988281	-12.4075689315796	24.1985206604004	-1044.17028808594	-16.1688995361328	24.4668445587158	-1040.53552246094	-19.8213062286377	25.9965267181396	-1030.12719726562	-18.2176094055176	26.6043395996094	-1005.89697265625	-12.4812498092651	23.1870422363281	-999.282287597656	-6.23058462142944	2.3689124584198	-1032.01623535156	-3.96670031547546	-17.0030193328857	-1011.41857910156	-16.071683883667	-25.8380317687988	-1006.6328125	-31.2027816772461	-15.1436443328857	-998.983215332031	-41.4301109313965	10.8774566650391	-993.456848144531	-36.4848136901855	14.6823301315308	-982.732727050781	-15.5193672180176	3.06031703948975	-998.770263671875	-30.8800144195557	14.3141164779663	-966.112243652344	-16.7540435791016	23.8387832641602	-966.366821289062	-8.80681800842285	26.0738067626953	-960.705688476562	-7.91838073730469	15.0077266693115	-983.171936035156
PRI-3957	-4.82220458984375	-49.4078674316406	-995.740661621094	-3.61185574531555	-46.084716796875	-989.89306640625	-3.02357602119446	-37.306037902832	-973.032470703125	-2.80486583709717	-17.587028503418	-950.630432128906	-2.77667689323425	-15.1054649353027	-946.779663085938	-0.0535779297351837	58.8712882995605	-979.530517578125	-1.31450355052948	41.7219848632812	-992.721801757812	-2.36650729179382	25.7610359191895	-994.735717773438	-2.53205847740173	3.84428763389587	-980.794921875	-2.90572547912598	-6.93096923828125	-990.367126464844	-3.08216285705566	-38.3545761108398	-992.312622070312	5.81728935241699	-46.860954284668	-996.276489257812	7.30081987380981	-45.4835662841797	-996.786071777344	10.645565032959	-41.867847442627	-997.987121582031	14.5114068984985	-31.216682434082	-999.403137207031	12.4849500656128	-8.02327919006348	-996.57470703125	7.91631078720093	-2.6419186592102	-995.182312011719	1.7203711271286	-36.0578842163086	-975.47705078125	-0.275103271007538	-16.611291885376	-957.300048828125	10.6166772842407	-13.0081043243408	-948.137573242188	26.6957054138184	-7.54871892929077	-956.938537597656	37.204719543457	1.02667081356049	-981.385925292969	30.9857521057129	12.0102052688599	-981.560607910156	10.2405853271484	-3.8165111541748	-975.965087890625	24.5772323608398	28.2370281219482	-980.851257324219	11.9859561920166	27.5714206695557	-992.648071289062	4.99739217758179	34.0760612487793	-994.387756347656	3.87887382507324	11.382607460022	-986.810668945312	-11.7735452651978	-46.846752166748	-995.858520507812	-13.1516714096069	-45.2316360473633	-996.317687988281	-16.2068214416504	-41.5305862426758	-997.812072753906	-20.3385620117188	-31.204273223877	-998.952514648438	-17.7613105773926	-7.48651266098022	-996.980834960938	-13.9067430496216	-2.17479085922241	-995.511169433594	NA	NA	NA	-5.38546895980835	-16.4010314941406	-957.476440429688	-17.7647190093994	-11.7517070770264	-949.150939941406	-31.9010906219482	-5.04560089111328	-958.253662109375	-42.7191009521484	5.52201271057129	-982.487548828125	-36.4016761779785	15.1765069961548	-981.958190917969	-16.1872634887695	-2.50284385681152	-975.8740234375	-28.6863231658936	31.4453258514404	-981.234191894531	-16.9495677947998	29.6895580291748	-993.262451171875	-8.64491271972656	35.1439628601074	-995.167175292969	-9.5172643661499	12.2583389282227	-986.870544433594
PRI-3958	-0.644595801830292	-46.0475158691406	-993.559265136719	-0.829771876335144	-43.0612030029297	-988.715759277344	-1.36269438266754	-35.3492889404297	-972.033508300781	-2.63491249084473	-16.3099212646484	-948.099853515625	-2.88559317588806	-14.0969333648682	-944.218627929688	-3.37605166435242	63.0067291259766	-974.462768554688	-2.5854480266571	46.3781623840332	-988.253601074219	-1.84064340591431	29.7766189575195	-991.990905761719	-1.83581328392029	6.90205574035645	-978.959289550781	-1.21729815006256	-5.16342544555664	-987.989624023438	-0.484461754560471	-34.9206161499023	-990.794677734375	8.85676383972168	-43.2181549072266	-993.017761230469	10.6462755203247	-41.1941108703613	-993.429809570312	14.0904674530029	-36.6167373657227	-994.479370117188	17.4085655212402	-26.3336715698242	-995.135070800781	12.8008327484131	-2.01305818557739	-992.243896484375	9.53784847259522	0.677549183368683	-991.730590820312	2.87818694114685	-33.758228302002	-972.872375488281	-0.326970309019089	-15.6580085754395	-956.14599609375	10.2438364028931	-11.1903886795044	-944.699890136719	25.5869998931885	-3.66541433334351	-954.315979003906	37.3288536071777	6.33328914642334	-976.113098144531	29.6886711120605	16.7446422576904	-978.402648925781	11.167688369751	-0.0824469327926636	-972.572692871094	23.5118503570557	34.0541534423828	-977.22119140625	13.2873268127441	33.1870079040527	-988.722900390625	5.50762891769409	38.9083137512207	-991.643432617188	4.90372180938721	16.4904022216797	-983.765014648438	NA	NA	NA	-9.66415119171143	-42.3980255126953	-993.757690429688	-13.1055278778076	-38.1966018676758	-996.44580078125	-17.4406585693359	-27.6020832061768	-997.18212890625	-13.7530345916748	-3.94570684432983	-994.35693359375	-11.6868915557861	-0.486182034015656	-992.822387695312	-5.70119714736938	-34.0391845703125	-973.804626464844	-4.96442317962646	-15.2546110153198	-956.401611328125	-16.7499332427979	-11.7871189117432	-946.106140136719	-31.932767868042	-5.9332799911499	-958.738647460938	-41.146110534668	4.62914609909058	-981.670104980469	-35.3636207580566	14.3118324279785	-981.8466796875	-14.9278526306152	-1.03828179836273	-974.010864257812	-29.7473526000977	30.8542881011963	-979.867370605469	-17.2152423858643	31.8459396362305	-990.095397949219	-9.91898345947266	37.8151626586914	-992.356567382812	-8.31278991699219	15.7017850875854	-983.970581054688
PRI-4076	-1.6354593038559	-62.1013679504395	-1178.23608398438	-2.34888958930969	-53.7288932800293	-1171.138671875	-1.68743216991425	-42.3978500366211	-1150.85009765625	-1.17893278598785	-18.8539066314697	-1123.38842773438	-0.833562612533569	-16.0263137817383	-1118.16748046875	-0.429346650838852	75.0493469238281	-1149.18603515625	-0.490031003952026	56.6184883117676	-1170.29443359375	-0.763720989227295	39.5858726501465	-1175.55017089844	-1.05532324314117	12.498556137085	-1160.94177246094	-1.74289846420288	-5.1686692237854	-1168.71044921875	-2.21641159057617	-42.950756072998	-1173.11926269531	10.2084875106812	-55.3506278991699	-1176.80920410156	12.5319766998291	-53.7851295471191	-1177.32556152344	16.786340713501	-43.9835777282715	-1181.30822753906	17.9313278198242	-35.0459403991699	-1182.76611328125	17.0376319885254	-8.38288021087646	-1182.76647949219	11.8773775100708	0.856291174888611	-1178.12365722656	3.81746244430542	-40.188159942627	-1152.37573242188	2.04817080497742	-18.4464244842529	-1131.13317871094	17.4364852905273	-14.1118307113647	-1121.80651855469	35.450553894043	-4.49858236312866	-1134.40222167969	47.6037864685059	10.9454669952393	-1164.86608886719	38.904052734375	21.6751537322998	-1162.61499023438	14.2409324645996	-1.43107342720032	-1155.59399414062	32.4651870727539	41.3862342834473	-1158.64038085938	17.7848377227783	42.0044822692871	-1171.85876464844	8.19248962402344	49.435718536377	-1174.71569824219	7.60406446456909	20.0499229431152	-1165.7041015625	-13.8366603851318	-56.8627433776855	-1176.98901367188	-16.1659088134766	-54.1103935241699	-1177.33154296875	-20.91135597229	-46.1930046081543	-1179.64208984375	-22.998607635498	-35.117374420166	-1181.54479980469	-20.2651615142822	-8.02065181732178	-1182.59558105469	-14.7853870391846	0.729984760284424	-1177.12048339844	-7.58758211135864	-40.2203903198242	-1152.41552734375	-5.06625604629517	-17.0266246795654	-1131.49060058594	-19.0396289825439	-12.0534296035767	-1121.59399414062	-37.5934066772461	-2.61300826072693	-1133.49243164062	-50.4016609191895	10.8868989944458	-1162.52209472656	-41.9117736816406	22.0667266845703	-1160.93054199219	-15.1785535812378	-0.90115237236023	-1154.67321777344	-32.5351142883301	41.503604888916	-1157.20849609375	-19.6495151519775	41.5102996826172	-1170.86059570312	-9.13186550140381	49.5169410705566	-1174.05834960938	-9.74343395233154	19.6892127990723	-1164.50219726562
PRI-4113	-1.21943283081055	-62.4602394104004	-1165.49877929688	-0.805239498615265	-56.8397064208984	-1155.47094726562	-1.03970277309418	-43.8002624511719	-1133.34484863281	-1.02758347988129	-22.7997760772705	-1107.91259765625	-1.14726054668427	-18.4690914154053	-1099.95971679688	-2.99959683418274	70.8262939453125	-1131.146484375	-2.39158797264099	51.9147758483887	-1148.89807128906	-1.9761027097702	34.5936546325684	-1154.66101074219	-1.78403329849243	8.69079780578613	-1141.01708984375	-1.83593595027924	-7.13119888305664	-1152.501953125	-1.19827365875244	-44.0395088195801	-1157.92797851562	10.0264005661011	-57.438102722168	-1161.68078613281	12.402268409729	-54.9921112060547	-1161.49108886719	16.0271892547607	-46.9256286621094	-1165.18579101562	18.216869354248	-35.9307060241699	-1167.08605957031	15.5383224487305	-9.14425849914551	-1165.27221679688	9.45315456390381	-1.81787300109863	-1158.36743164062	4.76599216461182	-41.6138763427734	-1135.60925292969	2.18008852005005	-21.5795631408691	-1115.20654296875	18.6895427703857	-16.1627235412598	-1105.71008300781	35.3782768249512	-7.55054950714111	-1118.01867675781	44.4849967956543	10.376763343811	-1148.16870117188	37.6918106079102	18.9565696716309	-1144.77600097656	13.6289758682251	-5.72825813293457	-1138.42370605469	33.3056488037109	40.2630424499512	-1140.51098632812	15.6775884628296	37.7827415466309	-1152.38928222656	5.21390533447266	44.5660781860351	-1153.12976074219	6.97528266906738	15.1866073608398	-1146.09899902344	-12.3840312957764	-57.3861618041992	-1161.5048828125	-14.4307794570923	-55.6178741455078	-1161.9150390625	-18.5200519561768	-47.3448066711426	-1164.7578125	-20.4191246032715	-36.7547187805176	-1166.32922363281	-19.2035541534424	-9.91976737976074	-1164.59521484375	-12.793906211853	-2.87347531318665	-1157.97985839844	-6.20523405075073	-42.1193313598633	-1135.00720214844	-4.07017612457275	-21.8564777374268	-1115.30737304688	-20.2138595581055	-17.5630664825439	-1105.20471191406	-37.2625427246094	-8.83672428131104	-1117.408203125	-47.8604621887207	8.13014602661133	-1148.77331542969	-38.3868980407715	16.6519432067871	-1144.64416503906	-16.5178527832031	-5.94922876358032	-1138.54138183594	-37.7207069396973	38.228874206543	-1141.51135253906	-21.1617336273193	36.4061317443848	-1151.42541503906	-9.53631401062012	43.7955360412598	-1153.34228515625	-10.1145458221436	14.2151470184326	-1145.86169433594
PRI-4335	-1.04080891609192	-60.9463500976562	-1163.92346191406	-1.32244873046875	-55.3934555053711	-1153.59143066406	-1.33383011817932	-41.8023567199707	-1132.57592773438	-1.2945796251297	-20.6350994110107	-1109.560546875	-0.99666953086853	-16.7861862182617	-1104.29040527344	-0.266989260911942	72.3859329223633	-1132.22631835938	-0.985579431056976	53.8875274658203	-1155.95776367188	-1.55231499671936	36.9691543579102	-1160.03234863281	-1.22750329971313	11.5580129623413	-1144.87646484375	-0.934838593006134	-4.72687768936157	-1152.27856445312	-0.932588040828705	-43.4164581298828	-1157.40087890625	10.8746786117554	-54.4617652893066	-1162.18005371094	12.6515464782715	-51.7579917907715	-1163.18078613281	16.3617553710938	-43.406436920166	-1164.921875	18.8578662872314	-32.6075134277344	-1166.39855957031	15.7698383331299	-5.75374460220337	-1166.35681152344	10.1711139678955	0.733093678951263	-1160.44909667969	3.57524132728577	-41.7359580993652	-1136.50732421875	2.40000057220459	-19.4148139953613	-1116.79833984375	17.2478981018066	-16.0104274749756	-1109.37243652344	35.7604141235352	-6.08846282958984	-1118.04748535156	49.6754302978516	8.44114303588867	-1146.94604492188	39.8439064025879	20.9835968017578	-1148.28173828125	12.2531318664551	-1.35355746746063	-1140.76416015625	34.9501190185547	40.2729110717773	-1144.23046875	18.4187088012695	41.8260841369629	-1155.98693847656	7.37962245941162	48.4794311523438	-1159.61206054688	7.02366924285889	19.8817386627197	-1150.17553710938	-12.8818988800049	-55.0842132568359	-1162.22937011719	-15.6223258972168	-51.8251609802246	-1162.81115722656	-18.2242622375488	-44.0526580810547	-1165.64282226562	-20.4697494506836	-33.0091972351074	-1166.39294433594	-17.499454498291	-6.48642683029175	-1166.140625	-12.0769262313843	0.0534981153905392	-1160.58581542969	-5.89403295516968	-41.6199111938477	-1135.88623046875	-4.81970500946045	-18.9794254302979	-1116.66857910156	-18.9502849578857	-15.6464185714722	-1109.06982421875	-37.3789520263672	-6.21858549118042	-1117.79296875	-51.5321197509766	9.83228015899658	-1147.72229003906	-41.7638473510742	21.2209815979004	-1147.41564941406	-13.8038873672485	-1.89781451225281	-1140.61474609375	-35.6366500854492	40.3701667785645	-1143.49914550781	-20.7975387573242	41.9019775390625	-1155.08435058594	-9.38635063171387	48.4481239318848	-1159.1552734375	-9.50199031829834	19.5638694763184	-1149.89294433594
PRI-4338	-2.05131196975708	-62.2895431518555	-1168.77404785156	-1.72720468044281	-57.0715751647949	-1160.06018066406	-1.0476701259613	-45.564567565918	-1136.05163574219	-0.891613483428955	-19.9577865600586	-1108.61401367188	-0.724466979503632	-16.9162845611572	-1103.25012207031	2.15271043777466	72.6540374755859	-1135.62731933594	1.01338577270508	53.5115547180176	-1154.37915039062	0.794585347175598	36.6000556945801	-1158.40417480469	0.788333654403687	10.6936407089233	-1145.13220214844	-0.582080841064453	-4.13102388381958	-1155.54565429688	-1.08920168876648	-44.1109504699707	-1160.84448242188	9.71318244934082	-55.7946968078613	-1166.52624511719	10.8630647659302	-54.6512718200684	-1166.72399902344	16.3484973907471	-45.4086761474609	-1167.83203125	19.4752578735352	-34.235034942627	-1169.05908203125	16.3461666107178	-8.06927490234375	-1166.72924804688	11.2869424819946	-0.669561445713043	-1160.93420410156	3.80249643325806	-43.4255599975586	-1138.57751464844	2.26906108856201	-20.2926425933838	-1118.95458984375	17.9540958404541	-15.7453575134277	-1108.78295898438	35.7497100830078	-7.9853515625	-1119.49169921875	45.2263565063477	5.54760313034058	-1148.484375	39.8589973449707	19.3793544769287	-1147.94775390625	16.0907802581787	-5.03430032730103	-1141.10302734375	33.0008430480957	40.3454780578613	-1143.47277832031	17.8225708007812	40.50390625	-1156.00695800781	8.62707996368408	48.0286407470703	-1156.9619140625	8.55970478057861	18.9238090515137	-1150.87768554688	-13.4158992767334	-55.371021270752	-1165.81311035156	-15.2994203567505	-53.3509864807129	-1166.26208496094	-19.6276226043701	-45.2685928344727	-1167.59851074219	-21.8532009124756	-34.4356689453125	-1168.92932128906	-17.954216003418	-8.03179359436035	-1166.44775390625	-12.161693572998	-0.556479632854462	-1161.30004882812	-6.24127626419067	-42.7447738647461	-1137.6318359375	-4.27700090408325	-19.5793151855469	-1118.25964355469	-18.4758358001709	-14.7523384094238	-1108.64660644531	-36.9407196044922	-7.65764951705933	-1120.0458984375	-46.1069450378418	6.8257532119751	-1147.26025390625	-38.829460144043	20.6157512664795	-1147.27001953125	-16.2433032989502	-4.0172324180603	-1141.19873046875	-31.988883972168	40.819465637207	-1142.81115722656	-16.744815826416	40.0252265930176	-1155.15759277344	-7.37555742263794	47.984073638916	-1156.97570800781	-7.79776668548584	19.3937721252441	-1150.56127929688
PRI-4341	-0.579703032970428	-61.5565490722656	-1162.89953613281	-1.20965218544006	-55.5502433776855	-1155.99975585938	-1.26268124580383	-40.0413780212402	-1132.70361328125	-0.475689500570297	-14.6577587127686	-1103.32849121094	-0.247779577970505	-10.8536949157715	-1098.00463867188	0.258263915777206	77.2405242919922	-1134.0322265625	-0.57811027765274	57.1088714599609	-1152.279296875	-0.615732729434967	39.4927597045898	-1154.55871582031	-0.465367496013641	15.336145401001	-1139.89697265625	-0.488358676433563	-2.98584604263306	-1151.72521972656	-0.939157843589783	-42.5127792358398	-1157.88903808594	10.1325044631958	-59.161376953125	-1162.11865234375	13.0927639007568	-55.9306259155273	-1162.98767089844	18.1702632904053	-47.5842552185059	-1163.8515625	NA	NA	NA	17.9548797607422	-12.2932577133179	-1165.6240234375	11.5851259231567	2.8404757976532	-1158.11938476562	5.19142389297485	-39.9343109130859	-1136.19860839844	2.39599847793579	-14.7577705383301	-1113.12768554688	18.2433300018311	-7.88943386077881	-1103.78918457031	35.3376083374023	-1.30893468856812	-1115.44970703125	48.6806030273438	9.78577327728271	-1146.77429199219	40.5461120605469	22.4918613433838	-1144.84399414062	14.432430267334	3.95111632347107	-1135.52966308594	33.734748840332	44.1783256530762	-1141.04406738281	17.4772205352783	43.1699752807617	-1151.6806640625	6.58994436264038	49.7169609069824	-1154.66735839844	7.27169513702393	21.865535736084	-1145.16076660156	-12.0947637557983	-59.449535369873	-1162.28332519531	-15.1564531326294	-55.9741744995117	-1163.77429199219	-19.4089431762695	-48.7224235534668	-1166.35473632812	NA	NA	NA	-19.5394191741943	-12.2883644104004	-1165.74353027344	-13.0045175552368	2.34180855751038	-1158.99499511719	-7.99188566207886	-38.4406890869141	-1136.111328125	-3.42681860923767	-14.455906867981	-1113.408203125	-17.452299118042	-8.28294277191162	-1104.255859375	-36.9213485717773	-2.03430199623108	-1116.48510742188	-51.0355911254883	13.8759422302246	-1146.36682128906	-41.4712677001953	24.2349872589111	-1145.22485351562	-14.1949033737183	3.04301309585571	-1135.90380859375	-34.5203399658203	44.6311569213867	-1141.76147460938	-18.7357616424561	43.1341781616211	-1152.59106445312	-8.39199542999268	49.144100189209	-1155.52221679688	-8.70652389526367	21.0478553771973	-1146.09130859375
PRI-4360	-1.37825214862823	-59.4947814941406	-1151.75378417969	-1.81774985790253	-56.1109504699707	-1146.47009277344	-1.55558097362518	-42.2545204162598	-1124.42028808594	-1.25481474399567	-16.7132797241211	-1101.81750488281	-1.24549448490143	-12.9093389511108	-1097.61889648438	-2.87083268165588	64.3911972045898	-1139.88659667969	-1.57335579395294	43.1601448059082	-1154.03601074219	-1.41673052310944	27.2671337127686	-1155.13598632812	-1.4347482919693	6.66666269302368	-1137.55505371094	-0.744538903236389	-8.84604072570801	-1146.4140625	-1.4044988155365	-46.0010414123535	-1149.00842285156	9.05212211608887	-56.5327835083008	-1153.99255371094	9.28234195709229	-55.8411293029785	-1154.5166015625	13.5174865722656	-51.3128662109375	-1155.50732421875	17.7494220733643	-41.4179191589355	-1157.06066894531	18.1765747070312	-16.4587745666504	-1156.36743164062	11.1838645935059	-5.85323858261108	-1152.8095703125	4.52568435668945	-40.9044799804688	-1127.50109863281	2.39355897903442	-17.5125007629395	-1110.02136230469	15.3383455276489	-10.1324262619019	-1100.65991210938	30.7993240356445	-4.34521341323853	-1111.25854492188	44.0085182189941	6.73402309417725	-1137.14819335938	36.1308326721191	14.0898857116699	-1138.57019042969	12.1794319152832	-4.21920824050903	-1131.7783203125	31.0704460144043	33.3144111633301	-1141.24035644531	15.841212272644	31.3536758422852	-1152.38391113281	6.39608669281006	37.3663635253906	-1155.86975097656	6.41717481613159	11.250319480896	-1142.91455078125	-12.3984661102295	-56.367317199707	-1153.58276367188	-12.8838005065918	-56.022819519043	-1153.86791992188	-16.4357738494873	-51.6088562011719	-1154.89221191406	-20.6273212432861	-41.1409530639648	-1156.625	-20.1661224365234	-16.5235290527344	-1156.80126953125	-13.1865386962891	-5.46143817901611	-1152.55712890625	-6.75106000900269	-41.4379272460938	-1127.93444824219	-4.24898672103882	-16.9740009307861	-1109.52734375	-17.0990600585938	-10.4713850021362	-1102.26782226562	-34.1445770263672	-5.82332801818848	-1112.23901367188	-46.7334175109863	4.77319431304932	-1136.82446289062	-40.4032974243164	14.1840152740479	-1139.56530761719	-14.7814626693726	-3.71174311637878	-1132.04907226562	-33.9741973876953	32.5882263183594	-1141.791015625	-19.4643363952637	32.0251693725586	-1153.20239257812	-9.28506278991699	36.9580917358398	-1155.97973632812	-9.09946537017822	11.2634763717651	-1142.91027832031
PRI-4370	-2.12778997421265	-49.2773895263672	-1165.97436523438	-1.74803936481476	-45.5397453308105	-1156.96667480469	-1.04071617126465	-37.7576522827149	-1138.26281738281	-1.85627925395966	-19.9505825042725	-1115.47875976562	-1.80731153488159	-17.3740787506104	-1109.90771484375	-0.795649230480194	64.5592193603516	-1138.35498046875	-1.10580027103424	49.4230842590332	-1153.36096191406	-1.01526212692261	31.2270774841309	-1157.51220703125	-1.64766502380371	6.48433876037598	-1145.20263671875	-1.03224968910217	-6.52046537399292	-1154.12573242188	-1.21201324462891	-36.6353302001953	-1159.1572265625	8.96122455596924	-44.5941429138184	-1164.28503417969	10.8196802139282	-42.6145362854004	-1164.62634277344	13.4951047897339	-37.2221260070801	-1165.33044433594	17.088903427124	-26.7726497650146	-1166.78088378906	14.9787750244141	-2.64723634719849	-1163.57958984375	11.1154289245605	-0.345354646444321	-1160.84533691406	3.50662326812744	-36.6969833374023	-1139.88903808594	1.05060338973999	-18.8807353973389	-1121.67565917969	13.1015205383301	-14.594952583313	-1112.3642578125	28.5985698699951	-8.18049144744873	-1121.70190429688	40.8899383544922	6.51269721984863	-1147.42443847656	35.2576065063477	16.1761245727539	-1145.47595214844	12.6339826583862	-2.78623151779175	-1141.82543945312	29.3143939971924	34.1235275268555	-1144.25256347656	17.0677337646484	36.8954620361328	-1155.88293457031	6.87781476974487	41.6252136230469	-1157.24353027344	5.43161582946777	15.025559425354	-1152.50903320312	-11.920506477356	-44.4829483032227	-1163.80822753906	-13.4375047683716	-42.6257743835449	-1164.07751464844	-15.8928489685059	-36.7993392944336	-1165.6611328125	-19.1962890625	-26.3214912414551	-1166.64440917969	-17.538703918457	-2.68486404418945	-1163.48486328125	-13.6174240112305	0.360522896051407	-1160.79138183594	-5.96533727645874	-36.8039093017578	-1139.62573242188	-4.67556095123291	-18.7426700592041	-1121.64135742188	-17.5239887237549	-14.1111392974854	-1113.45715332031	-32.4928092956543	-7.64236450195312	-1122.65478515625	-43.6049423217773	9.23101329803467	-1147.43786621094	-38.0023612976074	17.2580394744873	-1145.93774414062	-16.4399929046631	-1.94509887695312	-1142.6533203125	-32.5059394836426	35.3396224975586	-1144.84387207031	-19.2469711303711	38.1530799865723	-1156.09130859375	-9.42391014099121	41.5190544128418	-1157.92492675781	NA	NA	NA
PRI-4374	-0.775873482227325	-54.8576927185059	-1153.30712890625	-0.968869984149933	-51.4936714172363	-1145.21411132812	-1.40451979637146	-40.7585372924805	-1127.06689453125	-1.93165385723114	-18.853889465332	-1106.23767089844	-2.07216501235962	-15.2794609069824	-1101.78625488281	-2.4342668056488	63.3178977966309	-1146.40649414062	-2.31367444992065	42.7247734069824	-1157.14453125	-1.85486352443695	28.4228343963623	-1159.05432128906	-1.61930966377258	6.03821468353271	-1143.69763183594	-1.10601484775543	-8.17234230041504	-1149.54870605469	-1.29946351051331	-40.9294815063477	-1147.71545410156	8.33029365539551	-50.7197532653809	-1151.92797851562	9.73599243164062	-49.325611114502	-1151.36889648438	14.3796052932739	-44.2191925048828	-1153.75378417969	16.8839511871338	-34.4619789123535	-1155.34777832031	14.7312955856323	-9.25449848175049	-1157.73962402344	10.0108947753906	-3.21035408973694	-1155.79736328125	3.26979470252991	-38.9742622375488	-1129.43139648438	1.60433781147003	-18.5474910736084	-1113.37426757812	15.7945680618286	-12.2179832458496	-1104.77612304688	30.6961631774902	-6.82617664337158	-1116.73815917969	40.0852546691895	1.16408228874207	-1144.12744140625	32.9843521118164	12.0059461593628	-1144.17272949219	13.0953178405762	-4.43787145614624	-1137.12426757812	28.7965526580811	29.855001449585	-1143.91662597656	16.6356067657471	30.6353855133057	-1155.42712402344	6.19656562805176	36.007884979248	-1159.58337402344	5.84187936782837	11.9625463485718	-1148.55114746094	-10.2725601196289	-51.4975662231445	-1151.56762695312	-12.7019367218018	-49.5775260925293	-1151.98193359375	-17.115421295166	-44.449161529541	-1153.80822753906	-19.8716259002686	-34.6980667114258	-1155.78674316406	-18.126485824585	-10.0645456314087	-1157.98205566406	-12.9278650283813	-4.34350919723511	-1156.20104980469	-5.90824031829834	-39.4108123779297	-1129.65612792969	-5.5738468170166	-17.9765949249268	-1113.29992675781	-18.79172706604	-12.9718408584595	-1103.40319824219	-35.1719017028809	-8.04259490966797	-1118.74328613281	-43.9241676330566	0.240852683782578	-1145.03442382812	-37.5641975402832	11.4488086700439	-1145.55920410156	-16.4144744873047	-5.70519399642944	-1138.46887207031	-33.4479064941406	28.3747634887695	-1144.8984375	-20.7109127044678	29.2707500457764	-1156.04919433594	-10.2686824798584	36.0480575561523	-1159.98962402344	-9.38892078399658	11.4701499938965	-1148.38916015625
PRI-5184	-1.30201828479767	-60.9763870239258	-1166.78674316406	-1.06405079364777	-56.4217147827148	-1157.26977539062	-0.479999959468842	-44.5226860046387	-1134.392578125	-0.0956706032156944	-22.6277313232422	-1108.96276855469	0.171405479311943	-19.4502410888672	-1103.69836425781	-1.41061890125275	68.3163299560547	-1138.23168945312	-1.95572781562805	48.9603576660156	-1154.95263671875	-1.15680015087128	31.7877330780029	-1157.84338378906	-0.665373206138611	7.62206363677979	-1142.92370605469	-0.431184500455856	-9.17326068878174	-1154.00915527344	-0.77928364276886	-44.7782173156738	-1159.37084960938	9.32567596435547	-57.4037094116211	-1164.15197753906	11.5953559875488	-55.3646011352539	-1164.28137207031	15.6275672912598	-47.2036743164062	-1165.70007324219	17.7925300598145	-35.7477760314941	-1166.14794921875	15.06383228302	-11.7862977981567	-1166.41491699219	9.96936511993408	-2.59247541427612	-1160.5283203125	3.93080759048462	-43.1787261962891	-1138.23889160156	2.80428266525269	-21.8404102325439	-1116.83081054688	18.2310237884521	-17.4294338226318	-1107.34350585938	33.6663475036621	-11.8421020507812	-1117.79943847656	46.410717010498	3.43114352226257	-1146.671875	38.205883026123	16.9260158538818	-1146.43359375	13.4408502578735	-5.57112741470337	-1140.27746582031	32.6889457702637	35.7617874145508	-1143.17736816406	17.1160449981689	36.08642578125	-1156.03845214844	6.5076150894165	42.4298896789551	-1158.42736816406	7.25034809112549	15.4768886566162	-1149.74267578125	-10.6129293441772	-56.9993896484375	-1163.95397949219	-14.0206727981567	-55.4747352600098	-1163.90295410156	-17.0925140380859	-48.1265258789062	-1165.8251953125	-19.1950130462646	-36.3572425842285	-1166.40563964844	-17.5473918914795	-12.4607076644897	-1166.0732421875	-11.4333372116089	-3.28970456123352	-1160.25561523438	-5.37526893615723	-43.4588890075684	-1137.83776855469	-3.4486255645752	-22.3051242828369	-1116.90600585938	-17.5863628387451	-17.7914218902588	-1107.16271972656	-34.4271850585938	-12.7147006988525	-1117.86511230469	-48.5829544067383	2.93317437171936	-1145.14184570312	-40.9611396789551	16.1696319580078	-1145.13549804688	-15.0492792129517	-5.70964765548706	-1139.794921875	-35.9837493896484	35.1534729003906	-1142.01525878906	-19.250602722168	35.4137153625488	-1155.30285644531	-8.88653087615967	41.8825912475586	-1158.22961425781	-8.35420894622803	15.3703355789185	-1148.794921875
PRI-5194	-1.30901789665222	-55.6334648132324	-1156.572265625	-1.5503705739975	-51.6379776000977	-1146.39233398438	-1.31571769714355	-40.4543304443359	-1126.19567871094	-1.42193126678467	-18.0871620178223	-1104.64819335938	-1.0267596244812	-13.7104454040527	-1099.28796386719	-0.156889960169792	63.0917015075684	-1145.17346191406	-0.745997548103333	42.7201614379883	-1156.29345703125	-0.448866963386536	27.1252288818359	-1156.6787109375	-1.05919051170349	5.96889066696167	-1140.06872558594	-0.930064022541046	-7.94317245483398	-1147.89733886719	-1.4541140794754	-42.3980102539062	-1149.90197753906	9.55778121948242	-51.5300598144531	-1154.46716308594	10.0745124816895	-51.0372772216797	-1154.77087402344	13.1087131500244	-46.0716934204102	-1156.89123535156	17.1432094573975	-36.5240058898926	-1157.96606445312	15.3367652893066	-10.091103553772	-1156.90380859375	8.91826438903809	-3.77301979064941	-1154.00964355469	NA	NA	NA	1.78749811649323	-18.2094402313232	-1111.76354980469	13.9696969985962	-10.4084358215332	-1105.03955078125	29.6714935302734	-6.1146068572998	-1116.29736328125	40.1054382324219	3.95971322059631	-1143.16943359375	33.9277458190918	13.8641395568848	-1142.11157226562	12.7800025939941	-4.68841648101807	-1135.28735351562	30.325756072998	30.8834705352783	-1142.50903320312	15.8769216537476	30.4839687347412	-1154.54150390625	6.86968564987183	36.5087661743164	-1157.92272949219	6.03349304199219	11.550087928772	-1146.26391601562	-11.636004447937	-52.7894325256348	-1154.32690429688	-12.1895961761475	-51.946907043457	-1154.70776367188	-15.9792203903198	-47.105655670166	-1156.75231933594	-19.4966640472412	-37.0783538818359	-1157.86730957031	-17.9425945281982	-10.9823808670044	-1156.99682617188	-11.4551668167114	-4.04831171035767	-1154.33227539062	-5.02793073654175	-39.1328392028809	-1128.97216796875	-4.42738056182861	-17.6255226135254	-1111.98034667969	-16.9679851531982	-10.3966217041016	-1105.255859375	-32.7674751281738	-6.25944375991821	-1117.19287109375	-42.1120071411133	3.6665027141571	-1144.38647460938	-36.2462425231934	14.783127784729	-1144.11511230469	-15.5043115615845	-4.86012315750122	-1135.19104003906	-31.5262756347656	31.1866626739502	-1144.11193847656	-17.7081718444824	31.1511516571045	-1155.52551269531	-7.88203191757202	35.3945579528809	-1159.24792480469	-8.39391422271729	11.684175491333	-1146.50122070312
PRI-5425	-0.499945849180222	-57.1527214050293	-1009.86151123047	-0.486062288284302	-52.8838577270508	-1002.55627441406	-0.478480160236359	-43.8742027282715	-984.019165039062	-0.964483857154846	-24.3788814544678	-957.733215332031	-1.25743865966797	-20.9153575897217	-951.838317871094	-5.67487621307373	60.0075569152832	-979.235229492188	-4.76366662979126	43.4663581848145	-998.2236328125	-3.83982682228088	26.9891986846924	-1003.36456298828	-2.67458510398865	2.38334560394287	-987.604614257812	-2.3426034450531	-9.32963466644287	-1000.18768310547	-1.0501002073288	-42.1027412414551	-1004.87066650391	9.79404067993164	-51.5333557128906	-1008.33508300781	11.6268520355225	-49.4311752319336	-1009.37091064453	14.9343776702881	-43.2278633117676	-1010.76928710938	17.039041519165	-30.3666648864746	-1011.28546142578	11.5036287307739	-5.43541669845581	-1006.96990966797	8.24600219726562	-2.55164241790771	-1004.69787597656	5.10325908660889	-42.3440475463867	-986.601806640625	1.75143587589264	-22.7626838684082	-965.700012207031	13.5626459121704	-19.958854675293	-955.645935058594	28.9465980529785	-8.93575954437256	-963.234619140625	NA	NA	NA	30.2311878204346	12.7359848022461	-991.959655761719	11.9170322418213	-5.16550445556641	-983.758361816406	26.9256649017334	31.2116184234619	-988.0302734375	11.0376110076904	31.3696575164795	-999.867919921875	3.13549041748047	36.8289413452149	-1001.5390625	3.30149149894714	11.4645147323608	-993.444213867188	-10.7637348175049	-52.3866729736328	-1009.08087158203	-13.8779077529907	-50.4705238342285	-1008.77661132812	-17.51291847229	-44.180362701416	-1010.84436035156	-20.3846664428711	-32.182861328125	-1011.39813232422	-17.120325088501	-7.0755934715271	-1007.46948242188	-13.0062265396118	-3.87582325935364	-1004.630859375	-6.3109278678894	-42.5573844909668	-986.510864257812	-4.27305030822754	-23.2293186187744	-965.726257324219	-16.0042934417725	-21.1541881561279	-956.818603515625	-33.0105133056641	-12.5093564987183	-963.977416992188	-44.8691864013672	-0.00461349217221141	-991.88037109375	-39.6864471435547	9.47362232208252	-992.686340332031	-16.4959201812744	-6.15432786941528	-983.500061035156	-35.1786346435547	28.5613403320312	-988.277587890625	-19.2331066131592	29.8395137786865	-999.977722167969	-11.7977914810181	35.4237480163574	-1001.89715576172	-10.0879564285278	11.0283946990967	-993.329345703125
PRI-5731	-2.66285085678101	-56.1049613952637	-1165.54235839844	-2.02050089836121	-52.3000183105469	-1157.70288085938	-1.29741847515106	-41.2318840026855	-1138.59887695312	-0.363102197647095	-20.2483501434326	-1116.359375	-0.435570180416107	-15.865475654602	-1109.98486328125	-1.05703902244568	64.1065826416016	-1146.11840820312	-1.40589737892151	46.054370880127	-1159.14929199219	-1.38737547397614	30.3464012145996	-1162.99450683594	-0.878678321838379	6.56372261047363	-1148.20947265625	-1.2021336555481	-8.9375057220459	-1157.62023925781	-1.99493181705475	-41.6679039001465	-1159.57019042969	9.01159572601318	-49.9936485290527	-1163.09643554688	10.0112380981445	-48.9483451843262	-1163.21496582031	12.8117904663086	-43.3271331787109	-1164.48278808594	16.5105228424072	-32.3441352844238	-1164.8935546875	13.3297452926636	-5.58929967880249	-1162.98547363281	9.04993438720703	-3.52614092826843	-1161.85827636719	3.60693669319153	-40.0650100708008	-1140.95458984375	2.18814253807068	-19.793514251709	-1123.47326660156	16.2001514434814	-14.86976146698	-1114.4990234375	30.9410552978516	-7.18230152130127	-1125.38305664062	40.5569839477539	5.29877090454102	-1150.81164550781	32.6610145568848	14.553204536438	-1150.12463378906	12.6418495178223	-3.55899858474731	-1143.85754394531	28.7055435180664	32.6100082397461	-1149.03344726562	15.2415018081665	33.4510459899902	-1160.51525878906	5.44631385803223	39.5876045227051	-1162.78649902344	6.31564521789551	14.6166572570801	-1155.78112792969	-13.5689401626587	-50.2231903076172	-1162.14440917969	-14.5909948348999	-48.9945907592773	-1161.59973144531	-17.4464912414551	-43.2734527587891	-1163.32421875	-20.8306789398193	-31.7918910980225	-1163.76647949219	-17.3260669708252	-5.61494016647339	-1162.576171875	-11.6521120071411	-3.61070942878723	-1161.67907714844	-6.39635181427002	-40.4101142883301	-1140.82104492188	-3.16261625289917	-18.9699687957764	-1123.43518066406	-17.1158275604248	-14.7064666748047	-1113.82946777344	-32.0644950866699	-6.78155469894409	-1125.16821289062	-43.2674827575684	7.01512765884399	-1150.16882324219	-35.7384338378906	16.2692718505859	-1149.39440917969	-13.5585498809814	-3.16200661659241	-1143.234375	-30.0301780700684	34.3031997680664	-1148.33447265625	-18.5060195922852	34.3170738220215	-1159.79992675781	-7.97977113723755	39.6694831848145	-1162.28686523438	-8.68251132965088	14.0861701965332	-1154.46435546875
PRI-5736	-1.14707410335541	-50.6030082702637	-1175.27307128906	-1.25703704357147	-47.1374130249023	-1166.53051757812	-0.813183665275574	-37.1591644287109	-1147.6181640625	-0.995343804359436	-22.3961296081543	-1126.3935546875	-1.13201630115509	-19.3351535797119	-1120.5986328125	-1.35067474842072	63.8788528442383	-1144.7470703125	-1.51949298381805	45.8173408508301	-1159.40405273438	-1.06743812561035	28.8356609344482	-1164.41833496094	-1.02196633815765	6.20850610733032	-1154.97338867188	-1.61613380908966	-6.25132513046265	-1163.91235351562	-1.12233376502991	-37.2151985168457	-1168.79284667969	9.45154571533203	-47.1226997375488	-1173.80249023438	10.4792051315308	-45.9466247558594	-1173.90258789062	14.0056715011597	-40.7167549133301	-1175.07287597656	16.7706108093262	-30.2257137298584	-1176.36486816406	14.3369703292847	-5.45194387435913	-1173.52600097656	9.61021709442139	-2.22373557090759	-1169.1494140625	3.64896202087402	-36.2856101989746	-1149.7978515625	2.190833568573	-20.3628826141357	-1131.80932617188	15.6597299575806	-16.9742984771729	-1123.74731445312	30.4222354888916	-9.44561100006104	-1132.20434570312	40.5043144226074	6.02444171905518	-1157.7373046875	33.5404434204102	12.4313430786133	-1156.0986328125	12.4102773666382	-3.21905088424683	-1150.40869140625	29.898120880127	30.3232822418213	-1149.29345703125	15.479866027832	32.6233978271484	-1161.89660644531	6.61950635910034	37.896068572998	-1164.69812011719	6.01309633255005	13.2609605789185	-1158.95703125	-11.7022285461426	-46.8599700927734	-1173.56384277344	-12.77903175354	-45.4236755371094	-1173.55529785156	-16.1769313812256	-39.9649543762207	-1175.38854980469	-18.9189186096191	-30.1026935577393	-1176.51635742188	-17.8552551269531	-5.8212251663208	-1174.638671875	-12.8033027648926	-1.99808526039124	-1169.615234375	-5.88111400604248	-35.9100303649902	-1149.71667480469	-4.46295166015625	-20.0582370758057	-1131.73876953125	-17.6462345123291	-17.6590042114258	-1123.50378417969	-33.4621887207031	-11.1037359237671	-1133.359375	-44.338809967041	4.67141008377075	-1158.08288574219	-37.5170288085938	12.4925003051758	-1156.41857910156	-15.1645383834839	-4.07956218719482	-1150.83203125	-32.6819725036621	29.9834651947021	-1151.29870605469	-18.547679901123	32.6497802734375	-1162.7734375	-9.38825225830078	38.7571220397949	-1163.7080078125	-8.56233406066895	13.7496862411499	-1159.31555175781
PRI-5737	-1.74716281890869	-61.4091529846191	-1158.49365234375	-2.00548815727234	-55.8559074401855	-1149.18237304688	-1.57515859603882	-40.7703552246094	-1127.94653320312	-0.255044847726822	-14.2404565811157	-1104.28881835938	0.264298290014267	-9.25217151641846	-1097.98828125	-6.74311780929565	71.8371734619141	-1136.11279296875	-5.97514772415161	52.4301452636719	-1153.85961914062	-5.19933462142944	36.541145324707	-1156.52307128906	-3.44948101043701	11.02858543396	-1140.12768554688	-3.27635526657104	-5.95554780960083	-1149.53967285156	-2.25117635726929	-45.8239860534668	-1152.80126953125	10.0863876342773	-54.9928321838379	-1156.65686035156	11.6999340057373	-52.0389366149902	-1157.64624023438	14.7030210494995	-44.8054885864258	-1158.88415527344	NA	NA	NA	12.9682302474976	-8.22645568847656	-1160.85375976562	7.06761693954468	-0.0200797468423843	-1155.84790039062	3.28829956054688	-40.6776733398438	-1130.77734375	1.77347350120544	-13.8754253387451	-1112.19921875	16.8197116851807	-7.70441722869873	-1102.98449707031	32.1442756652832	-2.47576308250427	-1112.89208984375	43.0372314453125	13.7894449234009	-1146.478515625	33.8129615783691	20.917667388916	-1145.76953125	12.360634803772	1.98088300228119	-1135.130859375	28.0576858520508	40.7456169128418	-1144.9375	11.9669065475464	40.5139465332031	-1154.88000488281	1.90964841842651	46.3389434814453	-1156.15234375	4.49013900756836	19.2240657806396	-1147.12316894531	-13.8276948928833	-57.3018760681152	-1155.58374023438	-17.3502388000488	-53.2747688293457	-1156.92419433594	-19.8817272186279	-47.0786361694336	-1158.34228515625	-22.1608963012695	-35.2202186584473	-1160.0869140625	-20.4420032501221	-9.91055679321289	-1160.2421875	-14.3850164413452	-0.884329319000244	-1154.69091796875	-7.02562713623047	-40.6872177124023	-1130.58703613281	-4.30332899093628	-13.9664697647095	-1111.14001464844	NA	NA	NA	NA	NA	NA	-50.2855033874512	7.77691268920898	-1144.06042480469	-43.4731483459473	18.620813369751	-1145.33410644531	-17.773868560791	-0.0649089440703392	-1135.89428710938	-39.0601043701172	37.7002830505371	-1143.42687988281	-22.8178157806396	39.2661895751953	-1154.59375	-13.3250465393066	44.8147315979004	-1156.68151855469	-12.3744831085205	18.7092571258545	-1147.12854003906
PRI-5859	-1.04192101955414	-50.1468086242676	-1063.64099121094	-1.23918056488037	-45.4615173339844	-1057.58850097656	-1.44300997257233	-34.570240020752	-1038.28759765625	-1.5258264541626	-15.5790710449219	-1018.42883300781	-1.52782595157623	-12.4357004165649	-1014.27484130859	-0.878170609474182	64.2819900512695	-1049.712890625	-0.752578675746918	46.085578918457	-1064.02600097656	-0.869035720825195	29.5165424346924	-1066.53894042969	-1.29816675186157	6.84202814102173	-1050.70812988281	-1.33303153514862	-7.0795693397522	-1059.54504394531	-1.03479290008545	-37.4669380187988	-1061.00451660156	8.97148990631104	-46.7072944641113	-1064.20068359375	9.94830799102783	-45.3691596984863	-1064.41223144531	12.5693969726562	-40.8567733764649	-1065.85717773438	15.1690492630005	-30.4176826477051	-1067.94970703125	12.7319669723511	-6.79047441482544	-1067.68676757812	9.21014308929443	-3.09300684928894	-1064.84887695312	3.82700252532959	-35.0569915771484	-1042.00500488281	0.979930937290192	-16.045711517334	-1026.13427734375	13.8954639434814	-11.7496471405029	-1017.84851074219	28.4452075958252	-6.28289222717285	-1027.68969726562	38.8914489746094	4.42495632171631	-1053.60815429688	32.929759979248	14.7286939620972	-1054.63696289062	12.7486686706543	-4.3252215385437	-1046.97644042969	29.2853126525879	32.0493927001953	-1052.53149414062	15.9555339813232	34.2480697631836	-1064.31945800781	6.59805965423584	39.2756271362305	-1066.59826660156	5.47869873046875	12.7798547744751	-1057.48010253906	-10.8555679321289	-46.2712821960449	-1063.76770019531	-11.5858316421509	-44.6314315795898	-1064.22534179688	-14.5517272949219	-40.1497993469238	-1065.79833984375	-17.790584564209	-30.1760025024414	-1067.96496582031	-14.7793188095093	-6.58080005645752	-1067.66394042969	-11.1223812103271	-2.69152355194092	-1064.63171386719	-6.8489203453064	-35.1062393188477	-1042.13122558594	-4.20704078674316	-15.6666641235352	-1026.14001464844	-16.5417156219482	-11.2150135040283	-1018.23565673828	-31.4046649932861	-5.01849746704102	-1028.70581054688	-41.1763687133789	6.04104518890381	-1054.37292480469	-35.830509185791	15.4166669845581	-1055.21411132812	-14.7503175735474	-1.66538119316101	-1045.953125	-30.7510585784912	32.6124839782715	-1053.61926269531	-16.216983795166	33.5336151123047	-1064.27392578125	-7.95744705200195	39.2465476989746	-1067.02087402344	-7.7247724533081	12.8870372772217	-1057.037109375
PRI-5866	0.0679281949996948	-63.4854354858398	-1072.16772460938	-0.608896195888519	-58.1654777526855	-1062.83435058594	-1.18580567836761	-46.9722595214844	-1041.04455566406	-1.68582117557526	-19.2590751647949	-1011.41760253906	-1.80662357807159	-15.2255353927612	-1005.26873779297	-3.28791689872742	68.5244979858398	-1045.30981445312	-0.978914737701416	47.5035934448242	-1062.01196289062	-1.54635632038116	29.5281181335449	-1065.56713867188	-1.92280471324921	5.0898928642273	-1047.51306152344	-1.02871215343475	-10.4199199676514	-1060.55883789062	-0.871302545070648	-47.0568466186523	-1066.2265625	11.4011554718018	-58.6504135131836	-1069.91198730469	13.5678844451904	-55.7134552001953	-1070.87121582031	16.8418636322021	-46.722957611084	-1072.55090332031	19.1116390228271	-36.2987976074219	-1073.48901367188	16.1565742492676	-12.193187713623	-1072.51623535156	11.0052080154419	-4.11862754821777	-1065.1015625	4.95140743255615	-46.4521789550781	-1043.58264160156	1.20010364055634	-19.7319812774658	-1020.05651855469	16.0837917327881	-13.7765283584595	-1009.86389160156	33.6994323730469	-6.34800815582275	-1022.61840820312	46.2188034057617	3.84210896492004	-1051.95495605469	39.3062705993652	16.4693813323975	-1052.24609375	14.8737564086914	-5.62265920639038	-1044.23388671875	34.1425247192383	35.7209510803223	-1049.4658203125	16.2600746154785	33.4768142700195	-1062.00964355469	6.3757643699646	42.0098152160645	-1065.4052734375	6.96470308303833	12.5461254119873	-1055.44384765625	-11.3452548980713	-58.9029998779297	-1071.2421875	-14.045578956604	-55.624698638916	-1071.94226074219	-17.3421859741211	-47.9137573242188	-1073.19885253906	-19.8269729614258	-36.9140510559082	-1074.13586425781	-17.8407039642334	-12.8118381500244	-1073.46520996094	-12.7819452285767	-4.64862251281738	-1065.87036132812	-7.1792516708374	-46.2582511901855	-1044.04931640625	-5.03492736816406	-19.4898643493652	-1020.17559814453	-21.7189540863037	-12.9852962493896	-1010.01324462891	-38.1591300964355	-6.20087242126465	-1024.27783203125	-48.9168510437012	3.74685502052307	-1053.00964355469	-42.2252159118652	16.528284072876	-1053.20141601562	-17.4360389709473	-4.74601459503174	-1045.01000976562	-37.0273666381836	35.9507026672363	-1051.3271484375	-19.3472938537598	34.0288009643555	-1063.15283203125	-9.07304859161377	41.3506889343262	-1065.91577148438	-9.73380374908447	12.6077709197998	-1055.82275390625
PRI-5867	-0.48349329829216	-57.1857795715332	-1367.45654296875	-1.13312768936157	-51.6993370056152	-1360.03723144531	-1.47000479698181	-38.7053298950195	-1340.75427246094	-1.97806859016418	-22.2808609008789	-1317.46728515625	-2.09998750686646	-19.3370552062988	-1312.80163574219	-3.7068178653717	64.1265182495117	-1343.34411621094	-3.41759729385376	47.1699295043945	-1358.11608886719	-2.38116693496704	29.4116859436035	-1362.39074707031	-2.28327441215515	7.67126083374023	-1349.90539550781	-1.77612054347992	-8.0287561416626	-1359.07934570312	-0.949387967586517	-42.8503456115723	-1363.61340332031	9.87307167053223	-53.5675506591797	-1366.30041503906	10.6605558395386	-52.156623840332	-1366.59606933594	14.0784330368042	-47.0418815612793	-1368.57238769531	17.2516002655029	-36.1275329589844	-1370.07043457031	14.1042394638062	-8.29892730712891	-1368.56921386719	9.69713497161865	-3.62364387512207	-1364.49645996094	3.51756429672241	-39.5642776489258	-1343.84851074219	0.976392149925232	-21.0537090301514	-1324.64599609375	16.4226093292236	-16.3778457641602	-1315.4736328125	30.5181102752686	-8.92111682891846	-1325.42712402344	41.3021583557129	3.41477036476135	-1350.10668945312	33.0860443115234	14.1967935562134	-1350.93713378906	11.9427585601807	-5.19455242156982	-1344.63806152344	30.1428527832031	32.0457458496094	-1347.99060058594	13.5996532440186	32.0070915222168	-1359.08251953125	5.41544675827026	39.8941535949707	-1362.30676269531	4.14123153686523	12.9903135299683	-1354.68798828125	-11.0410585403442	-54.159309387207	-1366.88720703125	-12.4321842193604	-52.6458702087402	-1366.91259765625	-16.0903072357178	-47.4188919067383	-1368.84326171875	-19.9513530731201	-36.6452255249023	-1370.83459472656	-17.3427295684814	-8.9423017501831	-1368.66357421875	-12.7819948196411	-4.09114837646484	-1364.62951660156	-6.77524471282959	-39.201358795166	-1344.42749023438	-5.05155992507935	-20.6227073669434	-1324.62121582031	-19.5851306915283	-17.2057037353516	-1315.86645507812	-34.3372611999512	-10.4460830688477	-1326.96301269531	-44.9806022644043	2.04182863235474	-1350.98474121094	-37.9098281860351	12.5445623397827	-1352.17004394531	-15.9020757675171	-5.48428344726562	-1344.07080078125	-35.3200454711914	30.3033962249756	-1349.28503417969	-18.9858226776123	31.1862869262695	-1359.80029296875	-11.1596765518188	39.5962409973145	-1362.80786132812	-9.12024784088135	12.6700716018677	-1354.83410644531
PRI-5868	0.14885188639164	-60.0601768493652	-1395.48413085938	-0.084818460047245	-55.0773277282715	-1386.50903320312	-0.756891310214996	-41.4254417419434	-1363.58312988281	-1.1568146944046	-19.4199237823486	-1340.67907714844	-1.34777915477753	-15.6487855911255	-1334.47521972656	-6.66026592254639	75.5765762329102	-1358.18798828125	-5.27334070205688	58.3307571411133	-1383.10681152344	-3.88125610351562	42.4733963012695	-1386.33813476562	-2.78724718093872	15.360502243042	-1372.7724609375	-1.75289535522461	-2.94373798370361	-1381.97778320312	-0.407783508300781	-43.0088043212891	-1388.75073242188	12.1802864074707	-54.2336311340332	-1393.02136230469	15.4165983200073	-50.9382438659668	-1393.41760253906	18.1131649017334	-42.5075950622559	-1395.6552734375	19.1328620910645	-30.6840801239014	-1395.75476074219	14.897421836853	-4.95388555526733	-1394.17004394531	8.40016460418701	3.47981309890747	-1388.89282226562	4.70841073989868	-39.077278137207	-1366.98608398438	1.56044256687164	-18.2388000488281	-1346.99035644531	16.6525955200195	-12.6329708099365	-1338.36572265625	33.5852203369141	-4.79368114471436	-1345.98107910156	44.3331871032715	12.3165588378906	-1376.34777832031	32.177562713623	27.0348625183105	-1375.24938964844	12.2972211837769	2.76494812965393	-1368.90893554688	30.8914833068848	46.5039710998535	-1372.08557128906	12.966404914856	46.7691535949707	-1384.255859375	3.01224184036255	53.1510543823242	-1385.75952148438	4.60220527648926	23.6899681091309	-1377.24060058594	-11.6244220733643	-54.9374389648438	-1393.30126953125	-16.2192993164062	-52.1493453979492	-1393.27038574219	-19.2902736663818	-43.9376602172851	-1394.86499023438	-21.051778793335	-32.4174728393555	-1395.3310546875	-18.5141735076904	-6.48330593109131	-1393.61572265625	-13.0037097930908	1.75955355167389	-1388.66918945312	-6.67486763000488	-40.5111770629883	-1367.0283203125	-4.94389915466309	-17.7392959594727	-1347.26318359375	-19.3060874938965	-14.2784433364868	-1338.73950195312	-38.7658462524414	-7.57270574569702	-1347.42712402344	-50.0881042480469	6.15244197845459	-1374.86120605469	-42.3863716125488	22.3803882598877	-1374.42956542969	-17.2275333404541	1.13368582725525	-1368.54736328125	-40.1599006652832	42.1266593933105	-1371.76354980469	-21.8674201965332	43.8328552246094	-1383.60571289062	-12.2939701080322	51.8338966369629	-1385.93225097656	-11.0741758346558	22.3113803863525	-1377.29418945312
PRI-6142	-0.74370014667511	-55.8174743652344	-1036.23010253906	-0.34843635559082	-52.3154754638672	-1030.17895507812	-0.276649862527847	-40.8208084106445	-1010.24743652344	-0.219325050711632	-17.5023803710938	-987.509460449219	-0.249389350414276	-15.0876550674438	-983.164001464844	-0.416784793138504	61.476146697998	-1022.90759277344	-0.523802638053894	42.155818939209	-1035.71313476562	0.552791118621826	27.8244686126709	-1037.8310546875	-0.0614985413849354	6.44482040405273	-1022.34765625	-0.420545995235443	-8.95765686035156	-1029.38037109375	-0.152903854846954	-42.2029991149902	-1030.90393066406	9.6805305480957	-51.0215873718262	-1034.84582519531	10.999041557312	-49.7347259521484	-1035.16577148438	13.9925165176392	-44.4080429077149	-1035.9033203125	16.3011112213135	-34.3212776184082	-1037.3193359375	14.9654741287231	-10.2750406265259	-1037.76416015625	10.9123878479004	-5.34155893325806	-1035.30310058594	4.76266956329346	-40.446720123291	-1013.00360107422	2.16080927848816	-17.1901187896729	-995.28076171875	15.0843267440796	-12.290132522583	-986.33349609375	30.3524799346924	-6.15195274353027	-995.363708496094	40.4258613586426	6.05107164382935	-1024.46569824219	33.5623512268066	12.9776096343994	-1023.22680664062	14.09068775177	-3.78623485565186	-1016.27679443359	29.7516136169434	31.6307621002197	-1023.36956787109	14.014744758606	30.1305236816406	-1034.70373535156	7.14844799041748	37.4700965881348	-1037.04833984375	7.22280550003052	11.7115201950073	-1028.44189453125	-10.2196645736694	-51.3673477172851	-1034.94494628906	-11.1460342407227	-49.9371337890625	-1035.064453125	-14.3206300735474	-44.3850784301758	-1036.19946289062	-17.1961250305176	-34.1688804626465	-1037.64978027344	-15.3671951293945	-10.1031293869019	-1038.06384277344	-11.5815343856812	-4.38709688186646	-1035.96203613281	-5.47295045852661	-41.1701736450195	-1013.84417724609	-2.78101181983948	-17.3776683807373	-994.934997558594	-15.7781772613525	-13.1379718780518	-985.391479492188	-31.0471973419189	-6.4236364364624	-995.778991699219	-40.3925285339355	5.30067157745361	-1025.40319824219	-32.4519920349121	13.3306064605713	-1023.74066162109	-15.1517868041992	-4.18758153915405	-1016.44812011719	-29.2593441009521	30.6014213562012	-1023.82476806641	-14.5904893875122	29.6698837280273	-1035.10620117188	-7.20431089401245	35.9865188598633	-1038.44897460938	-7.25739240646362	12.1870546340942	-1028.55285644531
PRI-6162	-2.4220929145813	-66.7095184326172	-1365.05895996094	-1.96906363964081	-60.1522026062012	-1356.51110839844	-0.979406654834747	-43.808837890625	-1333.65563964844	-0.415494561195374	-18.2266616821289	-1304.67102050781	-0.849152684211731	-14.2205238342285	-1298.27014160156	-3.45330858230591	75.8529891967773	-1330.59777832031	-3.87281322479248	56.3652267456055	-1355.69018554688	-4.06048822402954	39.5773544311523	-1360.87463378906	-3.90623593330383	12.215163230896	-1344.64245605469	-3.43913125991821	-4.57697439193726	-1355.24499511719	-2.02161860466003	-47.5467567443848	-1360.28894042969	10.2114524841309	-61.4092407226562	-1364.57775878906	14.637601852417	-57.6272888183594	-1366.74975585938	15.6550340652466	-48.5078086853027	-1369.39038085938	17.8491153717041	-37.3990669250488	-1369.82348632812	14.7694091796875	-10.216329574585	-1370.19921875	8.49098205566406	-0.809234321117401	-1362.2705078125	4.41558980941772	-42.5132369995117	-1336.35876464844	2.4975311756134	-17.3373260498047	-1313.62316894531	15.972017288208	-11.2550554275513	-1304.85131835938	35.3661270141602	-3.38900375366211	-1315.74145507812	47.1256332397461	6.97218704223633	-1347.63464355469	36.8313369750977	20.483642578125	-1347.57055664062	13.7541170120239	-0.348523527383804	-1339.96765136719	32.564624786377	42.1291465759277	-1343.1669921875	13.9980945587158	41.281177520752	-1357.6826171875	4.55672168731689	47.9965209960938	-1359.77502441406	4.37949705123901	19.0503711700439	-1350.58776855469	-14.7918739318848	-60.141056060791	-1363.17175292969	-18.7005481719971	-56.6336135864258	-1364.78344726562	-20.0335655212402	-48.0597343444824	-1368.48303222656	-22.7974739074707	-37.4039421081543	-1369.24133300781	-21.037052154541	-10.6845951080322	-1369.92358398438	-15.1283493041992	-0.748675525188446	-1362.27270507812	-7.18158149719238	-43.2783966064453	-1336.43933105469	-4.44826126098633	-17.4127235412598	-1313.40246582031	-18.5451965332031	-11.0628499984741	-1304.65380859375	-39.2788619995117	-5.24685287475586	-1314.88171386719	-53.2454452514649	4.90380048751831	-1345.97302246094	-43.9124183654785	20.3669052124023	-1346.41613769531	-18.5519905090332	-1.87114226818085	-1339.24853515625	-40.3225288391113	41.2513961791992	-1342.583984375	-22.5874977111816	41.9272727966309	-1356.80578613281	-12.5430002212524	48.9895324707031	-1359.07861328125	-11.8989782333374	20.5907592773438	-1351.23815917969
PRI-6168	-0.237756252288818	-54.1788177490234	-1458.70056152344	-0.776900768280029	-47.9900398254395	-1450.81262207031	-1.41815304756165	-36.4677886962891	-1429.80407714844	-1.57217812538147	-16.1114692687988	-1405.52758789062	-1.67035174369812	-12.5754461288452	-1400.90222167969	0.135377317667007	68.4234924316406	-1436.53051757812	-0.400511831045151	49.8600921630859	-1452.73364257812	-0.8279088139534	32.6979675292969	-1453.86206054688	-1.52369117736816	12.0871067047119	-1440.197265625	-1.12338161468506	-3.97807192802429	-1449.96569824219	-0.404242426156998	-36.9383163452148	-1453.99169921875	9.73633003234863	-47.6536636352539	-1458.2412109375	11.2284202575684	-45.6042289733887	-1459.10034179688	13.7965106964111	-40.5614051818848	-1461.19482421875	16.6419639587402	-30.7399787902832	-1462.39050292969	16.3974514007568	-3.96016216278076	-1461.58020019531	11.0449237823486	2.35470390319824	-1455.8544921875	3.30875945091248	-36.1715850830078	-1433.16015625	1.31412243843079	-15.2793502807617	-1413.29565429688	15.7480173110962	-10.8553104400635	-1405.97485351562	29.9295120239258	-5.18491172790527	-1415.90405273438	41.63818359375	8.58939838409424	-1441.52294921875	32.1296920776367	19.0797080993652	-1440.85229492188	13.8185768127441	1.59085667133331	-1434.50695800781	30.718578338623	38.1627311706543	-1440.94653320312	15.8364143371582	36.4730644226074	-1451.908203125	7.82805585861206	43.1504249572754	-1455.14807128906	5.83437347412109	17.5127620697021	-1445.8486328125	-10.2257595062256	-48.4151802062988	-1459.62341308594	-11.3215637207031	-46.4292907714844	-1460.10400390625	-14.1163730621338	-41.7346229553223	-1462.25341796875	-17.596923828125	-31.886402130127	-1463.28747558594	-18.129976272583	-5.72071170806885	-1461.81396484375	-12.4603118896484	1.51525247097015	-1455.64221191406	-5.57920742034912	-36.5024566650391	-1433.10632324219	-4.29987621307373	-15.3837108612061	-1413.07751464844	-18.6311836242676	-10.1025047302246	-1405.75720214844	-32.9630546569824	-4.63512897491455	-1417.31823730469	-43.1328964233398	9.17507171630859	-1442.29296875	-37.076343536377	20.0864849090576	-1442.31494140625	-16.5849266052246	0.812034666538239	-1434.84387207031	-33.1770286560059	38.6915550231934	-1441.54052734375	-17.7286224365234	38.0026664733887	-1452.25549316406	-9.67182731628418	42.3898620605469	-1455.96118164062	-8.35936546325684	17.9633865356445	-1446.19860839844
PRI-6242	-1.80352640151978	-49.9574508666992	-1455.97473144531	-1.72887670993805	-45.8310928344727	-1450.87084960938	-1.6275680065155	-32.9446449279785	-1429.23376464844	-2.06690645217896	-18.9486122131348	-1412.36584472656	-2.19975709915161	-16.8298816680908	-1406.71875	-3.17565584182739	63.3943824768066	-1439.58129882812	-2.67105197906494	46.0970153808594	-1454.35485839844	-2.25756144523621	29.7284812927246	-1457.78735351562	-2.10813522338867	8.32706928253174	-1442.212890625	-1.70390713214874	-6.26121664047241	-1450.759765625	-1.99096262454987	-34.1202087402344	-1452.60131835938	7.65127897262573	-44.2297706604004	-1455.91821289062	9.01739597320557	-43.3226509094238	-1456.14831542969	12.0184412002563	-39.1476211547851	-1457.02185058594	15.6204862594604	-29.3222637176514	-1459.39709472656	15.0247182846069	-3.64175319671631	-1459.24963378906	10.7841358184814	0.18700022995472	-1457.17199707031	2.38244986534119	-34.3598937988281	-1434.18872070312	0.860889375209808	-17.1070003509521	-1417.1416015625	12.0594339370728	-14.1020498275757	-1410.07507324219	28.2094535827637	-6.53480339050293	-1420.8427734375	37.5183067321777	10.0449695587158	-1445.74926757812	30.9478530883789	15.9334964752197	-1444.78491210938	13.3662815093994	-2.47240614891052	-1439.75231933594	26.3669548034668	34.4480781555176	-1443.01159667969	13.2465887069702	33.5077476501465	-1454.72644042969	4.65427207946777	39.131217956543	-1456.72045898438	4.46927165985107	14.4366502761841	-1448.35681152344	-11.3584880828857	-44.6857261657715	-1455.89538574219	-12.5022373199463	-43.3169479370117	-1456.09606933594	-15.2210884094238	-38.9886627197266	-1457.38171386719	-18.7395935058594	-29.2343311309814	-1459.26232910156	-18.1535682678223	-3.89019107818604	-1458.81323242188	-14.5050563812256	-0.394976288080215	-1457.15539550781	-6.42024564743042	-34.3289642333984	-1434.49401855469	-4.99275588989258	-16.8231048583984	-1417.62243652344	-16.6055068969727	-12.6847610473633	-1410.74743652344	-32.7540512084961	-6.38050413131714	-1422.1044921875	-41.1678733825684	7.88163661956787	-1448.4287109375	-36.6284217834473	15.7236680984497	-1446.16088867188	-14.7872362136841	-0.212566390633583	-1437.90832519531	-31.5069999694824	33.5972099304199	-1443.98986816406	-17.9629230499268	32.9266166687012	-1455.36486816406	-9.35303783416748	39.447639465332	-1457.3486328125	-8.62416934967041	13.8638315200806	-1447.998046875
PRI-6470	-1.51999723911285	-63.0369758605957	-1463.74438476562	-2.02313280105591	-58.7650299072266	-1455.59204101562	-2.6742742061615	-46.4216995239258	-1433.03869628906	-3.14219379425049	-21.4609642028809	-1409.71887207031	-3.26623177528381	-17.8394813537598	-1403.83471679688	-0.872367858886719	71.0756988525391	-1435.51684570312	-1.98917746543884	53.1254501342773	-1454.97839355469	-2.64402675628662	35.9279708862305	-1457.28466796875	-1.88547265529633	8.44462966918945	-1442.38598632812	-2.16894149780273	-7.39442014694214	-1452.98010253906	-2.06968927383423	-47.4666748046875	-1457.53503417969	9.0975227355957	-58.4595184326172	-1461.779296875	12.837215423584	-53.4631385803223	-1462.88671875	16.1139354705811	-46.544921875	-1464.36352539062	18.7377853393555	-35.568229675293	-1465.31372070312	15.3525657653809	-10.8142938613892	-1467.12194824219	11.2017421722412	-1.57563972473145	-1460.4267578125	2.81584596633911	-45.1068000793457	-1435.82836914062	0.771564424037933	-20.6562805175781	-1416.57690429688	16.8594570159912	-17.2450637817383	-1408.36694335938	33.9468765258789	-9.00990962982178	-1418.35021972656	46.0048866271973	6.45050859451294	-1446.54064941406	35.6068878173828	16.6998386383057	-1445.7822265625	12.6560440063477	-2.66986608505249	-1439.42199707031	30.9415416717529	37.3829345703125	-1443.43774414062	17.3437938690186	39.929141998291	-1454.48937988281	5.76118612289429	47.2545471191406	-1457.16259765625	6.32321500778198	19.5242233276367	-1450.6015625	-12.5155954360962	-58.6073341369629	-1462.16528320312	-16.0943069458008	-54.381893157959	-1463.40576171875	-18.5091114044189	-47.1018447875977	-1466.51440429688	-21.2690773010254	-36.4646072387695	-1467.62487792969	-20.2176723480225	-11.5281810760498	-1466.81701660156	-15.1056184768677	-1.41246736049652	-1460.63024902344	-7.85827589035034	-44.6390686035156	-1435.93176269531	-6.90814638137817	-19.6227626800537	-1416.52575683594	-21.6981601715088	-16.6497688293457	-1409.19030761719	-38.8554153442383	-9.52011585235596	-1418.70483398438	-50.7693138122559	6.27578830718994	-1447.92126464844	-41.5399780273438	18.1495704650879	-1446.72534179688	-15.9138326644897	-2.63128137588501	-1440.74487304688	-36.1326522827148	39.6690101623535	-1443.833984375	-21.8835906982422	40.9911613464355	-1454.52673339844	-10.8658132553101	46.5832099914551	-1457.81994628906	-10.5431995391846	19.5343589782715	-1449.34716796875
PRI-6474	-0.874096512794495	-59.2832336425781	-1430.02587890625	-1.76412892341614	-54.1022872924805	-1421.7578125	-2.12660503387451	-42.7619667053223	-1400.0166015625	-2.31260013580322	-15.7698678970337	-1375.81762695312	-2.45801591873169	-12.0475625991821	-1370.90783691406	-3.55935335159302	70.6519775390625	-1397.08947753906	-3.36899256706238	53.9512634277344	-1418.66015625	-2.7223961353302	37.8371124267578	-1424.10681152344	-2.56683492660522	11.7477025985718	-1410.50817871094	-2.17165994644165	-5.32974004745483	-1418.98278808594	-1.52017545700073	-42.4027862548828	-1423.93505859375	11.503101348877	-53.149299621582	-1426.97546386719	14.7271575927734	-49.7686004638672	-1427.75463867188	16.7557888031006	-40.8917350769043	-1429.76452636719	19.9089298248291	-30.7129554748535	-1431.21069335938	16.8180294036865	-5.19247484207153	-1430.21533203125	9.5323543548584	0.885024666786194	-1425.51770019531	3.61336421966553	-38.4862785339355	-1401.66381835938	1.01241779327393	-15.3362255096436	-1382.96997070312	14.8349094390869	-10.3685808181763	-1374.10729980469	31.7821960449219	-2.24255132675171	-1381.650390625	46.1748008728027	12.166618347168	-1409.47412109375	36.1722755432129	23.1359252929688	-1410.55285644531	11.7273044586182	2.30065059661865	-1405.16101074219	31.1605453491211	41.784538269043	-1405.56689453125	14.8700551986694	40.9935607910156	-1420.6298828125	4.86126518249512	47.5569686889648	-1421.17993164062	4.92263984680176	20.025297164917	-1415.80480957031	-13.9107646942139	-51.818977355957	-1427.67944335938	-15.9713354110718	-50.5159759521484	-1429.1123046875	-19.282922744751	-42.5365028381348	-1431.25085449219	-21.8612766265869	-32.0157890319824	-1432.71850585938	-20.4431324005127	-6.34318590164185	-1431.63623046875	-13.9504127502441	1.62555503845215	-1425.73657226562	-7.76639366149902	-39.2809944152832	-1402.82458496094	-5.29363298416138	-14.9301376342773	-1382.46020507812	-19.2279243469238	-11.8309373855591	-1374.7177734375	-36.5363960266113	-5.33358716964722	-1382.59643554688	-51.7486381530762	9.93417835235596	-1410.39221191406	-42.975772857666	21.1870574951172	-1411.89807128906	-17.4678688049316	2.68949913978577	-1405.26025390625	-37.4673042297363	39.620002746582	-1407.91748046875	-20.9686489105225	39.4471588134766	-1421.15270996094	-11.1121768951416	46.9026565551758	-1422.16833496094	-9.6867790222168	19.0655956268311	-1415.97680664062
PRI-6480	-1.12515211105347	-52.0405654907227	-1053.98352050781	-1.00860202312469	-46.973575592041	-1047.70373535156	-0.807729303836823	-34.9829750061035	-1028.11413574219	-1.4129501581192	-17.8440341949463	-1007.50054931641	-1.52107870578766	-15.1098680496216	-1003.04119873047	-0.361221730709076	69.4399871826172	-1042.8427734375	-0.509406864643097	50.854663848877	-1053.13623046875	-1.12251019477844	34.0554122924805	-1055.08447265625	-0.934068918228149	6.84690618515015	-1038.68786621094	-0.781633794307709	-5.19315671920776	-1047.52502441406	-1.14361822605133	-38.0965347290039	-1050.63220214844	8.30318069458008	-47.8581237792969	-1054.0615234375	10.0895748138428	-46.0102882385254	-1054.97290039062	13.1527252197266	-41.6248550415039	-1057.79895019531	16.2775897979736	-32.1477813720703	-1058.59130859375	15.7766971588135	-9.79420280456543	-1060.54663085938	10.6209955215454	-0.835738062858582	-1055.75476074219	5.18570995330811	-32.0433654785156	-1031.08410644531	2.35107493400574	-17.037260055542	-1015.10766601562	15.5806970596313	-11.3135185241699	-1005.90643310547	31.8443279266357	-5.11781787872314	-1017.22375488281	42.9449424743652	7.8469500541687	-1045.23278808594	35.0258483886719	18.1442928314209	-1044.99951171875	13.5694942474365	-0.321351200342178	-1038.28442382812	31.5099201202393	35.0926170349121	-1043.76123046875	15.5416021347046	37.2043724060059	-1053.95703125	7.49334239959717	42.6169471740723	-1055.83288574219	5.95344686508179	17.542444229126	-1046.88024902344	-11.0115051269531	-48.3864936828613	-1054.255859375	-13.1693668365479	-45.7882232666016	-1054.70666503906	-16.3443603515625	-41.2595558166504	-1056.3447265625	-19.7870330810547	-32.3646774291992	-1057.94873046875	-18.8706245422363	-9.79066944122314	-1060.259765625	-12.7113962173462	-0.639400839805603	-1055.80346679688	-5.35384225845337	-34.3991317749023	-1030.56335449219	-5.09384441375732	-16.4869232177734	-1015.31591796875	-17.6171531677246	-11.7576322555542	-1006.58233642578	-34.5324325561523	-4.50100421905518	-1017.71020507812	-43.4692420959473	8.63948059082031	-1044.119140625	-37.2108345031738	19.3274517059326	-1044.86499023438	-15.5590057373047	-0.627520263195038	-1038.28454589844	-32.9454002380371	35.2360382080078	-1044.28308105469	-17.0423336029053	38.2527351379395	-1053.51513671875	-8.44730186462402	43.3357696533203	-1055.45275878906	-8.02421379089355	17.7534790039062	-1047.03759765625
PRI-6494	-0.814308166503906	-51.2096252441406	-1062.45544433594	-0.48242598772049	-47.1459655761719	-1057.57763671875	-0.536164104938507	-34.1182632446289	-1043.443359375	-0.839106738567352	-19.1939086914062	-1024.71081542969	-0.846246898174286	-16.7961711883545	-1020.33856201172	-1.75094842910767	65.0333709716797	-1053.65783691406	-1.05750298500061	44.7986793518066	-1067.22888183594	-1.01712822914124	28.811939239502	-1069.20971679688	-0.839054763317108	7.35682582855225	-1056.51733398438	-0.586914896965027	-4.71112537384033	-1063.15869140625	-0.859547317028046	-36.0762062072754	-1060.41467285156	9.85094451904297	-47.0915145874023	-1064.78674316406	12.2307424545288	-45.1292190551758	-1064.8076171875	14.3815097808838	-40.4093551635742	-1068.22387695312	17.6748085021973	-30.3610534667969	-1070.61608886719	15.0930557250977	-5.98760604858398	-1071.71691894531	9.78174495697021	-0.512253522872925	-1069.08044433594	4.1637487411499	-32.9365272521973	-1044.65600585938	2.04237842559814	-17.5109214782715	-1030.91320800781	15.2783470153809	-14.1141595840454	-1022.64764404297	31.4654121398926	-6.13522243499756	-1034.97277832031	39.8923530578613	3.5326578617096	-1060.08813476562	32.3008728027344	13.9155731201172	-1058.1708984375	12.7763748168945	-2.62323403358459	-1053.27160644531	28.955135345459	30.9309062957764	-1055.61218261719	14.4539985656738	30.7686767578125	-1066.18786621094	6.50847578048706	36.9305534362793	-1069.07238769531	5.0501766204834	13.2173433303833	-1060.55322265625	-10.656439781189	-47.1093559265137	-1064.1474609375	-13.067982673645	-44.9962692260742	-1065.78991699219	-15.8139495849609	-40.4476051330566	-1068.61462402344	-18.727560043335	-30.6272048950195	-1070.67138671875	-16.3481998443604	-7.11626291275024	-1072.08947753906	-11.2598962783813	-0.762314915657043	-1069.53247070312	-6.22584104537964	-33.1689071655273	-1045.09924316406	-4.19495153427124	-18.4027042388916	-1030.84167480469	-18.0532188415527	-14.3521871566772	-1023.60369873047	-34.2854614257812	-6.84272861480713	-1036.93884277344	-41.2424163818359	2.54691791534424	-1062.02172851562	-35.1959190368652	13.1692686080933	-1059.91088867188	-13.4073457717896	-2.86303901672363	-1053.95190429688	-31.720760345459	29.48854637146	-1056.51379394531	-16.4444103240967	30.4605617523193	-1066.69396972656	-8.72384834289551	35.3782691955566	-1070.50170898438	-7.27278184890747	13.3391456604004	-1061.27905273438
PRI-6497	-0.844093680381775	-51.2054176330566	-1402.60681152344	-1.28724336624146	-44.752082824707	-1395.97314453125	-1.84923887252808	-34.7229881286621	-1376.8505859375	-2.13383460044861	-18.4873886108398	-1355.30944824219	-2.33460092544556	-15.733081817627	-1349.5673828125	-2.5807409286499	61.6697006225586	-1383.11840820312	-2.67743062973022	43.7772560119629	-1394.82043457031	-1.99684619903564	30.5611820220947	-1397.9189453125	-1.5984650850296	6.89700555801392	-1384.64392089844	-2.02382707595825	-5.99335336685181	-1394.73278808594	-1.57217609882355	-35.6039886474609	-1398.05944824219	9.12668323516846	-45.6589317321777	-1402.80053710938	10.4701128005981	-44.1776733398438	-1403.1650390625	12.6246719360352	-40.3554039001465	-1403.84619140625	15.2642793655396	-29.7902908325195	-1405.05456542969	14.9957132339478	-4.95696973800659	-1402.80114746094	9.74355030059814	0.243777811527252	-1399.33911132812	2.68532490730286	-34.9984245300293	-1380.63830566406	0.831976294517517	-16.730152130127	-1361.56018066406	14.2274112701416	-13.7498550415039	-1353.94201660156	29.4055728912354	-6.55211067199707	-1363.22668457031	38.315788269043	6.10533428192139	-1387.9150390625	31.4223003387451	15.8999261856079	-1388.14453125	12.7282400131226	-1.03200399875641	-1380.16687011719	25.8585243225098	32.9781036376953	-1385.38049316406	13.9731101989746	33.9297637939453	-1395.8154296875	4.6820068359375	39.0039367675781	-1398.05908203125	5.10245752334595	14.6597986221313	-1390.08203125	-11.0560503005981	-47.0689010620117	-1402.37268066406	-12.6407680511475	-45.8349914550781	-1402.43334960938	-14.9723587036133	-42.004150390625	-1404.19885253906	-18.4706726074219	-31.5295677185059	-1405.08618164062	-18.0644264221191	-6.03426551818848	-1402.88159179688	-13.2408790588379	-1.29041254520416	-1399.60290527344	-6.61805820465088	-35.0967674255371	-1380.82287597656	-5.35379362106323	-16.8695430755615	-1361.56689453125	-18.0683670043945	-14.090934753418	-1353.93920898438	-33.8581695556641	-7.36676597595215	-1365.0791015625	-41.9568023681641	5.6432294845581	-1389.36499023438	-35.9601974487305	14.4359579086304	-1387.98449707031	-14.8399629592896	-1.77781796455383	-1380.52966308594	-30.6428260803223	31.8148670196533	-1385.17504882812	-17.1948394775391	32.6892776489258	-1395.52258300781	-9.21194934844971	38.9362869262695	-1397.85766601562	-8.94568347930908	14.3505620956421	-1390.02014160156
PRI-6498	-0.201669365167618	-57.9953155517578	-1441.67150878906	-0.513325154781342	-52.726146697998	-1433.22839355469	-1.28942811489105	-40.5213165283203	-1414.06958007812	-2.49770975112915	-21.8463973999023	-1390.681640625	-3.00986361503601	-19.198673248291	-1385.66125488281	-4.37262201309204	64.4720993041992	-1421.31945800781	-2.88672924041748	46.7003173828125	-1434.3486328125	-2.45181560516357	31.1444320678711	-1437.75219726562	-2.20569324493408	8.51501274108887	-1425.21704101562	-1.94830596446991	-8.68361854553223	-1432.82312011719	-0.631123185157776	-42.1854362487793	-1436.91259765625	10.1864433288574	-52.0498161315918	-1440.21606445312	11.6734571456909	-49.6977882385254	-1440.19055175781	15.4195203781128	-42.4218482971191	-1441.21936035156	16.5795612335205	-31.7273731231689	-1443.49157714844	14.469367980957	-7.36048984527588	-1443.00769042969	10.5965194702148	-3.6403284072876	-1438.9951171875	2.99954009056091	-39.9982452392578	-1417.17883300781	0.705459773540497	-20.6405010223389	-1397.65234375	14.3362703323364	-16.5792255401611	-1389.27502441406	29.8542442321777	-7.96841526031494	-1398.54772949219	40.5963668823242	5.02080011367798	-1424.65673828125	34.5715713500977	14.023323059082	-1425.55517578125	11.5299606323242	-3.05395126342773	-1420.205078125	27.7262058258057	33.4640312194824	-1423.49780273438	13.4718809127808	32.5807571411133	-1435.07116699219	4.38476085662842	39.0684089660645	-1437.20520019531	5.63907146453857	12.9692916870117	-1429.45825195312	-10.6192464828491	-53.0207672119141	-1440.65258789062	-12.0087385177612	-50.3780784606934	-1440.88671875	-16.1994819641113	-42.4514198303223	-1442.22570800781	-18.4752407073975	-32.7285690307617	-1444.03015136719	-17.0296669006348	-7.99305725097656	-1444.23974609375	-13.606348991394	-3.8839476108551	-1439.89868164062	-5.91233444213867	-40.2858810424805	-1417.74865722656	-6.07248306274414	-20.3397769927979	-1397.94787597656	-21.0342273712158	-17.1129474639893	-1390.64880371094	-36.0310592651367	-10.1004858016968	-1401.91027832031	-45.3916473388672	2.51835322380066	-1427.42138671875	-40.5468368530273	12.4442291259766	-1427.95593261719	-16.4447708129883	-3.70265245437622	-1420.73620605469	-34.3385353088379	32.3267669677734	-1425.91381835938	-19.2563247680664	32.014232635498	-1436.5234375	-9.28499889373779	39.530689239502	-1437.71276855469	-9.84031200408936	12.4013862609863	-1430.18701171875
PRI-6503	-0.884283065795898	-55.7371025085449	-1470.21447753906	-1.20018196105957	-49.4764823913574	-1462.55517578125	-1.84498798847198	-36.5374412536621	-1441.27966308594	-4.0170578956604	-17.4445133209229	-1417.21240234375	-4.50366497039795	-13.9473524093628	-1410.71887207031	-2.92287945747375	68.8296813964844	-1449.73852539062	-1.63843238353729	52.0463981628418	-1462.0947265625	-1.31458580493927	35.8627777099609	-1465.60729980469	-1.85084307193756	11.1939115524292	-1448.80786132812	-1.28617990016937	-3.22028350830078	-1459.83813476562	-1.01221966743469	-37.0996322631836	-1465.44604492188	10.2872591018677	-49.8519706726074	-1469.5029296875	12.1315536499023	-48.5057678222656	-1470.5263671875	15.9304447174072	-41.0283012390137	-1470.68286132812	18.819299697876	-30.0641918182373	-1472.04943847656	16.5701198577881	-3.44916892051697	-1470.46313476562	11.4446487426758	1.9789959192276	-1465.25268554688	3.06816554069519	-36.3097724914551	-1444.90466308594	-0.0690241008996964	-16.084644317627	-1423.58911132812	14.6325664520264	-11.1537456512451	-1414.62292480469	30.9974460601807	-2.94873023033142	-1423.76501464844	44.3033065795898	12.2921323776245	-1451.25573730469	35.9454689025879	20.9883041381836	-1451.65637207031	13.8656377792358	2.08837604522705	-1444.90881347656	28.3845729827881	40.2628936767578	-1449.748046875	15.8572263717651	39.2611541748047	-1460.64477539062	4.95311832427979	45.429817199707	-1464.1591796875	6.56009578704834	20.3542098999023	-1455.19714355469	-11.6575031280518	-51.1360130310059	-1470.24365234375	-14.3224468231201	-49.3011665344238	-1470.56494140625	-17.1744804382324	-42.0669021606445	-1472.88745117188	-20.19215965271	-30.6513652801514	-1474.97082519531	-18.4543323516846	-4.78880262374878	-1473.39050292969	-13.3309087753296	1.74981153011322	-1467.60949707031	-6.54992437362671	-36.7059936523438	-1445.669921875	-6.84325265884399	-15.9038028717041	-1423.74768066406	-21.4648742675781	-12.6096897125244	-1417.001953125	-38.1574516296387	-4.65607213973999	-1428.73083496094	-47.7379760742188	11.4360618591309	-1457.56103515625	-40.2601623535156	19.4872722625732	-1456.91857910156	-18.1261177062988	0.330997496843338	-1447.77783203125	-34.6012420654297	38.6230278015137	-1453.88073730469	-18.4924240112305	38.2153167724609	-1463.56115722656	-9.06611061096191	45.3464736938477	-1465.54309082031	-9.7667407989502	19.5324668884277	-1455.962890625
PRI-6504	-1.8015044927597	-52.1565437316895	-1414.83898925781	-1.5117996931076	-46.8225440979004	-1407.00866699219	-1.64723253250122	-35.1226539611816	-1386.61853027344	-2.63146352767944	-12.5078792572021	-1363.27941894531	-2.92148232460022	-8.98846435546875	-1357.76806640625	-0.54394406080246	67.4698791503906	-1397.89086914062	-1.22283864021301	49.9045066833496	-1410.7958984375	-1.71325170993805	34.9323539733887	-1411.67272949219	-1.57298219203949	12.152590751648	-1393.81213378906	-1.52931749820709	-3.52807664871216	-1404.79321289062	-1.30630695819855	-35.0575637817383	-1409.32238769531	9.11295413970947	-48.2511329650879	-1412.71325683594	10.4453125	-46.8520126342773	-1413.07153320312	13.9688730239868	-40.446159362793	-1414.72265625	15.8270597457886	-30.0838451385498	-1415.29309082031	14.7070827484131	-4.01764822006226	-1414.35083007812	10.4354486465454	1.36733746528625	-1410.49291992188	3.25057363510132	-34.5669631958008	-1390.93994140625	0.362848907709122	-13.0058422088623	-1370.93493652344	14.1766262054443	-7.57153606414795	-1361.2724609375	29.8333568572998	-3.13881063461304	-1372.03100585938	41.599178314209	10.8588743209839	-1400.45324707031	35.8239059448242	18.0319995880127	-1398.63342285156	12.9052858352661	2.38188791275024	-1390.92553710938	29.7100639343262	38.2514953613281	-1396.98852539062	16.7733840942383	37.5901565551758	-1408.21228027344	6.61044836044312	44.5262756347656	-1412.26892089844	5.99307203292847	17.9537239074707	-1401.61279296875	-12.2152128219604	-47.7804489135742	-1413.20983886719	-13.2259397506714	-46.7939567565918	-1413.76123046875	-17.1453819274902	-40.2917175292969	-1415.32214355469	-19.4724521636963	-29.66526222229	-1414.85766601562	-17.4483947753906	-3.77995872497559	-1413.205078125	-14.1517915725708	0.966336071491241	-1410.17126464844	-6.52529573440552	-34.694522857666	-1390.45886230469	-5.96375942230225	-11.4860677719116	-1370.30700683594	-20.3478908538818	-6.81755447387695	-1361.98095703125	-34.7713584899902	-2.18765115737915	-1374.1435546875	-45.0023422241211	12.6039743423462	-1402.24304199219	-39.1433486938477	19.3032341003418	-1400.48352050781	-15.5067453384399	2.98631191253662	-1390.25842285156	-32.7155380249023	38.6765365600586	-1398.06787109375	-18.5106143951416	38.6271743774414	-1409.61682128906	-9.13982200622559	44.3941955566406	-1412.42980957031	-9.66282844543457	17.7055625915527	-1401.29211425781
PRI-6627	121.674919128418	-54.349308013916	-886.434875488281	122.054069519043	-50.8021392822266	-892.079650878906	122.916786193848	-39.8961944580078	-910.901916503906	123.769462585449	-19.6822357177734	-933.776733398438	124.121688842773	-15.8449201583862	-939.025512695312	126.671417236328	62.6336059570312	-906.718872070312	124.798034667969	44.9513206481934	-888.980712890625	124.131805419922	28.4623527526855	-886.521240234375	123.928466796875	5.61698150634766	-902.762756347656	122.998115539551	-7.53106021881104	-892.553344726562	122.202705383301	-40.4739036560059	-889.738403320312	111.245254516602	-49.5894546508789	-887.043518066406	110.164657592773	-48.4330406188965	-886.834411621094	106.344085693359	-40.9882621765137	-884.191284179688	104.265190124512	-31.034029006958	-882.855346679688	109.100532531738	-6.21338224411011	-884.165649414062	112.054244995117	-2.23460698127747	-887.257385253906	117.259071350098	-39.1949119567871	-907.445495605469	120.946807861328	-19.2228660583496	-925.818298339844	110.573753356934	-16.4173946380615	-935.535034179688	94.1795272827148	-5.83624649047852	-927.44140625	83.6733551025391	7.47098684310913	-900.152404785156	89.8065872192383	14.4885950088501	-899.989990234375	110.125419616699	-3.4131772518158	-907.649475097656	95.1682968139648	33.4482574462891	-902.354858398438	108.880783081055	33.419864654541	-889.465759277344	116.587661743164	38.1694412231445	-886.941528320312	117.73560333252	13.726222038269	-896.596496582031	132.063888549805	-49.471607208252	-885.305541992188	133.124145507812	-48.6225509643555	-885.067321777344	137.395156860352	-42.8409805297852	-883.182434082031	139.836227416992	-31.5269050598145	-880.583190917969	136.371017456055	-6.88414478302002	-884.083312988281	133.905319213867	-3.34518122673035	-886.600219726562	128.659271240234	-39.5865287780762	-906.813537597656	126.299697875977	-18.7283687591553	-925.806762695312	138.19172668457	-16.6146278381348	-933.737182617188	154.342651367188	-7.35143756866455	-925.878295898438	164.84001159668	4.41801118850708	-898.558471679688	160.416854858398	13.4029769897461	-897.496826171875	137.672897338867	-3.90039873123169	-906.823913574219	153.954681396484	31.4107532501221	-899.537536621094	139.432723999023	31.8780155181885	-888.722961425781	132.317184448242	37.3006134033203	-886.329406738281	130.244644165039	13.1279697418213	-895.996215820312
PRI-6628	-0.677116572856903	-57.7835731506348	-1020.69677734375	-0.549863874912262	-51.2084350585938	-1011.1396484375	0.0831386521458626	-42.2284927368164	-990.95263671875	-0.0470151528716087	-21.2898006439209	-965.822021484375	0.121201246976852	-16.5033874511719	-959.351867675781	-4.33028936386108	65.4165954589844	-986.265625	-4.2743878364563	47.826831817627	-1004.27655029297	-4.00903224945068	31.4055805206299	-1009.08514404297	-2.2642834186554	7.24343395233154	-994.617370605469	-1.42275357246399	-5.77566528320312	-1008.30975341797	-0.697881996631622	-41.043098449707	-1014.76519775391	9.69144344329834	-51.4978294372559	-1020.61199951172	12.7479963302612	-48.8522605895996	-1021.72351074219	15.9923105239868	-42.5699043273926	-1022.87512207031	17.4149284362793	-30.9067974090576	-1022.2470703125	12.0539627075195	-4.70740079879761	-1020.16882324219	8.83351802825928	-0.164741292595863	-1013.72265625	5.36684846878052	-39.6328430175781	-993.4794921875	2.66261887550354	-19.6344738006592	-972.85791015625	14.2297763824463	-16.4491901397705	-963.261657714844	30.2443752288818	-7.14832878112793	-971.250915527344	41.6239738464355	6.35362243652344	-999.051940917969	33.4175186157227	16.3820133209229	-1000.1748046875	13.7513160705566	-2.55166935920715	-992.188659667969	27.4202404022217	35.4402503967285	-996.451354980469	12.2703666687012	35.4037933349609	-1006.47894287109	3.49518895149231	41.2153205871582	-1007.98913574219	3.99356818199158	15.6862421035767	-999.985290527344	-10.9846382141113	-52.3434791564941	-1019.89453125	-13.8497514724731	-50.3295745849609	-1020.73321533203	-18.2942638397217	-44.046802520752	-1021.69274902344	-21.1638832092285	-32.3883018493652	-1020.00451660156	-16.7561779022217	-5.58804273605347	-1019.54486083984	-13.1822233200073	-0.486921638250351	-1013.46148681641	-5.58496522903442	-39.6333160400391	-993.005920410156	-2.99267911911011	-20.074743270874	-973.021606445312	-14.9157247543335	-17.5784358978271	-962.477722167969	-32.5379066467285	-8.35595417022705	-970.500915527344	NA	NA	NA	-37.4217185974121	15.2727155685425	-998.527954101562	-16.1259822845459	-2.92416667938232	-990.888793945312	-34.4254188537598	33.0827331542969	-994.634704589844	-21.5978031158447	34.9476432800293	-1005.98071289062	-11.8990354537964	40.9067001342773	-1008.09155273438	-9.93785095214844	15.866868019104	-999.87158203125
PRI-6631	-2.36213040351868	-44.6572570800781	-978.491760253906	-2.85523056983948	-40.647777557373	-972.407348632812	-2.85890793800354	-33.1858749389648	-953.394836425781	-2.68040013313293	-16.2236404418945	-927.950134277344	-2.703280210495	-12.8381385803223	-923.305786132812	-4.54300832748413	67.5539627075195	-947.691589355469	-3.42262744903564	51.7780914306641	-963.818237304688	-3.29286408424377	36.1845397949219	-967.820678710938	-2.49551701545715	10.8891620635986	-957.001586914062	-2.42809391021729	-1.15785002708435	-967.416198730469	-2.64023280143738	-32.6858444213867	-972.738525390625	7.02403593063354	-40.2804641723633	-977.477783203125	8.87395191192627	-38.9561042785645	-977.453491210938	12.4726400375366	-35.8695678710938	-979.19580078125	15.7239246368408	-25.3562431335449	-978.694091796875	13.3582201004028	-1.44220948219299	-972.901000976562	8.84494113922119	4.19139099121094	-971.740417480469	3.07812786102295	-30.9050922393799	-956.056274414062	0.281197100877762	-14.7213010787964	-936.047302246094	11.6807289123535	-11.8726568222046	-925.717102050781	26.6376152038574	-1.85052311420441	-933.7197265625	NA	NA	NA	29.4989185333252	20.9885101318359	-957.061828613281	9.62017631530762	2.79812574386597	-952.812866210938	25.3588447570801	37.8761749267578	-954.431396484375	11.3901805877686	39.5614738464355	-966.565307617188	3.26088523864746	46.1955718994141	-966.600463867188	2.64997792243958	21.2153606414795	-961.837036132812	-12.9470472335815	-40.2146186828613	-977.536926269531	-14.8216686248779	-38.2635917663574	-978.193664550781	-18.1685123443604	-34.8628997802734	-978.862670898438	-21.0595836639404	-24.3868503570557	-978.770385742188	-18.1503677368164	-0.846198916435242	-972.622497558594	-13.795413017273	4.45318269729614	-971.819274902344	-7.59595537185669	-30.8140563964844	-956.217712402344	-5.3702597618103	-15.5021352767944	-936.112915039062	-17.0674457550049	-12.6343879699707	-926.536804199219	-32.5804176330566	-3.58148431777954	-936.236206054688	-43.3578872680664	10.9704856872559	-959.063903808594	-36.2553863525391	21.0154724121094	-958.862121582031	-15.2298460006714	2.28948736190796	-953.6083984375	-32.1743659973145	37.9778366088867	-955.340515136719	-17.3027458190918	39.6529769897461	-966.430969238281	-10.5291032791138	45.3791999816895	-967.716979980469	-8.97763252258301	21.4098243713379	-961.718017578125
PRI-6638	-2.12875652313232	-51.9546318054199	-1143.74304199219	-2.14762806892395	-46.3147735595703	-1137.41809082031	-0.967327535152435	-38.0428314208984	-1120.65441894531	-1.200803399086	-18.3880767822266	-1096.72802734375	-1.14545500278473	-15.0347986221313	-1091.96472167969	-1.19584608078003	58.757682800293	-1119.42126464844	-1.34109032154083	41.7910919189453	-1135.03247070312	-1.73524737358093	26.4353523254395	-1136.99438476562	-1.46960866451263	3.5634605884552	-1125.91784667969	-1.7144877910614	-8.19716548919678	-1136.22497558594	-2.48811626434326	-38.0556449890137	-1139.53930664062	6.60638284683228	-47.470043182373	-1144.67517089844	9.08932495117188	-45.9062271118164	-1143.63171386719	11.7132291793823	-41.6191825866699	-1145.81896972656	14.7277603149414	-31.9964599609375	-1145.31494140625	13.3096694946289	-9.01936054229736	-1141.92761230469	7.8209638595581	-2.34659695625305	-1140.02453613281	3.74999976158142	-35.9323310852051	-1122.55737304688	0.601793825626373	-17.856424331665	-1103.896484375	11.7513113021851	-14.2426223754883	-1095.11987304688	26.4817924499512	-7.21313714981079	-1101.869140625	35.098560333252	5.00528907775879	-1130.63793945312	30.1788024902344	12.2263317108154	-1128.43884277344	12.1402282714844	-4.10769557952881	-1120.8837890625	25.7896938323975	28.8569030761719	-1124.310546875	12.9794960021973	30.4471092224121	-1135.21008300781	5.55488729476929	35.4991874694824	-1137.14807128906	4.64219903945923	12.2571430206299	-1130.69494628906	-11.15647315979	-48.4113464355469	-1144.2724609375	-13.7413463592529	-46.5077819824219	-1143.71081542969	-16.6136665344238	-42.7698135375977	-1144.63537597656	-20.106388092041	-33.047420501709	-1145.07165527344	-18.4770603179932	-9.27786064147949	-1142.00903320312	-12.3280715942383	-3.07071399688721	-1139.732421875	-6.29018640518188	-36.4244499206543	-1122.04602050781	-4.05045413970947	-17.7540454864502	-1103.56323242188	-15.8284940719604	-13.6593437194824	-1094.68408203125	-30.1983127593994	-6.23434829711914	-1101.7294921875	-41.227352142334	5.1270751953125	-1126.77197265625	-34.8692932128906	13.6152038574219	-1127.60876464844	-15.0852603912354	-3.93855595588684	-1120.49328613281	-28.8757171630859	29.8358764648438	-1124.291015625	-16.7629737854004	31.5773754119873	-1135.30981445312	-8.08528995513916	36.3708190917969	-1136.63220214844	-8.41404247283936	12.5154066085815	-1130.91796875
PRI-6639	118.037216186523	-61.144401550293	-878.39013671875	118.872535705566	-56.5517807006836	-886.763549804688	119.65064239502	-46.5656547546387	-906.858032226562	122.038414001465	-26.9557209014893	-930.580444335938	122.397216796875	-23.2529392242432	-936.281677246094	127.336227416992	56.4317436218262	-908.041381835938	126.36173248291	40.3710594177246	-892.694763183594	124.88289642334	24.982027053833	-887.713439941406	123.319984436035	1.11062383651733	-902.3125	122.187713623047	-9.96012020111084	-887.986389160156	119.50772857666	-46.7925643920898	-883.48193359375	108.50048828125	-54.2845764160156	-879.692199707031	107.279411315918	-52.5656204223633	-879.384643554688	103.741340637207	-43.319694519043	-877.190185546875	102.194274902344	-32.0193634033203	-878.115356445312	NA	NA	NA	111.56575012207	-4.68663549423218	-884.485900878906	113.9208984375	-43.9779663085938	-903.668579101562	119.091445922852	-25.0957050323486	-923.262023925781	106.319984436035	-22.8897285461426	-932.493286132812	92.1358871459961	-10.2892732620239	-924.990417480469	NA	NA	NA	NA	NA	NA	108.245399475098	-7.15248441696167	-906.157043457031	95.1544876098633	28.9581985473633	-902.242919921875	109.684440612793	28.9239139556885	-891.647094726562	118.023857116699	33.9224243164062	-889.813537597656	117.103874206543	10.2898464202881	-897.278381347656	128.580871582031	-55.8215751647949	-879.664367675781	130.168228149414	-54.1833763122559	-879.312316894531	135.734634399414	-46.3491439819336	-877.156494140625	138.946548461914	-35.1891479492188	-877.399047851562	136.209564208984	-10.3571863174438	-881.147338867188	133.538391113281	-6.71204042434692	-884.234741210938	126.03840637207	-45.3839530944824	-903.619201660156	124.887283325195	-26.0807189941406	-923.309204101562	137.921966552734	-24.5077362060547	-931.730285644531	153.870422363281	-14.3927822113037	-924.413330078125	166.385482788086	-2.25625133514404	-897.980712890625	158.236114501953	7.14826583862305	-896.936279296875	135.896942138672	-8.9822416305542	-906.037414550781	155.788131713867	24.4542675018311	-900.651428222656	141.188262939453	26.7713718414307	-890.908630371094	133.485733032227	32.7371253967285	-889.295776367188	131.239105224609	9.50046443939209	-897.305725097656
PRI-6640	113.067321777344	-53.4985084533691	-891.067504882812	112.988777160645	-48.4223365783691	-898.305297851562	113.05534362793	-40.6708068847656	-914.321655273438	112.461166381836	-22.1874561309814	-937.094543457031	112.448120117188	-18.1906795501709	-941.604797363281	NA	NA	NA	112.38102722168	36.2382431030273	-892.284912109375	112.674186706543	23.1821060180664	-890.374206542969	112.70246887207	0.10433916002512	-907.66943359375	113.050079345703	-11.9369144439697	-897.469421386719	113.03466796875	-40.7134132385254	-895.869262695312	103.728942871094	-49.0510711669922	-891.789245605469	103.200065612793	-48.4948348999023	-891.584228515625	99.5599060058594	-44.2876510620117	-890.02197265625	96.3857116699219	-34.8137435913086	-888.0439453125	99.1626892089844	-11.0675430297852	-890.103881835938	102.674697875977	-6.48057556152344	-891.621948242188	107.502212524414	-39.9610137939453	-912.035949707031	110.238159179688	-22.4132118225098	-929.612670898438	98.6137008666992	-17.4087162017822	-938.200073242188	84.2428207397461	-10.3815631866455	-928.589111328125	74.6580200195312	-0.523776113986969	-903.037780761719	82.7131271362305	8.73159217834473	-903.322448730469	98.3847503662109	-7.36466264724731	-909.305969238281	84.1599349975586	25.776782989502	-903.462280273438	96.6705780029297	26.4983329772949	-893.168273925781	105.808174133301	31.8607444763184	-889.968322753906	107.221824645996	9.24411773681641	-901.347717285156	121.995407104492	-48.9533309936523	-891.288330078125	122.641326904297	-48.3775062561035	-891.062255859375	126.402305603027	-44.7870864868164	-890.5263671875	130.367370605469	-34.7859535217285	-888.777893066406	127.401344299316	-11.4579381942749	-890.564208984375	123.752326965332	-7.55555009841919	-891.281677246094	118.463439941406	-40.0121917724609	-911.993713378906	115.048034667969	-22.2781009674072	-929.485412597656	125.660125732422	-17.1631374359131	-939.1484375	141.132690429688	-9.8970832824707	-928.835205078125	150.850677490234	-0.585364580154419	-903.707580566406	142.745223999023	9.42903804779053	-903.858032226562	126.250228881836	-8.02541255950928	-909.548461914062	141.218627929688	26.4133682250977	-904.500244140625	127.467681884766	25.4685020446777	-893.602294921875	119.07194519043	32.0225372314453	-890.199340820312	119.206321716309	8.15176486968994	-902.016906738281
PRI-6641	NA	NA	NA	117.31364440918	-42.5578842163086	-896.021728515625	117.615211486816	-33.5875396728516	-912.105651855469	119.408744812012	-11.480731010437	-933.444030761719	119.71809387207	-8.4851713180542	-937.506591796875	121.937217712402	63.953010559082	-900.398376464844	121.062004089355	45.5060195922852	-888.561889648438	120.371780395508	30.1066646575928	-887.80419921875	120.018249511719	8.98405361175537	-902.425109863281	119.166290283203	-3.4209897518158	-892.8076171875	117.743942260742	-34.852294921875	-893.375061035156	107.571365356445	-42.2547225952148	-890.1875	106.318656921387	-41.0816497802734	-889.366271972656	103.526847839355	-36.9154319763184	-887.674072265625	100.81502532959	-27.523738861084	-885.426330566406	104.251640319824	-3.65942811965942	-885.072570800781	109.183570861816	1.34220433235168	-888.427917480469	113.034538269043	-32.3108558654785	-909.654113769531	116.718704223633	-12.2216033935547	-925.841552734375	105.995872497559	-6.28640985488892	-935.550537109375	91.5836563110352	-0.542107343673706	-925.916442871094	81.2803649902344	6.70167112350464	-902.415161132812	89.5735702514648	18.3404121398926	-899.690734863281	105.717887878418	2.13262009620667	-906.773803710938	93.7056121826172	35.2193794250488	-899.35498046875	106.128044128418	34.0297927856445	-889.239013671875	114.480865478516	38.8006172180176	-887.175231933594	114.107284545898	17.0189838409424	-896.0927734375	125.742858886719	-43.7612228393555	-889.994750976562	127.521919250488	-42.2325897216797	-889.345153808594	131.228378295898	-38.261100769043	-887.54541015625	135.297058105469	-28.908411026001	-885.848022460938	133.518035888672	-5.13406991958618	-884.961303710938	129.159439086914	0.0844191759824753	-888.173217773438	122.520774841309	-32.9651298522949	-909.655334472656	121.550231933594	-12.756893157959	-925.97607421875	133.765396118164	-7.07582950592041	-935.335266113281	148.518142700195	-2.56856465339661	-924.035766601562	158.159378051758	2.63345074653625	-899.989196777344	152.43473815918	15.7000408172607	-897.800537109375	133.441131591797	0.964394867420197	-905.801086425781	149.450317382812	32.9026679992676	-898.260131835938	135.115798950195	33.0570831298828	-888.6943359375	127.659759521484	39.0638008117676	-887.203857421875	125.496978759766	16.1327877044678	-895.865661621094
PRI-6809	-1.35783493518829	-51.9114875793457	-1485.71520996094	-1.64217853546143	-46.8553771972656	-1476.21801757812	-1.91360485553741	-34.6933937072754	-1455.12121582031	-2.69010019302368	-14.6745157241821	-1434.39855957031	-2.99677181243896	-11.8763847351074	-1429.71875	-3.39663648605347	68.3159408569336	-1463.83386230469	-2.15888023376465	50.1983184814453	-1478.37158203125	-1.75074899196625	34.5830879211426	-1479.93041992188	-2.51740288734436	12.068531036377	-1466.58215332031	-1.57183480262756	-3.58273887634277	-1476.25939941406	-0.905707120895386	-37.2348213195801	-1479.208984375	8.96316814422607	-46.6266250610352	-1484.26403808594	10.5475044250488	-45.2087783813477	-1484.57177734375	12.8424625396729	-40.539363861084	-1485.36730957031	16.3131904602051	-31.2695007324219	-1486.39965820312	16.0938968658447	-5.10452508926392	-1486.92565917969	9.81410694122314	2.86049747467041	-1481.9521484375	2.96158289909363	-33.7279205322266	-1458.8564453125	0.385585606098175	-13.8516712188721	-1442.294921875	13.5715808868408	-9.74546909332275	-1432.37951660156	31.2174873352051	-1.09486281871796	-1443.62829589844	40.4463958740234	12.6150693893433	-1465.6640625	33.4437828063965	19.4834136962891	-1466.99169921875	11.5473861694336	2.42452478408813	-1462.34094238281	29.8530311584473	37.6170845031738	-1465.34167480469	15.1079702377319	37.6229553222656	-1477.06762695312	5.82401275634766	44.6658134460449	-1480.39721679688	5.97248363494873	18.5659885406494	-1471.50256347656	-11.4008626937866	-46.4321250915527	-1484.35559082031	-11.7611885070801	-45.4085845947266	-1484.87536621094	-15.0092554092407	-40.0968894958496	-1486.82397460938	-18.4040431976318	-30.4528579711914	-1487.78112792969	-18.6660060882568	-4.55264091491699	-1488.5107421875	-13.7635869979858	2.55379772186279	-1482.69592285156	-6.89862394332886	-33.1235046386719	-1459.81652832031	-5.60687160491943	-14.1016435623169	-1441.64135742188	-19.8860645294189	-9.96673107147217	-1433.21472167969	-36.2797737121582	-2.1476616859436	-1446.05236816406	-45.8679008483887	12.0005493164062	-1468.310546875	-38.1235237121582	18.6144104003906	-1468.736328125	-16.8204402923584	2.42367744445801	-1461.97973632812	-34.2930526733398	37.1085777282715	-1467.18859863281	-19.7613716125488	37.5727729797363	-1477.93188476562	-9.8917293548584	44.0534515380859	-1481.62670898438	-10.3692007064819	18.9858207702637	-1472.56262207031
PRI-6833	-1.60867261886597	-58.9673385620117	-1435.90405273438	-1.40807974338531	-54.0861206054688	-1429.40747070312	-0.411985605955124	-41.4531936645508	-1406.75561523438	-0.962821066379547	-18.5638103485107	-1381.66674804688	-0.917324662208557	-14.5267896652222	-1374.8427734375	-2.16379165649414	70.8784103393555	-1407.7041015625	-2.89387679100037	54.6982955932617	-1425.58166503906	-3.02054738998413	38.3754386901855	-1428.77673339844	-2.89364457130432	11.8890552520752	-1414.84008789062	-2.17839598655701	-2.35652232170105	-1426.69055175781	-1.1191314458847	-41.633861541748	-1432.58764648438	9.78578567504883	-54.0071640014648	-1436.43005371094	12.7372751235962	-51.0711555480957	-1437.38623046875	16.2605648040771	-44.2914352416992	-1440.20922851562	19.5918369293213	-32.7429351806641	-1441.98132324219	16.7356548309326	-7.06372213363647	-1440.09838867188	9.40824317932129	3.30114936828613	-1433.66430664062	4.8158974647522	-39.1756973266602	-1410.4111328125	2.21882104873657	-16.7908954620361	-1390.78259277344	16.5122737884521	-12.5437679290771	-1381.02893066406	34.8578605651855	-1.25119435787201	-1390.15747070312	45.9931983947754	16.6563682556152	-1417.45300292969	37.169059753418	24.6936588287354	-1417.77502441406	13.5317163467407	2.29208850860596	-1412.21606445312	30.5572338104248	42.9415855407715	-1415.06555175781	13.199444770813	42.1255264282227	-1426.64819335938	4.90981578826904	48.1968688964844	-1428.93334960938	5.30977773666382	22.3324604034424	-1421.66772460938	-12.9971084594727	-54.3196144104004	-1435.93933105469	-16.0356769561768	-51.8328132629395	-1436.6494140625	-19.6310806274414	-43.7265510559082	-1438.74597167969	-21.806676864624	-33.2983512878418	-1441.37316894531	-19.270528793335	-6.33864879608154	-1439.76306152344	-13.9591970443726	3.47432923316956	-1432.86169433594	-6.09536552429199	-38.3439559936523	-1409.11242675781	-5.08257007598877	-16.1228160858154	-1390.009765625	-18.8542804718018	-12.7464847564697	-1380.21838378906	-37.8591613769531	-2.00610089302063	-1389.84680175781	-49.5180206298828	12.4624633789062	-1418.37622070312	-41.848949432373	24.1079444885254	-1417.56726074219	-16.7128486633301	2.82270002365112	-1410.22546386719	-35.6769142150879	42.7043914794922	-1414.0849609375	-18.8037700653076	42.0906715393066	-1425.7685546875	-10.3705472946167	48.6151428222656	-1427.80810546875	-10.0535087585449	22.3225040435791	-1421.66015625
PRI-6955	119.148780822754	-58.3594665527344	-886.890258789062	120.161430358887	-51.3904724121094	-892.919311523438	121.836044311523	-39.740535736084	-910.638122558594	123.982841491699	-21.244836807251	-933.064331054688	124.104843139648	-18.2670269012451	-937.121276855469	123.168273925781	56.5056114196777	-905.29833984375	122.829750061035	39.0452537536621	-888.627136230469	122.628517150879	23.9512557983398	-887.250305175781	122.664894104004	1.51506149768829	-901.527099609375	121.598281860352	-11.0490999221802	-890.385864257812	120.378982543945	-44.1062202453613	-889.441101074219	110.438369750977	-54.278190612793	-886.4462890625	107.661056518555	-51.0972862243652	-885.309936523438	104.79810333252	-47.2606201171875	-882.486511230469	102.104446411133	-36.9085006713867	-881.899963378906	103.688659667969	-12.9271955490112	-879.988098144531	109.925445556641	-6.13368034362793	-885.176818847656	115.97061920166	-40.9375228881836	-906.532409667969	121.267570495605	-21.1348743438721	-924.997497558594	110.411239624023	-16.7801361083984	-935.580139160156	94.2259521484375	-10.9953699111938	-927.564514160156	82.5121765136719	3.17967343330383	-902.786743164062	89.1539459228516	10.2007465362549	-899.874267578125	108.541648864746	-7.77483987808228	-906.225280761719	94.3049850463867	26.6952857971191	-900.629150390625	108.645156860352	27.5874004364014	-889.386352539062	115.770088195801	32.7759895324707	-887.380615234375	116.102973937988	9.51609134674072	-895.837707519531	127.945465087891	-54.9435577392578	-885.036560058594	130.224838256836	-52.3623390197754	-883.536987304688	133.886489868164	-48.6839065551758	-881.775695800781	138.119476318359	-38.7265281677246	-880.248962402344	138.285980224609	-14.6567335128784	-877.544677734375	133.087921142578	-6.80086278915405	-884.1669921875	126.985954284668	-41.7026519775391	-905.573913574219	126.185737609863	-20.8778324127197	-925.138549804688	NA	NA	NA	NA	NA	NA	NA	NA	NA	155.521911621094	7.47726774215698	-896.297302246094	136.142669677734	-7.63518476486206	-903.921081542969	151.311233520508	24.4613361358643	-897.983764648438	136.847457885742	26.1759433746338	-887.783142089844	129.920181274414	31.667594909668	-886.133544921875	128.500228881836	9.19252681732178	-894.379089355469
PRI-7109	114.006988525391	-47.5209922790527	-893.642639160156	114.311851501465	-42.4257698059082	-899.591125488281	114.963012695312	-32.820068359375	-916.166381835938	116.584999084473	-10.8786525726318	-937.464721679688	116.917617797852	-7.27725839614868	-941.398559570312	118.182746887207	65.327278137207	-903.003967285156	116.919204711914	48.5914611816406	-893.366638183594	115.98331451416	31.3027210235596	-891.541748046875	116.156059265137	8.57911205291748	-907.41455078125	115.528755187988	-4.39360618591309	-898.11181640625	114.517433166504	-35.4119606018066	-897.465576171875	104.477691650391	-42.5370674133301	-893.426452636719	103.336494445801	-41.5594673156738	-893.29541015625	100.426887512207	-38.2288017272949	-893.677673339844	97.2636947631836	-28.061580657959	-890.777587890625	101.037773132324	-3.42453074455261	-892.705444335938	105.051071166992	1.01284027099609	-892.974792480469	109.863494873047	-31.6341991424561	-913.695434570312	113.954345703125	-12.8854122161865	-929.575317382812	104.71272277832	-5.48522281646729	-940.356323242188	89.2538909912109	0.412572681903839	-930.423522949219	77.9588088989258	8.82887077331543	-905.876647949219	84.2079162597656	17.7432193756104	-904.727661132812	103.184936523438	1.11105394363403	-911.068786621094	89.0122909545898	34.2794189453125	-904.692932128906	101.92569732666	32.7356338500977	-894.136291503906	109.152076721191	38.3044891357422	-891.71240234375	109.925506591797	16.9427185058594	-901.454528808594	124.01927947998	-43.199104309082	-893.321472167969	124.809959411621	-41.6017608642578	-892.731628417969	128.370086669922	-38.4087104797363	-892.479919433594	132.609893798828	-28.7947750091553	-890.128601074219	129.491546630859	-5.02454519271851	-891.086853027344	126.036201477051	-0.0103221377357841	-892.402587890625	119.710014343262	-31.7124614715576	-913.676452636719	118.947303771973	-12.2610483169556	-929.172424316406	129.895477294922	-6.75364685058594	-939.225524902344	144.691131591797	-2.67407894134521	-928.975219726562	154.724716186523	8.00572681427002	-903.287170410156	149.096328735352	15.8515090942383	-901.946472167969	129.287200927734	0.336916029453278	-910.330444335938	145.053298950195	31.7870235443115	-902.891784667969	130.832153320312	32.0790672302246	-893.274780273438	123.210121154785	38.9462471008301	-892.050415039062	122.056549072266	16.6159954071045	-900.531494140625
PRI-7209	114.37117767334	-42.5079803466797	-882.747985839844	114.8330078125	-37.3755912780762	-890.809204101562	115.757667541504	-28.4772567749023	-909.666564941406	116.421157836914	-9.91135692596436	-931.792907714844	116.461112976074	-6.84583902359009	-936.546691894531	118.163398742676	67.4256362915039	-902.445495605469	117.842590332031	50.362232208252	-889.675048828125	117.436782836914	36.0506324768066	-885.988891601562	116.55184173584	12.6614246368408	-901.66552734375	115.943153381348	0.683259785175323	-892.317321777344	115.203193664551	-29.8030681610107	-888.846313476562	106.165969848633	-38.631160736084	-883.875549316406	104.795768737793	-36.9594230651855	-883.528015136719	101.551635742188	-32.9796447753906	-882.418701171875	98.2871551513672	-23.738245010376	-881.870178222656	100.321876525879	0.237735077738762	-881.7216796875	105.513778686523	5.8231315612793	-887.136291503906	110.981796264648	-27.7202949523926	-906.464477539062	113.575233459473	-9.54170227050781	-922.291870117188	101.672164916992	-4.19538497924805	-935.318359375	87.8598937988281	3.26348495483398	-924.585205078125	76.1064758300781	14.4699783325195	-900.324035644531	82.645133972168	22.9875259399414	-899.44384765625	102.571365356445	6.43811416625977	-906.762634277344	89.3085327148438	40.1102142333984	-900.717224121094	102.481796264648	38.5170097351074	-889.518188476562	110.914283752441	44.2027053833008	-887.164794921875	110.371192932129	20.458080291748	-895.977722167969	123.185325622559	-38.8610191345215	-883.482238769531	124.223579406738	-36.9821243286133	-882.831237792969	127.595634460449	-33.2753601074219	-880.368103027344	131.753723144531	-24.2999687194824	-880.331665039062	130.863342285156	-0.31453076004982	-880.665588378906	126.511451721191	5.56174755096436	-887.062255859375	119.717460632324	-28.1990394592285	-907.028503417969	118.981781005859	-10.3388223648071	-922.856079101562	130.81819152832	-4.78675365447998	-934.468566894531	146.015274047852	0.312409222126007	-923.211853027344	157.083709716797	12.1911764144897	-898.631164550781	151.015808105469	20.524543762207	-898.04638671875	131.816207885742	4.63226318359375	-906.981018066406	146.318649291992	37.5246696472168	-899.775817871094	132.612701416016	37.638557434082	-889.613403320312	124.577308654785	43.9133987426758	-887.260070800781	123.850944519043	20.9966487884521	-895.606079101562
PRI-7314	-1.10877096652985	-77.8318634033203	-1195.16088867188	-1.84408915042877	-68.0202102661133	-1184.96081542969	NA	NA	NA	-3.88053703308105	-22.047456741333	-1138.75744628906	-4.23072481155396	-18.2240161895752	-1133.75085449219	-9.22582530975342	67.2365264892578	-1167.57470703125	-8.77589511871338	47.1830902099609	-1189.98571777344	-7.81411933898926	30.442024230957	-1192.49096679688	-6.95874547958374	6.68692541122437	-1178.51770019531	-5.62681245803833	-13.8951272964478	-1188.08935546875	-2.28764796257019	-58.8424606323242	-1191.42590332031	9.91569423675537	-71.0832366943359	-1193.96752929688	13.0969896316528	-67.1055450439453	-1196.08288574219	16.0780944824219	-60.5189361572266	-1197.25610351562	17.0429019927979	-47.8117408752441	-1199.33972167969	13.0404033660889	-18.8428535461426	-1200.35693359375	5.89283227920532	-8.81810188293457	-1194.06494140625	NA	NA	NA	-0.84098744392395	-21.829044342041	-1146.47082519531	12.7885675430298	-14.3020782470703	-1138.56591796875	30.798038482666	-5.85487079620361	-1149.44421386719	41.840160369873	5.23939323425293	-1178.67810058594	32.2348136901855	14.7683610916138	-1180.84460449219	8.22096538543701	-6.70584678649902	-1173.14147949219	27.3865203857422	36.2068634033203	-1175.95288085938	10.2026319503784	34.0827751159668	-1191.03833007812	-0.668131947517395	42.005989074707	-1191.92248535156	1.24761521816254	13.6578741073608	-1183.49145507812	-12.6540689468384	-73.4722290039062	-1193.25048828125	-16.5878067016602	-69.9242706298828	-1194.95861816406	-21.1170444488525	-63.494556427002	-1198.18212890625	-24.1128120422363	-51.4678611755371	-1199.45349121094	-23.5951976776123	-22.5540409088135	-1201.11059570312	-17.6738338470459	-11.2023248672485	-1193.88940429688	NA	NA	NA	-7.88105821609497	-21.6577320098877	-1146.52404785156	-22.3633117675781	-17.3637619018555	-1138.4560546875	-41.6927909851074	-11.1168756484985	-1149.19201660156	-54.6477508544922	-1.7157940864563	-1179.09692382812	-45.177360534668	10.2520818710327	-1180.56994628906	-19.9825859069824	-7.19333600997925	-1172.52087402344	-43.5849342346191	32.2449569702148	-1176.81005859375	-25.7108688354492	33.3873405456543	-1190.46264648438	-16.2998466491699	40.9254989624023	-1192.7314453125	-15.7211275100708	12.1033658981323	-1183.2080078125
PRI-7315	-1.52539372444153	-54.8769721984863	-1233.05322265625	-2.30692028999329	-49.5124740600586	-1227.48046875	-2.82173585891724	-40.3917007446289	-1207.56469726562	-2.95832920074463	-21.0006256103516	-1185.78271484375	-2.87116956710815	-17.6385231018066	-1180.77478027344	-3.41563820838928	64.9914169311523	-1211.72631835938	-2.95493292808533	44.6226615905762	-1229.79370117188	-2.98291802406311	28.991678237915	-1232.10217285156	-3.4328043460846	6.38638353347778	-1218.89184570312	-2.89489436149597	-7.81754636764526	-1227.72607421875	-2.20815372467041	-41.4663047790527	-1230.42761230469	7.37776565551758	-49.527172088623	-1233.15490722656	8.75540351867676	-47.4346122741699	-1233.57141113281	12.1249980926514	-42.9614868164062	-1234.06127929688	NA	NA	NA	13.3633518218994	-10.221529006958	-1237.21044921875	7.91455459594727	-3.72043299674988	-1233.45849609375	2.18826079368591	-39.5719871520996	-1211.37353515625	0.0192060079425573	-20.5014533996582	-1193.455078125	14.9124708175659	-15.3090333938599	-1183.34387207031	30.0243625640869	-7.08135223388672	-1194.23217773438	38.0988311767578	5.84341907501221	-1221.7001953125	31.3852672576904	15.1114234924316	-1221.25268554688	11.859447479248	-2.83772850036621	-1213.63146972656	26.8815937042236	32.1416320800781	-1219.80810546875	12.8026113510132	31.102409362793	-1230.05236816406	3.36816453933716	38.5181083679199	-1231.98168945312	3.74235010147095	12.1173315048218	-1223.4365234375	-10.7146625518799	-50.3195877075195	-1234.48327636719	-11.9689693450928	-48.8223457336426	-1235.130859375	-15.6849002838135	-44.832405090332	-1234.60656738281	-20.6080513000488	-34.5297317504883	-1235.59753417969	-18.3168640136719	-10.8442115783691	-1238.58935546875	-13.7958908081055	-4.40506887435913	-1234.23669433594	-8.08071422576904	-39.8760604858398	-1211.30908203125	-6.14514970779419	-20.5795764923096	-1193.49304199219	-20.3886604309082	-15.6490201950073	-1183.26123046875	-37.0296173095703	-8.98704242706299	-1194.57470703125	-45.7849159240723	4.36243295669556	-1222.65441894531	-37.9315376281738	14.6834154129028	-1221.22924804688	-17.3408470153809	-2.9459981918335	-1214.14050292969	-34.2552108764648	31.028076171875	-1219.83984375	-19.5367393493652	31.7800483703613	-1230.05944824219	-9.9709358215332	38.7096977233887	-1232.13317871094	-9.94792079925537	11.6122903823853	-1223.42321777344
PRI-7316	-0.991396129131317	-73.135139465332	-1216.95654296875	-0.932508111000061	-65.6843872070312	-1210.10302734375	-0.988221108913422	-53.1842575073242	-1187.01843261719	-2.49549889564514	-28.6286220550537	-1161.73376464844	-2.65402936935425	-25.5196266174316	-1156.48193359375	-8.57467746734619	60.2290496826172	-1189.31921386719	-7.23202323913574	39.4237632751465	-1206.2255859375	-5.8197226524353	25.0610046386719	-1209.48376464844	-4.29585409164429	1.03049099445343	-1195.87585449219	-3.16640210151672	-16.3512516021729	-1208.42578125	-0.741104781627655	-55.9077186584473	-1212.47033691406	10.1056098937988	-68.0397872924805	-1216.5966796875	12.4438314437866	-64.7672805786133	-1217.46069335938	15.2864847183228	-57.3601608276367	-1219.36730957031	18.0983562469482	-45.2926788330078	-1219.90795898438	15.2646789550781	-18.046106338501	-1219.35437011719	7.30221509933472	-8.21089172363281	-1213.75646972656	4.18206357955933	-50.1633682250977	-1189.97717285156	0.897271037101746	-26.9314002990723	-1169.41333007812	14.6809501647949	-21.9545516967773	-1160.48803710938	31.4304828643799	-14.2435846328735	-1170.572265625	42.5238189697266	-1.06532442569733	-1198.3271484375	33.9802017211914	10.4854211807251	-1198.78479003906	10.2069215774536	-9.81835746765137	-1192.97778320312	25.6068782806396	28.8524723052979	-1195.43090820312	9.88706207275391	28.1813526153564	-1208.39038085938	-0.415975451469421	34.5864143371582	-1208.56994628906	2.49901366233826	8.14486217498779	-1200.97692871094	-11.654764175415	-68.933952331543	-1216.76452636719	-13.8956985473633	-66.3310089111328	-1217.45275878906	-17.065055847168	-59.0455551147461	-1218.9677734375	-21.1846313476562	-47.5977058410645	-1219.87292480469	-20.1278820037842	-18.3196964263916	-1218.43835449219	-14.5774116516113	-9.84689235687256	-1213.62866210938	-7.09939098358154	-52.3748931884766	-1190.64660644531	-6.7357668876648	-27.9043159484863	-1169.39526367188	-20.9859352111816	-24.7630767822266	-1159.71496582031	-39.3273887634277	-19.4883842468262	-1170.25415039062	-50.561149597168	-5.19378042221069	-1197.89208984375	-43.6326675415039	5.11985301971436	-1198.11633300781	-16.4777317047119	-11.2728328704834	-1192.59887695312	-38.8990173339844	24.5872001647949	-1193.96276855469	-23.793140411377	24.8989524841309	-1206.01452636719	-14.4119844436646	33.0537452697754	-1209.49353027344	-12.5046806335449	7.30359411239624	-1200.50744628906
PRI-7317	-0.0811891406774521	-79.9297637939453	-1040.78723144531	-0.922172963619232	-71.7214889526367	-1028.37890625	NA	NA	NA	-0.579307556152344	-27.7330913543701	-984.88330078125	-0.633586883544922	-22.7793998718262	-979.890991210938	-0.592384040355682	60.9325561523438	-1013.66577148438	-1.51551365852356	41.3686256408691	-1033.63427734375	-1.54853081703186	24.582950592041	-1036.77355957031	-1.49246859550476	-2.34080338478088	-1020.29364013672	-1.02717387676239	-21.213903427124	-1031.06042480469	-0.970910668373108	-63.3725967407227	-1032.58178710938	11.4846830368042	-73.1630096435547	-1038.18469238281	13.4225778579712	-71.9185256958008	-1037.97912597656	15.3298940658569	-64.9469985961914	-1039.70239257812	19.1424102783203	-52.2547378540039	-1042.09167480469	16.1716079711914	-26.0479049682617	-1043.17626953125	9.8143253326416	-15.292332649231	-1037.01171875	4.57388877868652	-55.4355163574219	-1009.59301757812	2.81139135360718	-27.8859577178955	-991.997253417969	17.4099273681641	-22.4358901977539	-983.995483398438	34.8228340148926	-16.4637889862061	-995.132873535156	45.9705276489258	-5.53428173065186	-1024.03308105469	36.446907043457	8.8577070236206	-1024.57092285156	13.6567287445068	-13.2235307693481	-1017.06134033203	33.0372657775879	28.3758144378662	-1023.12683105469	16.7942295074463	28.3971614837646	-1034.36950683594	5.79383373260498	34.842586517334	-1036.29162597656	5.5588550567627	6.2831449508667	-1025.96752929688	-12.9275121688843	-73.98681640625	-1038.30810546875	-14.1652889251709	-72.2576141357422	-1039.15087890625	-17.2847385406494	-65.0223007202148	-1039.65368652344	-19.3530464172363	-52.6541938781738	-1041.90869140625	-17.7947177886963	-25.6901512145996	-1042.52734375	-12.5107727050781	-15.9090824127197	-1038.13781738281	-6.59269094467163	-56.1507034301758	-1010.24731445312	-4.22931432723999	-27.9138679504395	-992.446655273438	-19.5988311767578	-22.2893619537354	-984.148193359375	-36.7565956115723	-18.1236610412598	-995.40966796875	-48.0863838195801	-5.55593967437744	-1023.24462890625	-39.3073043823242	8.62539005279541	-1024.52392578125	-16.0189456939697	-13.6550893783569	-1016.87542724609	-35.7378616333008	27.7494201660156	-1023.07220458984	-19.2998600006104	28.0678997039795	-1034.34387207031	-8.987473487854	34.4772453308105	-1036.80456542969	-8.4400053024292	7.09295463562012	-1026.03674316406
PRI-7318	-3.01124930381775	-64.8654403686523	-1268.85791015625	-3.11542320251465	-60.9527816772461	-1263.29577636719	NA	NA	NA	-4.21366024017334	-18.6998062133789	-1220.61743164062	-4.42160797119141	-15.1530561447144	-1215.38757324219	-6.33150863647461	61.7962417602539	-1247.29174804688	-5.17478370666504	41.4143028259277	-1267.27355957031	-4.07451772689819	26.9406604766846	-1268.62658691406	-4.24567985534668	6.54827117919922	-1255.55688476562	-3.43153643608093	-10.1515989303589	-1263.87487792969	-2.22127985954285	-49.0260276794434	-1265.5341796875	8.07491874694824	-58.8430671691895	-1268.06994628906	10.031343460083	-56.8642959594727	-1268.16198730469	13.1021909713745	-48.432373046875	-1269.50671386719	15.9456882476807	-37.9301795959473	-1271.47546386719	12.5219392776489	-11.0806522369385	-1272.0908203125	8.25205039978027	-5.19172096252441	-1269.23657226562	1.2116265296936	-44.1277275085449	-1245.42370605469	-1.55056214332581	-18.1080417633057	-1227.67211914062	12.2475547790527	-12.7747039794922	-1217.04309082031	28.7641048431396	-6.23961496353149	-1228.65795898438	39.5426483154297	7.31823778152466	-1257.22290039062	30.8273639678955	14.8855533599854	-1255.92114257812	10.0765552520752	-3.65983867645264	-1249.82116699219	25.7673587799072	31.8756561279297	-1255.73205566406	11.2633533477783	29.2858409881592	-1266.92541503906	1.91240549087524	36.2767143249512	-1269.34936523438	3.37906312942505	11.6510276794434	-1259.00964355469	-13.3029747009277	-59.738338470459	-1267.79809570312	-15.1955766677856	-57.3302879333496	-1268.70190429688	-18.4908828735352	-49.4276657104492	-1269.65954589844	-21.5012950897217	-38.8710250854492	-1272.23095703125	-19.0766315460205	-12.6187171936035	-1273.533203125	-15.0435638427734	-5.0417160987854	-1269.41796875	-8.65679550170898	-44.6009063720703	-1245.91931152344	-7.19748687744141	-18.8990173339844	-1227.33312988281	-20.6392383575439	-13.5155429840088	-1218.45227050781	-38.3530807495117	-8.48654270172119	-1231.69262695312	-48.5952529907227	3.73766708374023	-1259.16979980469	-40.050895690918	13.0868139266968	-1257.474609375	-16.7718048095703	-3.97786116600037	-1250.05554199219	-35.6432723999023	30.1422328948975	-1257.23181152344	-21.258882522583	27.9582405090332	-1266.83251953125	-11.8326292037964	34.795108795166	-1270.29504394531	-12.2410326004028	11.4811859130859	-1258.30920410156
PRI-7319	-1.34671401977539	-54.9576606750488	-1283.19775390625	-1.84517478942871	-51.254638671875	-1275.16174316406	-2.58351588249207	-43.9627113342285	-1254.01330566406	-3.93935775756836	-26.2091808319092	-1232.95642089844	-4.19452857971191	-24.0295009613037	-1227.10485839844	-6.6962423324585	63.8761672973633	-1251.55712890625	-6.09249067306519	46.1206245422363	-1269.26342773438	-5.49086856842041	29.6849384307861	-1272.81018066406	-4.81856679916382	6.96137857437134	-1262.13317871094	-3.55018496513367	-8.03291511535645	-1272.44775390625	-2.23060369491577	-42.1126976013184	-1276.59411621094	8.68987369537354	-50.1782417297363	-1282.32836914062	9.20889854431152	-49.3700904846191	-1282.44177246094	12.4187250137329	-44.7378158569336	-1282.42797851562	16.5195331573486	-33.3837509155273	-1282.91870117188	12.3864097595215	-7.39966630935669	-1280.65380859375	6.99205589294434	-1.50390934944153	-1277.09204101562	2.20425939559937	-41.9936332702637	-1257.0322265625	-0.551979959011078	-24.162805557251	-1239.27746582031	11.3286142349243	-19.7480297088623	-1229.52026367188	28.7506542205811	-10.2093286514282	-1239.60180664062	38.4589958190918	7.14359521865845	-1262.42541503906	29.0542945861816	16.41481590271	-1261.30944824219	9.48221206665039	-3.25156688690186	-1257.56750488281	24.9248104095459	34.9373550415039	-1257.75207519531	10.9802103042603	33.42626953125	-1271.04455566406	1.80923020839691	39.6277732849121	-1273.10607910156	2.22530555725098	12.986252784729	-1265.29479980469	-11.5349369049072	-50.9639205932617	-1282.61901855469	-12.1467237472534	-50.0718841552734	-1282.56970214844	-16.1188831329346	-45.7847023010254	-1282.7041015625	-20.0665836334229	-35.3337326049805	-1283.25134277344	-19.3959331512451	-9.42231750488281	-1281.87841796875	-14.8237590789795	-2.17987513542175	-1277.94567871094	-7.26488256454468	-42.0533752441406	-1257.55480957031	-7.74309587478638	-24.1103172302246	-1239.59802246094	-20.2497482299805	-20.6009788513184	-1230.88452148438	-37.7107276916504	-12.2528734207153	-1242.11669921875	-47.8968124389649	4.76303005218506	-1264.44177246094	-40.0109367370605	14.5326690673828	-1262.97680664062	-17.2872829437256	-4.85963678359985	-1258.64831542969	-36.9087066650391	32.5453300476074	-1259.60168457031	-22.911527633667	32.1379356384277	-1271.35266113281	-13.6967144012451	38.8443946838379	-1273.07263183594	-12.1677055358887	12.7699584960938	-1265.58911132812
PRI-7320	-0.222477898001671	-52.9725799560547	-1219.48999023438	-0.832799017429352	-49.5293045043945	-1212.68530273438	-1.3633588552475	-39.8964233398438	-1194.17211914062	-2.02288413047791	-20.6926517486572	-1174.16516113281	-1.90292322635651	-17.8820552825928	-1169.14013671875	-2.70227217674255	60.0635299682617	-1201.46325683594	-2.22646141052246	41.9202461242676	-1217.44262695312	-2.35753130912781	25.3336486816406	-1219.12072753906	-1.85561263561249	4.54258441925049	-1204.20080566406	-1.51901185512543	-9.27444648742676	-1213.94909667969	-0.867487728595734	-42.3621940612793	-1215.78308105469	9.39715099334717	-47.5026359558105	-1218.69738769531	10.5385055541992	-47.1247253417969	-1218.88940429688	12.7114496231079	-42.9140930175781	-1219.99291992188	17.6363639831543	-31.9409866333008	-1221.75463867188	12.9050207138062	-7.25193977355957	-1220.97827148438	8.90563774108887	-2.98346781730652	-1218.85327148438	3.17306995391846	-38.5425071716309	-1196.69409179688	0.698962032794952	-18.9812469482422	-1180.16235351562	13.6418333053589	-14.9472360610962	-1171.10668945312	28.5924205780029	-8.34134483337402	-1180.61413574219	38.1863098144531	4.27827310562134	-1205.45690917969	31.7753047943115	13.649884223938	-1206.22741699219	12.0135660171509	-3.29004454612732	-1200.55310058594	26.7489528656006	29.714916229248	-1203.96337890625	13.8917284011841	28.4507331848145	-1216.75341796875	5.16226530075073	35.9482154846191	-1219.59350585938	5.24460363388062	11.7745714187622	-1209.47375488281	-9.9459228515625	-48.6922760009766	-1219.23657226562	-10.9171323776245	-48.337085723877	-1219.65356445312	-13.2940607070923	-43.4168357849121	-1221.66564941406	-18.3264026641846	-33.049129486084	-1222.74658203125	-15.3535890579224	-8.21673202514648	-1221.07946777344	-12.3621282577515	-4.07102155685425	-1218.98828125	-5.94629192352295	-39.7463569641113	-1197.36499023438	-4.62333822250366	-19.3056125640869	-1179.86169433594	-18.0986747741699	-14.8265113830566	-1172.47094726562	-33.2435874938965	-9.41813564300537	-1181.88806152344	-41.1843795776367	1.37081038951874	-1207.33190917969	-35.3778991699219	13.2682704925537	-1207.11328125	-14.2536153793335	-4.01830434799194	-1201.30725097656	-30.4369506835938	28.1289405822754	-1205.51977539062	-18.0977115631104	28.6189975738525	-1217.04333496094	-9.55549144744873	35.1376838684082	-1220.16625976562	-8.8443021774292	11.1582183837891	-1209.47448730469
PRI-7323	-0.00227454141713679	-77.4897842407227	-1152.17602539062	-0.748469889163971	-71.5334930419922	-1141.91687011719	-0.905119895935059	-57.3766746520996	-1121.08984375	-2.20058608055115	-33.3115463256836	-1098.47973632812	-2.26992344856262	-30.2355632781982	-1093.46325683594	-7.20027923583984	54.0285606384277	-1120.07189941406	-5.87184476852417	36.4857902526855	-1139.28771972656	-5.2936897277832	21.0121288299561	-1143.03308105469	-3.36706399917603	-4.77348232269287	-1129.86242675781	-1.9486722946167	-22.5793762207031	-1142.00476074219	-1.23791646957397	-62.8685302734375	-1145.47290039062	10.5963850021362	-71.6895065307617	-1148.80493164062	12.2889595031738	-68.7797698974609	-1148.97973632812	14.8148880004883	-61.5835380554199	-1149.01977539062	NA	NA	NA	16.5944519042969	-23.8560600280762	-1152.36743164062	9.26701736450195	-15.2882823944092	-1146.88232421875	3.53668713569641	-56.8467750549316	-1124.35925292969	1.04473769664764	-32.897705078125	-1106.29260253906	13.9377384185791	-26.3869667053223	-1095.87707519531	29.9655742645264	-18.1815700531006	-1105.1474609375	39.5752944946289	-5.72886562347412	-1130.05773925781	31.8144092559814	7.54069328308105	-1130.22937011719	10.0556964874268	-13.1071004867554	-1127.1171875	27.7209568023682	26.1490383148193	-1127.97473144531	13.307541847229	24.1349964141846	-1141.01013183594	1.58822655677795	30.7854633331299	-1142.39624023438	3.61298680305481	4.6395993232727	-1135.51025390625	-11.2916946411133	-72.4585876464844	-1150.173828125	-12.9136219024658	-70.1399612426758	-1150.28784179688	-16.2647590637207	-62.7204971313477	-1151.09997558594	NA	NA	NA	-19.4101409912109	-24.808141708374	-1152.92370605469	-13.7803430557251	-16.8595600128174	-1147.34716796875	-5.31699371337891	-56.9730262756348	-1124.58215332031	-5.27402305603027	-32.6767578125	-1105.81323242188	-19.7301864624023	-27.8328475952148	-1096.74279785156	-36.3413047790527	-23.1222305297852	-1107.35986328125	-47.0768394470215	-10.457594871521	-1131.38928222656	-39.9767227172851	3.07853746414185	-1131.11303710938	-15.0380992889404	-15.4476499557495	-1128.70434570312	-37.6633567810059	21.2691650390625	-1129.36743164062	-23.1961536407471	22.3811511993408	-1141.24279785156	-13.3800048828125	29.3162899017334	-1143.09948730469	-11.6016035079956	3.67978763580322	-1134.93017578125
PRI-7324	-1.70034217834473	-65.5029678344727	-1149.32141113281	-1.97527611255646	-60.6462059020996	-1138.76208496094	-1.33321511745453	-49.4998054504395	-1119.42736816406	-2.05072617530823	-28.3246212005615	-1098.16345214844	-2.11094975471497	-25.8511199951172	-1093.58264160156	-4.51497268676758	56.5633201599121	-1126.18994140625	-4.37716579437256	36.664665222168	-1140.5947265625	-3.69599652290344	18.6336116790771	-1143.20812988281	-3.3122079372406	-1.20193958282471	-1130.67626953125	-2.57443451881409	-17.5915584564209	-1141.09631347656	-2.07437491416931	-51.7743339538574	-1140.81945800781	8.29257392883301	-59.626277923584	-1147.07775878906	9.57582378387451	-58.7888984680176	-1146.83837890625	11.9196224212646	-53.3336486816406	-1149.12084960938	NA	NA	NA	13.8617563247681	-17.555685043335	-1149.61950683594	7.76817560195923	-11.2452373504639	-1145.59924316406	2.93576383590698	-48.3624801635742	-1121.97399902344	0.446369618177414	-27.6523418426514	-1103.62048339844	11.469705581665	-21.7599563598633	-1093.05993652344	28.5036964416504	-15.5695905685425	-1105.298828125	40.0520401000977	-7.52569246292114	-1131.5791015625	32.3566246032715	8.01726245880127	-1132.28930664062	10.4754705429077	-11.2889680862427	-1126.58227539062	26.5910987854004	24.7289180755615	-1130.20227050781	11.8852882385254	23.4071750640869	-1141.38745117188	3.30767774581909	28.2062549591064	-1143.05505371094	3.84911632537842	5.06061363220215	-1135.75427246094	-12.1128883361816	-60.2753677368164	-1146.67700195312	-12.9935493469238	-59.5972747802734	-1146.833984375	-16.4142837524414	-53.2472457885742	-1148.55090332031	NA	NA	NA	-18.6182632446289	-17.8568897247314	-1150.18603515625	-13.7026662826538	-12.3778791427612	-1146.23681640625	-6.72812366485596	-48.1322135925293	-1121.96276855469	-5.02191543579102	-26.9403648376465	-1103.50366210938	-17.1100902557373	-22.1180648803711	-1094.24096679688	-34.7663803100586	-18.1893787384033	-1106.79699707031	-45.2283592224121	-8.88457298278809	-1132.50427246094	-38.2356796264649	5.62313795089722	-1133.2119140625	-16.0809383392334	-12.8849172592163	-1126.36962890625	-33.9126052856445	23.0340023040771	-1131.62219238281	-20.8315143585205	22.6039867401123	-1141.77136230469	-11.0368051528931	28.1819114685059	-1143.21350097656	-11.1047220230103	3.94297170639038	-1135.0126953125
PRI-7325	0.315111041069031	-53.2624855041504	-1148.99865722656	0.0413126200437546	-49.0235176086426	-1141.09558105469	-0.179229959845543	-42.3920059204102	-1120.15466308594	-1.15283226966858	-21.5147609710693	-1097.59155273438	-1.1684422492981	-19.1733570098877	-1092.18811035156	-4.33328866958618	59.5329360961914	-1120.83166503906	-4.57817840576172	43.2608299255371	-1139.57373046875	-4.01566600799561	26.9419174194336	-1142.12170410156	-2.16444659233093	5.59965372085571	-1126.34143066406	-1.51011335849762	-7.74962902069092	-1138.63146972656	-0.395623594522476	-41.6539077758789	-1142.55822753906	9.87032413482666	-47.3363571166992	-1146.21850585938	11.022497177124	-45.9021339416504	-1146.46813964844	13.3755807876587	-41.0564994812012	-1148.03149414062	16.8801879882812	-29.7942352294922	-1149.57556152344	14.389666557312	-6.1198935508728	-1146.95666503906	8.92675590515137	-0.641341865062714	-1143.5205078125	4.87536573410034	-40.5362815856934	-1123.72338867188	1.34151017665863	-20.3603038787842	-1105.45080566406	11.5795040130615	-15.5909614562988	-1094.12976074219	28.5267868041992	-7.12811803817749	-1104.98449707031	36.8028831481934	6.15205812454224	-1130.87060546875	30.9095821380615	14.9543399810791	-1130.798828125	10.1016273498535	-2.55250239372253	-1124.91613769531	26.1801166534424	31.3402786254883	-1128.341796875	13.5496654510498	31.0441513061523	-1139.82299804688	2.8237988948822	37.408332824707	-1142.49792480469	3.52321028709412	12.2435245513916	-1132.47253417969	-9.67555046081543	-48.6049346923828	-1147.15490722656	-10.5597629547119	-47.973331451416	-1147.14416503906	-13.9314393997192	-42.5994110107422	-1148.08642578125	-17.4071998596191	-31.9429721832275	-1148.07666015625	-18.1978874206543	-7.69048833847046	-1146.9814453125	-13.8212976455688	-2.66652750968933	-1143.55285644531	-5.31707286834717	-41.0526161193848	-1123.64794921875	-3.70610070228577	-20.7097644805908	-1105.49645996094	-16.286075592041	-16.5558795928955	-1095.29260253906	-32.596263885498	-10.2720546722412	-1105.74084472656	-42.5704536437988	2.29782056808472	-1129.91320800781	-36.9280471801758	11.6736688613892	-1130.2626953125	-14.3635358810425	-3.74725413322449	-1124.69641113281	-33.8660774230957	27.430492401123	-1128.09265136719	-21.1962394714355	29.6877861022949	-1139.64721679688	-12.0380258560181	36.583683013916	-1142.27502441406	-9.32266426086426	11.4829940795898	-1132.5263671875
PRI-7326	-2.04090690612793	-65.2452926635742	-1205.68273925781	-2.25644397735596	-59.1667137145996	-1196.80786132812	-1.89607131481171	-48.8818130493164	-1174.265625	-3.24118399620056	-25.6303119659424	-1152.1669921875	-3.32070016860962	-22.557689666748	-1145.64904785156	-5.21626806259155	61.8518486022949	-1169.95947265625	-5.00885915756226	44.6994972229004	-1189.83032226562	-4.76143550872803	28.2825412750244	-1194.36486816406	-4.07156324386597	4.46974945068359	-1181.46789550781	-3.76710915565491	-10.1490650177002	-1193.92907714844	-2.43802309036255	-48.3748435974121	-1198.23083496094	8.39326763153076	-59.6351890563965	-1204.53100585938	10.85520362854	-55.1880302429199	-1205.92199707031	13.5324621200562	-49.247428894043	-1205.79272460938	NA	NA	NA	14.5680437088013	-10.3566303253174	-1205.76940917969	7.67056465148926	-3.70050549507141	-1199.48876953125	2.70205116271973	-47.3098411560059	-1178.27075195312	-0.155900925397873	-25.4490222930908	-1159.74267578125	12.469967842102	-20.1661281585693	-1149.76770019531	29.7214584350586	-13.1349296569824	-1160.05834960938	43.0410499572754	2.06132459640503	-1184.16357421875	33.6516075134277	15.229266166687	-1184.79772949219	8.0336799621582	-6.55602359771729	-1179.47351074219	27.0109729766846	30.8804836273193	-1180.146484375	12.5206861495972	30.8780193328857	-1191.07763671875	2.50150942802429	39.8793334960938	-1192.01123046875	2.44831156730652	12.1793651580811	-1185.91870117188	-12.8456010818481	-59.2390785217285	-1204.8896484375	-14.6426477432251	-56.1156578063965	-1206.42907714844	-17.6836566925049	-49.8301048278809	-1206.64343261719	NA	NA	NA	-21.4701099395752	-12.026782989502	-1205.97509765625	-15.6215963363647	-4.18596744537354	-1199.91748046875	-6.54931306838989	-47.7783279418945	-1178.10131835938	-6.28307104110718	-24.4704208374023	-1159.76965332031	-20.4736652374268	-19.5746955871582	-1149.9228515625	-37.3965148925781	-13.2021532058716	-1160.93591308594	-48.8085250854492	1.98952496051788	-1183.22082519531	-41.9116859436035	14.7415542602539	-1185.44360351562	-15.3786497116089	-6.99343252182007	-1179.13305664062	-36.7246856689453	30.6101665496826	-1180.85400390625	-21.8256225585938	31.4710826873779	-1191.79870605469	-12.3237771987915	38.2496376037598	-1194.65441894531	-11.9863004684448	12.44580078125	-1185.7841796875
PRI-7328	-0.425179272890091	-61.5370750427246	-1043.27612304688	-0.171699225902557	-57.1033821105957	-1036.83471679688	0.0363006815314293	-47.5593070983887	-1019.21112060547	-0.336110472679138	-29.6192188262939	-1000.11248779297	-0.523590981960297	-27.4934577941895	-995.998474121094	-3.18051099777222	52.9978637695312	-1023.68505859375	-2.40184807777405	33.8255577087402	-1040.37817382812	-1.96066629886627	18.0228042602539	-1043.2119140625	-0.943296194076538	-3.29710841178894	-1029.61376953125	-0.812627494335175	-16.8448581695557	-1039.57348632812	-0.414814889431	-47.8993644714355	-1037.71716308594	9.20302963256836	-56.6454010009766	-1042.73559570312	10.0567770004272	-55.3512687683105	-1042.50903320312	12.9281311035156	-51.1809501647949	-1044.55517578125	18.593448638916	-41.1525688171387	-1046.15356445312	14.403567314148	-16.9201335906982	-1046.30029296875	10.5625095367432	-11.3437194824219	-1043.72058105469	4.15735864639282	-45.0607452392578	-1021.29272460938	2.2960250377655	-28.8214111328125	-1006.45489501953	14.5174789428711	-24.0897827148438	-997.477111816406	30.1186580657959	-18.4813842773438	-1006.64056396484	40.1540985107422	-3.2139880657196	-1033.09509277344	32.8741035461426	7.04550933837891	-1031.56750488281	12.0008869171143	-10.2212715148926	-1025.79382324219	27.498628616333	23.5856170654297	-1030.33862304688	13.7038259506226	22.4195404052734	-1041.78112792969	4.88126134872437	28.1465473175049	-1042.79943847656	5.29480934143066	3.66074419021606	-1034.95385742188	-10.1888866424561	-57.2387657165527	-1041.80346679688	-10.9198217391968	-56.3443794250488	-1041.923828125	-14.2367153167725	-51.4394950866699	-1043.91613769531	-19.0131435394287	-42.2234306335449	-1045.22644042969	-16.6037654876709	-17.6332702636719	-1046.19104003906	-12.3428020477295	-12.3101282119751	-1043.87585449219	-4.37641286849976	-45.7785491943359	-1020.95587158203	-3.09338331222534	-28.3698348999023	-1006.9384765625	-16.7069320678711	-25.6694240570068	-997.613708496094	-31.4489765167236	-20.4175701141357	-1006.74621582031	-42.4444274902344	-5.63698101043701	-1031.7421875	-35.2742156982422	4.68845844268799	-1031.2451171875	-12.6860761642456	-11.2311019897461	-1025.08239746094	-31.9673957824707	21.8343524932861	-1029.66357421875	-18.4846038818359	20.8676109313965	-1041.09777832031	-9.67414093017578	27.0323333740234	-1042.69030761719	-8.27096939086914	3.39357399940491	-1034.36999511719
PRI-7330	-0.903871178627014	-55.2903709411621	-1193.15979003906	-1.49512255191803	-50.5600547790527	-1187.21533203125	-2.2789204120636	-40.3161697387695	-1168.48046875	-3.48222303390503	-22.0662822723389	-1148.60522460938	-3.50794696807861	-20.1623096466064	-1144.95178222656	-6.00560522079468	58.6158561706543	-1177.04724121094	-4.7932562828064	38.9923133850098	-1190.85559082031	-4.43478155136108	22.8131446838379	-1192.78637695312	-3.57511591911316	3.51478147506714	-1179.48767089844	-2.78220701217651	-10.2772092819214	-1188.83483886719	-2.05612826347351	-42.894458770752	-1189.80053710938	8.03604030609131	-49.6745567321777	-1193.12707519531	9.21493625640869	-47.9213829040527	-1193.37890625	11.5245218276978	-43.6821365356445	-1192.75146484375	NA	NA	NA	12.8431367874146	-10.9943943023682	-1195.63488769531	8.53098106384277	-6.40533447265625	-1192.82861328125	1.66590142250061	-39.7032318115234	-1171.39416503906	-0.72918039560318	-21.8112335205078	-1156.7060546875	12.0356884002686	-16.7956066131592	-1145.76159667969	27.295970916748	-10.25341796875	-1157.49243164062	37.0050239562988	1.25654077529907	-1181.12133789062	28.9290676116943	11.284722328186	-1180.34729003906	9.88028049468994	-5.4986686706543	-1176.44921875	24.7552223205566	27.8034420013428	-1181.4970703125	12.2033367156982	26.0449905395508	-1191.94079589844	2.22039556503296	31.6211853027344	-1193.01037597656	3.28856635093689	9.35156726837158	-1184.41076660156	-10.8587760925293	-50.2644348144531	-1193.73583984375	-12.435905456543	-49.0154685974121	-1193.86987304688	-14.9090452194214	-45.4538421630859	-1195.02648925781	-19.7812786102295	-34.8586692810059	-1196.14575195312	-18.2808456420898	-11.6921396255493	-1196.87023925781	-14.0223894119263	-6.34630107879639	-1193.63635253906	-7.35820007324219	-39.5424842834473	-1171.7431640625	-6.44612503051758	-21.6372318267822	-1156.27026367188	-18.6210269927979	-16.8330364227295	-1146.83044433594	-34.0122222900391	-13.1472225189209	-1158.544921875	-44.4293060302734	-0.0780628025531769	-1181.92834472656	-36.7566871643066	9.24658298492432	-1181.09020996094	-15.6788368225098	-6.05333042144775	-1176.83642578125	-33.7026405334473	25.4990997314453	-1181.67639160156	-20.4080390930176	24.3921871185303	-1191.03515625	-11.6001119613647	30.6599864959717	-1192.76354980469	-11.0264358520508	8.90392208099365	-1183.78662109375
PRI-7371	-1.65451920032501	-47.966854095459	-1199.9111328125	-1.84621202945709	-44.7150764465332	-1194.134765625	-1.84864473342896	-37.0299263000488	-1173.54113769531	-2.86389374732971	-16.2783107757568	-1148.43591308594	-2.82374548912048	-13.6058902740479	-1144.62255859375	-1.95658075809479	68.9150466918945	-1173.10583496094	-1.50496292114258	50.788459777832	-1189.09655761719	-1.78429245948792	34.988037109375	-1192.23950195312	-2.03931999206543	11.1880159378052	-1178.57629394531	-2.12018918991089	-1.28939855098724	-1191.09240722656	-1.52175104618073	-36.1213302612305	-1195.55920410156	8.24371910095215	-43.0336418151855	-1199.31823730469	9.01441955566406	-41.7540969848633	-1199.51745605469	12.101092338562	-37.3315315246582	-1198.94104003906	NA	NA	NA	14.0582609176636	-1.73343968391418	-1198.484375	9.10146427154541	3.5226047039032	-1195.54504394531	2.47515916824341	-33.6316108703613	-1175.212890625	-0.0825856775045395	-15.6498594284058	-1156.45251464844	12.6429033279419	-10.3678522109985	-1146.18127441406	30.545482635498	-2.96298313140869	-1156.60278320312	39.658992767334	12.0644636154175	-1180.02966308594	32.1649932861328	20.0822277069092	-1180.39038085938	11.147891998291	2.34312868118286	-1177.01208496094	27.8394012451172	35.7081489562988	-1178.12866210938	14.8000926971436	37.1342010498047	-1189.50439453125	5.80535507202148	44.289665222168	-1192.15771484375	5.51554203033447	18.4640712738037	-1183.38696289062	-11.1462163925171	-42.2768135070801	-1199.55065917969	-12.0473747253418	-40.807071685791	-1199.75952148438	-14.4288663864136	-36.664249420166	-1200.15356445312	-19.8677062988281	-25.8958644866943	-1199.99743652344	-18.9927654266357	-1.27157294750214	-1200.41857910156	-12.8517751693726	4.21308088302612	-1195.80737304688	-6.39889717102051	-33.7733459472656	-1174.59155273438	-5.91629409790039	-14.6249837875366	-1156.37561035156	-20.1156177520752	-9.60394382476807	-1147.43212890625	-36.2219314575195	-2.65296959877014	-1158.19458007812	-44.026195526123	11.1431446075439	-1183.2421875	-37.1975479125977	20.6230010986328	-1182.59753417969	-15.5123682022095	2.30876755714417	-1176.98901367188	-32.3813705444336	36.6304054260254	-1179.08361816406	-18.8304042816162	37.9764175415039	-1190.11340332031	-8.7592363357544	44.360782623291	-1192.4150390625	-9.33518695831299	18.2358703613281	-1183.53930664062
PRI-7372	-4.4130744934082	-60.1040954589844	-1200.35986328125	-4.47280693054199	-54.4653968811035	-1192.724609375	-4.29124021530151	-42.3139915466309	-1168.98132324219	-2.58351254463196	-17.3829174041748	-1147.21752929688	-2.29948306083679	-13.787615776062	-1141.6484375	-1.42599868774414	67.3787155151367	-1165.68518066406	-2.31649947166443	51.2154884338379	-1188.40930175781	-3.09832191467285	36.9594421386719	-1192.08569335938	-2.93946409225464	13.0365257263184	-1180.41931152344	-3.71644163131714	-4.8315954208374	-1189.58581542969	-4.6381139755249	-43.8958320617676	-1194.6591796875	6.5747537612915	-55.0225257873535	-1199.4443359375	9.42668533325195	-49.9606819152832	-1201.291015625	12.0756969451904	-42.8807029724121	-1201.31457519531	15.4298524856567	-32.7055168151855	-1201.65869140625	15.4707498550415	-5.62915563583374	-1201.13220214844	8.93218898773193	1.11136829853058	-1196.11865234375	1.41145646572113	-40.2968673706055	-1173.27111816406	1.58001029491425	-15.1380519866943	-1155.10803222656	17.002405166626	-12.8654775619507	-1146.26293945312	33.0226707458496	-4.12468814849854	-1156.18762207031	42.4750823974609	9.5586576461792	-1184.31982421875	34.3448677062988	19.5543823242188	-1183.3916015625	11.1580009460449	2.4743824005127	-1176.41784667969	29.7236824035645	37.0207252502441	-1180.61987304688	12.5717535018921	38.4700927734375	-1191.30786132812	4.06386804580688	45.449893951416	-1192.22900390625	5.23100757598877	18.5006465911865	-1183.82482910156	-15.1939210891724	-54.7347030639648	-1200.09094238281	-17.7918529510498	-50.4796142578125	-1201.00952148438	-20.6430568695068	-43.2767753601074	-1201.02270507812	-23.2032279968262	-31.513744354248	-1202.53979492188	-22.3937606811523	-4.98647880554199	-1200.63549804688	-15.5237560272217	2.44179320335388	-1195.14196777344	-8.84603881835938	-40.0329284667969	-1172.09143066406	-7.33771276473999	-15.4718523025513	-1155.24658203125	-22.0320587158203	-11.343804359436	-1144.93920898438	-37.0345001220703	-2.53317093849182	-1153.29284667969	-47.8273277282715	10.4213132858276	-1180.99230957031	-38.8291816711426	21.5677509307861	-1181.06787109375	-16.729621887207	2.4936945438385	-1175.06945800781	-34.3373107910156	40.0421524047852	-1177.45825195312	-17.9140758514404	39.1744232177734	-1189.57421875	-9.27457809448242	46.1942672729492	-1191.46398925781	-10.3957891464233	19.5625114440918	-1182.83972167969
PRI-7373	-1.93418264389038	-64.482177734375	-1092.53845214844	-1.74536204338074	-60.3708915710449	-1086.07568359375	-0.956040620803833	-51.127857208252	-1067.90356445312	-0.698200166225433	-32.0774307250977	-1049.06726074219	-0.478545576334	-28.9210510253906	-1044.93127441406	-5.1771183013916	51.4592018127441	-1075.24035644531	-5.21119499206543	33.4342880249023	-1088.99768066406	-4.2837438583374	14.9402141571045	-1091.15637207031	-2.84327411651611	-8.67042922973633	-1077.033203125	-2.68868780136108	-20.6634063720703	-1087.68225097656	-1.76818406581879	-53.2870292663574	-1088.25048828125	8.13705062866211	-58.6345863342285	-1091.5830078125	8.85331916809082	-57.583194732666	-1091.95983886719	11.4481115341187	-52.3806266784668	-1094.02392578125	15.4712743759155	-41.0314788818359	-1095.63696289062	12.022668838501	-17.3064880371094	-1096.85473632812	7.08648014068604	-13.3108606338501	-1093.1416015625	2.82193088531494	-49.9440612792969	-1070.6494140625	1.73323035240173	-31.624942779541	-1055.77380371094	13.9256992340088	-26.3484420776367	-1047.83166503906	27.8105087280273	-20.9374465942383	-1057.82238769531	37.1047401428223	-7.79541301727295	-1081.96472167969	31.789026260376	5.16249704360962	-1082.15502929688	8.70195770263672	-14.8489084243774	-1076.46240234375	26.5714817047119	21.404655456543	-1079.51574707031	12.5584726333618	19.7979469299316	-1089.72827148438	2.95660948753357	25.9996814727783	-1092.19006347656	3.98257112503052	1.632683634758	-1082.86486816406	-12.0029630661011	-59.5768127441406	-1090.82263183594	-12.7983589172363	-58.2021064758301	-1091.08190917969	-15.798731803894	-53.2683753967285	-1092.41784667969	-20.0031261444092	-42.8576774597168	-1093.33386230469	-19.0286235809326	-18.9347953796387	-1095.17065429688	-14.0543537139893	-14.9193410873413	-1092.01635742188	-5.08458805084229	-50.5590591430664	-1070.00012207031	-3.60283184051514	-31.4209728240967	-1055.06823730469	-16.0995941162109	-27.3445453643799	-1046.92053222656	-32.4110145568848	-23.9121475219727	-1057.40661621094	-43.6927719116211	-9.44857978820801	-1080.38928222656	-38.4205703735351	3.49724054336548	-1079.97399902344	-13.3551740646362	-16.5716342926025	-1075.53637695312	-34.2347221374512	18.8425388336182	-1078.03649902344	-20.7374267578125	18.845890045166	-1088.32873535156	-13.2076101303101	23.6480484008789	-1092.39624023438	-10.7890844345093	1.10414743423462	-1082.123046875
PRI-7374	0.846080720424652	-61.678466796875	-1043.35302734375	0.23770347237587	-57.3227882385254	-1034.90234375	-0.533660411834717	-47.9908790588379	-1014.4052734375	-1.24982762336731	-27.4394359588623	-994.061096191406	-1.2645115852356	-24.9187183380127	-988.374816894531	-2.73170590400696	56.7602691650391	-1021.57720947266	-2.48678708076477	36.5988159179688	-1037.51696777344	-1.73566627502441	20.3604431152344	-1038.75634765625	-1.1246086359024	-3.04498195648193	-1024.80700683594	-0.632816135883331	-16.771692276001	-1035.50183105469	0.231145262718201	-49.9620552062988	-1038.10241699219	9.50617694854736	-56.484619140625	-1042.84680175781	10.4593229293823	-55.2768936157227	-1042.30834960938	NA	NA	NA	NA	NA	NA	14.8937568664551	-17.50608253479	-1043.65881347656	10.1440439224243	-11.3837757110596	-1040.29602050781	4.39915227890015	-46.4747581481934	-1018.27990722656	1.95544910430908	-26.501371383667	-999.789184570312	15.0576114654541	-21.314884185791	-990.651062011719	31.067813873291	-16.8271522521973	-1002.07635498047	40.7674713134766	-1.59788882732391	-1026.369140625	34.3283233642578	8.65757751464844	-1025.91259765625	12.8267345428467	-10.4523735046387	-1021.39678955078	29.5286388397217	24.1351928710938	-1024.6669921875	15.3723669052124	23.0935134887695	-1037.13061523438	5.50347709655762	29.9561538696289	-1039.12841796875	5.7040753364563	4.75543546676636	-1030.68078613281	-8.31752300262451	-57.2958641052246	-1043.53344726562	-9.81899642944336	-56.0543937683105	-1043.47790527344	-12.4610757827759	-52.3098564147949	-1043.81726074219	NA	NA	NA	-16.0909404754639	-19.4251194000244	-1044.85852050781	-11.6927223205566	-12.6751565933228	-1041.47741699219	-4.96570158004761	-45.3270378112793	-1016.68859863281	-4.22799921035767	-26.8253898620605	-999.575256347656	-17.923978805542	-21.5206642150879	-991.801635742188	-33.939151763916	-16.8872966766357	-1003.50927734375	-43.8441162109375	-2.33904361724854	-1026.98352050781	-37.5450706481934	7.75559949874878	-1028.20739746094	-15.2961187362671	-11.7211637496948	-1021.98974609375	-32.6326446533203	23.240816116333	-1026.29235839844	-18.5463695526123	21.9416980743408	-1037.79772949219	-8.86624145507812	28.9544448852539	-1040.33459472656	-8.52981853485107	4.12755298614502	-1030.39965820312
PRI-7375	-0.741629362106323	-56.3003730773926	-1149.11413574219	-1.00671195983887	-51.6428756713867	-1141.33337402344	-0.738039314746857	-43.2741394042969	-1123.73840332031	-0.947594821453094	-23.1541614532471	-1103.41735839844	-0.834649443626404	-20.9188842773438	-1097.107421875	-5.17647504806519	55.0444564819336	-1127.57312011719	-4.85532999038696	38.8842964172363	-1145.32397460938	-3.1464364528656	22.2661476135254	-1147.5283203125	-1.98248684406281	1.36639416217804	-1132.8671875	-1.68013608455658	-11.9800586700439	-1141.59106445312	-1.37297677993774	-42.9085083007812	-1143.71069335938	8.51197624206543	-50.966796875	-1147.56494140625	9.95275020599365	-48.7237968444824	-1147.99157714844	12.3268661499023	-44.3115348815918	-1148.37463378906	17.5058784484863	-32.6409301757812	-1148.66735839844	13.1785011291504	-8.44222068786621	-1148.29223632812	9.22976112365723	-6.17366123199463	-1146.5673828125	3.80555844306946	-40.8566131591797	-1126.51745605469	1.90783977508545	-22.1065692901611	-1108.78564453125	14.7268667221069	-18.4629859924316	-1100.77270507812	28.5153484344482	-12.6509780883789	-1110.38903808594	36.6799850463867	0.42747300863266	-1134.72570800781	30.0303230285645	10.7015228271484	-1134.51904296875	11.2679567337036	-6.88500833511353	-1130.26489257812	25.4307193756104	27.00754737854	-1133.89904785156	13.0134544372559	27.1673965454102	-1145.36584472656	3.02923631668091	32.7288970947266	-1148.10192871094	4.01359272003174	8.34663963317871	-1138.69970703125	-11.1976642608643	-52.2215118408203	-1147.74621582031	-12.5490970611572	-50.2722282409668	-1148.2802734375	-15.7839975357056	-45.9129333496094	-1149.26171875	NA	NA	NA	-15.785849571228	-9.80557537078857	-1148.3037109375	-12.1052112579346	-7.4426383972168	-1146.31433105469	-6.02971887588501	-41.3153877258301	-1125.44396972656	-4.17905950546265	-22.0745964050293	-1108.44689941406	-17.5319328308105	-20.5910568237305	-1101.15661621094	-32.3195686340332	-14.6794662475586	-1111.15710449219	-42.1870536804199	-2.57224607467651	-1133.32336425781	-36.0292510986328	7.13275194168091	-1134.68896484375	-13.2754993438721	-9.39863204956055	-1129.59997558594	-33.3382415771484	23.6416969299316	-1133.29821777344	-20.6305522918701	24.1516990661621	-1144.66125488281	-11.1296796798706	31.9070339202881	-1148.115234375	-9.05742168426514	7.30068254470825	-1138.03894042969
PRI-7376	-1.46442258358002	-81.8650894165039	-1086.14733886719	-1.62071573734283	-79.6218032836914	-1079.40661621094	-1.67206144332886	-70.1078796386719	-1058.62878417969	-1.4960823059082	-41.4977531433105	-1031.77001953125	-1.74126899242401	-38.6689987182617	-1026.24108886719	-2.00644040107727	47.9734268188477	-1056.68127441406	-3.1569185256958	28.621301651001	-1075.66284179688	-3.5477786064148	10.302209854126	-1077.52221679688	-3.32257413864136	-13.6738052368164	-1063.87231445312	-2.31740570068359	-28.8858585357666	-1074.53576660156	-1.63858532905579	-67.3246383666992	-1080.43481445312	8.26060485839844	-75.0384674072266	-1083.46118164062	9.99639320373535	-72.3868637084961	-1083.81982421875	11.9750986099243	-66.9871826171875	-1084.13012695312	NA	NA	NA	13.1960124969482	-30.5707664489746	-1082.83142089844	8.47287654876709	-23.3954544067383	-1078.76623535156	3.27128219604492	-67.232177734375	-1060.595703125	1.36902678012848	-40.8678131103516	-1039.79968261719	15.3122129440308	-35.3773422241211	-1029.8193359375	30.5572757720947	-31.8800487518311	-1039.50866699219	41.6955528259277	-14.777530670166	-1065.6220703125	34.8955345153809	-3.93662786483765	-1066.59252929688	8.89119338989258	-24.3952732086182	-1061.05725097656	28.5207958221436	13.7273511886597	-1064.50244140625	13.3586797714233	13.4878482818604	-1075.76049804688	4.19518661499023	20.7767143249512	-1078.04748535156	3.6502091884613	-6.22147607803345	-1068.84484863281	-12.0121355056763	-75.2688674926758	-1084.06713867188	-13.8417110443115	-73.0435104370117	-1084.29638671875	-16.1987228393555	-67.1965103149414	-1084.46447753906	NA	NA	NA	-17.8192768096924	-31.3869247436523	-1083.31726074219	-13.7851572036743	-23.7991600036621	-1079.57287597656	-7.96165037155151	-67.6547012329102	-1060.97546386719	-5.3486156463623	-41.3105163574219	-1039.29650878906	-19.6221313476562	-35.9055061340332	-1029.15649414062	-35.5719451904297	-32.0903549194336	-1040.50085449219	-48.3322639465332	-15.526629447937	-1064.94860839844	-40.9605102539062	-4.29964780807495	-1066.02624511719	-14.0594644546509	-23.5852241516113	-1059.90393066406	-34.2889747619629	13.9942140579224	-1064.47412109375	-20.7500648498535	14.2968769073486	-1076.4140625	-12.0278215408325	20.7226085662842	-1078.1376953125	-10.7012424468994	-6.59805870056152	-1069.28405761719
PRI-7377	-0.712821662425995	-60.9678611755371	-1046.32763671875	-0.951233923435211	-55.9588966369629	-1039.41125488281	-0.880876779556274	-46.4427947998047	-1020.57513427734	-0.903233528137207	-27.6981334686279	-997.303344726562	-0.803543746471405	-25.4215183258057	-992.980102539062	-0.213322311639786	56.0793037414551	-1025.90649414062	-1.34819328784943	35.2475929260254	-1039.62622070312	-1.09417510032654	19.3977108001709	-1041.87512207031	-1.50123119354248	-1.25310730934143	-1029.07141113281	-1.26100206375122	-14.7318925857544	-1039.39489746094	-0.907170295715332	-46.2578735351562	-1041.10583496094	9.14333724975586	-55.4252624511719	-1046.2607421875	10.9564514160156	-54.2775115966797	-1046.21508789062	13.3741445541382	-49.4996299743652	-1047.69384765625	17.5478019714355	-39.4376983642578	-1048.26318359375	14.3619842529297	-14.2591037750244	-1048.01403808594	10.0772972106934	-9.26780128479004	-1043.16809082031	4.56016111373901	-44.5556030273438	-1022.87701416016	1.25050628185272	-26.7290420532227	-1004.32940673828	15.0819129943848	-22.3447532653809	-994.933288574219	29.8131866455078	-17.6074676513672	-1005.13592529297	39.702579498291	-5.56653308868408	-1030.36450195312	32.700569152832	5.07324647903442	-1029.09838867188	12.5296602249146	-9.71724319458008	-1023.24468994141	29.6844673156738	23.4333972930908	-1027.15307617188	14.3365507125854	22.098819732666	-1038.650390625	5.11445236206055	29.5718841552734	-1040.91540527344	5.79011678695679	4.45262908935547	-1032.15246582031	-10.5805082321167	-56.4461517333984	-1045.25988769531	-11.3920011520386	-54.4167060852051	-1045.65051269531	-14.7938222885132	-49.2711982727051	-1046.95373535156	-20.104341506958	-39.296272277832	-1046.9873046875	-17.0014514923096	-13.9013500213623	-1047.93444824219	-12.3227968215942	-8.86005401611328	-1043.37121582031	-6.39684724807739	-44.9509201049805	-1022.31323242188	-3.707768201828	-26.195348739624	-1004.62860107422	-16.8926219940186	-21.6154651641846	-994.290588378906	-31.9763298034668	-16.2359580993652	-1005.43353271484	-41.8484535217285	-4.13323736190796	-1029.12756347656	-34.0896835327148	6.24294424057007	-1029.462890625	-15.1903800964355	-10.3117952346802	-1023.47412109375	-32.1842041015625	24.7798919677734	-1027.97863769531	-18.2376918792725	23.0708293914795	-1039.30749511719	-8.21718883514404	28.475715637207	-1041.52844238281	-7.84045076370239	4.21896266937256	-1030.75537109375
PRI-7378	-2.57276749610901	-60.7494125366211	-1150.10192871094	-2.58676266670227	-56.392707824707	-1142.92126464844	-2.1181173324585	-47.0202903747559	-1125.71496582031	-2.76760315895081	-29.0726890563965	-1106.84912109375	-2.81438374519348	-27.1584854125977	-1102.7529296875	-5.22107839584351	53.6477432250977	-1129.93408203125	-3.73026704788208	34.422477722168	-1146.11767578125	-3.25557327270508	18.7736263275146	-1149.06774902344	-2.54581069946289	-2.57573628425598	-1136.26293945312	-2.6748776435852	-16.0503253936768	-1145.71179199219	-2.71891903877258	-47.2707214355469	-1143.93371582031	7.24956607818604	-55.8144454956055	-1149.34777832031	7.55196523666382	-54.9852142333984	-1149.44030761719	10.8573865890503	-50.6100425720215	-1150.61608886719	16.5192241668701	-40.6419486999512	-1152.0771484375	13.0554246902466	-16.6760330200195	-1152.10949707031	8.14914131164551	-10.9503116607666	-1149.95776367188	1.90293610095978	-44.7055740356445	-1127.28955078125	0.108252473175526	-27.9785861968994	-1113.35925292969	13.1112413406372	-23.3337707519531	-1103.55651855469	28.1164360046387	-17.9992046356201	-1112.86389160156	38.1681709289551	-3.01247453689575	-1138.94177246094	30.8189392089844	7.63577651977539	-1137.22497558594	8.46618747711182	-10.5162353515625	-1131.58032226562	26.4173469543457	24.1994533538818	-1135.58740234375	12.3777532577515	22.3517398834229	-1146.92224121094	3.15696239471436	28.9730319976807	-1148.34265136719	4.01223993301392	4.42141962051392	-1141.16979980469	-12.3320999145508	-56.4888114929199	-1148.73913574219	-12.8567934036255	-55.4924011230469	-1148.90637207031	-16.209285736084	-50.8021812438965	-1150.35876464844	-20.5938243865967	-41.8611335754395	-1151.94812011719	-18.4802742004395	-16.826021194458	-1152.54272460938	-14.0487070083618	-11.5447835922241	-1150.17431640625	-6.371337890625	-45.4740905761719	-1127.19262695312	-5.49558305740356	-27.9656658172607	-1113.48950195312	-18.2981281280518	-25.0538444519043	-1104.22436523438	-34.4268608093262	-19.851749420166	-1114.74011230469	-44.246280670166	-5.11469030380249	-1138.62219238281	-37.4096145629883	5.52396392822266	-1137.75891113281	-14.5970945358276	-10.5126686096191	-1131.5810546875	-34.0486488342285	22.8306865692139	-1135.81713867188	-20.6592559814453	21.7936382293701	-1147.15307617188	-11.0064220428467	27.8809700012207	-1148.44067382812	-10.16392993927	3.89794301986694	-1140.1005859375
PRI-7379	-0.129914358258247	-56.8318710327148	-1212.72351074219	-0.436966091394424	-53.8435096740723	-1206.04016113281	-1.13828480243683	-42.560905456543	-1185.4306640625	-1.5168844461441	-24.5351600646973	-1165.14367675781	-1.72966623306274	-22.2141227722168	-1160.73742675781	-4.59990501403809	61.4496231079102	-1186.43579101562	-3.92332196235657	42.782772064209	-1203.09326171875	-3.18159866333008	25.4210205078125	-1206.45202636719	-2.22766160964966	1.56948590278625	-1193.79614257812	-1.42139768600464	-12.7883787155151	-1205.10461425781	-0.813466966152191	-44.635669708252	-1207.20874023438	8.22418785095215	-52.1461639404297	-1211.93725585938	9.83335876464844	-50.2803421020508	-1211.84777832031	12.0915088653564	-45.3060150146484	-1212.88464355469	15.8781957626343	-35.1888046264648	-1212.97741699219	13.6743354797363	-10.7739067077637	-1210.58923339844	9.90450859069824	-5.05604267120361	-1208.91589355469	4.06769943237305	-42.6167221069336	-1189.48229980469	1.51390016078949	-22.9845333099365	-1171.28625488281	13.7322950363159	-18.693868637085	-1161.86218261719	29.0673484802246	-13.0026655197144	-1172.87548828125	38.3257026672363	1.13193619251251	-1196.28552246094	32.761302947998	13.8521499633789	-1195.27221679688	11.0679788589478	-7.09422540664673	-1192.47302246094	26.4516849517822	29.8631286621094	-1192.51379394531	12.7312984466553	28.7981605529785	-1203.9404296875	3.59529900550842	36.4577674865723	-1205.95349121094	4.29268550872803	9.71809482574463	-1198.79064941406	-9.41476154327393	-53.1060905456543	-1212.55212402344	-10.9615316390991	-50.8278999328613	-1212.90710449219	-13.5555171966553	-45.7296028137207	-1213.94836425781	NA	NA	NA	-16.8066596984863	-11.538950920105	-1213.04772949219	-13.2597370147705	-7.06904172897339	-1210.44104003906	-5.80898666381836	-42.6246109008789	-1188.83996582031	-4.60207033157349	-23.1933937072754	-1171.52770996094	-16.8209686279297	-19.9687786102295	-1163.36950683594	-33.2921409606934	-15.20982837677	-1174.25048828125	-42.9052200317383	-1.60768496990204	-1196.6435546875	-38.2234497070312	10.3928833007812	-1197.03125	-14.6199369430542	-9.58435440063477	-1192.47094726562	-33.2133903503418	26.6379108428955	-1194.07995605469	-19.9203300476074	27.0298194885254	-1205.02111816406	-11.1431474685669	35.2322883605957	-1206.00646972656	-9.5925817489624	8.651930809021	-1199.31921386719
PRI-7381	NA	NA	NA	-1.06408095359802	-54.1769409179688	-1021.25225830078	-0.447699785232544	-44.1173133850098	-1000.57653808594	-0.345913082361221	-17.6423454284668	-975.258117675781	-0.465642154216766	-14.3668937683105	-969.917236328125	-0.0722466930747032	69.8980712890625	-1004.21771240234	-1.038121342659	51.5434036254883	-1019.77093505859	-1.95848441123962	32.4294891357422	-1022.43273925781	-1.57474911212921	10.1976823806763	-1006.87438964844	-1.33189535140991	-5.46467542648315	-1019.03228759766	-0.903352677822113	-43.2200927734375	-1023.77911376953	10.0404396057129	-56.014965057373	-1029.54699707031	13.307445526123	-52.5922698974609	-1029.033203125	15.3344583511353	-45.0369262695312	-1031.06896972656	19.4802265167236	-33.2845153808594	-1030.34265136719	16.0182456970215	-4.38967180252075	-1030.44604492188	9.97565174102783	1.17474091053009	-1023.51879882812	4.79620218276978	-41.7669143676758	-1003.05767822266	2.3815929889679	-17.7946739196777	-981.416442871094	16.1556644439697	-13.111086845398	-973.869873046875	32.0272483825684	-8.69434070587158	-984.567932128906	43.5377349853516	4.99296045303345	-1013.26495361328	34.7368202209473	17.7270565032959	-1013.75689697266	12.487434387207	-1.14630508422852	-1004.98785400391	30.8799247741699	35.7383575439453	-1011.18414306641	15.2146100997925	36.7525520324707	-1019.97802734375	6.76416063308716	43.3806953430176	-1022.81530761719	5.25955200195312	17.4895172119141	-1011.68859863281	-11.6738271713257	-55.6091384887695	-1029.97729492188	-14.2374982833862	-51.7333755493164	-1030.79895019531	-16.0718460083008	-45.4867057800293	-1031.72290039062	-20.8903999328613	-33.1997375488281	-1031.58154296875	-18.2654571533203	-4.61405181884766	-1031.00390625	-11.9010000228882	0.985406041145325	-1023.7587890625	-6.23232173919678	-41.7910041809082	-1002.75946044922	-3.79858946800232	-17.2966270446777	-981.376647949219	-17.685661315918	-12.4809122085571	-974.000122070312	-34.0802307128906	-8.32299613952637	-984.773620605469	NA	NA	NA	-37.7649765014649	17.7435626983643	-1013.57965087891	-14.0639486312866	-1.16861021518707	-1005.06365966797	-32.547420501709	36.4684181213379	-1010.767578125	-18.5739154815674	37.6230888366699	-1020.42260742188	-9.01515579223633	43.2255516052246	-1022.98156738281	-9.22967624664307	18.1020259857178	-1011.68511962891
PRI-7382	-0.937367260456085	-58.453296661377	-1042.97106933594	-0.855337202548981	-54.769100189209	-1035.56591796875	-0.636205852031708	-44.9357490539551	-1014.58837890625	0.352813214063644	-18.4578514099121	-990.795471191406	0.464534908533096	-16.2678337097168	-985.1328125	8.12878036499023	70.8243408203125	-1014.26635742188	5.84159994125366	51.3583908081055	-1033.64709472656	4.56505489349365	34.8792762756348	-1036.15319824219	2.46444606781006	12.25168800354	-1024.36218261719	2.2080762386322	-4.90235376358032	-1033.30053710938	-0.350559383630753	-43.6912422180176	-1036.21655273438	8.98322296142578	-52.646598815918	-1040.60437011719	11.333348274231	-50.2965888977051	-1041.06481933594	15.8837995529175	-43.7270774841309	-1040.76489257812	NA	NA	NA	18.8654594421387	-7.74565410614014	-1044.63659667969	13.7924146652222	0.225822240114212	-1039.2890625	5.02505683898926	-41.8207855224609	-1017.65399169922	3.36612343788147	-17.015022277832	-996.80517578125	17.4052619934082	-15.3027963638306	-988.558715820312	35.2947273254395	-10.7212982177734	-997.086059570312	49.8160285949707	6.49388742446899	-1021.42376708984	41.1251983642578	16.2037029266357	-1023.84680175781	16.4864921569824	-1.31003415584564	-1018.72216796875	38.5132293701172	35.2084350585938	-1020.48754882812	22.8764171600342	35.8576507568359	-1033.05139160156	12.875994682312	43.8845863342285	-1035.37609863281	10.2040824890137	17.6315460205078	-1026.345703125	-11.0054922103882	-52.1414489746094	-1039.83471679688	-13.0133380889893	-48.3444786071777	-1040.74816894531	-15.9652080535889	-41.5776138305664	-1041.53137207031	NA	NA	NA	-14.8476409912109	-5.93268728256226	-1044.36901855469	-7.81740236282349	1.29906511306763	-1039.17993164062	-5.44746017456055	-42.0651588439941	-1018.43670654297	-2.42107272148132	-17.1117553710938	-996.68359375	-14.9376392364502	-13.0805177688599	-988.639709472656	-32.8132858276367	-5.67456245422363	-998.114624023438	-43.2117004394531	11.7190103530884	-1023.68707275391	-34.1744270324707	21.2626991271973	-1024.44921875	-11.9573745727539	0.633691132068634	-1018.24114990234	-27.7877178192139	39.5547103881836	-1021.88922119141	-11.9919490814209	38.4971160888672	-1033.49560546875	-1.81081712245941	44.8139953613281	-1035.72314453125	-3.57156229019165	18.7489891052246	-1026.14916992188
PRI-7383	-0.720403134822845	-59.2435493469238	-1208.70324707031	-1.43711817264557	-54.1056900024414	-1199.53588867188	NA	NA	NA	-3.01897525787354	-26.3560047149658	-1158.04162597656	-3.107985496521	-23.9585876464844	-1153.02380371094	-5.86325359344482	60.3769989013672	-1187.34484863281	-5.22794580459595	40.6927185058594	-1202.34338378906	-4.25595998764038	22.9581451416016	-1205.16589355469	-3.86819052696228	2.77350115776062	-1191.91027832031	-3.28727102279663	-10.9855337142944	-1201.22302246094	-1.75540709495544	-46.3235321044922	-1202.63757324219	9.40526962280273	-52.2410202026367	-1207.78076171875	10.6167669296265	-51.423397064209	-1207.80065917969	12.9401865005493	-46.7091789245605	-1208.07629394531	17.4099903106689	-36.8213157653809	-1208.25024414062	12.7741260528564	-11.1448612213135	-1209.45129394531	7.76352882385254	-5.26667833328247	-1205.16296386719	2.15051817893982	-42.9228477478027	-1182.88110351562	-0.384009033441544	-25.1046447753906	-1166.01843261719	12.3857727050781	-20.4345645904541	-1155.9111328125	28.5050029754639	-13.8215808868408	-1164.76049804688	39.623649597168	2.95269870758057	-1191.00610351562	31.4040107727051	13.0910663604736	-1190.7265625	10.3023452758789	-5.19632530212402	-1185.71948242188	26.794319152832	29.5515117645264	-1188.2646484375	13.7755880355835	26.7550754547119	-1202.37487792969	3.63439416885376	32.7887306213379	-1205.26489257812	3.86343860626221	9.26114082336426	-1195.63037109375	-11.9640436172485	-53.6544799804688	-1207.693359375	-12.7736892700195	-52.2221984863281	-1207.66674804688	-15.3896036148071	-48.3982925415039	-1208.80102539062	-19.9774208068848	-37.7837257385254	-1210.02355957031	-18.7824249267578	-12.3808641433716	-1209.95141601562	-14.3423480987549	-6.58395051956177	-1206.30969238281	-7.18822145462036	-43.4335861206055	-1183.6875	-6.09534645080566	-24.8941211700439	-1166.01086425781	-18.8046054840088	-22.0578193664551	-1156.53564453125	-36.5806350708008	-15.7316646575928	-1168.07299804688	-48.9320335388184	1.30095827579498	-1195.08996582031	-39.5982131958008	10.6503391265869	-1193.31323242188	-17.3537330627441	-7.2888011932373	-1186.92907714844	-36.0765113830566	25.9637088775635	-1192.2265625	-22.387508392334	25.8373279571533	-1204.06970214844	-12.3442125320435	32.6359024047852	-1205.49487304688	-11.8612499237061	9.04601955413818	-1195.64135742188
PRI-7384	NA	NA	NA	4.21322822570801	-61.8352851867676	-1184.56591796875	3.50130128860474	-47.3335609436035	-1164.87670898438	2.96693706512451	-22.8999900817871	-1143.91320800781	2.86728191375732	-18.9860877990723	-1139.19384765625	-4.49758052825928	60.0291290283203	-1179.14526367188	-3.84160947799683	37.6100196838379	-1195.69067382812	-2.95031666755676	22.1798782348633	-1196.43249511719	0.261633306741714	3.02221965789795	-1178.92395019531	0.207352608442307	-14.5099401473999	-1190.42687988281	3.5504744052887	-53.8042984008789	-1188.35693359375	NA	NA	NA	14.6804780960083	-63.2140083312988	-1192.2275390625	17.1804714202881	-56.6717414855957	-1195.43798828125	21.2612953186035	-45.2122802734375	-1197.6865234375	19.2205486297607	-19.6683826446533	-1202.35302734375	12.019248008728	-9.17488861083984	-1195.97521972656	7.93248605728149	-45.5543441772461	-1167.89086914062	6.21111297607422	-21.8997650146484	-1151.53015136719	17.3963832855225	-16.1473274230957	-1142.02111816406	34.9428482055664	-9.1271915435791	-1154.5263671875	44.0648536682129	1.99830281734467	-1183.84375	37.3013954162598	9.52020931243896	-1184.33068847656	13.9558553695679	-8.04347801208496	-1175.53784179688	29.0991954803467	29.5121212005615	-1185.2373046875	13.5238466262817	25.778377532959	-1195.85852050781	3.05119132995605	31.7555065155029	-1198.1083984375	6.74686861038208	8.54029941558838	-1184.29724121094	-7.56847763061523	-63.7008247375488	-1190.60681152344	-10.7144622802734	-62.4036026000977	-1191.33215332031	-13.9745826721191	-55.5053215026855	-1193.66723632812	NA	NA	NA	-16.7722110748291	-18.9205055236816	-1200.3701171875	-11.3056526184082	-8.64578151702881	-1196.04907226562	-1.73206877708435	-46.6202201843262	-1168.24670410156	-0.657682538032532	-22.3594951629639	-1151.1591796875	-14.5624256134033	-17.6026802062988	-1142.89562988281	-31.3936557769775	-13.5019865036011	-1153.52392578125	-43.0897789001465	-4.76045656204224	-1178.69873046875	-37.4682807922363	4.45022058486938	-1179.71374511719	-13.1596717834473	-8.61930274963379	-1176.91052246094	-33.7369003295898	24.9119338989258	-1180.24475097656	-19.7449569702148	23.0660381317139	-1191.02722167969	-10.7738342285156	30.3293437957764	-1196.90258789062	-8.48746395111084	9.03261184692383	-1182.65856933594
PRI-7385	-1.15101206302643	-63.5916328430176	-1042.07385253906	-0.771096110343933	-58.5182113647461	-1035.04406738281	-0.862318277359009	-47.5388565063477	-1014.94384765625	-0.272718608379364	-19.6386318206787	-992.588623046875	-0.390467047691345	-15.8624124526978	-986.710144042969	0.826592743396759	64.162467956543	-1019.08074951172	1.82081270217896	45.349666595459	-1037.89660644531	1.06905663013458	30.4809398651123	-1039.80822753906	0.899601876735687	7.80334854125977	-1024.99877929688	0.870535612106323	-9.41825103759766	-1036.89807128906	-0.249947801232338	-50.6962203979492	-1038.24548339844	9.64456844329834	-58.8450393676758	-1040.29016113281	10.3544206619263	-57.5938110351562	-1040.24841308594	16.0816783905029	-48.7722282409668	-1041.00769042969	20.6194343566895	-38.7392807006836	-1044.85864257812	20.3232574462891	-11.9324655532837	-1045.51025390625	13.7116756439209	-3.46503114700317	-1040.53747558594	4.27904939651489	-44.1465644836426	-1016.33319091797	2.89419555664062	-19.2788829803467	-999.021179199219	17.688850402832	-13.3297595977783	-989.216125488281	33.4171333312988	-5.76391839981079	-1001.30090332031	43.0112533569336	3.91170716285706	-1026.24926757812	35.923885345459	13.8824024200439	-1024.75329589844	14.8694448471069	-2.49422335624695	-1021.54107666016	33.0667610168457	32.3337097167969	-1023.48327636719	18.0539741516113	32.5848007202148	-1036.96057128906	9.32109546661377	41.476131439209	-1039.21179199219	8.46123600006104	12.2331447601318	-1029.35168457031	-10.4122934341431	-57.9045639038086	-1041.13879394531	-10.951060295105	-56.8090400695801	-1041.32177734375	-14.9539031982422	-47.2416000366211	-1043.23718261719	-17.9469718933105	-36.0659675598145	-1046.79272460938	-16.9537734985352	-10.539514541626	-1047.55163574219	-10.6320247650146	-2.87562394142151	-1042.09814453125	-5.84485864639282	-44.4470481872559	-1017.27099609375	-3.23429250717163	-19.0454654693604	-999.822265625	-17.6341934204102	-13.1820774078369	-990.393676757812	-33.3134422302246	-5.35781621932983	-1004.28070068359	-40.1338348388672	6.43526649475098	-1030.75561523438	-34.3006439208984	15.7598333358765	-1028.134765625	-12.9201717376709	-2.00414371490479	-1021.79064941406	-30.4667415618896	33.4362144470215	-1026.03991699219	-15.9078960418701	33.829044342041	-1038.50085449219	-6.22246408462524	41.5898742675781	-1040.359375	-6.5116696357727	13.0328216552734	-1030.181640625
PRI-7386	-2.08202362060547	-63.3571968078613	-1229.560546875	-2.09245228767395	-60.3267364501953	-1225.22045898438	-1.93038141727448	-47.168773651123	-1205.26403808594	-2.58741617202759	-23.7900466918945	-1182.94702148438	-2.54745578765869	-20.8929958343506	-1178.58862304688	-6.85401058197021	64.1602020263672	-1201.89904785156	-6.53504228591919	47.2379531860351	-1224.78857421875	-6.09677886962891	31.508487701416	-1228.39147949219	-4.30430603027344	6.62640142440796	-1214.62451171875	-3.84546327590942	-9.43601512908936	-1227.17700195312	-1.8804235458374	-47.6914710998535	-1227.18408203125	9.94775295257568	-58.3551597595215	-1230.505859375	11.8219814300537	-56.0599670410156	-1231.96228027344	14.6083106994629	-49.142333984375	-1233.08923339844	NA	NA	NA	13.6424474716187	-9.99892997741699	-1235.55810546875	7.87753772735596	-3.71021819114685	-1232.11645507812	4.16037559509277	-45.982982635498	-1208.75512695312	0.710764825344086	-22.9123115539551	-1190.44384765625	16.1324081420898	-18.0749320983887	-1181.41345214844	33.063777923584	-9.44785976409912	-1192.7265625	40.0204963684082	5.74095344543457	-1220.0234375	30.7581615447998	15.5565452575684	-1216.92028808594	11.1118068695068	-3.50613689422607	-1211.55444335938	24.6116752624512	34.074047088623	-1213.07409667969	11.8960847854614	34.6835556030273	-1225.54296875	0.623088479042053	42.7837257385254	-1227.77954101562	3.42207407951355	13.5177421569824	-1218.99584960938	-12.662914276123	-59.0792961120605	-1231.43054199219	-14.8365831375122	-57.0970687866211	-1232.35986328125	-18.8807029724121	-49.8519020080566	-1233.76782226562	-22.2843284606934	-40.7693786621094	-1236.04296875	-20.1024875640869	-12.246729850769	-1236.89831542969	-15.6555557250977	-5.59927988052368	-1231.52819824219	-8.54660034179688	-46.2513046264649	-1208.61071777344	-5.92909383773804	-23.5422801971436	-1190.02197265625	-22.7679386138916	-19.2213935852051	-1180.92272949219	-39.2641181945801	-12.6762857437134	-1192.1328125	-48.7939300537109	3.49971866607666	-1218.86669921875	-40.9294929504395	12.3695878982544	-1215.94897460938	-17.5781593322754	-3.99270701408386	-1210.60302734375	-35.5336952209473	31.4195499420166	-1212.66589355469	-23.8572978973389	32.575798034668	-1224.72863769531	-13.4436712265015	41.5247383117676	-1227.79406738281	-12.468147277832	13.4885692596436	-1219.2255859375
PRI-7387	-0.900522112846375	-62.6837310791016	-1239.64892578125	-0.724740326404572	-57.4199256896973	-1230.93151855469	-0.512590408325195	-47.8682975769043	-1209.76892089844	-1.31194877624512	-27.2950038909912	-1187.0615234375	-1.39584743976593	-25.0959014892578	-1182.61657714844	-6.40086126327515	61.4878616333008	-1200.20520019531	-5.76212072372437	46.4968605041504	-1220.02160644531	-5.13817167282104	30.0350856781006	-1226.87561035156	-4.05187654495239	5.50484609603882	-1213.91064453125	-3.44311928749084	-9.78787326812744	-1229.42797851562	-1.65070831775665	-46.6355094909668	-1232.13244628906	9.13879013061523	-57.9495048522949	-1238.21948242188	11.9809188842773	-53.6596755981445	-1238.775390625	14.3683071136475	-46.1685256958008	-1237.49340820312	NA	NA	NA	12.7911319732666	-8.2206916809082	-1238.52587890625	6.91549158096313	-2.53994822502136	-1231.78454589844	4.59113454818726	-44.9716491699219	-1212.69445800781	1.43556809425354	-25.8273162841797	-1192.93371582031	15.5534658432007	-21.2638893127441	-1184.50769042969	29.6929359436035	-12.5773725509644	-1194.2646484375	38.402458190918	3.563796043396	-1218.98510742188	32.5738754272461	13.362078666687	-1217.06042480469	10.6928033828735	-3.75854349136353	-1213.00646972656	24.6363468170166	33.4803237915039	-1211.72619628906	10.9446754455566	34.005241394043	-1224.01110839844	2.08792901039124	40.2883453369141	-1225.30334472656	3.31752467155457	15.5414962768555	-1219.17443847656	-10.5934734344482	-58.6133575439453	-1238.044921875	-14.132152557373	-55.426944732666	-1237.83239746094	-16.7022838592529	-48.6490097045898	-1238.16101074219	NA	NA	NA	-20.2091999053955	-10.9001302719116	-1237.6787109375	-15.4529037475586	-3.82205486297607	-1231.39587402344	-6.5096640586853	-46.2306251525879	-1212.79235839844	-4.52401113510132	-26.2677192687988	-1193.09875488281	-19.776481628418	-23.0260066986084	-1186.03857421875	-35.2442893981934	-15.8771991729736	-1194.27624511719	-46.9853935241699	0.271391421556473	-1216.90307617188	-41.5867347717285	11.1644010543823	-1216.26440429688	-16.6385021209717	-5.87002801895142	-1212.55993652344	-34.9735717773438	30.5706253051758	-1211.50341796875	-23.0523681640625	33.0422172546387	-1223.98449707031	-13.7414102554321	38.8819427490234	-1225.822265625	-11.5988082885742	13.9048643112183	-1218.96545410156
PRI-7388	0.618925631046295	-52.6717910766602	-1289.81079101562	0.336578220129013	-47.1061058044434	-1283.53942871094	NA	NA	NA	-1.48197567462921	-19.4885349273682	-1244.83288574219	-1.70713400840759	-16.795597076416	-1239.384765625	-6.4682354927063	61.0104103088379	-1273.52697753906	-5.98259210586548	43.8101692199707	-1286.63842773438	-4.71166944503784	27.2015838623047	-1288.49792480469	-3.73283934593201	8.84828567504883	-1276.91931152344	-2.47127795219421	-6.32438468933105	-1283.76721191406	-0.121465362608433	-39.1832389831543	-1285.18237304688	9.74020957946777	-48.3809394836426	-1290.72119140625	10.8704862594604	-46.4065551757812	-1290.77368164062	13.4379844665527	-42.0969085693359	-1291.24645996094	15.868558883667	-32.2271041870117	-1292.87365722656	13.8426361083984	-7.99250841140747	-1292.35656738281	8.25668334960938	-0.262575656175613	-1290.11181640625	4.29988718032837	-34.948673248291	-1266.87133789062	1.89460706710815	-16.4833526611328	-1250.58129882812	14.6276731491089	-11.6118078231812	-1242.86474609375	29.4876823425293	-2.76631832122803	-1252.97888183594	37.8532676696777	10.4859256744385	-1278.42687988281	30.3224792480469	17.158634185791	-1276.66259765625	10.1494026184082	-1.26137053966522	-1274.17150878906	24.4138088226318	33.6507835388184	-1275.66979980469	11.3467845916748	30.4107398986816	-1287.4384765625	0.796053886413574	35.786247253418	-1289.50085449219	3.24545478820801	14.6578102111816	-1280.84362792969	-9.1916389465332	-48.7483406066895	-1290.93811035156	-10.1833782196045	-47.5699272155762	-1291.13488769531	-13.2726726531982	-43.5494918823242	-1291.3310546875	-17.7306861877441	-33.7497940063477	-1292.1923828125	-18.308198928833	-9.74943447113037	-1292.4453125	-14.2471704483032	-1.14749014377594	-1289.62719726562	-5.51084518432617	-36.6318817138672	-1267.22351074219	-4.94034767150879	-17.0928649902344	-1249.97888183594	-18.5845336914062	-13.8961009979248	-1243.16369628906	-35.1386451721191	-7.82489442825317	-1252.04077148438	-44.0579795837402	5.29784774780273	-1278.59838867188	-36.4946937561035	11.9386339187622	-1276.51831054688	-15.6158485412598	-2.94358682632446	-1273.61169433594	-34.6025314331055	28.1482982635498	-1275.85815429688	-19.5081214904785	28.6034259796143	-1287.28588867188	-11.9151878356934	35.167179107666	-1289.17504882812	-9.1644697189331	12.9924821853638	-1280.06274414062
PRI-7389	-0.582790791988373	-64.6683502197266	-1283.23718261719	-1.28234684467316	-60.1473426818848	-1274.65832519531	-2.9825291633606	-47.6781959533691	-1252.98217773438	-5.76178073883057	-22.4256286621094	-1230.69506835938	-6.2634711265564	-18.6063671112061	-1225.30236816406	-8.4395923614502	68.1713180541992	-1253.99255371094	-6.26917028427124	50.2738761901855	-1275.2255859375	-5.12063503265381	32.8168296813965	-1279.1318359375	-4.55746221542358	7.38361406326294	-1263.27966308594	-3.06174421310425	-7.96700239181519	-1274.17065429688	-0.993894040584564	-49.897403717041	-1277.43603515625	11.1606884002686	-58.9490661621094	-1281.33569335938	13.9022197723389	-56.5811576843262	-1281.25939941406	16.4816436767578	-49.1011581420898	-1283.7333984375	17.5798473358154	-36.5942878723145	-1284.52917480469	13.3368244171143	-10.5327758789062	-1283.24975585938	8.53254699707031	-4.09781408309937	-1279.15673828125	3.00402927398682	-45.6200294494629	-1255.59106445312	-2.39304971694946	-20.8867740631104	-1235.970703125	12.7492589950562	-15.522500038147	-1226.302734375	31.9509544372559	-6.3985185623169	-1235.76135253906	43.2146759033203	8.98700428009033	-1262.41967773438	33.1487998962402	18.7991046905518	-1263.64916992188	10.4924917221069	-2.76168608665466	-1259.5673828125	27.1247787475586	38.3966979980469	-1259.65771484375	13.2095708847046	37.8305320739746	-1273.79724121094	2.45615339279175	45.1877555847168	-1277.48840332031	3.82353901863098	17.5120868682861	-1269.43859863281	-12.6908578872681	-59.7733688354492	-1282.86145019531	-15.6433258056641	-57.9110717773438	-1283.50903320312	-18.3566818237305	-49.8979377746582	-1285.3486328125	-20.3800582885742	-38.1988677978516	-1287.3046875	-18.1578693389893	-11.5057830810547	-1286.43249511719	-14.1818733215332	-4.87064456939697	-1281.59582519531	-8.76189231872559	-46.753044128418	-1256.67407226562	-9.20562648773193	-21.0522689819336	-1236.06982421875	-25.862174987793	-17.4540042877197	-1229.10021972656	-43.9194602966309	-10.8053045272827	-1242.24572753906	-51.7947196960449	4.01276016235352	-1269.1455078125	-42.514030456543	15.5494585037231	-1268.99584960938	-18.4593696594238	-4.64412355422974	-1261.04418945312	-39.6028823852539	35.9854202270508	-1264.26489257812	-24.1924743652344	35.7953300476074	-1275.85510253906	-13.5186414718628	43.7069892883301	-1279.40979003906	-12.9691524505615	16.5753192901611	-1270.91040039062
PRI-7390	0.170673355460167	-57.3560943603516	-1040.5458984375	0.238494351506233	-53.9831695556641	-1035.04467773438	0.0935574993491173	-43.7989921569824	-1017.04223632812	-0.790214240550995	-27.7796440124512	-998.796936035156	-0.873348951339722	-25.2596492767334	-994.634521484375	-3.07326674461365	54.2022361755371	-1021.43170166016	-2.0807466506958	36.9467086791992	-1037.82873535156	-2.1268253326416	21.3913288116455	-1040.98022460938	-1.14664328098297	0.286266446113586	-1028.83923339844	-0.381151795387268	-13.8746271133423	-1036.52124023438	0.283825099468231	-45.917121887207	-1037.15710449219	9.55118083953857	-51.9457359313965	-1038.63305664062	10.0032577514648	-51.0803413391113	-1038.79309082031	12.5839767456055	-46.5391502380371	-1040.60070800781	17.2253513336182	-36.3581314086914	-1042.45861816406	14.186990737915	-11.6126003265381	-1043.97570800781	10.278754234314	-7.56033420562744	-1041.82507324219	3.22389197349548	-41.8558692932129	-1018.80218505859	1.79545378684998	-26.596305847168	-1005.12854003906	13.3431491851807	-22.5233879089355	-995.097900390625	28.5367012023926	-16.0649662017822	-1003.80358886719	38.8927879333496	-0.527851700782776	-1027.71875	32.2570610046387	8.72041320800781	-1028.15710449219	12.4435548782349	-10.825611114502	-1024.65856933594	28.5678024291992	24.4809799194336	-1025.76733398438	14.8337621688843	24.5228099822998	-1038.02893066406	4.87801742553711	30.7116584777832	-1040.07800292969	5.67623805999756	5.21631002426147	-1032.89831542969	-8.83733081817627	-53.0253372192383	-1039.87780761719	-9.09972095489502	-52.0885772705078	-1039.9306640625	-12.5619287490845	-47.7708740234375	-1040.76098632812	-16.8128223419189	-37.8654747009277	-1043.4404296875	-14.4440765380859	-12.8711633682251	-1043.87475585938	-11.5816221237183	-9.25599956512451	-1042.49377441406	-3.98123049736023	-42.8448791503906	-1019.30676269531	-3.4116690158844	-26.5920162200928	-1005.66827392578	-14.9987945556641	-23.171875	-996.230285644531	-31.8171653747559	-18.8902816772461	-1007.63781738281	-41.8163642883301	-3.57569360733032	-1029.50024414062	-35.6956901550293	7.18308925628662	-1029.55505371094	-13.4891986846924	-11.2669305801392	-1025.41833496094	-31.9732494354248	22.1583614349365	-1026.66809082031	-18.1800899505615	24.2418727874756	-1038.40075683594	-9.32955646514893	30.2265033721924	-1039.68957519531	-7.79764556884766	5.14581394195557	-1033.01208496094
PRI-7391	-0.444043040275574	-66.2267837524414	-1270.81848144531	-1.60755157470703	-60.152759552002	-1261.70751953125	-4.08445930480957	-44.9248237609863	-1239.66174316406	-6.6948971748352	-18.7030334472656	-1218.25048828125	-7.45870018005371	-14.3063039779663	-1212.54138183594	-11.7194128036499	68.6201248168945	-1244.26391601562	-8.50332546234131	48.2112121582031	-1261.80920410156	-6.74941682815552	31.5115756988525	-1263.9765625	-5.53815841674805	7.77307796478271	-1250.58276367188	-3.29119420051575	-9.6413164138794	-1262.57104492188	-1.79746603965759	-49.4600639343262	-1264.77075195312	9.88596248626709	-60.0410194396973	-1269.150390625	11.8027362823486	-56.9505348205566	-1269.00817871094	14.6298589706421	-48.7250747680664	-1270.46130371094	17.3213634490967	-36.6909065246582	-1272.025390625	14.3100624084473	-11.0800495147705	-1271.22143554688	7.42046737670898	-2.10131859779358	-1266.56665039062	0.911765336990356	-43.8933601379395	-1242.67260742188	-2.62698101997375	-17.307466506958	-1224.5419921875	12.430365562439	-10.5186672210693	-1214.91857910156	29.2244110107422	-3.16413164138794	-1224.63757324219	38.5202827453613	7.00219631195068	-1251.52673339844	29.645938873291	18.4909152984619	-1251.32556152344	8.39045715332031	-3.72058296203613	-1247.47680664062	24.0197811126709	37.5143280029297	-1249.24450683594	9.82931995391846	36.2131767272949	-1262.15734863281	-0.64439207315445	42.3066711425781	-1263.65844726562	1.53136646747589	15.9434070587158	-1256.09851074219	-12.1402158737183	-60.5990562438965	-1270.24304199219	-13.443904876709	-58.9443244934082	-1270.60314941406	-17.1496276855469	-50.070743560791	-1273.2802734375	-20.9521007537842	-39.0275917053223	-1274.24877929688	-19.4372234344482	-13.2079086303711	-1273.58349609375	-14.1646156311035	-3.79882645606995	-1268.23059082031	-8.74291706085205	-44.8643264770508	-1243.63098144531	-10.4398441314697	-17.785758972168	-1224.93408203125	-26.9828052520752	-12.642201423645	-1217.35949707031	-42.8042640686035	-7.78073120117188	-1229.7548828125	-49.4736404418945	0.159548729658127	-1258.65417480469	-42.3766059875488	13.1669473648071	-1255.93981933594	-17.601842880249	-4.85237503051758	-1249.57348632812	-40.4691047668457	31.5628108978271	-1254.05798339844	-23.3565788269043	33.5201721191406	-1264.09436035156	-14.5930576324463	41.0776176452637	-1265.45959472656	-13.0379400253296	14.2355861663818	-1256.39965820312
PRI-7392	-2.64023542404175	-56.7631721496582	-1272.97973632812	-3.02663540840149	-53.8589324951172	-1264.91845703125	-3.06050968170166	-43.4128112792969	-1244.32775878906	-3.20489525794983	-23.7979106903076	-1224.53271484375	-3.27846598625183	-20.8887367248535	-1219.72155761719	-10.141040802002	57.7650566101074	-1244.25366210938	-9.16773128509521	41.3929176330566	-1260.99682617188	-7.98782539367676	25.8531818389893	-1264.56469726562	-5.77227306365967	1.75106251239777	-1252.46875	-5.16059923171997	-9.82172679901123	-1262.83386230469	-3.63921737670898	-44.9393730163574	-1265.82092285156	NA	NA	NA	7.43435096740723	-49.2787322998047	-1270.03930664062	9.43245792388916	-44.873592376709	-1272.34497070312	12.7160043716431	-35.1746482849121	-1272.84619140625	10.4029216766357	-10.3921718597412	-1271.02160644531	4.78655767440796	-3.6755588054657	-1267.17736816406	1.38128387928009	-41.8469009399414	-1247.04113769531	-0.672947704792023	-22.7290477752686	-1232.36511230469	13.290901184082	-17.739782333374	-1223.33068847656	26.7637710571289	-9.97507381439209	-1232.39587402344	32.8080101013184	2.89760851860046	-1255.42456054688	25.7624092102051	13.1748180389404	-1252.3212890625	6.92011070251465	-5.25325012207031	-1250.97961425781	21.3274955749512	28.9103488922119	-1250.17065429688	7.77436590194702	30.9202499389648	-1261.49328613281	-2.89570641517639	37.0838928222656	-1262.67858886719	-0.2235317081213	10.9125699996948	-1257.28088378906	-13.0546970367432	-51.9659690856934	-1270.98156738281	-13.8267431259155	-51.168571472168	-1270.92443847656	-17.4612655639648	-46.0489349365234	-1272.30834960938	-21.4357986450195	-36.3993492126465	-1271.65222167969	-21.1415729522705	-12.1071796417236	-1270.18200683594	-16.3871726989746	-5.64644050598145	-1266.41870117188	-7.66141366958618	-43.7639923095703	-1247.04052734375	-6.72184944152832	-23.1530075073242	-1231.24523925781	-21.0485725402832	-20.5900192260742	-1222.20178222656	-35.8151702880859	-14.4111747741699	-1231.98217773438	-44.6698303222656	-2.14819288253784	-1254.22717285156	-39.4158172607422	9.16860961914062	-1251.90905761719	-16.3184833526611	-7.9204683303833	-1250.16613769531	-37.2055778503418	24.2987060546875	-1249.92553710938	-24.766321182251	27.9178562164307	-1261.53601074219	-16.2059497833252	35.0715980529785	-1263.00695800781	-14.14186668396	10.6846895217896	-1257.10620117188
PRI-7393	-2.64790773391724	-53.1389579772949	-1280.55810546875	-3.41455626487732	-51.3668937683105	-1271.14392089844	NA	NA	NA	-6.95401096343994	-23.9853191375732	-1226.46826171875	-7.30563116073608	-21.9278030395508	-1221.14990234375	-10.9893674850464	61.9200744628906	-1237.22521972656	-9.23733901977539	47.1133689880371	-1259.63464355469	-7.85344696044922	31.1995449066162	-1265.59729003906	-6.59946298599243	6.3116946220398	-1255.01782226562	-5.37529563903809	-6.74927520751953	-1265.36730957031	-3.65878558158875	-43.0278968811035	-1271.39123535156	6.88912725448608	-48.2534217834473	-1277.24462890625	7.54706621170044	-47.3019409179688	-1276.92102050781	9.98201847076416	-42.5342178344727	-1275.66857910156	NA	NA	NA	11.0586538314819	-5.0865273475647	-1273.34887695312	4.49477958679199	-0.631723284721375	-1269.27380371094	0.490737199783325	-43.1984329223633	-1253.13159179688	-3.6107702255249	-22.0835781097412	-1233.20776367188	9.17485046386719	-17.8439483642578	-1223.2109375	24.5801258087158	-10.5357542037964	-1231.33361816406	34.2182960510254	8.04816341400146	-1253.96789550781	27.4243144989014	19.3396472930908	-1253.71215820312	8.39480018615723	-2.90083813667297	-1250.25244140625	21.215389251709	35.2805137634277	-1249.33166503906	8.74364280700684	36.1824645996094	-1263.36010742188	-1.3098132610321	42.4538345336914	-1264.11364746094	0.136971041560173	15.3637218475342	-1259.40856933594	-12.7206325531006	-48.4732818603516	-1278.11608886719	-13.5822811126709	-47.2170066833496	-1277.91625976562	-16.45436668396	-42.0874900817871	-1277.54907226562	-20.6137676239014	-31.274320602417	-1278.33740234375	-20.1777019500732	-6.5041012763977	-1275.39416503906	-15.8553419113159	-0.770220339298248	-1270.87927246094	-10.088583946228	-42.9293060302734	-1254.02612304688	-9.85313129425049	-22.3062877655029	-1233.45202636719	-22.6583366394043	-19.9703598022461	-1224.76599121094	-38.7248840332031	-14.2955570220947	-1236.00830078125	-47.7627334594727	3.12002229690552	-1258.33642578125	-41.9778823852539	14.7123308181763	-1257.21911621094	-20.8483467102051	-4.42328596115112	-1251.77978515625	-38.9606742858887	31.2051963806152	-1252.6162109375	-24.3526458740234	32.8193397521973	-1263.72082519531	-15.9304103851318	40.527027130127	-1265.52648925781	-13.4549865722656	14.2503232955933	-1259.189453125
PRI-7670	-1.39837968349457	22.9697380065918	-1044.69873046875	-1.18005585670471	16.7717132568359	-1040.0390625	-1.18750810623169	-0.79677164554596	-1029.87365722656	-2.15803360939026	-21.3155174255371	-1011.26708984375	-2.21620559692383	-25.3758983612061	-1008.55877685547	-0.314950227737427	8.81614303588867	-932.520935058594	-0.171104609966278	21.6423492431641	-950.924560546875	-0.27388596534729	24.3106327056885	-966.302185058594	-1.12903022766113	9.46621894836426	-988.436645507812	-0.824602723121643	18.603120803833	-1001.03570556641	-1.00746250152588	19.1578712463379	-1031.90844726562	8.08354473114014	22.9535522460938	-1039.57788085938	9.76827430725098	23.3456516265869	-1038.15014648438	12.5406560897827	25.169002532959	-1033.93627929688	16.524486541748	26.3067855834961	-1024.2900390625	13.273491859436	25.9554977416992	-999.3056640625	9.68767738342285	22.4214096069336	-996.319274902344	4.14812469482422	3.64300346374512	-1029.27221679688	0.848879456520081	-14.1226110458374	-1010.53485107422	12.8759155273438	-24.5850257873535	-1006.76495361328	27.1520080566406	-15.8229398727417	-1000.51000976562	39.9501876831055	8.71609497070312	-993.347839355469	33.5570030212402	10.8598804473877	-979.88427734375	12.922550201416	4.5529408454895	-997.396667480469	28.6491088867188	9.82437992095947	-961.920532226562	14.0504894256592	21.5794334411621	-963.178771972656	7.00105142593384	24.0226497650146	-957.762268066406	5.65948009490967	15.9502153396606	-981.296325683594	-10.1246042251587	23.0675945281982	-1039.23327636719	-11.5507917404175	23.9229545593262	-1037.14929199219	-14.7229671478271	24.5685901641846	-1033.68078613281	-18.5534629821777	26.6998634338379	-1023.02172851562	-15.0902156829834	27.3197326660156	-998.422729492188	-10.486439704895	23.0718250274658	-994.832397460938	-6.13483428955078	3.85000658035278	-1029.32641601562	-4.60130023956299	-13.6545686721802	-1010.61071777344	-17.8380718231201	-23.6536502838135	-1005.68426513672	-31.2780914306641	-12.9473752975464	-999.45068359375	-41.8148460388184	11.6583633422852	-991.938110351562	-35.6635093688965	13.8881368637085	-978.422668457031	-14.3793516159058	5.12700891494751	-996.709106445312	-30.3564682006836	11.4710521697998	-961.2880859375	-15.1307916641235	22.2670345306396	-962.909790039062	-7.05028915405273	23.738208770752	-957.02099609375	-7.17468976974487	15.8722362518311	-980.865844726562
PRI-7671	120.713897705078	-47.056812286377	-895.144470214844	120.99308013916	-40.1152534484863	-901.324035644531	NA	NA	NA	120.406524658203	-7.87474584579468	-938.58251953125	120.23405456543	-4.31026172637939	-942.671997070312	123.80770111084	67.451286315918	-900.213745117188	123.826011657715	47.625057220459	-889.546020507812	123.346984863281	31.4964866638184	-889.281982421875	121.899543762207	10.1492576599121	-905.576049804688	121.726593017578	-3.30546808242798	-896.74072265625	121.185089111328	-34.5976295471191	-897.787902832031	112.53490447998	-44.1119728088379	-894.908996582031	109.682609558105	-41.6183319091797	-894.081848144531	106.768463134766	-38.0268516540527	-892.804931640625	103.1552734375	-28.7855434417725	-891.18701171875	106.310043334961	-3.04630470275879	-888.753295898438	110.392295837402	2.07643842697144	-891.367248535156	NA	NA	NA	118.343040466309	-8.16163921356201	-931.68017578125	108.025741577148	-1.77254390716553	-940.908081054688	92.9430847167969	2.38950777053833	-930.417541503906	82.3416519165039	11.4243669509888	-905.793884277344	87.6953201293945	21.0048236846924	-901.417785644531	108.909851074219	3.53790187835693	-911.57177734375	95.6069717407227	36.8149185180664	-899.951110839844	108.935806274414	35.4177665710449	-890.326232910156	116.288650512695	40.8213958740234	-888.587646484375	115.452003479004	18.3777618408203	-899.514953613281	129.73030090332	-43.1377449035645	-895.0439453125	131.007553100586	-41.9629135131836	-894.7373046875	NA	NA	NA	138.884155273438	-27.6291084289551	-890.68212890625	137.761001586914	-3.3714292049408	-888.915893554688	134.176574707031	2.4826078414917	-891.673400878906	NA	NA	NA	123.033050537109	-8.06459045410156	-931.947326660156	132.708587646484	-1.89647316932678	-941.315612792969	149.869110107422	-0.699500799179077	-929.559448242188	160.558639526367	10.8712997436523	-907.080322265625	157.852874755859	18.8500003814697	-903.539672851562	133.129776000977	2.90610694885254	-911.755920410156	151.354110717773	35.1791954040527	-902.341918945312	137.949172973633	34.3209533691406	-891.377807617188	131.279174804688	38.7652053833008	-888.37744140625	129.652069091797	18.5910778045654	-899.885925292969
PRI-7672	125.744903564453	-57.6430625915527	-882.4873046875	125.798957824707	-50.9544677734375	-888.78955078125	125.285301208496	-40.6312065124512	-907.70556640625	125.620544433594	-15.923077583313	-930.917846679688	125.704216003418	-12.4697341918945	-935.201477050781	130.641555786133	66.4895629882812	-901.725036621094	129.568954467773	48.7677879333496	-884.084167480469	128.938522338867	32.1478996276855	-881.776794433594	127.592658996582	8.0207462310791	-897.767333984375	127.222442626953	-5.34020328521729	-886.702026367188	126.287551879883	-41.9736557006836	-884.997863769531	115.047996520996	-52.3631134033203	-883.2158203125	111.577583312988	-49.1333351135254	-881.327819824219	108.444786071777	-42.7047271728516	-878.344360351562	106.533126831055	-31.6736621856689	-876.6572265625	110.246391296387	-6.17974710464478	-876.633239746094	116.564117431641	-0.252422153949738	-881.281494140625	119.543563842773	-39.4272651672363	-904.450744628906	122.411376953125	-15.4874181747437	-922.645812988281	110.591819763184	-9.37478923797607	-932.93701171875	95.3836669921875	-1.5717099905014	-923.868469238281	84.5769653320312	9.52383708953857	-894.547973632812	90.6923980712891	19.619083404541	-893.910766601562	112.126693725586	-0.273397266864777	-902.622924804688	98.7332763671875	38.1064071655273	-896.854187011719	113.55101776123	36.0155410766602	-884.053771972656	122.224540710449	41.4352416992188	-881.82275390625	121.634895324707	16.8239631652832	-891.710815429688	136.181701660156	-52.271556854248	-882.797668457031	139.826049804688	-49.0810317993164	-881.643127441406	144.067352294922	-43.759952545166	-879.913391113281	146.92822265625	-32.483081817627	-877.801696777344	145.090850830078	-6.99303340911865	-876.64892578125	138.978576660156	-0.73256641626358	-881.441711425781	130.357986450195	-38.9732055664062	-904.918090820312	128.800384521484	-15.1381883621216	-924.466613769531	141.341293334961	-12.2231130599976	-933.208557128906	158.353179931641	-4.12295293807983	-924.996643066406	173.850601196289	5.5567684173584	-897.860046386719	166.443649291992	17.001033782959	-895.260009765625	141.781661987305	-0.01234220713377	-903.325073242188	159.574493408203	35.3887939453125	-896.393920898438	145.514953613281	35.1553916931152	-885.231201171875	136.801498413086	41.0305938720703	-881.812927246094	135.480163574219	16.9121398925781	-892.460205078125
PRI-7997	131.892974853516	-64.186393737793	-854.812133789062	132.088684082031	-54.5827331542969	-862.751831054688	131.815383911133	-39.7050323486328	-879.644470214844	132.717636108398	-15.0601892471313	-899.029602050781	132.811737060547	-9.91780853271484	-904.062622070312	135.002044677734	62.3610038757324	-859.281494140625	133.826065063477	43.7220230102539	-847.628112792969	133.320129394531	26.056547164917	-847.768127441406	133.512557983398	6.6880464553833	-865.010864257812	133.029388427734	-9.81712245941162	-856.705810546875	132.294296264648	-45.9585838317871	-858.029418945312	121.89476776123	-59.2667999267578	-854.717529296875	119.220863342285	-56.3013305664062	-852.939208984375	116.406524658203	-50.1009178161621	-849.542053222656	114.769775390625	-37.9251403808594	-847.236755371094	118.958297729492	-12.3501749038696	-846.829956054688	122.593650817871	-6.1227970123291	-849.839416503906	126.494834899902	-39.0632858276367	-876.26953125	130.167984008789	-14.8058166503906	-892.727416992188	118.581726074219	-9.7296953201294	-900.637390136719	NA	NA	NA	NA	NA	NA	NA	NA	NA	119.447486877441	-1.85779571533203	-870.627807617188	104.701675415039	32.8783149719238	-858.907104492188	118.712783813477	29.2738513946533	-849.682861328125	126.29175567627	34.844352722168	-846.733581542969	126.858100891113	13.028265953064	-858.654602050781	142.090713500977	-59.6672744750977	-853.936157226562	145.511566162109	-57.3392944335938	-852.858337402344	148.481826782227	-51.5652847290039	-849.688110351562	NA	NA	NA	148.221313476562	-13.5978269577026	-846.346374511719	143.954116821289	-6.34088802337646	-849.783874511719	138.339508056641	-39.5797386169434	-876.331359863281	135.888549804688	-14.2414636611938	-892.437133789062	145.666625976562	-9.0089282989502	-902.91064453125	163.985000610352	-3.43232750892639	-890.332214355469	173.267776489258	2.84555625915527	-858.322387695312	165.557281494141	12.4579849243164	-859.504638671875	146.837844848633	-2.17070126533508	-870.967956542969	163.103271484375	30.6058578491211	-857.968811035156	149.382781982422	28.5816612243652	-848.443054199219	141.82878112793	34.3388481140137	-846.0048828125	140.461044311523	13.2033681869507	-858.373291015625
PRI-7999	126.796081542969	-59.5860214233398	-887.7529296875	126.884132385254	-53.910400390625	-895.140197753906	126.370277404785	-42.8756828308105	-912.088256835938	125.82861328125	-19.2328243255615	-934.739685058594	126.020179748535	-15.2026290893555	-939.931274414062	132.16650390625	61.9043617248535	-902.54541015625	129.839080810547	43.0123291015625	-886.739929199219	128.519332885742	26.11403465271	-886.261047363281	126.837600708008	4.31461000442505	-903.993408203125	126.741134643555	-7.3115406036377	-893.085083007812	126.730644226074	-44.9905471801758	-891.311279296875	116.234466552734	-53.1384582519531	-888.077087402344	115.158172607422	-51.4377059936523	-886.474060058594	112.283683776855	-43.6882934570312	-884.537292480469	110.195838928223	-33.498779296875	-882.494873046875	113.584930419922	-7.24301290512085	-882.524291992188	117.148399353027	-2.57185006141663	-887.085754394531	121.359825134277	-40.7717590332031	-910.398986816406	123.54077911377	-18.2692413330078	-928.379760742188	111.94327545166	-14.7069005966187	-936.223693847656	97.1163330078125	-5.6364574432373	-927.339721679688	86.2011108398438	7.61809921264648	-899.384460449219	93.6038436889648	14.7446718215942	-897.228881835938	113.615074157715	-2.67815136909485	-908.722351074219	100.717483520508	32.2119636535645	-898.782287597656	113.081100463867	31.5197525024414	-888.416687011719	121.642272949219	35.8443298339844	-885.399169921875	120.072677612305	14.6712331771851	-897.374389648438	137.078430175781	-53.1847801208496	-888.115417480469	138.343063354492	-51.7065124511719	-886.892028808594	141.708023071289	-43.737907409668	-884.990173339844	144.285552978516	-33.9409790039062	-883.44580078125	140.631591796875	-8.26217651367188	-883.266906738281	137.675140380859	-4.10160446166992	-887.42822265625	131.837585449219	-40.8148994445801	-910.732116699219	129.085083007812	-18.4963893890381	-928.357482910156	140.093566894531	-15.6904239654541	-936.724182128906	156.500198364258	-7.83766603469849	-928.218811035156	169.408676147461	4.62981414794922	-898.972717285156	163.44970703125	11.0265321731567	-898.330383300781	138.540771484375	-4.26200246810913	-908.886596679688	158.631195068359	28.2974433898926	-899.507080078125	144.529083251953	29.7388496398926	-889.131408691406	136.5048828125	34.7434120178223	-885.8076171875	135.015716552734	13.5255346298218	-897.547302246094
PRI-8000	113.788581848145	-59.0429916381836	-858.849182128906	114.045127868652	-53.5397338867188	-865.626159667969	114.440795898438	-44.9873580932617	-882.107299804688	115.120712280273	-23.9305992126465	-904.567260742188	115.134010314941	-21.065616607666	-908.862426757812	115.67211151123	51.9921112060547	-875.288757324219	114.851165771484	33.9281005859375	-860.423278808594	114.355575561523	19.9085884094238	-857.019470214844	113.901763916016	-0.585693359375	-871.25341796875	113.691711425781	-14.0732107162476	-863.464477539062	113.87239074707	-46.5158767700195	-861.68896484375	104.81184387207	-54.3340072631836	-859.240966796875	103.296203613281	-53.2913513183594	-858.863952636719	100.159629821777	-48.6305541992188	-857.759033203125	96.6500778198242	-39.6104621887207	-855.946166992188	97.2527236938477	-16.6527652740479	-854.644653320312	102.983345031738	-8.69256591796875	-857.217712402344	109.031776428223	-44.5797157287598	-878.466247558594	112.337608337402	-23.8824062347412	-896.132934570312	101.016906738281	-19.0889320373535	-906.173278808594	85.4148788452148	-13.4763031005859	-896.664428710938	75.5643920898438	-4.71987771987915	-871.093811035156	81.7517318725586	6.93755197525024	-870.4111328125	102.018783569336	-9.92332649230957	-877.644165039062	86.896125793457	23.6740818023682	-871.655944824219	100.2119140625	22.5122299194336	-859.48291015625	108.303428649902	27.9969043731689	-858.419555664062	107.964004516602	5.84188079833984	-866.595031738281	123.565269470215	-54.8029823303223	-859.175964355469	125.372253417969	-53.7526321411133	-858.818542480469	127.478019714355	-49.350456237793	-857.752624511719	130.88786315918	-40.6778717041016	-856.401428222656	130.878555297852	-17.6458988189697	-854.913024902344	124.993057250977	-9.73587989807129	-857.755615234375	119.883155822754	-44.394401550293	-878.683715820312	117.733505249023	-23.7179489135742	-896.151977539062	129.917602539062	-19.2224082946777	-905.092712402344	144.786270141602	-15.0134563446045	-894.644165039062	152.949462890625	-7.47730207443237	-869.068786621094	147.958892822266	5.41465759277344	-869.495849609375	127.044075012207	-9.1680154800415	-878.418640136719	142.709381103516	21.2225170135498	-871.051025390625	128.786239624023	20.651798248291	-860.623291015625	121.524208068848	27.4536647796631	-858.570434570312	120.780693054199	5.03244829177856	-866.489440917969
PRI-8079	127.692367553711	-65.1846313476562	-881.519226074219	127.987312316895	-60.8075675964355	-887.28125	129.178527832031	-51.1230583190918	-906.488098144531	130.472640991211	-25.5365085601807	-933.025207519531	130.645034790039	-21.6899166107178	-937.711364746094	132.624313354492	60.9834785461426	-908.306640625	131.476318359375	43.7281188964844	-890.495056152344	130.661727905273	26.3207683563232	-886.875183105469	130.222427368164	1.47864580154419	-902.905029296875	129.317108154297	-12.4755554199219	-889.496826171875	128.38591003418	-50.0070381164551	-885.84912109375	116.039657592773	-59.0465469360352	-883.740966796875	114.874557495117	-57.6582641601562	-883.824890136719	111.027473449707	-49.4585762023926	-881.49462890625	108.881675720215	-37.2063140869141	-879.697021484375	115.150604248047	-11.0744981765747	-881.88427734375	118.337120056152	-6.83227443695068	-884.499877929688	123.9423828125	-49.0872802734375	-904.724426269531	127.601081848145	-26.0984134674072	-924.685119628906	115.341178894043	-19.9456405639648	-936.518859863281	99.9295654296875	-11.5802173614502	-926.08642578125	NA	NA	NA	95.3907318115234	10.2068023681641	-898.617736816406	116.663543701172	-8.50878620147705	-905.853759765625	101.254684448242	31.0353164672852	-902.045593261719	114.788467407227	32.0841407775879	-890.045776367188	123.895378112793	37.2303924560547	-887.136779785156	123.835304260254	11.2559604644775	-896.949096679688	139.721481323242	-59.6369895935059	-882.47900390625	141.029220581055	-58.0465812683105	-882.268005371094	144.349838256836	-50.6276779174805	-879.777587890625	147.30696105957	-38.7441101074219	-878.822204589844	143.622543334961	-12.5207767486572	-881.820373535156	140.105804443359	-7.96723508834839	-884.524475097656	134.773452758789	-49.3528099060059	-904.421813964844	133.431884765625	-24.7662334442139	-924.38232421875	145.742904663086	-20.8549480438232	-935.717529296875	161.288879394531	-14.8018646240234	-923.943420410156	170.170135498047	-3.72890472412109	-896.445251464844	166.01969909668	8.01213455200195	-896.402587890625	143.801162719727	-8.98983860015869	-906.541076660156	161.567276000977	28.6113185882568	-899.121459960938	147.324630737305	29.6832008361816	-889.857666015625	138.607345581055	36.9833564758301	-886.517944335938	137.733322143555	11.0479183197021	-896.770690917969
PRI-8083	125.791389465332	-53.9626235961914	-885.710388183594	126.007362365723	-47.6201438903809	-892.564331054688	126.335983276367	-34.6698341369629	-911.145263671875	127.147087097168	-11.8297834396362	-934.362731933594	127.249458312988	-7.59194374084473	-939.012023925781	131.096405029297	69.4190444946289	-905.098693847656	129.789077758789	50.7356033325195	-885.469604492188	128.913330078125	36.054859161377	-882.460510253906	128.059204101562	12.2644243240356	-901.284973144531	127.933639526367	-1.09300494194031	-889.2919921875	126.155311584473	-37.2985992431641	-888.54638671875	114.438041687012	-47.7648468017578	-885.620544433594	112.34432220459	-45.9387016296387	-885.465454101562	108.91187286377	-39.2233200073242	-883.408447265625	106.92106628418	-27.3340473175049	-881.029968261719	112.056350708008	-0.109363831579685	-881.01416015625	116.330497741699	4.04371356964111	-883.796630859375	121.052635192871	-33.0354957580566	-908.542724609375	124.317398071289	-11.2374496459961	-925.3173828125	111.758628845215	-7.39582777023315	-934.690124511719	97.011848449707	5.07917261123657	-926.714660644531	84.0764999389648	13.0476589202881	-898.561767578125	93.7104415893555	22.0189323425293	-897.567810058594	113.010543823242	4.95271015167236	-906.072143554688	99.0780944824219	42.1109313964844	-898.512145996094	113.265357971191	40.0010948181152	-886.738830566406	121.3095703125	45.1734161376953	-882.791015625	120.475280761719	22.8548145294189	-895.327331542969	137.180618286133	-47.8381195068359	-885.343200683594	139.014999389648	-46.4892387390137	-883.968994140625	142.246536254883	-40.2017097473145	-881.543640136719	144.792129516602	-28.3367862701416	-879.459411621094	141.531234741211	-1.25701594352722	-879.680114746094	139.1806640625	3.3724160194397	-883.161071777344	132.461791992188	-32.9521484375	-908.312255859375	130.731781005859	-10.3296613693237	-925.52197265625	144.811676025391	-7.49513864517212	-935.090087890625	161.464965820312	1.14957928657532	-924.850952148438	171.53840637207	8.66029644012451	-897.615295410156	164.991073608398	20.007022857666	-896.757690429688	141.839080810547	3.99388313293457	-905.85791015625	159.056625366211	40.010196685791	-897.402038574219	145.460372924805	39.0115051269531	-885.844604492188	136.549087524414	45.2454299926758	-882.8037109375	135.977188110352	22.3245887756348	-894.118225097656
PRI-8084	129.444091796875	-53.8823051452637	-877.4580078125	129.143463134766	-47.3772850036621	-883.869140625	NA	NA	NA	128.413650512695	-11.7791233062744	-930.142517089844	128.483032226562	-7.74022102355957	-935.020568847656	131.164825439453	70.5464706420898	-899.414916992188	131.365447998047	52.1887817382812	-882.492126464844	130.323120117188	35.5521774291992	-879.232666015625	129.04345703125	11.9406251907349	-898.903869628906	129.72102355957	-2.2299177646637	-887.703552246094	129.179382324219	-37.4079933166504	-882.978271484375	NA	NA	NA	NA	NA	NA	NA	NA	NA	111.312675476074	-30.8588542938232	-872.250793457031	113.367149353027	-4.04012537002563	-874.39013671875	119.011962890625	2.80928754806519	-880.801879882812	NA	NA	NA	125.851402282715	-11.4415512084961	-922.72705078125	114.478530883789	-5.44734144210815	-933.152770996094	98.1795272827148	-0.813242614269257	-923.088928222656	NA	NA	NA	93.8129196166992	22.3532485961914	-890.705200195312	115.952430725098	3.47411131858826	-901.932922363281	99.526481628418	42.7074089050293	-893.270385742188	115.106178283691	39.7061462402344	-882.877258300781	122.898414611816	43.1916084289551	-879.254577636719	123.083068847656	20.9728622436523	-890.405212402344	139.825271606445	-49.8267517089844	-878.826232910156	142.2822265625	-47.2311210632324	-878.578063964844	148.459823608398	-39.870491027832	-875.98681640625	NA	NA	NA	146.717391967773	-4.68262815475464	-874.449829101562	141.209655761719	2.27374982833862	-881.197265625	NA	NA	NA	131.744369506836	-11.0201120376587	-922.198852539062	142.688293457031	-6.83376789093018	-932.2177734375	160.480239868164	-3.89948296546936	-921.356567382812	174.988082885742	6.87603807449341	-893.586608886719	167.869506835938	17.520393371582	-892.455444335938	142.960754394531	2.17256426811218	-901.458984375	162.383941650391	38.2760696411133	-894.224243164062	146.34489440918	38.6965637207031	-882.496459960938	138.941925048828	42.4465293884277	-879.78759765625	136.881637573242	20.1819000244141	-890.584594726562
PRI-8085	128.171463012695	-56.538703918457	-850.066040039062	128.313262939453	-51.2969398498535	-856.163757324219	127.988372802734	-39.1641731262207	-873.041137695312	128.037490844727	-13.8652820587158	-896.496154785156	128.259033203125	-10.7461919784546	-901.024536132812	NA	NA	NA	125.213325500488	53.411563873291	-851.889953613281	125.864311218262	38.0257759094238	-848.275817871094	127.218772888184	12.1309719085693	-862.6611328125	127.714057922363	-2.71761989593506	-853.112365722656	127.717483520508	-41.6938819885254	-853.122680664062	117.821151733398	-50.7267189025879	-851.484191894531	114.958992004395	-47.4965019226074	-850.185974121094	110.227088928223	-42.2471466064453	-848.93359375	107.609092712402	-29.9482288360596	-847.282043457031	111.76798248291	-2.37077260017395	-844.550720214844	116.742736816406	2.48797392845154	-848.7021484375	121.917282104492	-37.8122749328613	-870.766906738281	125.177032470703	-13.2867126464844	-887.860290527344	114.017120361328	-9.14284038543701	-899.858459472656	96.5918502807617	-2.64559674263	-891.836547851562	84.5811386108398	7.3103837966919	-865.166076660156	90.7400817871094	19.9140472412109	-863.104553222656	113.155204772949	2.24044823646545	-868.675659179688	95.5592193603516	39.559741973877	-865.618957519531	111.412933349609	40.7189064025879	-851.600891113281	118.270797729492	47.3026466369629	-850.188110351562	119.763832092285	22.117504119873	-857.734497070312	137.787734985352	-50.874195098877	-849.808044433594	141.436386108398	-47.4605484008789	-848.110595703125	144.8056640625	-42.1172294616699	-846.820739746094	147.616195678711	-29.7860889434814	-845.537109375	143.775314331055	-3.15119314193726	-842.726989746094	139.156677246094	2.91550445556641	-847.759216308594	133.910446166992	-37.3763008117676	-870.52587890625	130.615249633789	-12.5569829940796	-888.184204101562	NA	NA	NA	NA	NA	NA	170.110443115234	10.1476364135742	-862.738159179688	163.977355957031	21.3582763671875	-861.642700195312	140.358383178711	3.78145122528076	-868.820434570312	158.139724731445	41.3026123046875	-864.211242675781	141.723937988281	40.6535034179688	-850.171630859375	133.469863891602	47.3455238342285	-849.080261230469	134.619155883789	21.5472316741943	-857.662902832031
PRI-8086	125.285110473633	-59.0056266784668	-846.914184570312	125.446907043457	-52.9856262207031	-852.03369140625	126.034393310547	-41.0102806091309	-871.023132324219	128.823257446289	-17.6110038757324	-893.95751953125	129.072052001953	-14.3446645736694	-898.363952636719	128.007537841797	65.6459426879883	-859.563110351562	127.023139953613	46.6034317016602	-843.104736328125	127.006462097168	30.6562900543213	-842.06103515625	127.75651550293	6.22120809555054	-859.703918457031	127.426696777344	-8.32808017730713	-849.470825195312	125.587341308594	-43.1337013244629	-849.33154296875	115.386589050293	-52.9867820739746	-847.206909179688	114.36157989502	-50.9767799377441	-846.695190429688	109.903114318848	-45.3926200866699	-845.238647460938	106.936058044434	-35.1890754699707	-842.019653320312	111.277549743652	-9.74265575408936	-841.092346191406	116.095474243164	-4.30070972442627	-845.096923828125	120.670066833496	-39.6522331237793	-868.742004394531	125.566505432129	-17.2071437835693	-885.497741699219	114.085510253906	-12.6170597076416	-896.53955078125	97.9677200317383	-5.65864086151123	-887.182861328125	84.0196228027344	4.7093677520752	-860.000305175781	90.4996948242188	15.9662780761719	-857.035888671875	113.774841308594	-4.144287109375	-865.660339355469	96.5845031738281	35.5640563964844	-857.490051269531	110.596992492676	34.4547462463379	-844.707824707031	118.712524414062	38.9302215576172	-841.831604003906	120.533065795898	15.2603883743286	-852.285888671875	134.851364135742	-53.0118064880371	-846.290283203125	136.402053833008	-51.9989433288574	-845.800659179688	140.505981445312	-46.2374954223633	-843.033386230469	143.365768432617	-35.9942359924316	-840.066284179688	142.542434692383	-10.7683897018433	-838.570983886719	137.495391845703	-4.00943946838379	-843.024169921875	131.862869262695	-39.8932762145996	-868.351623535156	131.436904907227	-17.163948059082	-885.535339355469	144.558090209961	-12.962233543396	-895.328857421875	160.283935546875	-7.01350021362305	-883.427490234375	167.558029174805	3.65172600746155	-855.724060058594	162.958404541016	15.9280366897583	-851.695068359375	141.128128051758	-3.6540732383728	-863.754760742188	158.618133544922	34.5487480163574	-853.214477539062	142.465072631836	33.7783317565918	-842.189819335938	135.395980834961	38.7765159606934	-840.383972167969	134.371658325195	15.1832818984985	-852.574157714844
PRI-8087	111.900329589844	-42.4115867614746	-894.621032714844	112.016258239746	-36.2858619689941	-900.819030761719	112.885848999023	-25.387580871582	-917.344970703125	113.869110107422	-7.07989597320557	-936.028564453125	113.907974243164	-4.12144374847412	-939.785827636719	118.031097412109	67.8047027587891	-905.300537109375	117.281806945801	50.3359794616699	-892.491149902344	115.697174072266	34.6941070556641	-891.225524902344	114.35066986084	13.9431228637695	-905.585144042969	113.517478942871	0.326569229364395	-896.756652832031	111.931343078613	-30.0662536621094	-897.783508300781	103.42919921875	-37.5828437805176	-895.599731445312	101.507400512695	-35.1835975646973	-894.248901367188	98.5352401733398	-31.7094764709473	-892.4365234375	96.0214996337891	-23.0805263519287	-890.538818359375	99.3680572509766	-0.0409100018441677	-887.633422851562	103.64567565918	5.23570251464844	-891.987121582031	108.322784423828	-25.9747562408447	-914.155944824219	111.652854919434	-6.62446928024292	-928.834167480469	101.529487609863	-0.620291113853455	-938.710327148438	87.354133605957	5.22593784332275	-928.833618164062	76.7409133911133	12.0978689193726	-903.540222167969	83.9821395874023	24.0402927398682	-900.938598632812	101.149040222168	5.09374332427979	-909.619934082031	88.9382781982422	38.7645416259766	-902.679138183594	101.419105529785	38.9549217224121	-892.254577636719	108.92561340332	44.0196304321289	-890.446899414062	108.970748901367	21.8088665008545	-899.215148925781	120.63166809082	-37.4675559997559	-894.921691894531	121.615417480469	-36.5981216430664	-894.380065917969	124.374099731445	-33.552303314209	-892.446166992188	128.736862182617	-24.6935882568359	-890.256286621094	128.527328491211	-1.62745451927185	-887.434997558594	124.016067504883	4.00195693969727	-891.77099609375	117.339225769043	-26.6362018585205	-913.592346191406	116.148948669434	-7.40596055984497	-928.965942382812	127.859230041504	-2.04573750495911	-937.949401855469	142.362716674805	0.680436670780182	-928.599792480469	153.669525146484	8.03368091583252	-903.645080566406	147.035400390625	19.8607082366943	-901.296447753906	126.398941040039	4.23833894729614	-909.65185546875	143.279678344727	34.9935760498047	-903.12744140625	130.062103271484	37.5548934936523	-892.122924804688	123.867851257324	42.6354484558105	-890.523071289062	120.580299377441	21.005298614502	-899.366333007812
PRI-8091	136.952377319336	-66.2035293579102	-884.054565429688	137.290969848633	-59.7993774414062	-891.217346191406	137.631225585938	-46.9653663635254	-908.517639160156	138.830810546875	-17.2690811157227	-932.507446289062	138.769683837891	-13.4692440032959	-936.6884765625	146.941604614258	67.5778884887695	-901.216918945312	145.555130004883	43.8776779174805	-883.566650390625	143.921096801758	28.2299156188965	-880.7880859375	140.89338684082	4.20421600341797	-897.325012207031	140.311553955078	-11.9560585021973	-886.980163574219	137.810577392578	-49.3280639648438	-887.030883789062	126.488792419434	-59.9531440734863	-883.8232421875	123.558601379395	-55.3894538879395	-882.063842773438	120.945274353027	-48.339771270752	-880.155212402344	119.507484436035	-36.9423828125	-877.020202636719	123.70841217041	-11.5012826919556	-873.791381835938	129.63786315918	-5.94459629058838	-880.255065917969	132.466613769531	-41.5739517211914	-906.777404785156	136.370681762695	-16.5744895935059	-924.763122558594	123.592277526855	-10.1121511459351	-934.550415039062	108.036865234375	-3.75828528404236	-924.648559570312	94.0663604736328	10.7086944580078	-895.974975585938	103.35075378418	18.6538982391357	-892.332946777344	125.848793029785	-2.10849094390869	-901.784301757812	113.017707824707	37.6858596801758	-894.23193359375	128.738784790039	33.8882904052734	-882.232116699219	137.958923339844	38.664867401123	-880.44873046875	135.415908813477	15.388111114502	-889.414184570312	148.208267211914	-61.2688102722168	-883.951782226562	151.884628295898	-57.9535942077637	-882.180053710938	154.930053710938	-51.5846328735351	-881.367248535156	158.445831298828	-40.9347953796387	-878.292297363281	157.431854248047	-15.0559301376343	-875.490295410156	152.046737670898	-7.76724100112915	-881.244262695312	143.938003540039	-42.8019905090332	-907.1171875	142.079864501953	-17.2660465240479	-924.743957519531	155.327301025391	-12.155930519104	-935.8232421875	172.296676635742	-11.799524307251	-924.954467773438	188.791534423828	1.6702538728714	-897.811096191406	181.528518676758	12.0935354232788	-894.979064941406	155.468460083008	-4.9845700263977	-903.328430175781	175.213577270508	31.3354969024658	-896.721862792969	158.986923217773	30.6161441802979	-884.22412109375	152.228927612305	37.2315444946289	-880.868835449219	148.821166992188	13.2526960372925	-892.165405273438
PRI-8097	112.500495910645	-46.9199867248535	-850.233337402344	112.372398376465	-43.2326469421387	-855.603881835938	112.369522094727	-34.536548614502	-872.38330078125	111.994506835938	-14.2267665863037	-893.6171875	111.845687866211	-10.848295211792	-898.176147460938	114.088264465332	64.1566467285156	-864.883361816406	114.350852966309	47.7904739379883	-849.715270996094	114.060768127441	32.2171020507812	-846.440063476562	112.747085571289	9.11900329589844	-863.213684082031	113.05867767334	-4.01170015335083	-852.214538574219	112.39754486084	-34.8189430236816	-852.955505371094	102.887908935547	-41.754638671875	-849.8876953125	102.156326293945	-40.9696006774902	-849.548583984375	98.1451568603516	-36.493221282959	-848.922668457031	95.1294479370117	-26.5563011169434	-846.361145019531	99.0249557495117	-3.18151211738586	-849.201171875	102.74528503418	0.439912468194961	-849.421447753906	107.447227478027	-33.1589698791504	-868.896545410156	109.471099853516	-13.5379161834717	-885.515014648438	98.5004348754883	-7.90455389022827	-894.867736816406	84.6600112915039	-0.342854022979736	-885.9755859375	75.3023529052734	8.31303882598877	-863.056762695312	81.7773895263672	18.6828899383545	-859.732360839844	99.5306091308594	1.01771175861359	-867.494567871094	85.3210830688477	35.3213806152344	-861.641174316406	99.1718444824219	35.7627105712891	-849.638061523438	106.852584838867	41.2894401550293	-847.467041015625	NA	NA	NA	122.356163024902	-41.8888854980469	-850.680297851562	123.263679504395	-41.2937698364258	-850.662902832031	NA	NA	NA	131.046691894531	-26.2890567779541	-847.004028320312	126.453903198242	-2.90509819984436	-849.524353027344	122.976264953613	0.362810641527176	-849.278442382812	117.005012512207	-32.763298034668	-869.93603515625	114.611846923828	-13.414493560791	-886.062438964844	126.0927734375	-8.95101261138916	-896.020080566406	140.508666992188	-2.86385703086853	-886.031311035156	150.777526855469	7.01750230789185	-862.237121582031	145.420715332031	16.8201541900635	-859.541320800781	125.748207092285	0.0519501976668835	-868.180358886719	140.994781494141	33.2163276672363	-861.469482421875	128.277908325195	34.5972137451172	-849.637084960938	121.683364868164	40.5400543212891	-846.703918457031	119.798477172852	17.1684589385986	-857.007446289062
PRI-8099	134.477813720703	-68.4557037353516	-842.071899414062	134.055404663086	-60.4602088928223	-849.703674316406	133.228607177734	-45.6162796020508	-868.797241210938	132.882537841797	-19.1273937225342	-892.178283691406	132.952606201172	-14.6924953460693	-897.022216796875	138.289520263672	65.6066818237305	-854.382690429688	138.353363037109	44.8923263549805	-837.989013671875	137.628982543945	27.0003356933594	-836.361572265625	135.949081420898	4.30038404464722	-855.010986328125	135.937423706055	-11.9536876678467	-843.535400390625	134.611450195312	-50.374885559082	-844.612731933594	123.313842773438	-62.0825462341309	-840.873107910156	120.011390686035	-59.9396438598633	-839.391845703125	118.198677062988	-53.3961372375488	-834.967712402344	116.033332824707	-41.7765464782715	-832.784851074219	119.348617553711	-14.8792877197266	-830.725219726562	124.411178588867	-8.07462692260742	-836.132934570312	127.667594909668	-43.7832641601562	-865.914428710938	129.986663818359	-18.1240081787109	-883.267028808594	115.654502868652	-13.7650775909424	-893.028442382812	100.829597473145	-2.17974615097046	-883.290832519531	88.2170333862305	6.17608499526978	-849.786010742188	97.6299667358398	13.623104095459	-848.533020019531	122.048065185547	-4.67174673080444	-860.388305664062	105.941390991211	34.232105255127	-849.451599121094	121.937858581543	30.8214740753174	-838.050720214844	130.246002197266	35.4996643066406	-835.484924316406	128.650482177734	12.0762901306152	-847.201538085938	145.022064208984	-61.965648651123	-842.264892578125	148.020706176758	-60.3820991516113	-841.177429199219	151.885803222656	-54.0324897766113	-837.052001953125	155.119812011719	-43.0119361877441	-835.77001953125	155.064926147461	-16.3121700286865	-832.753234863281	148.355865478516	-7.97873544692993	-837.505493164062	139.609069824219	-44.5292930603027	-865.69775390625	137.006484985352	-18.0371322631836	-883.128540039062	152.228088378906	-13.4356069564819	-895.643676757812	168.073989868164	-4.42075109481812	-885.777648925781	183.336410522461	4.44455718994141	-854.905029296875	176.070755004883	12.2596187591553	-852.467590332031	149.166625976562	-4.29544973373413	-861.782043457031	168.903381347656	33.3305625915527	-853.17431640625	154.226440429688	30.2824649810791	-839.862854003906	145.632446289062	35.1694297790527	-836.5615234375	143.114028930664	11.3959817886353	-848.815551757812
PRI-8100	131.12532043457	-62.1045951843262	-849.03076171875	131.267135620117	-56.6196594238281	-856.261352539062	131.202651977539	-43.1327209472656	-873.81005859375	131.90950012207	-15.794921875	-894.748046875	132.176940917969	-10.8846807479858	-899.660705566406	134.397750854492	66.5204010009766	-861.621459960938	134.282073974609	46.2752151489258	-845.294799804688	133.938018798828	30.6787166595459	-844.482604980469	132.970809936523	6.0404257774353	-861.268737792969	132.578231811523	-8.59158515930176	-850.755554199219	131.268859863281	-46.7252769470215	-852.416381835938	120.897499084473	-56.6195945739746	-849.293640136719	117.789413452148	-53.8786544799805	-847.49560546875	115.212944030762	-48.1529235839844	-845.843078613281	113.600196838379	-37.2905540466309	-843.565734863281	117.620147705078	-11.7788333892822	-839.791809082031	122.97533416748	-4.83048582077026	-845.313049316406	126.117309570312	-43.0283279418945	-870.062072753906	128.987579345703	-16.1409378051758	-887.416809082031	115.659896850586	-9.22866344451904	-897.491088867188	101.177604675293	-3.48486042022705	-887.628295898438	88.3482818603516	4.46674299240112	-859.588195800781	97.5715942382812	15.5007858276367	-856.830749511719	118.044311523438	-2.31202840805054	-866.734191894531	103.482574462891	34.169563293457	-857.306030273438	118.402870178223	33.0446472167969	-846.728149414062	127.186187744141	38.8640556335449	-844.548278808594	126.507797241211	14.9673404693604	-854.094360351562	141.573181152344	-57.3360824584961	-849.565856933594	144.304382324219	-54.3573608398438	-848.095886230469	147.824661254883	-48.1447257995605	-845.328430175781	150.107879638672	-38.7104301452637	-842.765502929688	148.253463745117	-12.4739112854004	-839.698425292969	143.345932006836	-5.08427715301514	-845.305297851562	137.153381347656	-43.0592155456543	-869.779113769531	135.406890869141	-15.6776971817017	-887.551147460938	148.763824462891	-8.47694778442383	-897.765747070312	165.335113525391	-4.79309225082397	-886.711853027344	177.567611694336	3.79328680038452	-859.178894042969	169.997528076172	14.6982507705688	-856.800231933594	147.113571166992	-3.70407652854919	-866.535888671875	164.648895263672	33.7092437744141	-857.15283203125	149.901626586914	32.0386848449707	-846.694274902344	141.984069824219	39.0914573669434	-844.094543457031	140.711029052734	14.7592964172363	-854.520568847656
PRI-8101	NA	NA	NA	131.977645874023	-49.5690231323242	-894.240295410156	131.692474365234	-34.8212471008301	-913.320068359375	134.207397460938	-10.8188343048096	-935.111450195312	134.63362121582	-7.6322546005249	-940.33203125	140.229644775391	69.9303512573242	-904.4560546875	137.762634277344	50.2911605834961	-887.849792480469	136.553009033203	33.9567337036133	-886.088684082031	135.676223754883	12.2666082382202	-903.575866699219	133.810028076172	-3.22061562538147	-892.420776367188	132.596664428711	-38.4553260803223	-891.169616699219	NA	NA	NA	NA	NA	NA	116.079658508301	-39.518383026123	-884.429992675781	113.623916625977	-26.9900379180908	-883.922485351562	119.165649414062	-0.508568823337555	-886.988830566406	123.231925964355	3.94955849647522	-887.384216308594	125.655555725098	-33.6143341064453	-910.343200683594	131.269271850586	-10.5905132293701	-927.090209960938	119.943313598633	-7.54554414749146	-936.689880371094	103.854377746582	3.13515686988831	-930.57958984375	91.4617385864258	12.995677947998	-904.61669921875	100.236549377441	23.2675132751465	-901.420166015625	121.456298828125	4.77689599990845	-909.434326171875	106.471961975098	40.6744155883789	-901.464111328125	121.072166442871	39.0418891906738	-889.844055175781	129.259994506836	44.0899772644043	-885.538330078125	129.17839050293	22.1767711639404	-896.598571777344	NA	NA	NA	NA	NA	NA	148.711380004883	-41.8514518737793	-885.000427246094	151.792587280273	-29.2467098236084	-883.965576171875	148.315872192383	-2.04226303100586	-885.767517089844	145.346893310547	2.10356640815735	-887.253662109375	138.721267700195	-34.6864929199219	-910.165649414062	137.248977661133	-10.6316823959351	-927.015686035156	149.546768188477	-8.66162490844727	-936.121887207031	166.550735473633	-1.08939933776855	-928.912231445312	179.454711914062	8.38878059387207	-901.708862304688	171.07795715332	19.3479156494141	-899.626892089844	149.55305480957	4.59025812149048	-908.935363769531	168.517730712891	38.2671012878418	-899.869201660156	153.485153198242	36.8972549438477	-888.573181152344	145.374740600586	43.2797737121582	-884.972106933594	143.389007568359	20.7594947814941	-896.737365722656
PRI-8644	-1.12777590751648	-59.714729309082	-1041.56689453125	-1.31157600879669	-55.4829177856445	-1034.4501953125	-0.851104557514191	-42.9087448120117	-1012.38446044922	0.0723666548728943	-17.8870067596436	-988.347473144531	0.00671099871397018	-13.3089618682861	-981.585327148438	4.8367772102356	72.295524597168	-1014.59686279297	3.58745551109314	54.0605735778809	-1034.7978515625	2.37429475784302	36.2591171264648	-1038.10070800781	0.976239144802094	8.01135063171387	-1021.19677734375	0.381669759750366	-6.64105558395386	-1033.45520019531	-0.835957050323486	-42.5392227172852	-1036.22583007812	11.3135108947754	-54.1179046630859	-1040.08154296875	12.5909118652344	-52.4983406066895	-1040.31494140625	16.926342010498	-43.0256958007812	-1042.68103027344	19.8020935058594	-31.9082012176514	-1044.13317871094	17.6000843048096	-4.75345516204834	-1042.77514648438	13.0817499160767	-0.684124112129211	-1039.61157226562	4.29347658157349	-40.0582695007324	-1013.75848388672	3.21136689186096	-16.7655010223389	-995.183715820312	17.5696792602539	-12.7294979095459	-986.09130859375	35.7295532226562	-6.8764705657959	-995.354675292969	47.854175567627	5.2058801651001	-1025.93005371094	39.3879165649414	16.9503841400146	-1025.96398925781	14.8291549682617	-2.45167422294617	-1019.24371337891	36.5137405395508	37.9321708679199	-1022.58001708984	22.5483455657959	39.0297966003418	-1034.36047363281	10.3287210464478	45.7433738708496	-1037.63818359375	10.2180919647217	18.9591178894043	-1029.79577636719	-13.3685932159424	-53.2301864624023	-1041.09851074219	-14.4581489562988	-51.8112144470215	-1041.16296386719	-18.0016498565674	-42.5016746520996	-1043.24768066406	-20.641450881958	-31.0853004455566	-1044.94921875	-16.422908782959	-3.72912549972534	-1043.43530273438	-11.5494232177734	-0.0618741810321808	-1040.02673339844	-6.6120753288269	-40.0990829467773	-1014.10015869141	-3.73831009864807	-15.9494113922119	-994.678527832031	-17.5761604309082	-11.7739810943604	-986.0693359375	-35.054069519043	-5.17852783203125	-995.770629882812	-46.7919883728027	11.0282030105591	-1025.74536132812	-38.173038482666	19.8980731964111	-1025.99731445312	-15.0034856796265	-1.31456959247589	-1018.81304931641	-31.617977142334	40.8292083740234	-1022.53674316406	-16.2315368652344	41.1224136352539	-1033.62573242188	-5.62107515335083	46.4362525939941	-1038.36242675781	-6.76664781570435	19.6294288635254	-1029.51245117188
PRI-8658	-2.21155858039856	-61.2542266845703	-1054.16857910156	-2.17124462127686	-55.2787437438965	-1045.54699707031	-1.12917912006378	-42.5321998596191	-1023.30627441406	-0.796481490135193	-17.9622993469238	-993.188293457031	-0.736900627613068	-15.2366371154785	-987.745788574219	-1.96606206893921	76.5533218383789	-1014.47290039062	-2.08944725990295	59.9290657043457	-1037.81787109375	-2.20113849639893	43.0087432861328	-1042.88366699219	-1.83092796802521	11.16783618927	-1029.01586914062	-2.15390419960022	-3.53618717193604	-1040.9189453125	-2.6568775177002	-43.5415878295898	-1048.29541015625	9.89467906951904	-55.421760559082	-1052.52209472656	12.6943206787109	-53.2716369628906	-1053.52001953125	15.8379850387573	-45.1171340942383	-1054.92077636719	16.8222007751465	-33.143726348877	-1055.60363769531	14.5388240814209	-6.05872201919556	-1054.75549316406	9.94286918640137	2.24142050743103	-1048.01977539062	4.38804340362549	-41.8795280456543	-1025.46594238281	2.45901226997375	-17.2407550811768	-1001.63433837891	17.3959732055664	-12.8823394775391	-991.410888671875	33.1236877441406	-5.45975923538208	-1001.12420654297	46.7922439575195	12.3547735214233	-1031.08642578125	38.2201843261719	25.6024608612061	-1031.48913574219	12.6825380325317	-0.32471239566803	-1026.98254394531	32.6952514648438	45.8228225708008	-1027.87780761719	16.8149032592773	46.6148567199707	-1038.27404785156	6.01845216751099	53.8990211486816	-1041.42749023438	6.0755033493042	21.6436042785645	-1034.91931152344	-15.0017499923706	-55.8219184875488	-1052.1455078125	-16.6257667541504	-53.901538848877	-1053.29431152344	-19.8567733764648	-44.9560813903809	-1054.38061523438	-21.5044059753418	-33.6767425537109	-1054.61657714844	-19.5717334747314	-5.95737075805664	-1053.73718261719	-14.6817626953125	2.47770500183105	-1046.86206054688	-7.33075046539307	-42.8087577819824	-1025.46411132812	-4.74850988388062	-15.9149360656738	-1002.17578125	-18.5916690826416	-13.2282791137695	-991.288269042969	-35.9347534179688	-6.9022626876831	-1001.22198486328	-49.0747947692871	11.3212766647339	-1028.92346191406	-41.7727165222168	26.0762977600098	-1029.59167480469	-15.8204116821289	-1.00446438789368	-1026.1806640625	-35.9851112365723	46.0037117004395	-1026.38952636719	-20.3126831054688	47.510986328125	-1037.80041503906	-10.1586675643921	53.5983619689941	-1040.33276367188	-10.0760536193848	22.5412006378174	-1033.9921875
PRI-8660	-1.21359837055206	-53.0330276489258	-1058.17578125	-1.18576908111572	-48.666187286377	-1050.95458984375	0.105480894446373	-40.6718406677246	-1028.98510742188	1.3329666852951	-18.472282409668	-1002.86444091797	1.60731422901154	-14.4839324951172	-997.43115234375	-1.8041844367981	70.7636489868164	-1028.01599121094	-1.95629906654358	52.8516998291016	-1046.69262695312	-1.71484208106995	36.3389320373535	-1048.8134765625	-1.32742071151733	9.77988529205322	-1036.65600585938	-1.15156376361847	-7.06045961380005	-1044.81860351562	-1.12663221359253	-39.6526565551758	-1052.88647460938	9.14535808563232	-47.5999298095703	-1057.20739746094	9.87385272979736	-46.7281265258789	-1057.33776855469	13.4335565567017	-41.649600982666	-1058.24047851562	16.6188983917236	-30.2679080963135	-1059.36218261719	15.3458375930786	-4.89466571807861	-1056.88806152344	9.67298412322998	0.125008091330528	-1052.576171875	5.12348747253418	-40.243480682373	-1032.33215332031	3.34091234207153	-18.3668479919434	-1010.43121337891	16.6367282867432	-12.6629686355591	-1001.14422607422	33.0547065734863	-5.24543809890747	-1013.85357666016	41.1596565246582	6.40610599517822	-1040.39453125	35.6746215820312	15.4189519882202	-1040.22778320312	13.1786451339722	-1.45643746852875	-1033.05017089844	29.8509292602539	36.0996475219727	-1036.61511230469	17.8657608032227	38.5588989257812	-1046.55407714844	6.79764652252197	46.6586380004883	-1050.06237792969	6.03072500228882	16.018856048584	-1041.51647949219	-11.4237546920776	-48.5427207946777	-1056.69567871094	-12.2416410446167	-47.8019638061523	-1056.83959960938	-15.7066125869751	-42.4454460144043	-1058.28649902344	-18.9899101257324	-31.8121509552002	-1058.6787109375	-18.5443325042725	-5.87818193435669	-1056.13232421875	-13.1743211746216	-0.954509913921356	-1051.65063476562	-5.96450090408325	-40.5035514831543	-1032.21789550781	-2.7080352306366	-18.1592903137207	-1010.4853515625	-14.384220123291	-12.5837450027466	-1000.52911376953	-32.6868286132812	-6.24130725860596	-1011.98248291016	-43.7428512573242	4.91667175292969	-1037.55236816406	-38.1421432495117	14.6748962402344	-1037.21936035156	-15.0023622512817	-2.633957862854	-1031.67932128906	-32.6042861938477	35.2438278198242	-1034.88000488281	-21.5060863494873	37.1916770935059	-1045.38562011719	-10.5187883377075	46.5457763671875	-1049.31579589844	-9.09033298492432	15.6593046188354	-1041.44787597656
PRI-8666	-1.96774446964264	-48.3686866760254	-1192.78576660156	-1.89699578285217	-43.4550247192383	-1185.40966796875	-1.54974818229675	-34.6046333312988	-1166.61669921875	-1.03619360923767	-18.4059791564941	-1143.13354492188	-1.01715540885925	-15.9852848052979	-1137.423828125	-3.8982253074646	66.3173675537109	-1167.34802246094	-4.25666284561157	45.2612457275391	-1185.38146972656	-3.84658408164978	29.3143157958984	-1186.724609375	-3.02579188346863	8.64141273498535	-1173.47473144531	-2.65985202789307	-3.35762906074524	-1181.4833984375	-2.0466136932373	-34.0760154724121	-1186.79125976562	7.94178056716919	-43.1921539306641	-1192.43420410156	9.22125720977783	-41.8229026794434	-1192.56127929688	11.1610164642334	-37.4943923950195	-1194.11010742188	13.7406711578369	-27.7886962890625	-1195.33972167969	12.052417755127	-2.41276717185974	-1190.76379394531	7.13144969940186	0.91478568315506	-1187.60400390625	3.23481392860413	-32.3447723388672	-1167.62670898438	1.72906458377838	-17.4492359161377	-1150.61218261719	15.0047798156738	-13.6767444610596	-1141.71118164062	28.6300315856934	-6.87550449371338	-1152.89367675781	36.2713012695312	10.3413276672363	-1178.6474609375	30.9150085449219	17.401538848877	-1178.09411621094	11.6449108123779	-0.785488784313202	-1170.02685546875	26.4285182952881	35.4655418395996	-1176.09216308594	12.9191455841064	33.258602142334	-1186.17590332031	2.90488624572754	38.115306854248	-1187.11547851562	3.67056703567505	14.9877939224243	-1179.7373046875	-11.9566688537598	-43.5394248962402	-1191.74658203125	-12.8948202133179	-42.3542289733887	-1191.93017578125	-15.2574825286865	-37.8502960205078	-1193.71801757812	-18.696928024292	-27.9304161071777	-1194.07263183594	-18.1256694793701	-3.51603531837463	-1189.36157226562	-13.5608253479004	0.704549014568329	-1186.77392578125	-6.4034857749939	-33.0584945678711	-1167.59008789062	-4.53622102737427	-17.3627967834473	-1150.40295410156	-16.7298622131348	-14.0412483215332	-1140.33129882812	-31.3264007568359	-7.4843955039978	-1150.27087402344	-41.6006507873535	6.44937038421631	-1174.97448730469	-36.3142395019531	15.7800817489624	-1175.68139648438	-16.309419631958	-1.26735889911652	-1168.60827636719	-32.6467895507812	33.7317008972168	-1174.5771484375	-20.4376430511475	32.4380989074707	-1185.21630859375	-10.9161386489868	38.5656280517578	-1186.76037597656	-9.95919227600098	14.8479137420654	-1179.39013671875
PRI-8873	-0.174768552184105	-58.2153587341309	-1030.40270996094	-0.415089428424835	-52.6781272888184	-1024.86218261719	-0.914198040962219	-40.2336502075195	-997.159606933594	-1.22387933731079	-16.2465209960938	-973.893737792969	-1.24472117424011	-12.8913326263428	-967.459289550781	-2.58738875389099	74.4949645996094	-1000.55389404297	-0.752030432224274	60.6504974365234	-1021.66961669922	-0.37621483206749	41.6938133239746	-1024.79235839844	-1.18287181854248	14.5588817596436	-1011.50646972656	-0.388281762599945	-4.58335781097412	-1021.09448242188	-0.285037964582443	-39.5146217346191	-1026.64392089844	10.6797370910645	-51.4460334777832	-1030.36206054688	11.4062566757202	-50.2303314208984	-1030.64599609375	15.766713142395	-43.598934173584	-1032.62072753906	19.1910266876221	-30.7623653411865	-1032.58947753906	17.685697555542	-6.21062135696411	-1032.94030761719	13.4046268463135	2.8029637336731	-1026.69702148438	5.04010581970215	-39.4526901245117	-1003.01153564453	1.69975769519806	-14.410454750061	-981.438598632812	16.062047958374	-9.98359203338623	-970.691772460938	31.1116409301758	-5.8911075592041	-981.132507324219	NA	NA	NA	37.2312545776367	22.9873085021973	-1009.96435546875	14.7637434005737	3.05167818069458	-1003.72503662109	33.1033668518066	44.6489753723145	-1007.75250244141	17.2264232635498	46.3856048583984	-1023.32391357422	7.83050632476807	52.0978202819824	-1024.17163085938	7.49980115890503	22.3812065124512	-1016.24005126953	-11.5240097045898	-52.1027526855469	-1031.54162597656	-13.9549388885498	-50.2791442871094	-1032.00939941406	-17.1153011322021	-43.2417106628418	-1034.23510742188	-20.8895740509033	-31.6880931854248	-1034.03833007812	-18.2806186676025	-7.86175966262817	-1034.11950683594	-14.0165567398071	1.88555312156677	-1028.59545898438	-6.57495880126953	-37.6936950683594	-1001.57879638672	-4.608314037323	-14.396372795105	-981.671691894531	-17.4142475128174	-10.5128288269043	-971.702941894531	-33.911060333252	-6.55078268051147	-983.518249511719	-51.0089416503906	8.85972213745117	-1010.81945800781	-41.7071342468262	23.300708770752	-1012.73059082031	-16.2809906005859	3.0350935459137	-1003.72509765625	-34.3497200012207	43.8548583984375	-1011.02319335938	-18.3451881408691	45.4452438354492	-1024.42651367188	-9.97518539428711	50.0277824401855	-1025.84985351562	-8.74787616729736	22.0027370452881	-1016.732421875
PRI-8885	-0.142429560422897	-61.3024635314941	-1026.02807617188	-0.911669075489044	-56.4703216552734	-1017.70953369141	-1.29430651664734	-43.2292671203613	-996.145141601562	-2.09287929534912	-17.7788105010986	-974.337036132812	-2.08603596687317	-12.8205089569092	-967.676635742188	0.00795300398021936	73.8648452758789	-1011.19744873047	-0.401954859495163	53.985668182373	-1024.83337402344	-0.0719275400042534	34.0659484863281	-1025.27661132812	-0.535097479820251	11.4794626235962	-1009.05310058594	-0.204176858067513	-6.08423614501953	-1017.95678710938	-0.231037706136703	-42.9505500793457	-1020.10528564453	11.0458908081055	-56.1972389221191	-1025.84375	13.0422382354736	-54.1106834411621	-1026.20397949219	16.930082321167	-47.5017852783203	-1029.02600097656	19.6326675415039	-36.3414840698242	-1030.40588378906	18.0359668731689	-8.7390308380127	-1031.1015625	12.1675548553467	-0.597574710845947	-1025.70397949219	3.98437094688416	-41.0923156738281	-998.685424804688	1.29586684703827	-15.8717832565308	-978.837463378906	16.9551391601562	-10.0348615646362	-969.770629882812	35.6956367492676	-3.09758734703064	-982.895202636719	48.2047500610352	8.33900356292725	-1013.01586914062	39.8468437194824	19.2222080230713	-1013.27386474609	14.8474025726318	-0.584444344043732	-1002.86614990234	33.1135368347168	37.320671081543	-1012.33111572266	19.5685234069824	39.0078430175781	-1023.26196289062	8.20799827575684	44.4903259277344	-1025.78442382812	7.93104028701782	18.6503486633301	-1015.12762451172	-11.6401033401489	-56.0613899230957	-1026.23364257812	-14.3217601776123	-52.0479202270508	-1027.48620605469	-17.6827068328857	-47.3185615539551	-1029.40051269531	-20.1991138458252	-35.6274566650391	-1029.89868164062	-18.6097106933594	-8.51244640350342	-1031.60681152344	-13.3907890319824	-0.328601270914078	-1026.02380371094	-6.42327070236206	-41.2160301208496	-999.554382324219	-5.60089015960693	-15.6467046737671	-978.872924804688	-20.1868515014648	-9.4873857498169	-970.887878417969	-38.5522956848145	-1.35463869571686	-983.129455566406	-49.7075691223145	9.89401149749756	-1015.94897460938	-40.7495231628418	20.2009372711182	-1015.05187988281	-16.6280174255371	0.314025938510895	-1003.70184326172	-34.3864097595215	38.271598815918	-1013.69732666016	-17.6667385101318	38.4962272644043	-1023.95135498047	-8.98504257202148	44.8726921081543	-1026.35302734375	-9.48975372314453	18.2622299194336	-1014.67901611328
PRI-8886	-1.4016489982605	-65.6137084960938	-1127.13549804688	-1.25300681591034	-59.9897384643555	-1119.60107421875	0.647109270095825	-45.2983741760254	-1099.95593261719	1.23288357257843	-21.1541309356689	-1079.25537109375	1.66455638408661	-17.6027450561523	-1073.49768066406	-4.84477806091309	66.244873046875	-1110.296875	-5.89888525009155	44.4498596191406	-1128.36315917969	-5.02957391738892	26.5203113555908	-1129.23937988281	-2.80085372924805	4.35534286499023	-1114.244140625	-3.05966591835022	-11.6252212524414	-1122.54504394531	-1.75396192073822	-50.3977317810059	-1123.63110351562	9.27351760864258	-59.5901298522949	-1126.75048828125	12.2983589172363	-57.1924362182617	-1127.84643554688	14.1992406845093	-50.9691467285156	-1130.56127929688	16.2255744934082	-40.2993774414062	-1133.43273925781	14.3488988876343	-14.2921571731567	-1135.50244140625	8.47649097442627	-5.81811189651489	-1130.61950683594	5.1040825843811	-44.1350059509277	-1103.90563964844	3.73665499687195	-20.3516826629639	-1087.03466796875	19.7720260620117	-14.3464422225952	-1079.7255859375	34.5020484924316	-5.70758056640625	-1088.6728515625	45.577262878418	6.50839376449585	-1118.81469726562	35.6503067016602	16.5776863098145	-1119.75793457031	14.1694555282593	-3.81094193458557	-1110.43334960938	28.6557598114014	34.4896850585938	-1119.5380859375	12.8018045425415	31.8814373016357	-1129.22265625	2.34949827194214	36.5462532043457	-1131.16979980469	4.17410707473755	11.4945669174194	-1121.71801757812	-12.3432989120483	-61.1720924377441	-1123.77001953125	-14.7494602203369	-58.6602554321289	-1124.85595703125	-18.7271499633789	-52.2304496765137	-1126.00598144531	-21.574089050293	-41.7502212524414	-1130.44348144531	-21.546594619751	-15.6747484207153	-1133.60070800781	-16.2516212463379	-6.89525508880615	-1128.96765136719	-4.52995252609253	-44.6949768066406	-1102.56433105469	-2.77725625038147	-20.7312488555908	-1085.80944824219	-17.3176670074463	-15.0276527404785	-1076.84497070312	-34.3344650268555	-7.67639350891113	-1082.45227050781	-52.1201515197754	2.61389088630676	-1108.96142578125	-43.204761505127	14.0336170196533	-1113.05773925781	-17.6507244110107	-6.37254524230957	-1107.33581542969	-37.5203094482422	32.6060905456543	-1114.05859375	-22.1357421875	30.3014717102051	-1126.84045410156	-13.1879816055298	36.4932746887207	-1129.81018066406	-12.2535018920898	10.2046270370483	-1119.73229980469
PRI-8889	-1.13960385322571	-64.1904678344727	-1084.83361816406	-0.539658784866333	-58.5272750854492	-1077.94262695312	-0.705132365226746	-41.2568969726562	-1058.98742675781	-1.70110106468201	-14.1322774887085	-1040.29309082031	-1.53064203262329	-10.4760389328003	-1035.42663574219	-4.27654218673706	71.5363006591797	-1080.7451171875	-4.12827491760254	49.750415802002	-1094.66638183594	-2.49360489845276	31.8026237487793	-1096.12268066406	-1.64933097362518	8.52563190460205	-1075.05017089844	-1.47920262813568	-7.46541976928711	-1085.15844726562	-0.562552154064178	-46.9909210205078	-1082.56921386719	8.8693208694458	-58.8180732727051	-1084.57556152344	12.1420488357544	-55.1343269348145	-1086.45422363281	14.1953001022339	-48.0033340454102	-1088.13549804688	17.8029823303223	-38.4781494140625	-1092.10827636719	16.4183597564697	-12.9832468032837	-1097.70275878906	11.0908069610596	-2.56019353866577	-1093.32275390625	5.31340932846069	-39.9731636047363	-1062.61682128906	2.04861807823181	-15.1862277984619	-1048.25769042969	16.7324409484863	-6.47659969329834	-1040.09411621094	32.9290809631348	1.14049065113068	-1049.56530761719	46.8100891113281	10.0985994338989	-1078.5029296875	37.2907791137695	21.0438957214355	-1080.59826660156	15.82848072052	0.280613571405411	-1070.60021972656	29.1752414703369	40.8698768615723	-1081.90600585938	14.7428531646729	35.3469200134277	-1095.041015625	3.68859004974365	41.2109375	-1096.80676269531	5.53841209411621	15.4232940673828	-1084.24890136719	-11.1815223693848	-59.646411895752	-1083.833984375	-14.5275239944458	-55.9005966186523	-1084.68200683594	-17.3582706451416	-49.6743087768555	-1087.17456054688	-20.0813865661621	-39.6233673095703	-1091.97802734375	-20.3312149047852	-14.2149429321289	-1096.85388183594	-14.9101276397705	-3.5025806427002	-1093.029296875	-6.74394369125366	-40.6493797302246	-1062.62915039062	-4.8857684135437	-15.1790523529053	-1047.49133300781	-20.2282886505127	-7.81691598892212	-1039.24279785156	-37.3825950622559	-2.04000210762024	-1048.27648925781	-52.643627166748	7.11657476425171	-1077.39221191406	-43.6206016540527	18.5908336639404	-1080.80786132812	-18.4011840820312	-0.812571287155151	-1070.8310546875	-37.3868217468262	37.5174751281738	-1081.6708984375	-20.7967071533203	33.7825164794922	-1092.77355957031	-10.9509239196777	41.7132377624512	-1096.80480957031	-9.61874294281006	14.7596426010132	-1083.75451660156
PRI-8892	-1.6003258228302	-66.0842437744141	-1083.95007324219	-1.72647869586945	-60.4304428100586	-1075.00329589844	-1.22318887710571	-43.5597686767578	-1055.23449707031	-2.39296054840088	-19.8676090240479	-1034.76538085938	-2.40066027641296	-17.4795703887939	-1029.7265625	-4.91400575637817	63.9791717529297	-1062.86181640625	-4.58325433731079	43.909065246582	-1080.32312011719	-4.01366758346558	27.2432308197021	-1083.44775390625	-2.98685574531555	3.95292735099792	-1068.94079589844	-3.02825665473938	-11.8443183898926	-1077.45300292969	-2.05927181243896	-50.9382095336914	-1079.8408203125	8.86430931091309	-60.5290908813477	-1081.4462890625	11.2485418319702	-57.6683044433594	-1082.32604980469	14.296160697937	-49.9575538635254	-1084.65881347656	15.6433362960815	-39.3137130737305	-1087.79895019531	14.3468151092529	-12.6671962738037	-1089.47839355469	9.98510837554932	-5.89994716644287	-1085.28771972656	3.55078434944153	-43.0353355407715	-1058.74291992188	0.324906438589096	-19.0241775512695	-1041.67687988281	14.3280372619629	-14.1778755187988	-1032.56945800781	31.2344589233398	-8.06847667694092	-1041.36193847656	44.2195587158203	4.47913646697998	-1070.33044433594	34.8650321960449	16.2282218933105	-1070.92797851562	14.1483592987061	-4.60545825958252	-1062.95910644531	28.2065563201904	34.1293144226074	-1071.06127929688	12.9027709960938	28.9973773956299	-1081.43395996094	2.4696798324585	35.6492919921875	-1084.03454589844	4.8323860168457	9.70108985900879	-1075.09313964844	-12.620099067688	-61.9277954101562	-1080.91088867188	-14.4703807830811	-59.4520416259766	-1080.85241699219	-19.0129566192627	-51.3156471252441	-1083.69763183594	-21.7438354492188	-40.9289016723633	-1086.55395507812	-21.105504989624	-14.1791038513184	-1088.40893554688	-16.201587677002	-7.0886173248291	-1084.81652832031	-7.1570987701416	-44.0895385742188	-1058.58129882812	-5.50686931610107	-18.6112899780273	-1041.7294921875	-18.9078617095947	-14.710054397583	-1031.86120605469	-36.2331619262695	-9.77399444580078	-1039.61584472656	-50.7688293457031	2.62747550010681	-1068.55627441406	-42.3563423156738	13.8092622756958	-1070.14428710938	-20.4238815307617	-4.73925971984863	-1062.17883300781	-36.639289855957	32.2805709838867	-1069.94885253906	-20.4863243103027	28.4339790344238	-1081.01037597656	-11.8771600723267	34.8026123046875	-1084.22448730469	-11.8118658065796	9.31987380981445	-1074.55419921875
PRI-8893	-0.96150267124176	-63.2364196777344	-1077.26940917969	-1.17242121696472	-59.1314392089844	-1070.24560546875	-1.3771356344223	-43.5096015930176	-1047.78601074219	-1.80807495117188	-21.6717185974121	-1028.89123535156	-1.9228800535202	-19.4861526489258	-1024.19079589844	2.02275156974792	64.8160400390625	-1052.93493652344	1.36257719993591	47.7170906066895	-1074.01831054688	1.00265538692474	30.4948177337646	-1076.8427734375	-0.338185876607895	4.03985357284546	-1062.05749511719	-0.55534040927887	-10.1469850540161	-1071.81262207031	-0.916978657245636	-46.6399230957031	-1073.23425292969	9.1830883026123	-58.9023857116699	-1075.61450195312	12.0152978897095	-54.9167404174805	-1076.884765625	14.9817953109741	-48.9637985229492	-1078.65991210938	18.0980319976807	-38.1693801879883	-1079.75561523438	17.8346996307373	-12.8564167022705	-1082.95886230469	12.2888135910034	-4.68189144134521	-1078.09875488281	3.53169727325439	-42.6642646789551	-1051.83178710938	1.41259181499481	-21.1198177337646	-1035.64233398438	17.4090442657471	-16.1025676727295	-1026.94067382812	33.146915435791	-8.24423789978027	-1034.34606933594	46.9505767822266	1.18081402778625	-1059.81567382812	38.6924591064453	14.4863328933716	-1061.02233886719	16.7947826385498	-4.34887599945068	-1057.78173828125	31.8772964477539	33.9158897399902	-1061.05932617188	18.6827869415283	32.3052291870117	-1073.87048339844	8.97285270690918	41.1304130554199	-1076.66955566406	8.14156436920166	12.2778177261353	-1068.58837890625	-11.6324071884155	-57.1781425476074	-1075.41076660156	-13.4078512191772	-54.2285652160645	-1076.34680175781	-16.8469142913818	-47.0290298461914	-1079.22229003906	-18.5308475494385	-35.6609382629395	-1082.05603027344	-16.829963684082	-10.4637727737427	-1084.79760742188	-11.3930864334106	-3.54254531860352	-1078.79821777344	-6.30785942077637	-42.3850173950195	-1052.85815429688	-5.04286003112793	-20.2813415527344	-1035.69543457031	-19.6988716125488	-14.8855466842651	-1027.07299804688	-36.6038436889648	-5.199866771698	-1036.40930175781	-47.1886520385742	4.35489130020142	-1063.05920410156	-38.7128448486328	17.4988784790039	-1063.39660644531	-16.50803565979	-3.25233340263367	-1057.73510742188	-30.3882923126221	36.3838348388672	-1062.48193359375	-16.8695526123047	34.7164001464844	-1075.45422363281	-6.8417387008667	40.8578758239746	-1077.86962890625	-7.15970373153687	13.5113182067871	-1068.62475585938
PRI-8895	-2.94959425926208	-55.5417671203613	-1096.07824707031	-3.218754529953	-48.1374893188477	-1089.38610839844	-2.67353200912476	-38.1424674987793	-1071.94714355469	-2.80147981643677	-21.5078563690186	-1051.39624023438	-2.99266314506531	-19.0643291473389	-1046.5751953125	-1.08632922172546	58.9863128662109	-1079.05187988281	-1.99404764175415	40.8016929626465	-1092.88891601562	-2.4918110370636	23.6348152160645	-1096.10180664062	-2.30540084838867	3.13160943984985	-1082.18530273438	-2.433345079422	-10.3733491897583	-1090.75366210938	-3.06059193611145	-41.1406631469727	-1092.0361328125	6.76990079879761	-51.2602005004883	-1094.30712890625	7.87757062911987	-50.0353813171387	-1094.16357421875	NA	NA	NA	15.3493413925171	-37.4141883850098	-1098.96508789062	14.1725044250488	-13.435112953186	-1100.54858398438	8.53644752502441	-6.5016565322876	-1096.43481445312	2.11451077461243	-38.1544532775879	-1074.9609375	0.262762755155563	-20.7339172363281	-1058.74328613281	13.5046873092651	-16.112865447998	-1048.76062011719	28.0562801361084	-11.2539253234863	-1058.30297851562	38.650505065918	2.50585103034973	-1082.90380859375	32.1912422180176	11.6649713516235	-1083.32751464844	12.55934715271	-6.18718385696411	-1077.29650878906	27.2471294403076	28.1199684143066	-1082.97387695312	13.1505470275879	24.9619255065918	-1093.27990722656	5.78176116943359	31.6994476318359	-1095.23706054688	3.82141661643982	8.25340557098389	-1087.69555664062	-12.4627561569214	-51.656566619873	-1094.18969726562	-12.6871480941772	-50.6808815002441	-1094.71032714844	NA	NA	NA	-20.9362945556641	-36.6643600463867	-1099.12707519531	-19.5093421936035	-13.3331880569458	-1101.62548828125	-14.1394062042236	-6.2271990776062	-1097.2099609375	-7.17323732376099	-37.9298362731934	-1074.83264160156	-5.45964860916138	-20.9853553771973	-1058.74780273438	-19.9106845855713	-15.5644435882568	-1049.47058105469	-33.3911399841309	-11.0375852584839	-1059.56640625	-43.4770050048828	0.980309665203094	-1084.02941894531	-37.0327568054199	12.5383939743042	-1083.9833984375	-17.1211376190186	-6.8550181388855	-1077.93518066406	-31.7581939697266	29.8555774688721	-1083.96557617188	-17.4326725006104	25.9410018920898	-1094.15576171875	-9.39134407043457	32.4057693481445	-1094.55773925781	-8.85941410064697	8.52459907531738	-1087.69201660156
PRI-8896	-1.54060018062592	-54.3335571289062	-1083.27209472656	-1.70755910873413	-48.4411125183105	-1076.93811035156	-1.3575131893158	-35.590217590332	-1060.08239746094	-2.5329122543335	-16.0696907043457	-1040.80639648438	-2.68392252922058	-13.4824256896973	-1037.13037109375	-4.12874364852905	63.1335754394531	-1069.9931640625	-4.7312216758728	45.2693252563477	-1085.09887695312	-3.66635513305664	29.11448097229	-1088.47192382812	-3.28742003440857	6.37742900848389	-1072.51867675781	-2.99130010604858	-7.35674571990967	-1081.07470703125	-1.81392621994019	-39.2730484008789	-1080.52392578125	8.18934440612793	-48.9768943786621	-1081.97204589844	9.34630584716797	-47.4763259887695	-1082.19226074219	12.1417922973633	-42.8207817077637	-1084.6904296875	15.9237232208252	-33.7954864501953	-1087.38232421875	13.7618131637573	-8.35184383392334	-1091.14099121094	8.65410327911377	-3.12978553771973	-1087.62829589844	2.45418620109558	-34.856071472168	-1062.44897460938	0.366881906986237	-15.8436975479126	-1047.94970703125	12.6210784912109	-10.9251394271851	-1039.84680175781	28.5689506530762	-5.80981111526489	-1048.33325195312	38.9251670837402	6.60229444503784	-1073.0390625	31.2592906951904	16.5503273010254	-1073.8046875	11.6880855560303	-1.48463428020477	-1068.89721679688	25.4061737060547	32.8496055603027	-1074.37475585938	12.7800226211548	31.7565689086914	-1085.29406738281	2.71867084503174	37.8927879333496	-1087.67639160156	3.01633906364441	12.0926542282104	-1078.99353027344	-11.3991327285767	-49.3990783691406	-1082.58642578125	-11.7623424530029	-48.0629653930664	-1082.88708496094	-16.5761432647705	-43.3457260131836	-1084.78210449219	-20.6903858184814	-34.3705139160156	-1087.37451171875	-19.3966045379639	-9.02494049072266	-1090.96948242188	-14.9331712722778	-4.078857421875	-1087.39428710938	-6.29961252212524	-35.6739311218262	-1063.49243164062	-5.42433071136475	-16.3039169311523	-1047.80505371094	-18.4021492004395	-11.8028726577759	-1039.13879394531	-34.4312210083008	-7.21988534927368	-1048.77600097656	-46.2006645202637	3.88684225082397	-1073.05285644531	-38.8403663635254	14.9568748474121	-1074.13134765625	-17.3666706085205	-2.7669415473938	-1068.64990234375	-33.8968467712402	32.3610725402832	-1074.79443359375	-20.5703086853027	30.9175186157227	-1085.97082519531	-11.8151006698608	37.140510559082	-1088.20617675781	-10.3871994018555	11.350830078125	-1079.10437011719
PRI-8902	-2.0163209438324	-38.9468154907227	-1168.8330078125	-1.84105122089386	-35.8866157531738	-1160.55432128906	-1.3441948890686	-26.9526386260986	-1140.87316894531	-0.629179835319519	-12.6043376922607	-1118.17126464844	-0.587047815322876	-11.6059255599976	-1114.01489257812	0.750493943691254	71.1624984741211	-1141.25061035156	0.435670137405396	53.6450805664062	-1155.79113769531	-0.419839590787888	36.9387435913086	-1159.685546875	-0.75147020816803	14.1621570587158	-1148.58056640625	-0.751617729663849	1.3734302520752	-1159.21765136719	-1.99428570270538	-27.0648155212402	-1163.53894042969	5.96790313720703	-36.2711410522461	-1166.55554199219	6.07303619384766	-35.9648590087891	-1166.56286621094	10.7817115783691	-31.3554859161377	-1168.42858886719	NA	NA	NA	16.1375827789307	-0.237468153238297	-1168.3740234375	11.5276193618774	7.47353744506836	-1164.03552246094	3.18319058418274	-26.6885509490967	-1144.43518066406	2.23904752731323	-11.3425979614258	-1124.10961914062	14.8064832687378	-7.40225744247437	-1114.94750976562	30.5494937896729	-1.9150276184082	-1125.4462890625	40.0649642944336	11.6977787017822	-1147.63134765625	35.5910911560059	23.9981002807617	-1146.85009765625	15.3547201156616	4.57152223587036	-1142.82946777344	30.488245010376	40.3297080993652	-1145.43518066406	15.8620109558105	39.807544708252	-1157.619140625	7.1943359375	46.7767372131348	-1158.97619628906	6.25420093536377	20.2804470062256	-1153.66931152344	-10.085825920105	-36.1563873291016	-1167.47741699219	-10.4927682876587	-35.6430625915527	-1167.12097167969	-13.7863321304321	-31.8049831390381	-1168.08471679688	NA	NA	NA	-17.7885227203369	1.04109966754913	-1169.06555175781	-12.8981771469116	7.75107097625732	-1164.6123046875	-6.18594264984131	-27.4087619781494	-1144.06604003906	-3.93799424171448	-11.3306837081909	-1123.98266601562	-14.6148452758789	-7.38975286483765	-1113.32055664062	-32.3409271240234	-0.114046320319176	-1125.79736328125	-43.7399444580078	14.6855993270874	-1147.99731445312	-36.9489440917969	25.6095924377441	-1148.15014648438	-16.5772171020508	5.25284576416016	-1143.734375	-30.8486671447754	42.4966163635254	-1145.93920898438	-17.0741806030273	41.7046127319336	-1157.83520507812	-7.06927108764648	46.9682807922363	-1159.03918457031	-8.07558059692383	20.4594268798828	-1152.82275390625
PRI-8903	-0.117790229618549	-57.3560180664062	-1154.48229980469	-0.16737987101078	-53.1550407409668	-1146.67749023438	-0.198610559105873	-42.3962516784668	-1128.11193847656	-1.00859904289246	-25.8243503570557	-1107.59680175781	-1.04915535449982	-23.5358085632324	-1102.55493164062	-4.18448543548584	58.8410415649414	-1133.21008300781	-2.75982713699341	40.2012176513672	-1146.86596679688	-2.26967525482178	23.4409427642822	-1150.48852539062	-0.893707692623138	0.774465203285217	-1136.89038085938	-0.574024200439453	-12.8782567977905	-1146.63549804688	-0.239518746733665	-44.4354476928711	-1149.64123535156	8.82192134857178	-52.6601104736328	-1153.44445800781	9.80307769775391	-51.377010345459	-1153.45874023438	12.9704427719116	-47.5635452270508	-1154.58813476562	16.8707981109619	-37.2116661071777	-1155.98181152344	16.7219295501709	-13.592885017395	-1156.32763671875	10.1047325134277	-6.59168195724487	-1152.02575683594	4.69491195678711	-42.0057983398438	-1131.45568847656	2.2127583026886	-23.9929122924805	-1114.86145019531	15.21555519104	-20.4732608795166	-1105.52746582031	29.3690490722656	-11.2798166275024	-1114.08679199219	41.1296272277832	2.18593311309814	-1138.41711425781	34.122314453125	13.1645622253418	-1138.10961914062	13.2396459579468	-7.74168109893799	-1133.75024414062	27.9702739715576	28.496711730957	-1136.03063964844	14.257981300354	27.5758838653564	-1148.5029296875	4.99724578857422	32.8969993591309	-1150.09716796875	6.34328842163086	6.64245128631592	-1142.58056640625	-8.71474647521973	-54.0607299804688	-1153.5458984375	-9.30671691894531	-51.5155258178711	-1154.05285644531	-13.0274848937988	-47.7218704223633	-1155.17541503906	-17.6149215698242	-38.2221450805664	-1156.15588378906	-18.684061050415	-14.8012847900391	-1156.86071777344	-12.561375617981	-6.73895454406738	-1152.73327636719	-5.40619421005249	-41.9022445678711	-1131.58874511719	-4.08304929733276	-24.4445858001709	-1114.91088867188	-16.039134979248	-21.549732208252	-1106.46838378906	-32.4930725097656	-14.0411500930786	-1115.3671875	-44.2981262207031	-1.28663516044617	-1140.787109375	-38.3951416015625	9.94858932495117	-1139.59533691406	-14.60573387146	-8.6926908493042	-1134.6494140625	-33.475154876709	25.3229465484619	-1136.92700195312	-19.1710090637207	25.7481365203857	-1147.94702148438	-9.93446159362793	32.3650512695312	-1150.18566894531	-8.56000900268555	6.51124429702759	-1142.76879882812
PRI-8914	-1.3023270368576	-59.4661521911621	-1167.55993652344	-1.21250998973846	-53.1318054199219	-1158.2294921875	NA	NA	NA	-0.992798030376434	-17.3828678131104	-1113.7177734375	-0.987959265708923	-14.1087207794189	-1108.5615234375	-0.928231418132782	71.3380966186523	-1144.73376464844	-1.06940948963165	51.2022438049316	-1160.37243652344	-1.20881974697113	33.6458053588867	-1163.70959472656	-1.48015856742859	10.6408195495605	-1149.81079101562	-1.87521624565125	-6.23759126663208	-1159.3203125	-1.66194891929626	-43.5868911743164	-1163.06701660156	8.46065902709961	-55.6307220458984	-1166.45983886719	11.419563293457	-53.9270515441895	-1165.99743652344	13.6644506454468	-46.6352729797363	-1168.88610839844	NA	NA	NA	15.7845897674561	-12.1930150985718	-1170.85131835938	9.65823268890381	-1.32659196853638	-1165.57153320312	3.70690870285034	-37.8687324523926	-1140.98522949219	1.4480082988739	-16.7088947296143	-1120.84143066406	16.7471942901611	-10.6059589385986	-1111.365234375	34.5548896789551	-3.49721670150757	-1120.9638671875	49.6879692077637	10.3410873413086	-1149.79711914062	38.082935333252	22.6128425598145	-1151.67443847656	15.8731288909912	-0.369918406009674	-1143.75439453125	30.9381561279297	40.7663536071777	-1150.23498535156	15.1570196151733	36.5532646179199	-1161.74938964844	6.50373220443726	43.4658432006836	-1164.02978515625	5.46022796630859	16.8279113769531	-1153.63513183594	-9.86900520324707	-54.4728660583496	-1166.82873535156	-13.9591007232666	-53.890266418457	-1166.16650390625	-17.405574798584	-46.8812026977539	-1169.09106445312	-21.5083541870117	-36.0924949645996	-1170.37829589844	-19.2125129699707	-12.4416399002075	-1170.83898925781	-13.1189527511597	-2.1332802772522	-1165.40087890625	-6.68845844268799	-38.0964851379395	-1141.328125	-4.06612730026245	-16.2935771942139	-1120.46667480469	-18.0822677612305	-10.7218570709229	-1110.57409667969	-36.9815788269043	-2.53933668136597	-1120.513671875	-51.6615409851074	10.8603754043579	-1147.44189453125	-41.6989822387695	22.8677635192871	-1150.81201171875	-19.1195831298828	-1.12620580196381	-1142.78759765625	-34.0944747924805	39.8616104125977	-1150.24340820312	-17.8433113098145	36.367301940918	-1162.0068359375	-9.10904407501221	42.7203483581543	-1164.80725097656	-8.1602611541748	17.0677108764648	-1154.80444335938
PRI-8974	-1.22165751457214	-52.2497863769531	-1163.91833496094	-1.31710171699524	-48.9711570739746	-1156.84362792969	-1.55427205562592	-36.0190849304199	-1134.55236816406	-1.26665318012238	-14.5566835403442	-1110.75927734375	-1.43589270114899	-12.3170680999756	-1107.0537109375	-1.81064164638519	76.3557739257812	-1138.02526855469	-1.82887816429138	58.0254020690918	-1155.34204101562	-1.93985891342163	40.3398056030273	-1158.40051269531	-1.11524713039398	14.716570854187	-1144.1845703125	-1.40048241615295	-0.136703610420227	-1156.33020019531	-1.64216017723083	-37.5141525268555	-1159.34619140625	8.19895553588867	-47.7737236022949	-1161.93029785156	8.56897163391113	-46.7617340087891	-1161.91076660156	13.5017166137695	-38.2553482055664	-1164.29821777344	17.4980888366699	-28.8009185791016	-1167.03601074219	15.7278299331665	-3.34966349601746	-1168.46716308594	10.0303153991699	4.23087882995605	-1161.70581054688	3.81827807426453	-34.9059600830078	-1137.62451171875	2.0521228313446	-14.6316013336182	-1120.48254394531	17.5415153503418	-8.65638828277588	-1109.42932128906	32.1545295715332	-1.3108856678009	-1117.29357910156	43.9245643615723	14.3210344314575	-1145.12292480469	37.185733795166	28.231466293335	-1145.4794921875	14.1388521194458	3.7213499546051	-1139.76586914062	29.4666728973389	46.5360908508301	-1143.6181640625	16.0641460418701	44.4566040039062	-1156.91943359375	5.78585433959961	50.1631393432617	-1158.31811523438	6.40190649032593	23.021390914917	-1151.7421875	-11.4387483596802	-47.7063751220703	-1161.81591796875	-11.9685907363892	-46.3902549743652	-1161.89672851562	-17.690357208252	-38.2177848815918	-1164.3515625	-21.2134990692139	-27.5295486450195	-1167.21240234375	-18.9925746917725	-2.84705758094788	-1168.51550292969	-12.5735197067261	4.84659624099731	-1161.64282226562	-6.45293664932251	-34.7740592956543	-1137.4287109375	-4.64928579330444	-14.2732086181641	-1120.47204589844	-19.9790458679199	-9.34895706176758	-1110.26220703125	-35.2336463928223	-2.54559278488159	-1118.43627929688	NA	NA	NA	-40.5983695983887	26.6947746276855	-1145.06762695312	-16.22975730896	4.37056636810303	-1139.85803222656	-33.0095558166504	44.9831466674805	-1143.47790527344	-19.449613571167	43.4955368041992	-1156.14965820312	-9.67016220092773	49.7157859802246	-1158.81665039062	-8.49634170532227	22.7088489532471	-1150.73413085938
PRI-8981	-1.67637085914612	-56.0806770324707	-1082.20861816406	-1.18077540397644	-51.6748962402344	-1074.06811523438	-0.581790864467621	-40.3047065734863	-1053.36486816406	-0.267887532711029	-23.1116523742676	-1034.52502441406	-0.0556363947689533	-20.7840995788574	-1029.44189453125	6.82693910598755	60.9037284851074	-1062.330078125	5.21295213699341	41.7344779968262	-1077.00146484375	4.87589359283447	26.8022861480713	-1080.87817382812	2.93372941017151	4.6764965057373	-1066.97302246094	1.65848326683044	-10.2606716156006	-1073.87866210938	-0.182575866580009	-42.5249290466309	-1076.49853515625	8.02442741394043	-51.6410713195801	-1081.63610839844	9.49007034301758	-49.7346725463867	-1081.53344726562	NA	NA	NA	18.1301250457764	-36.105224609375	-1083.53308105469	18.5991439819336	-12.1666574478149	-1085.16662597656	14.6840925216675	-5.35698652267456	-1080.46240234375	4.06388235092163	-40.438404083252	-1056.97412109375	3.38250684738159	-21.8431835174561	-1040.00537109375	16.8113269805908	-17.8876476287842	-1030.8740234375	33.4005928039551	-11.463475227356	-1040.16552734375	45.3460960388184	-2.83366203308105	-1066.4306640625	38.8552627563477	9.76383876800537	-1066.30969238281	18.0815658569336	-6.97595643997192	-1059.39208984375	35.162239074707	28.6361522674561	-1065.55725097656	21.0590114593506	27.3705253601074	-1078.4921875	11.7143430709839	35.0518760681152	-1080.2529296875	10.772554397583	9.81634426116943	-1071.623046875	-10.1440181732178	-50.8962936401367	-1081.458984375	-10.9910459518433	-48.6996269226074	-1081.22155761719	NA	NA	NA	-17.1197185516357	-33.7672080993652	-1084.44604492188	-15.0163021087646	-10.0982789993286	-1085.79968261719	-10.5792894363403	-3.75155520439148	-1080.58679199219	-5.53664684295654	-39.7165565490723	-1057.56115722656	-3.60793590545654	-21.3226356506348	-1039.9658203125	-16.5845603942871	-15.0401725769043	-1032.00036621094	-32.6710090637207	-7.24258708953857	-1043.58764648438	-40.5055961608887	3.33160090446472	-1070.09838867188	-32.0827865600586	14.8912048339844	-1068.77905273438	-14.3801174163818	-5.00208187103271	-1060.99182128906	-25.6987609863281	33.066520690918	-1068.07653808594	-11.3618288040161	30.1522560119629	-1079.26452636719	-1.95796632766724	37.3884429931641	-1079.24133300781	-4.51323795318604	11.1273860931396	-1071.97021484375
PRI-8988	-0.428846657276154	-60.8979034423828	-1072.44470214844	-1.09683692455292	-55.6194496154785	-1065.68774414062	-0.745475172996521	-45.5740203857422	-1045.58801269531	-0.994458019733429	-25.8706226348877	-1024.01171875	-0.852120697498322	-23.3843231201172	-1019.72412109375	-4.12893199920654	60.1587104797363	-1048.02966308594	-4.58780574798584	42.5891914367676	-1064.861328125	-3.79150891304016	27.0063877105713	-1069.63854980469	-3.1835343837738	1.67133831977844	-1056.5185546875	-2.88946008682251	-12.9486570358276	-1065.19982910156	-1.98384702205658	-43.8836326599121	-1067.96606445312	8.67860412597656	-55.4352264404297	-1071.99536132812	10.3747138977051	-53.2664909362793	-1072.23181152344	13.5097932815552	-47.8434410095215	-1073.33947753906	15.9946155548096	-38.8432197570801	-1075.89880371094	14.64195728302	-13.8701448440552	-1077.54357910156	9.58774662017822	-6.5775351524353	-1072.27319335938	3.6006920337677	-43.4066772460938	-1047.78771972656	2.36240911483765	-25.0996532440186	-1031.14892578125	16.7657699584961	-19.5850791931152	-1023.15026855469	31.0437927246094	-12.3789396286011	-1033.88244628906	41.3599700927734	-0.357041358947754	-1058.7373046875	33.4856300354004	11.5726013183594	-1057.50610351562	14.4327630996704	-7.70090913772583	-1053.244140625	27.2496681213379	29.8032817840576	-1056.46899414062	12.8838195800781	29.6956691741943	-1068.40209960938	3.2666642665863	36.6479225158691	-1068.71020507812	3.52298378944397	8.77870559692383	-1063.00170898438	-10.3395366668701	-56.413200378418	-1071.17102050781	-12.4455842971802	-53.6950263977051	-1070.53430175781	-16.5582752227783	-48.2457427978516	-1073.04516601562	-19.7807273864746	-39.0154724121094	-1073.89001464844	-19.4476776123047	-14.0356826782227	-1076.42077636719	-14.9135837554932	-7.24180364608765	-1071.78515625	-5.6625599861145	-43.3927688598633	-1047.62646484375	-4.78967905044556	-24.8180904388428	-1031.08850097656	-17.2252635955811	-19.7747287750244	-1022.58435058594	-34.7414703369141	-13.6621055603027	-1032.88647460938	NA	NA	NA	NA	NA	NA	-18.9345111846924	-8.56289291381836	-1052.08959960938	-34.5227355957031	29.7580242156982	-1055.26123046875	-20.7839546203613	28.3884468078613	-1067.93933105469	-10.8021688461304	35.8583564758301	-1068.33227539062	-10.0092687606812	8.42510986328125	-1061.94873046875
PRI-9013	117.771171569824	-57.6275062561035	-856.409973144531	117.518280029297	-50.8302688598633	-863.288696289062	116.381568908691	-39.3934707641602	-879.548156738281	116.567085266113	-18.5529365539551	-898.129089355469	116.092239379883	-15.6430511474609	-901.877990722656	116.591133117676	53.9711799621582	-862.169860839844	117.135955810547	34.7625274658203	-852.026184082031	117.700698852539	19.0177307128906	-850.58642578125	117.043487548828	-1.11270153522491	-865.422119140625	117.555976867676	-13.5433692932129	-857.762023925781	117.515487670898	-46.4708518981934	-859.529418945312	108.413932800293	-53.6443214416504	-855.828491210938	106.882179260254	-53.0371932983398	-855.61376953125	103.862289428711	-49.4004440307617	-854.458618164062	100.224449157715	-39.6503257751465	-851.947509765625	102.358581542969	-14.2616815567017	-850.031005859375	106.746299743652	-9.84254360198975	-852.970703125	112.131355285645	-39.6800193786621	-876.865356445312	113.997192382812	-19.084400177002	-890.616394042969	102.381996154785	-12.852053642273	-900.897644042969	89.0767211914062	-8.00457382202148	-889.292541503906	79.5550918579102	-2.58079123497009	-864.370422363281	84.8443984985352	8.28862476348877	-862.787109375	103.999534606934	-7.5273380279541	-871.722045898438	89.9419479370117	23.3771743774414	-861.809936523438	103.156509399414	21.4638442993164	-852.185607910156	109.942527770996	27.5142288208008	-850.033630371094	111.296562194824	5.80018711090088	-859.996154785156	127.343200683594	-53.2496337890625	-856.227355957031	129.006591796875	-52.243034362793	-855.857971191406	131.525054931641	-48.4046821594238	-854.155822753906	135.467163085938	-38.5030250549316	-852.158935546875	132.930923461914	-13.3760786056519	-850.034423828125	128.061981201172	-9.57584381103516	-853.186645507812	122.006401062012	-40.7855453491211	-875.752380371094	118.690628051758	-19.4978866577148	-890.752746582031	128.522842407227	-12.9578161239624	-901.03759765625	143.797515869141	-8.14316749572754	-889.616027832031	154.697814941406	-2.55822825431824	-864.881103515625	150.365768432617	8.37738132476807	-863.458435058594	129.911926269531	-7.5253324508667	-871.436645507812	143.783493041992	23.7666778564453	-862.160888671875	131.420700073242	22.0364151000977	-852.263610839844	125.117126464844	27.6031112670898	-850.7880859375	123.023025512695	6.19116735458374	-860.470947265625
PRI-9328	0.467829257249832	-71.5292129516602	-1046.58862304688	-0.269791752099991	-62.0967330932617	-1038.26708984375	-1.33849024772644	-43.7858238220215	-1017.08062744141	0.228719994425774	-17.4453830718994	-990.223510742188	-0.113367199897766	-14.486813545227	-985.793701171875	-4.53304052352905	77.4890365600586	-1021.34771728516	-3.77682614326477	56.9380683898926	-1040.640625	-2.7145311832428	39.6609497070312	-1042.25085449219	-1.972527384758	11.816930770874	-1028.03771972656	-2.34041738510132	-6.98578310012817	-1040.72143554688	-0.733533084392548	-50.6309204101562	-1043.08911132812	13.0915021896362	-63.5067520141602	-1044.68542480469	15.4539728164673	-59.9196166992188	-1045.18676757812	17.2095050811768	-52.6614074707031	-1047.17224121094	19.7357444763184	-39.0724830627441	-1052.79870605469	16.4239349365234	-12.0642576217651	-1055.40087890625	9.8594970703125	-2.75164389610291	-1047.94848632812	4.12128639221191	-44.5388450622559	-1020.21563720703	1.67558658123016	-18.3384056091309	-999.84912109375	17.9130001068115	-11.9920072555542	-988.69873046875	37.3206634521484	-4.10703754425049	-1002.75842285156	47.2116584777832	11.08069896698	-1035.66345214844	36.457820892334	22.1265316009521	-1035.2158203125	13.4982557296753	0.0704225152730942	-1024.69250488281	32.8132667541504	43.4008827209473	-1030.11669921875	15.2325592041016	43.5914077758789	-1041.21166992188	4.2115306854248	50.3402366638184	-1043.39880371094	6.54473638534546	22.2942695617676	-1034.56640625	-12.7887201309204	-65.1123809814453	-1044.79479980469	-14.7206964492798	-62.582447052002	-1045.70593261719	-19.0523109436035	-53.8173561096191	-1047.42016601562	NA	NA	NA	-21.3182525634766	-13.930417060852	-1053.947265625	-14.4437637329102	-1.99617660045624	-1046.90893554688	-7.64084768295288	-44.530517578125	-1020.03955078125	-3.66207075119019	-18.5958557128906	-999.17529296875	-20.4324798583984	-12.4083957672119	-987.316833496094	-39.1203155517578	-6.53584337234497	-1000.73468017578	-51.642032623291	8.29885005950928	-1033.294921875	-41.7552909851074	19.8993320465088	-1033.09997558594	-17.0276737213135	-0.210524559020996	-1023.50830078125	-37.9451484680176	41.3445587158203	-1028.28747558594	-20.6866836547852	42.0228538513184	-1039.93176269531	-10.9515419006348	48.3918228149414	-1043.58666992188	-11.0282983779907	21.956449508667	-1033.39819335938
PRI-9329	-0.814163863658905	-58.6854209899902	-1057.46008300781	-0.365019500255585	-54.8527717590332	-1050.33947753906	0.792344987392426	-41.6791191101074	-1028.24291992188	0.539800941944122	-21.9852600097656	-1002.6650390625	0.65299379825592	-19.1380500793457	-996.30078125	1.36443102359772	67.6965179443359	-1029.5419921875	0.0307972002774477	49.0118408203125	-1045.83679199219	0.542344868183136	32.647274017334	-1048.51599121094	-0.0885976627469063	7.89969253540039	-1036.94348144531	0.0613034777343273	-7.5555682182312	-1043.72973632812	-0.0480142310261726	-45.119945526123	-1051.88671875	9.33637237548828	-52.0813903808594	-1056.12585449219	10.9249267578125	-48.7456359863281	-1056.34338378906	15.5947532653809	-44.2687950134277	-1055.93664550781	18.2226905822754	-32.7647323608398	-1057.05065917969	15.5013465881348	-6.97824478149414	-1055.56286621094	11.1973419189453	-2.11712527275085	-1052.54223632812	5.38445138931274	-40.7832565307617	-1030.43969726562	4.01461172103882	-19.5688209533691	-1010.19561767578	17.629753112793	-16.9472389221191	-1001.05975341797	33.974925994873	-10.1201038360596	-1010.33758544922	44.4043846130371	7.02170038223267	-1039.03759765625	36.3419761657715	16.9692344665527	-1038.40734863281	15.4214715957642	-4.46582126617432	-1031.46276855469	32.7156257629395	34.5267181396484	-1035.52416992188	17.386344909668	36.0715751647949	-1047.80822753906	7.82268047332764	42.3191375732422	-1048.98559570312	7.38525009155273	15.7465476989746	-1043.33508300781	-10.0067577362061	-53.1672134399414	-1055.69738769531	-12.3549137115479	-49.1761283874512	-1055.58679199219	-15.8066549301147	-43.9415321350098	-1056.1416015625	-18.7213764190674	-32.9687576293945	-1056.74169921875	-17.1497058868408	-8.09107685089111	-1055.09326171875	-12.3190412521362	-1.80550408363342	-1052.04382324219	-4.08323955535889	-40.5710983276367	-1029.78039550781	-3.39161229133606	-19.7361297607422	-1009.70440673828	-16.544548034668	-16.2887172698975	-1001.15539550781	-33.6921653747559	-9.45185089111328	-1009.79443359375	-44.7012367248535	7.10815191268921	-1037.21594238281	-37.0625610351562	17.5172176361084	-1037.37426757812	-15.2577781677246	-4.88534641265869	-1032.00366210938	-32.0481300354004	34.6045989990234	-1034.34899902344	-16.8777122497559	35.9994850158691	-1047.91638183594	-7.7608003616333	42.3913879394531	-1049.01513671875	-7.72558069229126	15.2303256988525	-1042.37744140625
PRI-9330	-0.418536990880966	-55.3446807861328	-1063.99438476562	-0.582757592201233	-48.5114631652832	-1055.2919921875	-0.0239405762404203	-40.985912322998	-1034.85461425781	-0.0291871875524521	-19.1953506469727	-1007.50927734375	-0.0520012937486172	-16.1426887512207	-1001.93139648438	-4.0794243812561	68.6795043945312	-1028.36401367188	-3.49509811401367	51.9857559204102	-1047.65368652344	-3.02476716041565	34.6296157836914	-1052.39465332031	-2.09386038780212	8.86335849761963	-1036.91833496094	-1.69346523284912	-4.88517284393311	-1048.279296875	-0.820563495159149	-39.2230339050293	-1057.44201660156	10.0433349609375	-49.6953392028809	-1062.39172363281	11.0651636123657	-48.712516784668	-1062.03015136719	14.3141870498657	-43.1857261657715	-1063.16027832031	16.799015045166	-32.6924247741699	-1062.37805175781	15.3908452987671	-6.32504367828369	-1059.47277832031	9.26441955566406	0.831483781337738	-1054.46166992188	5.02132272720337	-39.5643920898438	-1036.41186523438	3.47906279563904	-17.3629589080811	-1015.47003173828	16.7684955596924	-13.4055261611938	-1006.44146728516	32.463752746582	-6.09174299240112	-1016.353515625	42.6002388000488	5.87554359436035	-1041.34106445312	34.0270767211914	18.7985305786133	-1040.58947753906	13.255464553833	-1.04532277584076	-1035.73046875	29.2698345184326	36.7018890380859	-1037.89733886719	13.5923624038696	38.1219177246094	-1048.912109375	4.84215116500854	44.4196014404297	-1051.96606445312	4.46088695526123	16.713041305542	-1043.88195800781	-11.2101879119873	-50.1138610839844	-1063.29577636719	-12.0805387496948	-48.912525177002	-1063.39343261719	-14.9827356338501	-44.1166610717773	-1063.728515625	-18.8948001861572	-34.2179183959961	-1062.33801269531	-19.0232124328613	-7.46423387527466	-1059.71948242188	-13.7280073165894	0.012040494941175	-1054.5	-5.19675064086914	-39.2492294311523	-1036.56579589844	-3.95216917991638	-18.1290168762207	-1015.23651123047	-18.1206912994385	-15.2349739074707	-1005.93835449219	-34.8719444274902	-8.06499004364014	-1017.44451904297	-45.9546241760254	2.50504422187805	-1040.65698242188	-38.8520355224609	17.3227615356445	-1040.33386230469	-15.7661914825439	-1.52198529243469	-1035.6171875	-36.077995300293	35.3052368164062	-1037.93591308594	-20.603702545166	37.0722503662109	-1048.69152832031	-11.6009731292725	44.5002288818359	-1051.69396972656	-9.68151664733887	16.9319190979004	-1043.75109863281
PRI-9331	-3.07296824455261	-49.2656745910645	-1187.69177246094	-3.00359344482422	-45.2267227172852	-1178.46630859375	-1.91017091274261	-35.8761863708496	-1158.44506835938	-0.0235597994178534	-19.5612850189209	-1133.82421875	0.441131830215454	-17.1860904693604	-1127.65307617188	-1.95710909366608	67.8189468383789	-1152.94152832031	-2.68571162223816	52.5330619812012	-1169.71496582031	-2.89851212501526	37.2062797546387	-1176.64868164062	-2.03305697441101	9.80985069274902	-1162.65148925781	-2.93034768104553	-2.55879378318787	-1174.24487304688	-3.10297250747681	-35.4292335510254	-1179.51159667969	6.79662942886353	-43.730899810791	-1186.0595703125	8.96489429473877	-41.1094741821289	-1186.41223144531	11.0507898330688	-36.5762786865234	-1188.10815429688	13.8722915649414	-26.4811668395996	-1189.16943359375	12.8679285049438	-3.4217038154602	-1186.92749023438	7.86041259765625	3.00425362586975	-1181.513671875	2.61634469032288	-33.7565498352051	-1160.62585449219	2.21716237068176	-17.0887203216553	-1141.853515625	16.3662357330322	-15.6993160247803	-1132.63464355469	32.3525123596191	-5.90465259552002	-1143.33666992188	39.7482872009277	6.73594188690186	-1170.5849609375	31.651647567749	18.7640247344971	-1168.345703125	11.9423694610596	-0.514008283615112	-1164.04162597656	29.3457565307617	36.8128051757812	-1164.30114746094	14.7113399505615	39.2348937988281	-1174.34545898438	5.1558666229248	47.0916633605957	-1174.50927734375	5.56581163406372	18.2502136230469	-1170.24792480469	-12.8817892074585	-44.2131538391113	-1185.25024414062	-15.0200805664062	-41.1469955444336	-1185.58618164062	-17.2425937652588	-36.8666648864746	-1186.71203613281	-20.966381072998	-26.7316551208496	-1186.86389160156	-19.7885074615479	-3.36163830757141	-1184.70153808594	-14.5030317306519	3.14434885978699	-1179.91027832031	-6.17716789245605	-33.9685516357422	-1159.57189941406	-3.99205708503723	-16.8579196929932	-1141.18823242188	-17.3173332214355	-15.4738502502441	-1130.93981933594	-34.2192306518555	-5.56183242797852	-1139.92590332031	-44.0655059814453	7.46679544448853	-1165.9248046875	-36.9915733337402	18.9959049224854	-1163.48059082031	-16.8833389282227	-2.06096458435059	-1161.64733886719	-34.1569175720215	36.6240997314453	-1160.951171875	-20.9706573486328	39.3029937744141	-1172.47412109375	-10.7160863876343	46.9343872070312	-1173.88439941406	-10.8136692047119	18.3467617034912	-1168.88330078125
PRI-9332	-0.486337661743164	-69.1848297119141	-1063.2041015625	-0.932265818119049	-62.6079063415527	-1052.02075195312	-1.39547836780548	-47.7660140991211	-1030.48388671875	-1.12525260448456	-17.654748916626	-1007.50048828125	-1.47182083129883	-13.2131052017212	-1001.89263916016	-0.361252039670944	68.5200347900391	-1039.47424316406	-1.2762348651886	50.1486434936523	-1056.7646484375	-0.816972255706787	33.2923774719238	-1059.43688964844	-0.794169664382935	8.09259700775146	-1044.26135253906	-0.0471420660614967	-9.96647548675537	-1051.25476074219	-0.701744616031647	-51.5173225402832	-1056.45288085938	11.7120771408081	-63.8513946533203	-1060.73693847656	15.9155282974243	-60.788990020752	-1062.29418945312	18.092041015625	-53.9177589416504	-1064.62280273438	20.5326347351074	-41.0368957519531	-1063.66870117188	18.2724514007568	-14.7184572219849	-1064.18103027344	11.2266693115234	-5.63064432144165	-1057.79956054688	4.66909217834473	-45.3666763305664	-1033.76940917969	2.41665434837341	-16.1780261993408	-1015.23150634766	16.5226192474365	-11.0370044708252	-1005.08721923828	34.0316772460938	-5.30074501037598	-1015.50012207031	45.5346717834473	5.72652769088745	-1044.74816894531	37.5200881958008	16.1782341003418	-1045.19909667969	13.9171419143677	-3.62295532226562	-1037.21557617188	32.3575706481934	36.6144256591797	-1043.56860351562	17.9393253326416	35.8804626464844	-1054.93347167969	6.72101879119873	43.5570526123047	-1058.61450195312	8.17221832275391	14.6607227325439	-1049.20007324219	-12.6210956573486	-62.8917274475098	-1062.09997558594	-16.5276470184326	-60.6007537841797	-1063.42956542969	-18.9151668548584	-53.4477996826172	-1065.84558105469	-21.1650009155273	-40.1514015197754	-1064.34509277344	-18.5363330841064	-14.5159282684326	-1065.55346679688	-12.6701555252075	-5.11758852005005	-1058.21325683594	-6.5655665397644	-45.4310989379883	-1033.42297363281	-4.84802436828613	-17.7063121795654	-1015.662109375	-18.4980049133301	-10.9459657669067	-1006.18609619141	-36.6864929199219	-5.48092174530029	-1017.44348144531	-48.9545783996582	5.25908899307251	-1047.63427734375	-40.0204086303711	15.6220226287842	-1046.61547851562	-16.2908725738525	-4.31260299682617	-1038.19030761719	-35.2031288146973	35.5185928344727	-1043.83642578125	-19.9356269836426	36.2746658325195	-1056.47680664062	-9.37042045593262	42.0643730163574	-1059.365234375	-9.46249866485596	14.8908395767212	-1050.04406738281
PRI-9333	0.170518845319748	-57.268726348877	-1170.13708496094	0.00224917405284941	-50.2586784362793	-1161.302734375	-1.00951707363129	-38.0085487365723	-1138.41125488281	-3.12033104896545	-17.9771327972412	-1112.36572265625	-3.40297412872314	-15.0764541625977	-1106.85522460938	-3.98841428756714	69.1564331054688	-1136.45397949219	-1.91358733177185	53.1477699279785	-1158.41833496094	-1.79861414432526	34.173957824707	-1161.505859375	-2.13998651504517	10.677659034729	-1147.28503417969	-1.10460996627808	-4.44592237472534	-1157.04223632812	-0.178494200110435	-38.039421081543	-1161.93518066406	10.7415990829468	-50.6694793701172	-1168.08142089844	12.8712759017944	-47.8504066467285	-1168.52905273438	15.6835784912109	-42.9433517456055	-1171.42260742188	18.8687515258789	-32.4794998168945	-1172.39904785156	17.9026412963867	-7.28558921813965	-1169.24987792969	11.0196914672852	1.75860476493835	-1163.3525390625	4.77017879486084	-37.4332427978516	-1141.54016113281	0.476046234369278	-16.9939498901367	-1121.67333984375	15.4066553115845	-11.9059524536133	-1109.56970214844	30.1071662902832	-2.83279800415039	-1120.08386230469	42.6149444580078	9.60776233673096	-1147.59069824219	34.5157203674316	20.6901931762695	-1146.75073242188	13.5417213439941	0.997813045978546	-1143.85180664062	28.939884185791	39.9251022338867	-1143.51708984375	14.495756149292	38.6512031555176	-1158.302734375	5.89935684204102	44.8545837402344	-1160.92785644531	6.07422542572021	18.1316299438477	-1152.95861816406	-10.6971654891968	-51.7949867248535	-1169.05859375	-13.0830774307251	-48.5802268981934	-1169.43225097656	-16.1609783172607	-43.1242370605469	-1170.37561035156	-19.5337257385254	-32.4818382263184	-1170.25756835938	-18.1995391845703	-7.62456798553467	-1169.92919921875	-13.472638130188	1.05981194972992	-1164.537109375	-6.9968056678772	-37.5300254821777	-1141.8544921875	-6.5348539352417	-16.9504547119141	-1121.68103027344	-22.2756214141846	-13.2926912307739	-1112.31567382812	-36.9164772033691	-5.11242246627808	-1123.21643066406	-46.193302154541	7.40369033813477	-1153.56188964844	-40.2196884155273	19.0113487243652	-1151.27294921875	-17.3516387939453	0.243032395839691	-1144.89990234375	-33.8753814697266	39.16943359375	-1147.13745117188	-19.243221282959	37.7508163452149	-1160.19506835938	-10.1261129379272	44.4016571044922	-1161.97473144531	-9.21327781677246	17.5459213256836	-1153.26733398438
PRI-9335	-1.69154942035675	-52.542423248291	-1173.84436035156	-2.16494512557983	-49.2321166992188	-1164.85595703125	-3.15782332420349	-39.9613838195801	-1143.8505859375	-4.04270172119141	-19.0302238464355	-1119.15368652344	-4.09830141067505	-17.172477722168	-1114.86010742188	-6.2330207824707	67.0965805053711	-1147.16870117188	-5.70056104660034	50.6682167053223	-1161.91540527344	-4.90822172164917	32.6253280639648	-1164.93701171875	-4.11945009231567	9.08656024932861	-1152.07080078125	-3.40881562232971	-4.53388357162476	-1159.361328125	-2.2768657207489	-38.757453918457	-1166.07202148438	8.32574367523193	-45.5077133178711	-1171.501953125	9.44963550567627	-44.2045516967773	-1171.43994140625	11.9166717529297	-38.7485885620117	-1172.50366210938	14.827543258667	-28.1685638427734	-1171.69287109375	12.8837881088257	-3.29299688339233	-1169.45129394531	7.01095676422119	0.45382758975029	-1165.47497558594	2.66833782196045	-38.6814079284668	-1146.68505859375	-1.29146444797516	-18.2091503143311	-1127.03894042969	12.5800247192383	-15.8028078079224	-1117.19665527344	28.0906372070312	-5.53946733474731	-1126.17102050781	38.3672180175781	11.0399160385132	-1153.02185058594	30.030740737915	20.0578937530518	-1153.392578125	10.5836429595947	0.0557742677628994	-1146.607421875	25.3798274993896	37.5769958496094	-1150.96484375	12.7278289794922	37.2858963012695	-1163.36840820312	2.48408937454224	42.9916152954102	-1164.74682617188	2.92246246337891	18.1416416168213	-1158.43542480469	-11.9712896347046	-46.7753524780273	-1172.33117675781	-13.0489149093628	-45.6539421081543	-1172.11572265625	-16.1142807006836	-40.4165191650391	-1172.58947753906	-19.6824512481689	-29.55344581604	-1172.40649414062	-19.7089214324951	-4.65960836410522	-1170.201171875	-14.153525352478	0.0498784705996513	-1165.36413574219	-8.04847621917725	-39.252197265625	-1146.51171875	-6.15563249588013	-18.9345035552979	-1127.55151367188	-20.7081241607666	-16.4169464111328	-1118.43371582031	-35.8484687805176	-7.51928377151489	-1127.42736816406	-46.2179985046387	7.74490642547607	-1154.43139648438	-39.4973297119141	17.0256309509277	-1154.71569824219	-17.2468299865723	-1.67118752002716	-1147.09289550781	-35.9358100891113	34.2557411193848	-1151.484375	-22.8239364624023	35.3905258178711	-1163.83679199219	-13.2242155075073	42.4965972900391	-1164.77221679688	-11.3006343841553	16.2173328399658	-1157.92138671875
PRI-9340	-1.41589772701263	-62.7010307312012	-1002.18756103516	-1.28861510753632	-58.0631675720215	-995.953247070312	-1.19448602199554	-44.7042541503906	-974.917663574219	-1.74180591106415	-20.2754440307617	-951.149230957031	-1.82973301410675	-17.5653629302979	-947.018676757812	0.126626640558243	65.8237838745117	-981.5126953125	-0.681378901004791	45.6964530944824	-999.236511230469	-0.747629225254059	28.2887516021729	-1003.77624511719	-1.43284690380096	4.24982404708862	-986.6015625	-1.19910764694214	-11.8067188262939	-995.889709472656	-1.43044483661652	-45.0724411010742	-999.563110351562	10.2962207794189	-57.9061584472656	-1002.08404541016	10.83864402771	-57.135669708252	-1002.82928466797	16.2412605285645	-48.2525253295898	-1004.97283935547	19.14919090271	-36.7957153320312	-1006.84594726562	14.0728702545166	-9.86081409454346	-1005.28039550781	10.4383020401001	-7.03579807281494	-1002.15173339844	3.83232307434082	-44.0659523010254	-978.379272460938	1.51855230331421	-19.7486953735352	-958.889282226562	18.0690689086914	-14.0534753799438	-950.120056152344	32.5102996826172	-6.88082885742188	-957.520751953125	44.5928916931152	6.22939109802246	-990.347717285156	36.6685981750488	13.1587772369385	-988.912231445312	14.4608449935913	-6.48352575302124	-981.315185546875	33.7932167053223	31.8512744903564	-987.341796875	17.1674766540527	31.4443855285645	-1000.46221923828	6.85115146636963	39.2544746398926	-1001.98236083984	7.37010431289673	10.6759347915649	-992.637329101562	-12.8293561935425	-57.5448913574219	-1002.71124267578	-14.1838312149048	-56.6425514221191	-1003.32397460938	-18.1858005523682	-47.6723289489746	-1005.69763183594	-20.9402656555176	-36.4826965332031	-1007.39508056641	-16.6343936920166	-10.1026659011841	-1006.35192871094	-12.8446912765503	-6.88177633285522	-1003.07232666016	-6.84900617599487	-44.2688446044922	-978.286499023438	-5.01980638504028	-19.6414356231689	-959.065612792969	-20.6269817352295	-14.4003582000732	-950.694763183594	-36.5702018737793	-7.19232559204102	-960.208068847656	-47.2370986938477	8.82576560974121	-992.0517578125	-39.4556694030762	13.8850545883179	-990.401428222656	-16.7396011352539	-6.7182297706604	-981.762329101562	-33.9714164733887	33.8924293518066	-989.108947753906	-19.5439777374268	33.2786560058594	-1000.72979736328	-8.11560249328613	38.9024696350098	-1003.17449951172	-9.23280239105225	11.0651359558105	-992.900329589844
PRI-9349	-1.61861670017242	-53.5716018676758	-1065.46984863281	-1.70881772041321	-48.8326263427734	-1059.34643554688	-0.966596364974976	-37.6690711975098	-1039.07885742188	0.0818043723702431	-20.1563014984131	-1016.05511474609	0.0181389804929495	-17.426305770874	-1010.47393798828	0.849733591079712	67.7730712890625	-1043.28503417969	0.559869766235352	50.6228446960449	-1059.48669433594	0.161583259701729	34.2105484008789	-1062.04992675781	-0.183262661099434	7.5098876953125	-1047.97692871094	-0.495160937309265	-5.7979907989502	-1057.75964355469	-1.34118580818176	-37.7515869140625	-1061.12939453125	9.16554927825928	-46.7709121704102	-1066.01916503906	10.5202894210815	-46.0944976806641	-1065.85961914062	13.783766746521	-40.3725166320801	-1067.70458984375	16.9575996398926	-30.3794250488281	-1069.13403320312	15.7925710678101	-4.8721342086792	-1068.84558105469	10.8809518814087	-0.269862443208694	-1064.51245117188	4.10217475891113	-37.3938446044922	-1042.91870117188	2.80848288536072	-18.8289260864258	-1023.49951171875	17.3314304351807	-15.9303960800171	-1014.59014892578	32.1362609863281	-7.8593897819519	-1025.08508300781	42.4582138061523	5.47629356384277	-1053.63049316406	33.8114776611328	16.5300769805908	-1052.26623535156	14.5970735549927	-3.05335640907288	-1046.49157714844	32.3583335876465	34.8556098937988	-1049.74877929688	17.7932376861572	35.1929130554199	-1060.37622070312	7.89744281768799	44.3949279785156	-1062.6875	7.44683361053467	15.9499015808105	-1054.798828125	-12.2283239364624	-46.5808639526367	-1066.05297851562	-13.3483104705811	-45.4790573120117	-1066.15173339844	-16.0509700775146	-39.3264656066895	-1067.88525390625	-19.0624580383301	-29.3358535766602	-1069.43481445312	-16.8033752441406	-3.96702766418457	-1069.03369140625	-12.0457067489624	0.352794259786606	-1064.68188476562	-6.41060447692871	-37.1308708190918	-1042.58020019531	-3.59592318534851	-18.0955848693848	-1023.14392089844	-16.7916526794434	-15.758261680603	-1014.77264404297	-32.7059440612793	-6.35023021697998	-1026.154296875	-43.2472724914551	7.86408615112305	-1052.75915527344	-35.1515464782715	17.5817222595215	-1052.29809570312	-14.8729333877563	-2.81601333618164	-1046.22619628906	-31.7820491790771	35.7342185974121	-1050.00390625	-17.5799446105957	36.8211631774902	-1060.20910644531	-7.42362880706787	45.0688972473145	-1062.01928710938	-8.12003898620605	16.53151512146	-1054.80078125
PRI-9351	1.40375435352325	-54.4326133728027	-1201.68872070312	0.615739047527313	-52.3619499206543	-1195.33435058594	-0.907640635967255	-42.135139465332	-1173.96606445312	-2.78526377677917	-18.9959487915039	-1148.35278320312	-3.19392275810242	-15.9216871261597	-1143.07043457031	-3.76290822029114	71.6648635864258	-1173.06225585938	-2.89446592330933	54.6843490600586	-1191.70361328125	-2.34779810905457	37.2465438842773	-1194.59643554688	-2.53119707107544	6.83598899841309	-1181.90881347656	-1.26747250556946	-5.84460163116455	-1192.11657714844	0.375230431556702	-42.9541816711426	-1198.16223144531	9.08928489685059	-49.8205261230469	-1202.94250488281	11.8849239349365	-47.6361122131348	-1203.3125	14.9609966278076	-41.3428993225098	-1203.97668457031	NA	NA	NA	16.1394138336182	-6.60409545898438	-1204.08337402344	11.0683450698853	0.869904518127441	-1199.75402832031	4.468590259552	-39.0262107849121	-1176.7841796875	-0.0584150142967701	-19.0618629455566	-1157.01684570312	13.268120765686	-13.7885637283325	-1148.05444335938	29.2979335784912	-7.04924774169922	-1156.83312988281	40.9399604797363	7.62102556228638	-1182.50744628906	33.7735595703125	19.3851451873779	-1182.56140136719	12.1844358444214	-2.82080841064453	-1178.89392089844	28.6519775390625	37.1385345458984	-1180.32055664062	15.3180446624756	39.8637084960938	-1193.42626953125	5.21981620788574	47.4960708618164	-1194.89050292969	5.94142246246338	18.3250675201416	-1188.86328125	-9.39183521270752	-49.9332466125488	-1203.56787109375	-10.8189086914062	-48.963077545166	-1203.56787109375	-15.2942333221436	-44.1617622375488	-1205.11254882812	-19.1601257324219	-32.6775703430176	-1205.46484375	-18.4460792541504	-8.80258655548096	-1204.96838378906	-12.8212814331055	0.331747651100159	-1200.13000488281	-6.60947132110596	-39.6876907348633	-1177.01208496094	-5.43725872039795	-18.6061401367188	-1157.62829589844	-19.1713237762451	-14.9919147491455	-1149.51721191406	-35.9868469238281	-9.30515193939209	-1160.73327636719	-45.3691787719727	4.50164651870728	-1187.44653320312	-38.7985877990723	18.1739978790283	-1186.57824707031	-16.2618942260742	-3.67132091522217	-1180.31079101562	-35.8971900939941	36.2488021850586	-1183.68676757812	-21.5543785095215	39.6552238464355	-1195.23791503906	-10.7915439605713	47.8817291259766	-1195.04602050781	-10.4608058929443	18.4083347320557	-1189.28210449219
PRI-9352	125.875183105469	-67.5520553588867	-841.423645019531	126.236625671387	-63.6364936828613	-847.208862304688	NA	NA	NA	126.119102478027	-32.5486145019531	-894.430419921875	126.006950378418	-30.2507514953613	-898.715148925781	128.813781738281	52.7012100219727	-862.378356933594	128.227767944336	32.9608459472656	-847.087951660156	127.615249633789	17.9489650726318	-845.21435546875	126.549957275391	-6.23850202560425	-861.3017578125	126.922973632812	-19.831262588501	-850.8720703125	126.26220703125	-52.3896446228027	-845.967346191406	115.555488586426	-62.9127502441406	-841.314392089844	113.948654174805	-61.6069946289062	-841.263610839844	110.334297180176	-56.1696243286133	-841.662048339844	107.035957336426	-45.9625473022461	-840.262634277344	109.286514282227	-20.8236389160156	-840.166137695312	115.435211181641	-14.2291946411133	-844.317138671875	120.123733520508	-52.6413612365723	-865.22412109375	123.069374084473	-31.8491153717041	-885.747192382812	108.647499084473	-28.7560577392578	-895.622619628906	93.7068481445312	-20.6313495635986	-883.023315429688	84.3845748901367	-4.64436817169189	-857.836547851562	92.029411315918	4.22883605957031	-855.930480957031	112.165367126465	-15.1874303817749	-863.938110351562	95.8401489257812	22.4286556243896	-859.783081054688	111.186714172363	21.5495796203613	-846.815307617188	120.937744140625	27.8112411499023	-845.163452148438	120.029067993164	1.05191946029663	-854.015502929688	137.048461914062	-63.080638885498	-841.4609375	138.217407226562	-61.6097259521484	-841.353332519531	142.605758666992	-56.3479270935059	-841.611694335938	146.139022827148	-45.9591255187988	-840.249206542969	144.539794921875	-21.4498996734619	-839.517211914062	138.609436035156	-14.2222175598145	-844.513427734375	NA	NA	NA	129.494659423828	-31.7273120880127	-886.027221679688	142.685302734375	-29.6103820800781	-895.942932128906	159.438827514648	-22.090892791748	-883.363830566406	171.665176391602	-7.89400815963745	-857.424682617188	163.1220703125	2.8877477645874	-855.864074707031	140.550979614258	-14.7928438186646	-863.530578613281	159.793548583984	20.726936340332	-859.510375976562	144.12060546875	21.3788967132568	-847.328369140625	134.978088378906	27.2117233276367	-845.665405273438	134.403091430664	1.86356902122498	-854.15576171875
PRI-9360	-0.495690554380417	-62.2245140075684	-1201.97534179688	-0.850342035293579	-55.2245635986328	-1191.361328125	NA	NA	NA	-2.62877941131592	-24.2226371765137	-1141.13122558594	-2.63895511627197	-21.1080513000488	-1134.71948242188	-3.78126764297485	62.4952354431152	-1171.17724609375	-2.80669808387756	42.5153274536133	-1189.51574707031	-2.1357250213623	26.342679977417	-1189.85864257812	-1.82403945922852	2.94665002822876	-1176.11596679688	-1.06912994384766	-11.3546772003174	-1186.654296875	-0.736099004745483	-44.1125106811523	-1193.1884765625	10.9572086334229	-56.4528579711914	-1201.30590820312	12.4054737091064	-54.6985664367676	-1201.15002441406	15.6508836746216	-48.7974395751953	-1201.74536132812	18.2440032958984	-37.2255096435547	-1201.90087890625	16.6389312744141	-11.2933101654053	-1201.14697265625	10.3661584854126	-4.11595916748047	-1193.53405761719	NA	NA	NA	-0.0628345683217049	-23.9934883117676	-1147.904296875	14.1264982223511	-18.6435565948486	-1139.00695800781	29.6109294891357	-11.5279808044434	-1150.00341796875	40.4916496276855	-0.726047337055206	-1178.36694335938	33.6058578491211	11.6016521453857	-1178.19299316406	13.1133184432983	-7.15082120895386	-1172.07116699219	28.3998413085938	31.7434139251709	-1175.79528808594	13.5269870758057	31.7791557312012	-1188.20361328125	4.88942861557007	37.4358024597168	-1190.02941894531	6.7714695930481	11.6010875701904	-1182.90832519531	-11.8705606460571	-55.7052879333496	-1202.15197753906	-13.0123462677002	-54.4282112121582	-1202.51171875	-16.0521717071533	-48.87939453125	-1203.51281738281	-18.9875507354736	-37.8195114135742	-1203.58813476562	-18.2902450561523	-11.739501953125	-1201.74536132812	-12.8850784301758	-3.93565702438354	-1193.6796875	NA	NA	NA	-5.31612825393677	-23.4968032836914	-1148.06384277344	-19.0091228485107	-19.7160224914551	-1141.04064941406	-34.306510925293	-12.9978036880493	-1152.84057617188	-44.1777572631836	-1.78419232368469	-1181.21252441406	-37.5260925292969	10.6445980072021	-1180.99560546875	-16.4977722167969	-6.90792846679688	-1172.77453613281	-33.4709396362305	29.7554588317871	-1178.42419433594	-20.1883487701416	31.2027530670166	-1189.24365234375	-9.99544048309326	36.5301284790039	-1190.91333007812	-10.299750328064	11.0224370956421	-1183.59521484375
PRI-9361	-0.708849608898163	-69.9877853393555	-1061.14819335938	-0.780644237995148	-65.1245727539062	-1051.76818847656	-0.732754826545715	-50.3689498901367	-1028.41979980469	-0.253890037536621	-22.1673126220703	-1000.42272949219	-0.184959843754768	-18.2805690765381	-995.298217773438	-3.2651834487915	70.6169662475586	-1034.328125	-4.88048458099365	51.7762718200684	-1055.24548339844	-4.26836967468262	35.2286224365234	-1055.79577636719	-2.93617630004883	6.05866718292236	-1040.29797363281	-2.58933067321777	-10.0052690505981	-1049.73571777344	-1.76713728904724	-50.9574661254883	-1054.13439941406	10.3933277130127	-64.8480072021484	-1059.75390625	13.5685787200928	-60.463306427002	-1060.98547363281	16.9601821899414	-52.3170509338379	-1062.0849609375	18.7439594268799	-40.2158813476562	-1063.1669921875	14.4981908798218	-14.3037757873535	-1064.66320800781	8.06708240509033	-3.04410648345947	-1057.56811523438	4.25718879699707	-48.8378944396973	-1030.94165039062	2.62817430496216	-21.8468055725098	-1008.28228759766	18.1068210601807	-16.3136196136475	-1000.26434326172	34.1969223022461	-5.73157405853271	-1010.96325683594	46.5694808959961	9.15347290039062	-1042.65307617188	36.1345329284668	18.2635822296143	-1044.22155761719	13.3579912185669	-4.77129459381104	-1035.47045898438	29.4944763183594	38.911304473877	-1041.93566894531	14.1569986343384	39.7050971984863	-1053.66870117188	2.8642692565918	46.4234619140625	-1056.40502929688	4.45735120773315	18.3679618835449	-1047.37060546875	-12.5059452056885	-66.7242126464844	-1058.65991210938	-17.3993892669678	-62.0599975585938	-1058.70361328125	-20.4297580718994	-54.3747673034668	-1060.96765136719	-22.379997253418	-43.1174125671387	-1061.078125	-21.2089519500732	-17.0813121795654	-1062.52966308594	-15.0690898895264	-5.11832094192505	-1056.30920410156	-6.4827127456665	-48.658863067627	-1030.06970214844	-4.00673913955688	-22.0054454803467	-1007.75299072266	-19.1761512756348	-17.3310451507568	-999.458190917969	-36.9834442138672	-8.77904033660889	-1008.3173828125	-52.3937911987305	4.73484182357788	-1039.49145507812	-43.6737213134766	15.6235084533691	-1041.59191894531	-18.7284717559814	-6.63256311416626	-1033.69763183594	-37.2755126953125	36.9170303344727	-1039.94287109375	-23.1507205963135	37.8490600585938	-1052.89050292969	-12.4208326339722	45.9170799255371	-1057.09765625	-11.5460367202759	17.2215690612793	-1046.66198730469
PRI-9363	-0.0953090488910675	-53.8990020751953	-1066.57165527344	-0.310177475214005	-49.4052734375	-1057.68859863281	-0.0073248827829957	-38.7129821777344	-1035.63793945312	-0.507806479930878	-19.5031318664551	-1010.80389404297	-0.32333642244339	-16.9227237701416	-1005.41351318359	-3.45561909675598	69.9231338500977	-1038.29040527344	-3.09673976898193	50.9902191162109	-1054.28002929688	-2.63503289222717	33.0515022277832	-1056.57104492188	-1.45392644405365	7.22980546951294	-1042.73962402344	-1.37109386920929	-6.17791080474854	-1055.416015625	-0.918737351894379	-39.2882461547852	-1059.95336914062	10.2258043289185	-49.1655921936035	-1065.15637207031	11.9977045059204	-47.0973129272461	-1065.5283203125	14.9156675338745	-42.2608680725098	-1067.42309570312	18.8067893981934	-31.7432498931885	-1068.38635253906	15.0221862792969	-6.19919443130493	-1067.45336914062	9.2786865234375	0.242759048938751	-1061.73278808594	4.18209218978882	-36.719898223877	-1038.10485839844	2.50082159042358	-17.8517150878906	-1019.04522705078	17.0391826629639	-13.7011470794678	-1009.37274169922	32.3301124572754	-5.59856796264648	-1021.49792480469	41.4460754394531	6.9237117767334	-1047.00207519531	34.2578163146973	17.9733848571777	-1047.80383300781	12.9597625732422	-1.55281460285187	-1041.57202148438	30.2535495758057	37.2159576416016	-1044.91784667969	14.7118215560913	37.7282600402832	-1055.28735351562	4.40645170211792	42.6942558288574	-1056.75146484375	6.05485486984253	16.7446308135986	-1050.24768066406	-10.4250135421753	-48.9400749206543	-1065.67211914062	-12.0413064956665	-48.3050003051758	-1065.95629882812	-16.0574417114258	-42.8736000061035	-1068.2216796875	-20.159366607666	-33.0526008605957	-1068.27868652344	-18.8742561340332	-8.06954956054688	-1066.63073730469	-12.9849252700806	-0.0731443092226982	-1061.27270507812	-7.10420751571655	-35.1023941040039	-1039.484375	-3.75782227516174	-18.0315551757812	-1018.35827636719	-17.8287811279297	-14.4461240768433	-1009.41442871094	-34.3830223083496	-6.74069166183472	-1021.57720947266	-45.1891632080078	4.32086944580078	-1046.0419921875	-38.1413154602051	16.6245002746582	-1046.34204101562	-15.8888998031616	-2.16783094406128	-1040.45239257812	-35.7471351623535	35.8693618774414	-1043.91088867188	-20.800666809082	36.8866004943848	-1055.89245605469	-11.0680131912231	42.3418159484863	-1056.20422363281	-10.3589897155762	16.1667385101318	-1049.43579101562
PRI-9365	1.36512207984924	-58.7308807373047	-1199.76330566406	0.276983648538589	-50.830394744873	-1190.76647949219	-0.852816760540009	-40.0090026855469	-1168.46337890625	-1.21974444389343	-20.146936416626	-1142.88244628906	-1.20510399341583	-18.0753974914551	-1138.29675292969	-2.2774510383606	64.5283050537109	-1174.71850585938	-2.44709491729736	44.8775405883789	-1187.23205566406	-1.88399648666382	29.5188884735107	-1190.07373046875	-1.50065875053406	9.10495090484619	-1176.67211914062	-0.85706502199173	-6.12900972366333	-1187.06115722656	0.136071816086769	-39.7203140258789	-1191.32995605469	11.2197523117065	-52.9265975952148	-1198.13562011719	13.5651636123657	-48.0238151550293	-1198.66027832031	16.3148994445801	-42.9365005493164	-1198.61511230469	20.3069725036621	-32.0974426269531	-1198.79943847656	18.0170269012451	-7.41397762298584	-1199.60180664062	10.0070848464966	-0.305670022964478	-1193.6904296875	3.95315504074097	-38.7357025146484	-1170.44665527344	1.72518563270569	-19.0845546722412	-1152.080078125	15.4459171295166	-16.418981552124	-1140.29846191406	32.0473480224609	-7.44965219497681	-1152.931640625	44.2095489501953	6.12273550033569	-1182.10607910156	36.0081748962402	16.1962852478027	-1180.26403808594	11.2259550094604	-1.59251308441162	-1173.35461425781	30.9775524139404	33.2956809997559	-1176.10986328125	14.8198957443237	34.3076515197754	-1186.896484375	5.30453968048096	39.5082397460938	-1189.9208984375	6.36269664764404	15.0278768539429	-1180.29357910156	-9.13809394836426	-53.4928665161133	-1199.51013183594	-12.1699304580688	-48.8406219482422	-1199.29248046875	-14.9083099365234	-43.8224754333496	-1200.00451660156	-19.4213695526123	-34.1318893432617	-1199.63269042969	-18.5697746276855	-8.51219749450684	-1200.93896484375	-11.9710693359375	-1.17230761051178	-1194.31066894531	-5.59111404418945	-39.0075187683105	-1171.01550292969	-4.53957223892212	-18.9916610717773	-1152.685546875	-18.5385303497314	-16.6145362854004	-1140.77368164062	-35.5418281555176	-9.65372085571289	-1155.09350585938	-46.2649002075195	3.09580063819885	-1182.86206054688	-38.9409599304199	13.8356647491455	-1181.04064941406	-13.4394855499268	-1.1915682554245	-1173.93322753906	-34.9316482543945	31.8874320983887	-1177.4814453125	-19.1782417297363	33.5115394592285	-1187.36828613281	-9.19583606719971	39.6039733886719	-1189.68115234375	-9.54377937316895	14.1618461608887	-1180.79907226562
PRI-9369	-1.09533560276031	-52.147891998291	-1201.30407714844	-1.47203552722931	-48.7991371154785	-1195.31433105469	-1.63468301296234	-42.2184371948242	-1173.68884277344	-2.38702487945557	-22.6402950286865	-1148.671875	-2.61254787445068	-20.4061965942383	-1143.66101074219	-4.15455436706543	66.385009765625	-1170.65905761719	-3.01459002494812	49.2486877441406	-1186.68908691406	-3.07018160820007	32.8398208618164	-1191.08020019531	-2.47436261177063	9.31844615936279	-1179.99462890625	-2.02231359481812	-5.9426760673523	-1189.20068359375	-1.25044739246368	-37.6853675842285	-1195.83068847656	8.53980445861816	-46.453800201416	-1200.33117675781	10.1392164230347	-44.2454071044922	-1200.49743652344	13.7456712722778	-38.2578201293945	-1200.86206054688	16.4160404205322	-27.7476234436035	-1201.69165039062	13.2420606613159	-2.05079579353333	-1199.1240234375	9.46151733398438	1.17682445049286	-1195.11938476562	2.86269664764404	-38.9228477478027	-1176.46545410156	0.624451041221619	-20.4664478302002	-1155.40563964844	14.7940254211426	-18.0556392669678	-1146.37646484375	29.0770568847656	-9.03707504272461	-1156.21936035156	40.220516204834	5.76184988021851	-1182.16674804688	33.9724960327148	17.3052101135254	-1181.07336425781	11.687294960022	-3.34021043777466	-1175.88366699219	28.6849689483643	35.1051483154297	-1176.66296386719	14.028881072998	36.6273765563965	-1188.8896484375	4.71850538253784	42.7925567626953	-1190.30187988281	5.3002233505249	16.0097808837891	-1184.87292480469	-10.7805871963501	-47.3823509216309	-1201.77954101562	-13.1960783004761	-45.168643951416	-1201.61694335938	-16.0686912536621	-40.1665077209473	-1202.19604492188	-19.6911334991455	-29.6084003448486	-1203.12731933594	-17.8187160491943	-3.92084312438965	-1200.2392578125	-14.1876907348633	0.158478885889053	-1196.09619140625	-6.9006175994873	-39.4974822998047	-1175.64916992188	-5.57213497161865	-20.994873046875	-1155.07775878906	-20.1978435516357	-19.0195808410645	-1147.13171386719	-35.1501388549805	-11.216404914856	-1158.82592773438	-46.3422088623047	3.70997500419617	-1185.361328125	-40.1985702514649	14.9317035675049	-1183.39758300781	-16.897481918335	-4.07857942581177	-1176.56396484375	-35.4578285217285	32.2728729248047	-1179.19934082031	-19.9462718963623	35.794750213623	-1190.12390136719	-10.8560628890991	42.4168891906738	-1190.91955566406	-10.0520992279053	14.6588144302368	-1185.02966308594
PRI-9380	-3.25553464889526	-64.6899108886719	-1105.525390625	-3.07976007461548	-58.6589889526367	-1097.67944335938	-1.87479019165039	-46.9017028808594	-1077.15954589844	-2.32056856155396	-23.0706672668457	-1050.73999023438	-2.00301766395569	-20.2856540679932	-1047.12622070312	-3.81190228462219	61.4254837036133	-1079.62768554688	-4.08808946609497	43.6503639221191	-1096.23852539062	-3.80164861679077	26.8010349273682	-1100.8828125	-3.49793171882629	0.624126732349396	-1086.18798828125	-3.4801549911499	-14.2093896865845	-1095.76550292969	-3.05770778656006	-48.7839164733887	-1098.98657226562	7.09291982650757	-59.03515625	-1105.54638671875	9.46594619750977	-56.722225189209	-1105.40258789062	11.8723020553589	-51.5361289978027	-1107.11401367188	13.713583946228	-41.9476013183594	-1107.27600097656	12.4599370956421	-17.0398292541504	-1106.28649902344	7.01381015777588	-9.26981449127197	-1102.68981933594	2.4572229385376	-46.222957611084	-1079.91491699219	0.519771635532379	-22.9957427978516	-1059.92700195312	15.0393486022949	-16.1736068725586	-1050.41796875	31.4194412231445	-11.465142250061	-1062.68103027344	40.5274658203125	2.1252007484436	-1090.0830078125	32.0815048217773	12.0640954971313	-1089.70764160156	11.6415643692017	-9.43523502349854	-1084.45983886719	26.2117481231689	30.740758895874	-1087.52807617188	13.1314668655396	30.1163997650146	-1098.48278808594	3.30306816101074	35.304141998291	-1099.94372558594	3.99552130699158	10.5173053741455	-1092.6572265625	-13.6993913650513	-59.4190139770508	-1104.423828125	-15.7444343566895	-57.1917266845703	-1104.58129882812	-18.0521659851074	-51.9627990722656	-1106.12170410156	-20.6154270172119	-42.5373458862305	-1105.81823730469	-20.5444984436035	-17.9050846099854	-1105.46923828125	-15.0004301071167	-9.17295265197754	-1101.966796875	-8.15626239776611	-46.0871810913086	-1080.37072753906	-6.01751327514648	-22.9391498565674	-1059.77917480469	-19.4275760650635	-16.9120178222656	-1049.70251464844	-37.492977142334	-12.2137660980225	-1062.224609375	-47.8229217529297	1.0745621919632	-1087.22729492188	-41.1227111816406	11.2403736114502	-1086.85754394531	-17.0406742095947	-9.07425117492676	-1083.07702636719	-33.9538421630859	29.6838569641113	-1085.28491210938	-20.9492835998535	29.5422744750977	-1096.67944335938	-11.5524530410767	35.0826072692871	-1098.9560546875	-11.2521200180054	10.1579313278198	-1092.31140136719
PRI-9381	-2.5780041217804	-53.7588996887207	-1109.15246582031	-2.44464826583862	-50.5424385070801	-1104.45178222656	-2.11202454566956	-41.672061920166	-1084.01013183594	-1.59657061100006	-27.2695693969727	-1057.22729492188	-1.22428071498871	-24.1935634613037	-1049.97412109375	0.832890331745148	61.3735427856445	-1070.04235839844	0.0787566229701042	47.3328323364258	-1089.38793945312	-0.546483039855957	29.4023780822754	-1096.1318359375	-1.49090301990509	2.80919361114502	-1083.98620605469	-1.65939521789551	-8.85188865661621	-1094.57470703125	-2.10598278045654	-39.5232162475586	-1104.40686035156	8.22789859771729	-48.1655693054199	-1108.28637695312	9.46428394317627	-46.6218452453613	-1108.17297363281	12.3457794189453	-41.5436019897461	-1109.16430664062	16.5576801300049	-31.5039710998535	-1109.11535644531	14.6815280914307	-6.65155076980591	-1104.90197753906	9.25951671600342	-2.97920489311218	-1100.68969726562	2.28411746025085	-40.7922439575195	-1086.01989746094	0.860374748706818	-24.9305076599121	-1064.31652832031	15.470742225647	-21.6027851104736	-1054.97888183594	28.8467998504639	-12.3602657318115	-1063.388671875	40.774341583252	1.36333346366882	-1086.35290527344	32.8473205566406	12.1299085617065	-1085.24975585938	12.4375476837158	-7.93865919113159	-1083.220703125	30.6276340484619	29.9649028778076	-1080.74267578125	18.4088382720947	33.1558532714844	-1093.38891601562	7.80408430099487	40.1540946960449	-1094.5458984375	6.85509777069092	12.0801963806152	-1090.51220703125	-12.7098894119263	-47.79833984375	-1107.86767578125	-13.5116357803345	-46.6980514526367	-1107.93981933594	-17.1648216247559	-41.0593872070312	-1108.53515625	-20.0754241943359	-30.821704864502	-1109.33618164062	-17.7601833343506	-6.34910440444946	-1105.08520507812	-12.3185529708862	-2.78935217857361	-1100.88940429688	-6.5899019241333	-40.4402046203613	-1085.82739257812	-4.47971487045288	-24.8998775482178	-1064.48852539062	-18.5220317840576	-20.6182193756104	-1055.0869140625	-33.4865531921387	-11.6885652542114	-1064.98095703125	-43.1869964599609	3.25923728942871	-1087.16394042969	-35.7033538818359	14.6290187835693	-1085.52685546875	-14.9430847167969	-6.20057201385498	-1083.24597167969	-31.349760055542	31.4827766418457	-1081.42578125	-18.5282573699951	34.5836563110352	-1093.42834472656	-8.22217655181885	40.5929260253906	-1094.50866699219	-8.73418045043945	12.5035285949707	-1090.6435546875
PRI-9382	2.45354890823364	-58.3625831604004	-1104.96020507812	1.92890989780426	-54.8883399963379	-1098.03466796875	0.663375437259674	-45.9645500183105	-1077.5556640625	-0.860572636127472	-26.7271404266357	-1053.29370117188	-1.08383452892303	-23.808708190918	-1048.3828125	-4.55772256851196	60.5191612243652	-1074.07409667969	-3.50390410423279	42.4160232543945	-1091.35485839844	-2.87257552146912	25.6774997711182	-1095.68103027344	-2.21349430084229	2.01220893859863	-1083.50366210938	-0.777646541595459	-10.9699554443359	-1094.62255859375	1.70827901363373	-43.4876327514649	-1099.09802246094	11.6292009353638	-52.5597381591797	-1103.1572265625	13.2330598831177	-51.4264297485351	-1103.17041015625	16.1395473480225	-46.4603881835938	-1104.31420898438	18.8851680755615	-36.0784797668457	-1105.59301757812	16.5101222991943	-11.0220136642456	-1105.07739257812	10.8925046920776	-4.64827346801758	-1099.87072753906	6.35882425308228	-43.4304580688477	-1080.576171875	2.03737783432007	-25.5974235534668	-1059.85681152344	16.0964374542236	-21.8107051849365	-1052.04553222656	30.489933013916	-12.5459280014038	-1059.68041992188	41.5187492370605	0.962032496929169	-1083.97827148438	32.1431617736816	12.6346845626831	-1082.89245605469	13.8041505813599	-8.65539646148682	-1081.26538085938	27.0126361846924	30.0866012573242	-1080.34521484375	13.9076366424561	29.334436416626	-1092.54150390625	4.68700742721558	35.5784149169922	-1095.01477050781	5.01804447174072	9.46270561218262	-1089.35827636719	-7.6144118309021	-53.4356346130371	-1103.20275878906	-9.09133434295654	-52.3221397399902	-1103.57666015625	-11.8049917221069	-47.3387107849121	-1105.58081054688	-15.7464227676392	-37.6439514160156	-1106.53442382812	-17.0326442718506	-13.0267105102539	-1106.33996582031	-13.2015905380249	-6.71558713912964	-1100.74169921875	-4.37596321105957	-44.3897590637207	-1080.44702148438	-3.99113011360169	-25.8399257659912	-1060.51220703125	-18.976146697998	-22.7645645141602	-1053.12316894531	-34.2148323059082	-15.6096820831299	-1063.22497558594	-44.4152488708496	-2.77641367912292	-1088.04248046875	-37.7171821594238	9.44410419464111	-1085.02453613281	-16.1867904663086	-10.0239772796631	-1081.83544921875	-33.3076095581055	26.9983139038086	-1082.79406738281	-19.353832244873	28.7719593048096	-1094.07800292969	-11.0904636383057	35.2015838623047	-1095.93103027344	-9.35991096496582	7.99896335601807	-1089.56848144531
PRI-9383	-0.271079987287521	-56.9747085571289	-1094.38037109375	-0.579209864139557	-53.1138648986816	-1086.60925292969	-1.28866600990295	-39.7703590393066	-1067.77941894531	-2.7260959148407	-19.8873252868652	-1048.83874511719	-2.96927165985107	-17.4271602630615	-1045.1064453125	-3.23644590377808	60.8690299987793	-1075.896484375	-3.24701595306396	44.9231071472168	-1093.45239257812	-2.8930184841156	29.3674774169922	-1095.84631347656	-2.83881306648254	5.1598334312439	-1081.21337890625	-2.64871191978455	-9.13518524169922	-1088.56335449219	-0.897874593734741	-43.1812744140625	-1089.4404296875	10.2298002243042	-51.3526000976562	-1093.94702148438	10.4928512573242	-50.5340347290039	-1094.35803222656	14.5522308349609	-45.4541320800781	-1095.94128417969	17.4976272583008	-34.764762878418	-1097.01513671875	15.0203371047974	-9.29354000091553	-1098.45178222656	9.03512191772461	-3.29627871513367	-1095.15124511719	3.8356556892395	-39.6637916564941	-1071.47802734375	0.0980179160833359	-19.0145206451416	-1055.36645507812	12.8103628158569	-14.4348583221436	-1047.55395507812	29.2215480804443	-7.63953351974487	-1056.75427246094	38.4087791442871	7.48930406570435	-1082.900390625	30.0693607330322	14.0565824508667	-1083.19580078125	12.2322902679443	-5.39558219909668	-1078.1064453125	26.9828643798828	29.9009475708008	-1082.20788574219	12.580039024353	32.6341171264648	-1093.12683105469	4.52983903884888	38.8486518859863	-1096.09069824219	3.66092371940613	12.8156280517578	-1087.43505859375	-10.9214725494385	-51.8069496154785	-1094.66613769531	-11.6258668899536	-50.8215179443359	-1095.41760253906	-15.9433422088623	-46.0613479614258	-1096.82885742188	-20.1805191040039	-35.5643501281738	-1098.90258789062	-19.0667667388916	-9.89013004302979	-1099.9375	-13.5695552825928	-3.06665229797363	-1096.44885253906	-6.87670850753784	-39.8440475463867	-1071.85119628906	-5.79122400283813	-19.109769821167	-1055.37670898438	-20.2994155883789	-14.9981365203857	-1048.5966796875	-35.5732345581055	-9.01361274719238	-1059.01098632812	-44.3913078308105	5.0226616859436	-1085.41271972656	-36.7028503417969	13.4444808959961	-1085.82116699219	-17.1020107269287	-4.28565645217896	-1078.42211914062	-33.7176513671875	29.6625366210938	-1084.31616210938	-19.467960357666	32.3591728210449	-1094.4580078125	-10.4831256866455	39.2311096191406	-1096.8125	-9.50020790100098	12.1321077346802	-1087.83276367188
PRI-9418	-1.23987329006195	-55.3202629089355	-1164.13952636719	-1.33433318138123	-52.2599143981934	-1158.58605957031	NA	NA	NA	-2.02833914756775	-20.6749649047852	-1107.90087890625	-1.93437778949738	-18.1382961273193	-1101.72058105469	-1.71428036689758	65.1798248291016	-1123.12048339844	-1.38643062114716	50.6139335632324	-1146.87670898438	-1.04384326934814	35.2203941345215	-1151.89331054688	-1.21632313728333	9.98522663116455	-1140.26708984375	-1.3087215423584	-5.19254159927368	-1149.62524414062	-1.10787808895111	-40.841983795166	-1159.44665527344	10.6982774734497	-48.9998054504395	-1164.21936035156	12.521164894104	-46.3320236206055	-1164.70324707031	15.3179569244385	-40.0095176696777	-1164.14624023438	17.6521835327148	-28.9026947021484	-1164.1708984375	14.6517372131348	-4.82977914810181	-1160.04296875	8.70661163330078	1.70569312572479	-1155.20825195312	3.28082728385925	-40.754768371582	-1140.30920410156	0.660879373550415	-18.7482643127441	-1115.89758300781	15.4663410186768	-16.4960517883301	-1105.515625	31.9639492034912	-7.70319080352783	-1113.11804199219	45.4344367980957	9.86050510406494	-1141.43310546875	34.3617515563965	18.2659301757812	-1139.34936523438	12.7063846588135	-2.31536459922791	-1135.45849609375	32.6006965637207	35.8486709594727	-1134.64538574219	17.6164569854736	38.5375442504883	-1148.3720703125	6.14449787139893	45.605297088623	-1150.0244140625	5.77917146682739	16.5733528137207	-1144.68298339844	-13.3703193664551	-49.8683433532715	-1163.99377441406	-15.5190143585205	-47.0451545715332	-1164.13208007812	-17.7428913116455	-40.2738609313965	-1165.69567871094	-19.7736740112305	-29.6460418701172	-1164.20642089844	-17.7156620025635	-5.53108024597168	-1159.9404296875	-13.4414978027344	1.24423110485077	-1154.60302734375	NA	NA	NA	-4.59378671646118	-18.6026573181152	-1115.87927246094	-19.549352645874	-17.0262126922607	-1106.958984375	-35.8474311828613	-10.8887386322021	-1116.84973144531	NA	NA	NA	-37.986629486084	20.0889835357666	-1138.11669921875	-14.4973335266113	-3.54677844047546	-1136.01098632812	-35.0789604187012	36.3704109191895	-1134.38208007812	-19.1323661804199	38.5255546569824	-1148.90014648438	-8.62768173217773	45.0744361877441	-1150.05859375	NA	NA	NA
PRI-9422	127.447006225586	-54.3415870666504	-850.75341796875	127.477729797363	-48.1978530883789	-856.804138183594	127.868492126465	-35.0882759094238	-874.759948730469	129.939910888672	-7.88298320770264	-897.987976074219	129.783828735352	-4.00687837600708	-901.448120117188	133.146392822266	70.7556533813477	-862.201782226562	131.39533996582	51.348072052002	-845.489196777344	130.891738891602	35.0773696899414	-844.574340820312	129.860137939453	10.9947462081909	-863.182434082031	129.735977172852	-4.07506608963013	-852.517211914062	128.015533447266	-39.159969329834	-853.014099121094	118.224075317383	-48.9018020629883	-850.379943847656	115.081695556641	-46.2201156616211	-849.511779785156	112.839202880859	-40.5768890380859	-847.207336425781	110.894454956055	-30.525505065918	-845.264343261719	114.64665222168	-5.7429928779602	-843.31201171875	119.245231628418	-0.0553788058459759	-847.435363769531	123.066116333008	-34.4966430664062	-871.115844726562	126.633369445801	-9.18734931945801	-888.698547363281	114.754104614258	-1.58227038383484	-901.172241210938	99.3431854248047	3.6808705329895	-891.360290527344	85.4341735839844	12.0173244476318	-862.163513183594	93.8206481933594	22.5546417236328	-858.094848632812	117.216514587402	2.85459685325623	-868.911193847656	101.312728881836	41.6186294555664	-858.564636230469	115.525451660156	38.8865432739258	-846.983947753906	124.421127319336	44.4558219909668	-844.28564453125	123.328140258789	20.5072784423828	-855.804382324219	137.550201416016	-49.8476066589355	-850.650817871094	141.118850708008	-47.3933181762695	-850.339111328125	144.005249023438	-42.4670829772949	-847.902282714844	147.753921508789	-32.361930847168	-845.397827148438	145.899108886719	-6.8769702911377	-842.759765625	141.185684204102	-0.0435437560081482	-847.281555175781	133.718780517578	-35.1107025146484	-871.134643554688	132.243026733398	-10.3465328216553	-888.481018066406	145.922317504883	-2.65460610389709	-899.805358886719	162.53108215332	-0.45161446928978	-887.425354003906	175.679061889648	8.39677333831787	-859.789916992188	167.850967407227	19.756498336792	-855.935607910156	143.45751953125	1.73353719711304	-868.022521972656	161.65007019043	38.1731224060059	-856.612854003906	146.630737304688	37.0411758422852	-845.703125	138.518768310547	43.8098373413086	-843.698425292969	137.532730102539	20.113452911377	-854.830932617188
PRI-9429	-2.03696060180664	-79.2000274658203	-1009.97503662109	-2.05035781860352	-73.4992141723633	-1001.67938232422	-1.49732959270477	-57.9728736877441	-977.556091308594	-1.05303609371185	-24.8404865264893	-950.55419921875	-1.10969460010529	-20.8449516296387	-944.2197265625	-2.78521919250488	64.9377899169922	-982.648803710938	-3.31963753700256	46.583080291748	-1003.00762939453	-3.33610725402832	27.3404998779297	-1004.51635742188	-1.67493891716003	4.1164436340332	-989.253784179688	-2.08044743537903	-16.0160255432129	-1000.28399658203	-1.60095083713531	-61.6482048034668	-1005.31701660156	10.646782875061	-73.7817459106445	-1008.29852294922	NA	NA	NA	NA	NA	NA	17.1926975250244	-49.261173248291	-1015.65936279297	15.2693853378296	-23.8192768096924	-1016.48687744141	9.57956409454346	-9.45393943786621	-1008.28930664062	4.45439863204956	-54.9745864868164	-979.72607421875	1.8066748380661	-24.698902130127	-958.75732421875	18.0396919250488	-19.1436901092529	-948.402709960938	35.6639518737793	-11.5925235748291	-963.425659179688	46.8447723388672	-0.676623702049255	-992.497436523438	36.4997596740723	12.0206184387207	-993.428405761719	13.6300191879272	-9.19236278533936	-984.473510742188	31.8731727600098	33.1939506530762	-990.893798828125	15.1973457336426	32.4590759277344	-1003.94842529297	4.36925888061523	39.5426750183105	-1004.99066162109	6.60060453414917	10.7029161453247	-994.779907226562	-13.9430675506592	-72.1986389160156	-1009.99896240234	-18.3212890625	-70.6701736450195	-1012.83221435547	-21.2735118865967	-61.9173469543457	-1012.98150634766	-21.8995895385742	-49.9233131408691	-1014.78759765625	-20.831075668335	-24.8559875488281	-1014.76281738281	-15.0512294769287	-10.2674140930176	-1007.3056640625	-7.89590406417847	-56.1159896850586	-980.379150390625	-3.77088022232056	-25.2112216949463	-958.570739746094	-19.9342956542969	-20.3793277740479	-950.425170898438	-39.7388153076172	-14.8815612792969	-963.886840820312	-51.3972396850586	-3.63531827926636	-992.5693359375	-41.4856300354004	11.1864728927612	-992.94287109375	-17.1845149993896	-8.81652736663818	-984.290100097656	-37.2915840148926	31.4146289825439	-990.486938476562	-20.9221286773682	31.3782081604004	-1002.49816894531	-11.7640819549561	38.5758476257324	-1004.89453125	-11.8365087509155	10.1590538024902	-994.155334472656
PRI-9691	-1.93647241592407	-52.6015472412109	-1002.22845458984	-2.07911086082458	-48.5707702636719	-996.330749511719	-2.42617440223694	-37.6090316772461	-976.567504882812	-2.80339527130127	-18.7800884246826	-951.667602539062	-2.7539381980896	-15.9951448440552	-946.434143066406	-1.4252804517746	69.0048980712891	-985.249572753906	-2.15533661842346	48.672435760498	-997.172607421875	-1.97548067569733	32.5418930053711	-999.179382324219	-1.58523714542389	8.5715742111206	-983.131469726562	-1.84416365623474	-4.99832105636597	-993.749572753906	-2.14868927001953	-39.3314666748047	-997.478942871094	8.79566097259521	-47.8573303222656	-998.958312988281	9.58701133728027	-46.7042922973633	-999.133056640625	12.4979734420776	-41.9381256103516	-1001.76995849609	15.2905330657959	-31.7738418579102	-1003.42358398438	14.1387767791748	-7.22929191589355	-1002.84326171875	8.70729923248291	-0.684702396392822	-998.13037109375	2.44871020317078	-35.0844268798828	-978.194885253906	0.529535174369812	-17.2907104492188	-958.381408691406	15.8782939910889	-13.0094871520996	-948.616516113281	29.5473537445068	-6.44275522232056	-961.174011230469	38.6836929321289	7.16449451446533	-986.005249023438	32.8035888671875	17.1548919677734	-985.825866699219	12.6680974960327	-2.10847043991089	-978.524230957031	28.6976165771484	35.2526893615723	-984.398071289062	15.6889772415161	36.462345123291	-996.647827148438	5.78977823257446	42.6174278259277	-998.85498046875	5.19645214080811	15.8507814407349	-990.273620605469	-12.4295015335083	-48.4559555053711	-1001.62945556641	-12.9225645065308	-47.5090522766113	-1001.52600097656	-15.6473083496094	-42.3464584350586	-1002.36596679688	-18.682056427002	-32.4966888427734	-1004.58245849609	-17.4147853851318	-7.46862936019897	-1004.00402832031	-12.2165975570679	-1.11196494102478	-998.428039550781	-7.44794178009033	-35.6870040893555	-978.895812988281	-5.58903026580811	-17.7039852142334	-957.919982910156	-20.2153453826904	-13.1063976287842	-949.047485351562	-34.5022735595703	-6.06851005554199	-961.949523925781	-43.3087997436523	7.51762771606445	-987.61474609375	-36.8433647155762	17.0972442626953	-986.708984375	-16.3483562469482	-1.40517914295197	-978.837646484375	-33.5750617980957	35.4289970397949	-985.851806640625	-19.6842555999756	35.9418830871582	-997.111328125	-9.91548919677734	42.3777084350586	-999.078979492188	-8.82923221588135	15.6335916519165	-989.720092773438
PRI-9709	-4.65698003768921	-62.1297302246094	-1007.01519775391	-3.90696024894714	-57.1337776184082	-999.449890136719	-1.91834473609924	-40.5070610046387	-976.067077636719	-0.107725046575069	-13.1610116958618	-948.881225585938	0.305542498826981	-10.140133857727	-943.610168457031	0.299671620130539	82.1405792236328	-978.130310058594	-2.31685996055603	63.8979530334473	-994.955383300781	-2.89597010612488	46.9147453308105	-1000.40356445312	-2.24181246757507	18.7430877685547	-987.594604492188	-2.86372995376587	-2.99313688278198	-998.249816894531	-3.66104435920715	-45.086009979248	-1003.03521728516	8.0554666519165	-57.8814392089844	-1007.11383056641	11.0339756011963	-55.3409652709961	-1008.54614257812	14.1254959106445	-47.9350662231445	-1011.89398193359	NA	NA	NA	15.2491226196289	-8.40693759918213	-1011.89392089844	9.22917938232422	2.89235329627991	-1005.49200439453	3.44451546669006	-38.9869270324707	-978.330322265625	2.45058059692383	-12.4037437438965	-957.28125	18.2990798950195	-6.38261938095093	-948.683654785156	36.729866027832	1.30642986297607	-959.885681152344	47.9157409667969	13.1872415542603	-994.478149414062	38.8294792175293	27.4610042572021	-991.275817871094	14.1633577346802	3.9716317653656	-983.394592285156	34.5685424804688	48.9206047058105	-986.129577636719	15.4887676239014	48.8064613342285	-997.524780273438	5.86672401428223	56.1684951782227	-1000.390625	6.86293411254883	27.2306251525879	-992.605285644531	-14.7662515640259	-58.2182159423828	-1005.83013916016	-18.6879596710205	-54.6320762634277	-1007.48797607422	-21.621883392334	-48.0026664733887	-1010.16278076172	-24.5276565551758	-36.3812561035156	-1010.12164306641	-22.9264240264893	-8.78514289855957	-1010.19085693359	-15.2288303375244	3.428138256073	-1004.55499267578	-8.21562480926514	-39.2232322692871	-977.638732910156	-3.93093585968018	-12.4448385238647	-956.796813964844	-18.745964050293	-6.27242851257324	-945.697082519531	-38.5374603271484	1.86940205097198	-956.210571289062	-52.9962120056152	16.9066886901855	-989.310668945312	-41.8191146850586	29.043004989624	-987.618896484375	-17.0639915466309	5.06852912902832	-981.810119628906	-37.6843605041504	49.9555931091309	-983.656921386719	-21.0206604003906	50.0786056518555	-997.1416015625	-10.7270317077637	57.2709159851074	-999.362731933594	-11.9728488922119	27.9239177703857	-992.387084960938
PRI-9824	-2.21211528778076	-61.6413078308105	-1161.10632324219	-1.83461833000183	-57.7063827514648	-1155.88903808594	-0.795053780078888	-49.9316291809082	-1136.56030273438	-0.856516480445862	-28.3943462371826	-1114.22241210938	-0.37438040971756	-26.376579284668	-1108.69006347656	-10.8111295700073	57.7183723449707	-1142.353515625	-11.490834236145	38.4976921081543	-1160.4169921875	-10.6848888397217	22.8345375061035	-1162.28112792969	-6.7350697517395	-0.499508410692215	-1148.12707519531	-6.27642011642456	-15.0745210647583	-1157.34423828125	-3.01608657836914	-48.8603134155273	-1158.94848632812	7.8108401298523	-55.6985664367676	-1163.99206542969	9.03573703765869	-54.0207595825195	-1164.27575683594	11.3271818161011	-47.8907585144043	-1166.20031738281	13.3153734207153	-38.2523651123047	-1169.34204101562	8.92544078826904	-13.7739582061768	-1170.76306152344	4.22242212295532	-8.65732860565186	-1164.26818847656	3.35307192802429	-46.2835922241211	-1139.50927734375	1.58816921710968	-26.4036693572998	-1121.17907714844	14.476263999939	-22.6079235076904	-1113.58386230469	29.6314220428467	-14.4678812026978	-1126.30078125	36.5260162353516	3.09748649597168	-1154.96496582031	28.9078750610352	9.8911075592041	-1153.13134765625	8.10024356842041	-7.84176254272461	-1143.16552734375	20.7371597290039	28.0126838684082	-1151.11779785156	6.62191867828369	27.6806888580322	-1161.12158203125	-4.05941295623779	33.5159111022949	-1163.25622558594	-1.73132145404816	6.76948595046997	-1154.37316894531	NA	NA	NA	-15.420539855957	-55.5103073120117	-1161.11584472656	-18.9425392150879	-49.8792495727539	-1162.70520019531	-22.9821834564209	-40.9447631835938	-1164.71337890625	-23.7250499725342	-16.2492389678955	-1166.97692871094	-18.9657039642334	-10.3560342788696	-1161.701171875	-5.41652965545654	-48.1073760986328	-1138.94274902344	-5.17023181915283	-26.9818801879883	-1120.75927734375	-17.5585327148438	-24.4467697143555	-1110.72705078125	-36.1219329833984	-19.2487297058105	-1121.32470703125	-50.3991928100586	-4.36231851577759	-1147.302734375	-44.1788139343262	3.00509476661682	-1146.89453125	-18.5749111175537	-11.4155054092407	-1140.61303710938	-39.727108001709	23.8108024597168	-1145.45178222656	-28.0171356201172	24.904956817627	-1158.90954589844	-18.6924381256104	32.1400909423828	-1161.47607421875	-14.8906955718994	5.76450634002686	-1153.45812988281
PRI-9825	-2.12381505966187	-55.060173034668	-1178.24096679688	-1.88670825958252	-51.6784782409668	-1171.22729492188	-1.11002671718597	-45.9090919494629	-1150.58544921875	-1.39050114154816	-25.8947715759277	-1127.19140625	-1.30668413639069	-23.4534530639648	-1121.48425292969	-0.173219636082649	56.0697784423828	-1147.07153320312	-0.562995493412018	43.359546661377	-1163.30651855469	-0.52108108997345	26.8682460784912	-1168.82202148438	-1.09272611141205	0.981031775474548	-1155.19079589844	-1.4666041135788	-11.6129684448242	-1166.18395996094	-1.79697847366333	-43.2807579040527	-1171.37316894531	8.73869609832764	-48.7160301208496	-1176.28381347656	9.36599063873291	-47.8469734191895	-1176.43420410156	12.1878490447998	-43.1556282043457	-1177.58874511719	15.3146657943726	-32.7019195556641	-1178.72412109375	12.6857013702393	-9.09673404693604	-1176.78747558594	10.0820808410645	-5.7076096534729	-1171.97644042969	3.20254373550415	-43.9389724731445	-1153.50134277344	1.20950269699097	-24.04638671875	-1133.82104492188	13.7758350372314	-20.4345092773438	-1124.99938964844	28.6548366546631	-14.4987888336182	-1136.08190917969	40.329833984375	-1.1491402387619	-1159.44494628906	34.0634269714355	9.91549301147461	-1159.40393066406	12.8976879119873	-8.91648292541504	-1152.91833496094	27.432804107666	27.4127864837646	-1156.47131347656	14.6767835617065	29.3661804199219	-1166.98864746094	6.98706817626953	36.1369552612305	-1167.41723632812	5.87508964538574	9.70175743103027	-1163.32202148438	-11.9871644973755	-49.2419242858887	-1175.7802734375	-12.7904739379883	-48.0442581176758	-1176.29870605469	-15.6286678314209	-43.2049903869629	-1177.60205078125	-18.7176609039307	-32.9055290222168	-1178.40844726562	-15.6541299819946	-9.46308898925781	-1176.91394042969	-12.7411756515503	-6.12379837036133	-1171.95141601562	-6.32613754272461	-43.9089279174805	-1153.52978515625	-4.10239315032959	-24.5931415557861	-1133.7294921875	-16.7888870239258	-20.8268718719482	-1125.76440429688	-31.0019950866699	-14.4065589904785	-1136.62902832031	-43.1765632629395	0.594419717788696	-1159.95544433594	-37.5352745056152	10.4426584243774	-1160.23669433594	-15.0169486999512	-9.38867092132568	-1153.16320800781	-29.5762462615967	27.3305072784424	-1157.21740722656	-16.0605144500732	29.4665622711182	-1167.07373046875	-8.78171443939209	35.9239768981934	-1168.38293457031	-7.84784173965454	8.80660915374756	-1162.77746582031
PRI-9850	-1.44013345241547	-60.4008026123047	-1190.66247558594	-1.48457467556	-53.973388671875	-1183.54931640625	-1.06546211242676	-43.866455078125	-1164.15246582031	-0.27749502658844	-25.9436683654785	-1143.42553710938	-0.352911651134491	-24.2152881622314	-1139.24291992188	-0.951591372489929	57.8726692199707	-1171.79150390625	-2.10691285133362	38.0652694702148	-1186.35791015625	-1.80699145793915	22.3676376342773	-1188.8349609375	-1.05715692043304	1.2212473154068	-1175.14038085938	-1.1986198425293	-13.5255613327026	-1184.01635742188	-1.30114197731018	-44.0896148681641	-1186.71435546875	8.84628868103027	-53.7246742248535	-1190.82299804688	9.63835620880127	-53.3809242248535	-1191.04357910156	12.9189920425415	-48.4335708618164	-1192.53637695312	15.9351682662964	-38.1158294677734	-1194.58959960938	13.267993927002	-12.5206346511841	-1193.77368164062	9.48525047302246	-9.3016939163208	-1190.05249023438	3.08062314987183	-42.5287094116211	-1167.21520996094	2.33869671821594	-25.1307773590088	-1151.42736816406	15.5856990814209	-20.942253112793	-1141.63525390625	29.5382537841797	-16.5351638793945	-1153.30554199219	41.3625679016113	-3.78015065193176	-1178.02880859375	33.1368637084961	8.14364719390869	-1178.19067382812	13.6058559417725	-8.4284610748291	-1170.65600585938	28.0940952301025	25.743745803833	-1177.00927734375	15.7596740722656	27.100191116333	-1188.01782226562	4.83479499816895	32.1387252807617	-1188.5283203125	5.57130908966064	7.53790616989136	-1181.51000976562	-11.9391422271729	-53.8599548339844	-1189.59545898438	-12.9906606674194	-53.2188758850098	-1190.126953125	-15.7032022476196	-48.052074432373	-1192.29772949219	-18.9223365783691	-38.2415657043457	-1193.85217285156	-15.9987831115723	-12.4122400283813	-1192.93969726562	-11.7596244812012	-9.21760559082031	-1189.3037109375	-5.76894283294678	-42.7299690246582	-1167.42797851562	-3.55282330513	-24.9786281585693	-1151.53369140625	-16.5378665924072	-21.0178089141846	-1141.29345703125	-31.2455253601074	-17.6315479278564	-1152.52331542969	-43.8221435546875	-4.25427436828613	-1176.55310058594	-36.7526893615723	7.76771068572998	-1175.6748046875	-15.4244003295898	-8.36113452911377	-1169.63671875	-31.4326400756836	26.0145053863525	-1174.92553710938	-19.3768692016602	26.9388771057129	-1186.95043945312	-8.66083240509033	31.8427906036377	-1188.04528808594	-8.16501140594482	7.82153558731079	-1181.44689941406
PRI-9863	-3.62163400650024	-67.2174987792969	-1172.57385253906	-3.55842566490173	-60.7006988525391	-1162.4541015625	-2.71808433532715	-48.3838729858398	-1140.83093261719	-1.65956127643585	-24.6109218597412	-1112.21716308594	-1.26598727703094	-21.2702255249023	-1106.84619140625	-0.418925613164902	69.9846038818359	-1144.17553710938	-1.13081216812134	50.2384834289551	-1161.78039550781	-2.09209513664246	31.1900310516357	-1162.33715820312	-2.51200127601624	5.59987926483154	-1146.06860351562	-2.9251651763916	-10.8339653015137	-1158.11584472656	-3.19485235214233	-50.7343330383301	-1164.6181640625	9.41307544708252	-60.770751953125	-1170.37756347656	11.0683193206787	-58.7069282531738	-1171.37866210938	14.4883413314819	-49.5809555053711	-1171.78588867188	16.0783538818359	-37.4170608520508	-1173.22204589844	12.8272294998169	-10.5758867263794	-1170.42639160156	9.31658172607422	-6.68908452987671	-1165.64575195312	2.26188659667969	-47.995231628418	-1144.08386230469	1.06369340419769	-23.8167724609375	-1121.4296875	15.7629413604736	-20.8514423370361	-1111.5205078125	31.1748428344727	-15.3065052032471	-1120.80261230469	45.7426452636719	-0.713283061981201	-1150.95349121094	35.3276062011719	14.246054649353	-1151.67199707031	13.184139251709	-7.24377059936523	-1143.955078125	32.1941223144531	36.3093452453613	-1150.05908203125	16.3069438934326	36.6758575439453	-1162.82666015625	6.07970380783081	42.645191192627	-1163.30456542969	5.42562437057495	14.0462369918823	-1155.32263183594	-16.7713718414307	-60.939208984375	-1169.7734375	-17.9319305419922	-59.1515045166016	-1170.34008789062	-21.2070598602295	-50.4953460693359	-1171.01733398438	-23.4737339019775	-38.233943939209	-1172.32849121094	-20.4736461639404	-11.2718076705933	-1170.42236328125	-15.9933958053589	-5.82074069976807	-1164.2841796875	-8.25769138336182	-47.9197731018066	-1144.06640625	-5.09149408340454	-23.804780960083	-1121.05383300781	-19.0620956420898	-19.6364631652832	-1110.78771972656	-34.5552864074707	-14.1290216445923	-1118.54357910156	-49.7830200195312	1.88097667694092	-1147.16833496094	-39.6282997131348	15.9947204589844	-1149.56188964844	-16.9523525238037	-6.32444620132446	-1143.34265136719	NA	NA	NA	-20.0817813873291	36.1865539550781	-1160.76037597656	-9.68848323822021	42.7500801086426	-1163.40380859375	-9.69130516052246	13.9043827056885	-1154.06103515625
PRI-9952	128.505645751953	-61.4166641235352	-884.870544433594	128.730972290039	-55.5518646240234	-892.401428222656	129.199920654297	-43.9685287475586	-910.922607421875	130.282867431641	-17.5608615875244	-935.819213867188	130.218978881836	-14.220142364502	-940.4599609375	131.742691040039	64.2193756103516	-906.715515136719	130.859313964844	45.3254776000977	-889.709350585938	130.580139160156	30.0671482086182	-887.876281738281	129.940582275391	5.95015811920166	-901.561706542969	129.374862670898	-9.00990676879883	-890.447998046875	128.918258666992	-46.5300407409668	-889.46435546875	117.802375793457	-56.1616744995117	-885.217041015625	115.503356933594	-53.4842567443848	-883.799865722656	113.306045532227	-47.6567306518555	-882.770080566406	111.099685668945	-37.7505416870117	-880.943298339844	113.056541442871	-11.1999750137329	-879.112487792969	119.062149047852	-4.77345180511475	-886.278686523438	124.154731750488	-42.2213897705078	-907.952819824219	127.405838012695	-17.7015590667725	-927.70361328125	115.413139343262	-13.5816640853882	-937.353698730469	98.4977188110352	-6.01101112365723	-927.690612792969	87.0362548828125	4.51571273803711	-899.657836914062	95.3859939575195	14.7249326705933	-897.287231445312	116.040626525879	-4.74647760391235	-906.158996582031	101.473014831543	34.209228515625	-901.035278320312	115.919357299805	32.9604454040527	-889.500244140625	123.733100891113	38.3136558532715	-887.568664550781	123.24976348877	14.2148675918579	-896.770874023438	139.218246459961	-56.8572807312012	-885.1455078125	140.858154296875	-55.254207611084	-883.931579589844	143.955535888672	-48.5582046508789	-882.145202636719	146.727081298828	-38.0642127990723	-880.300903320312	145.561798095703	-12.247799873352	-879.250793457031	140.659072875977	-5.22534513473511	-885.692749023438	134.846817016602	-42.7166366577148	-907.764709472656	133.103759765625	-18.2184753417969	-927.25830078125	145.194869995117	-14.1598644256592	-937.405883789062	161.435043334961	-8.60801887512207	-928.773803710938	173.319595336914	3.20315027236938	-898.905944824219	164.953567504883	13.1195411682129	-897.766784667969	143.343475341797	-3.55508804321289	-905.72021484375	160.469635009766	31.6717834472656	-900.041748046875	146.196365356445	31.422269821167	-888.897399902344	138.506607055664	38.0443534851074	-887.632995605469	136.848052978516	12.9798374176025	-896.938537597656
SNC-H19-079	-0.526299238204956	-50.3762664794922	-1099.234375	-1.02674496173859	-45.5934753417969	-1092.84875488281	-0.970146894454956	-36.8320121765137	-1072.99035644531	-0.5921351313591	-15.3578119277954	-1050.05224609375	-0.510777652263641	-13.8978366851807	-1045.6201171875	0.862503826618195	67.9519119262695	-1078.4267578125	-0.624188363552094	51.8835563659668	-1092.96423339844	-0.920115292072296	33.2630958557129	-1095.06262207031	-0.444949299097061	12.440938949585	-1081.58471679688	-0.858306229114532	-3.36130023002625	-1090.79040527344	-0.81424069404602	-34.1994743347168	-1093.40808105469	9.22639083862305	-44.435977935791	-1098.28576660156	10.6258220672607	-44.0415458679199	-1097.76318359375	13.2838535308838	-40.3249168395996	-1099.78149414062	16.4168834686279	-29.9525547027588	-1101.97644042969	15.0754089355469	-4.73330497741699	-1100.36730957031	10.0460720062256	2.18857002258301	-1096.97436523438	4.26497268676758	-36.0367012023926	-1076.56616210938	2.15123319625854	-14.3174142837524	-1057.40368652344	16.4397563934326	-11.674054145813	-1048.44519042969	31.2975521087646	-3.31613731384277	-1059.66320800781	39.7059555053711	8.44686126708984	-1084.86962890625	33.3375091552734	17.9469356536865	-1084.48669433594	14.2873868942261	1.00290822982788	-1078.97351074219	28.6811218261719	36.0568695068359	-1083.3037109375	14.5781755447388	36.3933372497559	-1094.248046875	6.39945030212402	43.527645111084	-1094.388671875	6.30931758880615	17.0682067871094	-1087.87951660156	-10.968020439148	-45.3450546264648	-1097.25061035156	-11.5849761962891	-44.7056045532227	-1097.57824707031	-14.9224615097046	-40.1009902954102	-1100.61950683594	-17.8031425476074	-29.091739654541	-1102.2705078125	-16.3271541595459	-4.36644268035889	-1100.28112792969	-11.9502611160278	1.74891316890717	-1096.8779296875	-6.21560335159302	-35.8332710266113	-1076.61364746094	-3.83946180343628	-14.3483743667603	-1057.70153808594	-18.4965953826904	-11.9336814880371	-1047.85375976562	-32.9848289489746	-3.04601788520813	-1059.34436035156	-42.058521270752	8.38149642944336	-1083.78869628906	-35.1520576477051	17.9182910919189	-1083.82397460938	-14.2854652404785	2.4546058177948	-1077.83679199219	-29.6550636291504	36.0866508483887	-1082.91137695312	-15.8122301101685	36.5707511901855	-1094.50012207031	-8.29135799407959	42.9374122619629	-1095.11352539062	-8.75912284851074	16.7482089996338	-1087.5537109375
SNC-H20-117	-2.10164904594421	-54.8301124572754	-1116.1435546875	-2.27723288536072	-49.4668464660645	-1109.76806640625	-1.00455725193024	-34.4974479675293	-1088.91003417969	-0.656507015228271	-6.4686770439148	-1067.67663574219	-0.579984545707703	-3.62136769294739	-1063.17858886719	2.5943021774292	78.0974349975586	-1096.41796875	3.05566382408142	59.2680397033691	-1117.50793457031	1.95766639709473	43.4468040466309	-1118.43542480469	0.962763905525208	16.8080043792725	-1101.42028808594	0.594462394714355	1.8306872844696	-1111.3994140625	NA	NA	NA	8.7487154006958	-50.6064224243164	-1114.65319824219	13.4957637786865	-47.6474647521973	-1116.40551757812	15.3948354721069	-42.2837867736816	-1121.81396484375	17.0332279205322	-30.6955699920654	-1121.78210449219	17.7111148834229	-3.44177007675171	-1121.69702148438	11.1551895141602	5.50484418869019	-1116.19128417969	5.67362403869629	-34.0861778259277	-1092.50317382812	2.75731754302979	-6.18006420135498	-1073.30078125	18.5456027984619	-3.83214068412781	-1067.38977050781	34.485897064209	4.17189168930054	-1076.69091796875	46.4629554748535	17.4965629577637	-1106.41943359375	39.2697868347168	23.6095676422119	-1105.77624511719	13.7668867111206	8.85476779937744	-1098.02478027344	35.1120376586914	45.209644317627	-1106.04748535156	18.31715965271	45.4820671081543	-1116.60876464844	10.5173606872559	51.6066207885742	-1118.84045410156	8.32302761077881	25.069356918335	-1106.77697753906	-12.506441116333	-49.6800804138184	-1115.37316894531	-17.2783603668213	-47.1764373779297	-1116.53051757812	-18.5829792022705	-42.2294769287109	-1120.39636230469	-19.8205051422119	-29.9787464141846	-1121.8193359375	-17.3126449584961	-3.14606714248657	-1122.56665039062	-10.7280941009521	5.4220609664917	-1117.17150878906	-7.14109086990356	-34.389965057373	-1092.41455078125	-3.90603709220886	-6.42200565338135	-1073.18835449219	-17.5116100311279	-1.49340963363647	-1067.7626953125	NA	NA	NA	-45.6867523193359	18.4346828460693	-1108.01025390625	-37.8827171325684	26.2948818206787	-1107.03271484375	-13.2006607055664	9.47565269470215	-1098.42419433594	-29.8719501495361	47.0278663635254	-1107.408203125	-14.4148654937744	47.2219390869141	-1117.65539550781	-5.33113765716553	52.7073173522949	-1119.23120117188	-6.65166139602661	27.2340850830078	-1108.6162109375
SNC-H22-170	-0.468220800161362	-59.9032173156738	-1030.8818359375	-0.675670385360718	-55.739143371582	-1024.314453125	-0.81678718328476	-38.8918266296387	-1002.45343017578	-1.0052889585495	-18.8415851593018	-977.146057128906	-1.03106927871704	-15.6788864135742	-972.456604003906	1.44691503047943	74.2628021240234	-1004.21069335938	1.57031488418579	54.2589645385742	-1021.57452392578	2.00701117515564	37.4112319946289	-1023.44372558594	0.911185801029205	11.7693948745728	-1008.9833984375	0.292807996273041	-4.06207466125488	-1020.84362792969	-0.357475697994232	-43.2864418029785	-1026.59326171875	10.8638563156128	-53.055103302002	-1028.23205566406	12.4185438156128	-51.7597274780273	-1027.88244628906	17.2969703674316	-43.2536315917969	-1029.78601074219	19.1076164245605	-31.8412246704102	-1031.50146484375	17.3875904083252	-4.56921148300171	-1029.90954589844	12.2777557373047	0.312611520290375	-1026.87573242188	4.86811542510986	-39.1060104370117	-1005.96954345703	2.1936023235321	-17.6779842376709	-984.792663574219	16.2742671966553	-12.8090085983276	-975.408508300781	33.1504974365234	-5.52663326263428	-987.281494140625	44.676887512207	8.5422534942627	-1012.55755615234	38.7712097167969	18.8625984191895	-1012.43725585938	15.6964330673218	-0.219990193843842	-1004.82000732422	32.2179679870605	40.8276786804199	-1009.44934082031	20.9232196807861	41.7896385192871	-1020.98260498047	9.5883903503418	47.469970703125	-1023.90362548828	8.91510391235352	21.4034957885742	-1016.8662109375	-11.8388137817383	-53.1660461425781	-1028.33349609375	-12.9188442230225	-51.9688339233398	-1028.6484375	-18.0143566131592	-42.5614814758301	-1030.76403808594	-18.7344188690186	-31.2516479492188	-1032.625	-15.3153076171875	-4.09575462341309	-1031.47180175781	-10.189790725708	0.808827340602875	-1027.87976074219	-5.94761848449707	-39.4988479614258	-1005.90881347656	-4.35159158706665	-17.7801837921143	-984.888671875	-18.9178504943848	-12.9748525619507	-976.508117675781	-35.2247161865234	-5.42413759231567	-989.9228515625	-44.1086578369141	10.0371885299683	-1015.63159179688	-37.9109420776367	20.835090637207	-1015.45758056641	-16.8887901306152	-0.183933347463608	-1006.38049316406	-31.2483043670654	41.0471839904785	-1011.51483154297	-17.6111793518066	42.0648002624512	-1021.99462890625	-6.49506616592407	47.5024833679199	-1024.25915527344	-6.73236513137817	21.1114292144775	-1017.10668945312
SNC-H23-057	-1.0589793920517	-52.8447265625	-1007.97747802734	-1.50445902347565	-46.0641860961914	-1000.43762207031	-1.46636915206909	-35.91259765625	-980.140380859375	-1.91267836093903	-13.1599550247192	-957.181335449219	-1.77599847316742	-10.7822732925415	-952.790649414062	-1.04034733772278	67.8982086181641	-995.112670898438	-0.313223242759705	47.5956497192383	-1006.96771240234	0.0451452881097794	30.2142734527588	-1008.85681152344	-0.66241443157196	9.7466630935669	-990.527526855469	-0.627107203006744	-6.62221813201904	-1002.35046386719	-1.44122612476349	-36.6175880432129	-1002.72894287109	9.18915462493896	-47.1595764160156	-1006.33087158203	10.1902542114258	-46.7663841247559	-1006.16040039062	14.0357980728149	-41.8634986877441	-1007.89288330078	15.9288063049316	-31.5944747924805	-1010.18865966797	16.3198223114014	-7.5626974105835	-1012.38507080078	10.5826854705811	-1.75956630706787	-1007.46954345703	3.30546808242798	-33.4386291503906	-981.87646484375	1.43571400642395	-13.1108713150024	-965.464294433594	15.8519802093506	-8.90807914733887	-956.636901855469	31.4907913208008	-2.12673091888428	-968.875061035156	41.2244186401367	6.36735916137695	-995.011352539062	34.9316329956055	15.5343170166016	-996.240661621094	13.0210971832275	0.32616537809372	-987.932434082031	29.6642742156982	34.6382293701172	-995.607543945312	15.5512285232544	33.1777610778809	-1006.70404052734	6.75065088272095	38.5133514404297	-1008.87762451172	7.56905698776245	15.430835723877	-998.533752441406	-11.5353221893311	-47.7496719360352	-1005.63366699219	-12.2770433425903	-46.93701171875	-1006.11785888672	-16.112813949585	-42.6994476318359	-1008.77581787109	-18.7671031951904	-32.0410118103027	-1011.82159423828	-17.4109382629395	-7.76112031936646	-1012.98022460938	-11.7212657928467	-1.39187395572662	-1008.51055908203	-6.68265056610107	-34.0264282226562	-983.002502441406	-4.60267686843872	-13.3975086212158	-965.221435546875	-18.727970123291	-8.76597785949707	-957.633178710938	-34.3978843688965	-2.8767364025116	-969.948974609375	-43.1971893310547	6.45193862915039	-997.843139648438	-37.4496040344238	15.671968460083	-998.585632324219	-14.4394769668579	0.834660470485687	-988.343811035156	-31.1891975402832	34.6747436523438	-998.164672851562	-15.6845054626465	33.3830757141113	-1008.20281982422	-7.21498394012451	38.0363845825195	-1009.78326416016	-8.4592695236206	15.5551691055298	-999.67041015625
SNC-H23-077	-1.17562568187714	-59.9371109008789	-1024.41198730469	-1.83304011821747	-57.6380310058594	-1017.63854980469	-1.41032528877258	-44.1115379333496	-995.8095703125	-1.17885339260101	-16.2251415252686	-968.506225585938	-0.962584912776947	-13.230694770813	-963.898986816406	1.7847409248352	75.206298828125	-997.047424316406	0.287877976894379	57.1688575744629	-1017.51794433594	0.631530284881592	39.3303070068359	-1021.16613769531	0.307266443967819	12.2131032943726	-1007.49914550781	-0.139598488807678	-6.69971323013306	-1014.443359375	-0.843104362487793	-46.1285133361816	-1019.27667236328	9.28753185272217	-55.15625	-1023.22058105469	11.6019620895386	-53.1896553039551	-1023.62060546875	15.6700735092163	-46.0871467590332	-1024.10778808594	18.5891914367676	-36.0335083007812	-1025.44226074219	17.8453330993652	-11.2482576370239	-1025.47082519531	12.2784671783447	-1.95470881462097	-1020.60919189453	4.61203479766846	-42.322395324707	-998.933166503906	1.948122382164	-16.597635269165	-976.001953125	16.3433513641357	-11.8628816604614	-967.702026367188	31.9796180725098	-4.21024227142334	-973.902282714844	48.3260803222656	11.9847660064697	-1004.43322753906	39.0178527832031	21.2960624694824	-1004.12445068359	14.5097427368164	0.695659697055817	-998.829406738281	35.4110374450684	42.8689842224121	-1002.47772216797	19.326717376709	41.5321807861328	-1017.509765625	8.78334903717041	49.2853012084961	-1019.52026367188	8.44013786315918	20.1030006408691	-1012.66876220703	-11.9119291305542	-54.4067840576172	-1023.84686279297	-14.2704706192017	-52.1221885681152	-1024.22351074219	-17.3572597503662	-46.43115234375	-1025.14624023438	-20.0545349121094	-34.616039276123	-1026.96301269531	-17.9790153503418	-10.5381155014038	-1026.99792480469	-12.2341470718384	-1.28334629535675	-1021.73010253906	-7.81240129470825	-42.4890556335449	-999.439758300781	-4.21112012863159	-15.8753623962402	-975.603759765625	-17.9441757202148	-11.4388628005981	-968.278625488281	-35.2253570556641	-4.73222398757935	-977.986267089844	-47.6535568237305	10.1821956634521	-1006.97497558594	-39.1121444702148	22.6774635314941	-1006.15875244141	-15.8193120956421	1.17179906368256	-1000.20428466797	-33.6442604064941	42.2959098815918	-1005.03002929688	-18.5945053100586	41.3158721923828	-1017.93634033203	-6.66024875640869	49.1837501525879	-1020.24816894531	-7.28803110122681	19.7183570861816	-1012.94720458984
SNC-H23-096	-0.714292407035828	-47.7161293029785	-1020.40643310547	-0.917154371738434	-42.9932022094727	-1013.64794921875	-0.727474391460419	-34.5655212402344	-991.579833984375	-1.40350103378296	-18.0188465118408	-967.64111328125	-1.40370178222656	-16.0936050415039	-962.624694824219	-1.50691831111908	70.2280502319336	-986.985473632812	-0.903532981872559	52.7836112976074	-1007.35723876953	-0.846917390823364	36.2583236694336	-1009.52288818359	-1.42641854286194	13.8935260772705	-999.013793945312	-0.913638710975647	-0.704950213432312	-1009.82763671875	-0.873226642608643	-33.8176612854004	-1015.87683105469	9.10385608673096	-43.2551612854004	-1019.36804199219	10.2345581054688	-42.9450225830078	-1019.40197753906	13.9128122329712	-38.543888092041	-1021.24591064453	16.9409008026123	-27.2208938598633	-1023.25854492188	16.6156578063965	-1.91364753246307	-1019.73870849609	10.3160953521729	5.6118369102478	-1014.98754882812	4.16884851455688	-32.3038444519043	-995.236083984375	1.54893004894257	-16.1727447509766	-975.963439941406	16.1803779602051	-14.5411796569824	-967.429748535156	31.819543838501	-6.89077806472778	-976.511657714844	41.3477935791016	9.74031734466553	-1002.23352050781	34.4917297363281	20.3623390197754	-1000.00506591797	14.6481285095215	1.33445703983307	-995.348571777344	NA	NA	NA	NA	NA	NA	6.95891189575195	46.1189880371094	-1009.77044677734	NA	NA	NA	-10.6641225814819	-43.4823150634766	-1019.05822753906	-11.0209331512451	-42.7574234008789	-1019.46807861328	-14.6727094650269	-38.8020057678223	-1021.58819580078	-18.6258583068848	-27.1937236785889	-1023.71685791016	-18.2760639190674	-2.02963495254517	-1020.27502441406	-11.6315765380859	4.90807485580444	-1014.87719726562	-6.51957941055298	-32.6539573669434	-995.352172851562	-4.08590745925903	-15.826416015625	-976.528259277344	-17.8353080749512	-14.4708452224731	-966.95263671875	-34.3244972229004	-5.32921838760376	-977.796630859375	-44.9885139465332	11.0656595230103	-1002.29284667969	-37.3804817199707	21.696268081665	-1000.87884521484	-15.8618564605713	2.53558278083801	-995.549621582031	-31.2353954315186	38.5236968994141	-998.036071777344	-16.9272537231445	39.4757843017578	-1008.81536865234	-8.05016803741455	46.4345474243164	-1009.47729492188	-7.73104429244995	19.3443450927734	-1003.72747802734
SNC-H23-285	-0.717689096927643	-66.1336517333984	-1009.40277099609	-1.33423233032227	-58.140064239502	-1002.21356201172	-1.75410330295563	-42.6157379150391	-979.053161621094	-1.85174810886383	-16.581356048584	-953.556701660156	-1.84044444561005	-13.2783050537109	-948.53076171875	1.94852733612061	72.0818557739258	-986.627624511719	1.61800122261047	53.4855155944824	-1007.24176025391	1.35122036933899	35.9964637756348	-1009.03448486328	-0.337767571210861	9.43764781951904	-992.444641113281	-0.673110544681549	-9.02127742767334	-1002.27783203125	-1.03430986404419	-46.9704704284668	-1005.06262207031	9.9453821182251	-58.4624824523926	-1008.06439208984	12.341911315918	-56.0915679931641	-1008.48272705078	16.501428604126	-50.555061340332	-1012.38592529297	18.5561847686768	-38.5311012268066	-1013.25323486328	15.5544137954712	-11.636058807373	-1013.72998046875	10.2399816513062	-4.41976118087769	-1007.50042724609	4.40767908096313	-41.6484680175781	-983.949829101562	1.71216595172882	-15.8931722640991	-962.024597167969	16.4822063446045	-11.5903434753418	-952.762634277344	33.1622619628906	-5.31337881088257	-964.458557128906	46.172679901123	9.34463596343994	-994.992736816406	39.8239440917969	16.531120300293	-995.443115234375	14.6951847076416	-3.05138683319092	-987.380126953125	33.0407485961914	37.9356460571289	-994.120666503906	17.9336376190186	36.9881286621094	-1005.60583496094	8.79941082000732	46.6356620788574	-1008.45721435547	7.98280906677246	17.2283020019531	-1000.14898681641	-11.7728757858276	-59.4823608398438	-1008.57330322266	-14.4343948364258	-57.1897277832031	-1009.55114746094	-17.5769557952881	-51.7943687438965	-1013.0048828125	-19.6558895111084	-39.9079818725586	-1013.83093261719	-17.2855205535889	-12.6194858551025	-1015.27020263672	-11.4780511856079	-4.12246704101562	-1008.95227050781	NA	NA	NA	-4.75644969940186	-15.5506191253662	-962.325744628906	-20.1731376647949	-9.91485023498535	-952.8876953125	-35.9091606140137	-2.72662663459778	-965.912170410156	-46.1073570251465	11.8083868026733	-997.881164550781	-39.3529815673828	18.7241439819336	-997.133605957031	-16.1056232452393	-2.43156957626343	-987.506164550781	-30.0109310150146	39.6844024658203	-996.1875	-15.9560718536377	39.020263671875	-1006.35614013672	-5.6897349357605	47.1016044616699	-1008.70098876953	-7.40312433242798	17.1647434234619	-999.50048828125
TPM-M1656	-1.5029855966568	-66.8447875976562	-1085.84851074219	-1.65113186836243	-59.6357078552246	-1075.08618164062	-1.05921304225922	-44.6339721679688	-1053.07116699219	-0.809113204479218	-22.7181930541992	-1029.23986816406	-0.768542110919952	-19.5350532531738	-1024.57971191406	-0.33463516831398	76.4023361206055	-1054.32641601562	-0.400427609682083	58.912727355957	-1073.04699707031	-0.315033614635468	38.6882133483887	-1077.8369140625	-0.534867107868195	8.48569583892822	-1063.68713378906	-0.582325100898743	-7.58447694778442	-1075.025390625	-1.40144300460815	-48.7921905517578	-1079.42944335938	10.6822729110718	-59.7599029541016	-1083.40942382812	14.4467039108276	-56.7256660461426	-1085.6025390625	16.2217350006104	-49.8186988830566	-1087.64416503906	18.0481243133545	-37.2627716064453	-1087.97143554688	17.5026187896729	-11.652795791626	-1088.94702148438	11.9581508636475	-1.17489731311798	-1082.10888671875	4.61165618896484	-44.0031547546387	-1056.80834960938	2.72285223007202	-21.199047088623	-1037.64001464844	18.4617080688477	-16.6226425170898	-1027.53784179688	34.7354011535645	-6.8545970916748	-1037.88598632812	48.1119537353516	13.3489875793457	-1070.18811035156	37.884105682373	21.6227951049805	-1067.138671875	15.0544443130493	-3.23905038833618	-1060.48327636719	32.4034271240234	42.2367134094238	-1064.52978515625	17.7187881469727	43.6936225891113	-1075.0556640625	7.92850160598755	49.5286140441895	-1076.552734375	NA	NA	NA	-13.051173210144	-61.5059051513672	-1083.39147949219	-16.779275894165	-57.0650024414062	-1084.98962402344	-18.511323928833	-48.6015205383301	-1086.78833007812	-20.8317203521729	-37.4399452209473	-1088.31372070312	-19.028844833374	-12.0807437896729	-1088.79150390625	-12.4186677932739	-1.67220377922058	-1082.095703125	-6.47860956192017	-43.9455337524414	-1056.30090332031	-4.34914302825928	-20.9210567474365	-1037.56091308594	-18.2958240509033	-16.1511192321777	-1028.57788085938	-36.2514724731445	-6.49773263931274	-1039.4072265625	-49.8576202392578	8.89658164978027	-1071.4443359375	-37.6321182250977	21.7913303375244	-1067.53881835938	-15.2802286148071	-4.02108573913574	-1061.61206054688	NA	NA	NA	NA	NA	NA	-8.5385684967041	49.7242698669434	-1076.54772949219	NA	NA	NA
TPM-M1889	-2.03458094596863	-66.6925354003906	-1083.55065917969	-2.103679895401	-59.3912620544434	-1072.41625976562	-1.49696624279022	-44.281307220459	-1049.7041015625	-0.940337419509888	-22.5034217834473	-1027.27197265625	-0.877508878707886	-19.8292083740234	-1022.60437011719	-1.57356381416321	64.7104797363281	-1049.84692382812	-2.22693729400635	48.5097236633301	-1071.66845703125	-1.68918836116791	31.0692272186279	-1074.83117675781	-1.16609740257263	6.50635957717896	-1061.4091796875	-1.41863107681274	-11.0057611465454	-1072.58544921875	-1.68878662586212	-46.8920211791992	-1075.13940429688	8.75465869903564	-60.6932601928711	-1081.39721679688	12.3880348205566	-58.238655090332	-1082.5185546875	15.2382869720459	-50.4584197998047	-1084.49267578125	17.3025512695312	-38.0694732666016	-1086.25524902344	16.2609176635742	-10.8701152801514	-1086.025390625	10.116753578186	-2.7042384147644	-1079.29406738281	4.02930784225464	-43.396842956543	-1053.87426757812	2.4801230430603	-20.9284725189209	-1035.69995117188	16.8362274169922	-18.794469833374	-1027.18432617188	34.4787139892578	-11.0484838485718	-1036.26538085938	46.6488342285156	7.46212911605835	-1068.51696777344	36.901725769043	17.1376056671143	-1066.634765625	13.9660081863403	-4.21309232711792	-1058.76245117188	31.1314659118652	35.6052055358887	-1061.23608398438	16.9629192352295	35.722526550293	-1072.35424804688	7.22922086715698	40.7136039733887	-1075.08190917969	6.50704765319824	14.899040222168	-1067.63854980469	-12.9925756454468	-61.143138885498	-1081.11682128906	-15.7793655395508	-59.0816802978516	-1081.494140625	-19.1888122558594	-50.1105308532715	-1084.01062011719	-21.5401821136475	-38.2448616027832	-1085.18725585938	-20.1863479614258	-11.2052040100098	-1086.12719726562	-13.6936883926392	-3.22720313072205	-1079.24255371094	-7.31421995162964	-43.3330039978027	-1054.04565429688	-4.23523616790771	-21.1429405212402	-1035.76904296875	-18.7721939086914	-18.8574981689453	-1027.36828613281	-37.2804641723633	-11.7457313537598	-1036.81750488281	-50.9370346069336	6.26088619232178	-1068.42065429688	-41.346435546875	16.3137645721436	-1065.89123535156	-16.4997501373291	-5.81497001647949	-1059.07263183594	-34.544620513916	34.9202041625977	-1061.87036132812	-20.7138347625732	35.4508857727051	-1073.04919433594	-10.4633111953735	40.9560585021973	-1074.92126464844	-10.1764631271362	14.5525951385498	-1068.369140625
TPM-M3958	-1.65954065322876	-73.2685546875	-1078.05676269531	-1.42377185821533	-65.5653228759766	-1069.10803222656	-1.20634472370148	-48.243408203125	-1048.00891113281	-0.147765666246414	-20.8987236022949	-1023.95104980469	0.059241559356451	-17.3292903900146	-1019.04754638672	1.94539141654968	65.909782409668	-1060.69445800781	1.15286207199097	44.9058876037598	-1079.59558105469	0.883294343948364	25.5140743255615	-1080.66760253906	0.127539113163948	2.81769871711731	-1061.2998046875	-0.597939848899841	-16.1269397735596	-1071.85729980469	-1.65486252307892	-52.9774169921875	-1074.13916015625	10.8061361312866	-66.4202346801758	-1076.81225585938	13.2737150192261	-65.3935852050781	-1076.86999511719	17.1997814178467	-56.6869888305664	-1081.15966796875	19.3810863494873	-43.5635604858398	-1084.47473144531	16.7123317718506	-13.4023141860962	-1083.50268554688	11.0388898849487	-9.04924297332764	-1078.15246582031	3.82366156578064	-45.7468223571777	-1049.56640625	2.5038731098175	-22.0445938110352	-1032.82019042969	20.1087379455566	-14.6538696289062	-1026.31958007812	34.8437309265137	-6.88750696182251	-1037.24060058594	48.1731224060059	2.09843707084656	-1065.41979980469	38.8763656616211	10.6998596191406	-1067.02087402344	15.4956464767456	-7.96068668365479	-1057.92236328125	33.5995941162109	31.5711059570312	-1066.19165039062	18.0557079315186	29.9863090515137	-1079.0517578125	9.54180335998535	35.800594329834	-1081.98706054688	8.63858604431152	10.1461191177368	-1070.12048339844	-14.3085117340088	-67.0362548828125	-1076.09252929688	-15.5204439163208	-65.6043090820312	-1076.41174316406	-19.8832569122314	-57.2109832763672	-1081.48498535156	-22.2177810668945	-43.9942626953125	-1083.91577148438	-18.5133724212646	-13.3699331283569	-1085.09338378906	-12.2233324050903	-7.80183601379395	-1078.61364746094	-6.27372646331787	-45.9434356689453	-1049.88330078125	-3.87857675552368	-21.5603790283203	-1032.32861328125	-19.3732089996338	-14.4747314453125	-1023.59692382812	-37.351390838623	-8.02591705322266	-1034.73193359375	-48.2486572265625	2.20147728919983	-1064.74450683594	-40.4741706848145	13.5566396713257	-1066.99084472656	-15.8616313934326	-7.95025253295898	-1056.18090820312	-32.1365547180176	33.1965217590332	-1066.41271972656	-16.6568660736084	31.6451683044434	-1078.70349121094	-7.31821346282959	37.1040153503418	-1081.51672363281	-8.37934017181396	10.1625280380249	-1068.81872558594
TPM-M4010	-1.12661182880402	-53.8974761962891	-1084.61938476562	-1.67809581756592	-48.446533203125	-1074.33251953125	-1.13868260383606	-38.2090530395508	-1053.51892089844	-0.474487245082855	-20.4793090820312	-1031.71875	-0.374084562063217	-17.6950798034668	-1026.51000976562	1.26794648170471	65.1520385742188	-1052.28771972656	0.690425932407379	49.1869850158691	-1070.56640625	-0.786128640174866	32.1531791687012	-1073.83984375	-0.44117471575737	7.73539686203003	-1061.04614257812	-1.10273838043213	-5.5303258895874	-1071.62292480469	-1.5632016658783	-40.5611991882324	-1077.74377441406	8.9378080368042	-49.5155601501465	-1082.17248535156	10.236855506897	-48.2097396850586	-1082.22204589844	12.9258985519409	-43.4976806640625	-1084.23059082031	16.5091438293457	-32.5705299377441	-1086.24792480469	16.3470649719238	-6.41181468963623	-1083.16247558594	10.6207046508789	-0.76220053434372	-1078.15673828125	3.289386510849	-37.1323852539062	-1055.52197265625	2.61520051956177	-19.0052299499512	-1038.57299804688	16.9567241668701	-16.6137676239014	-1030.451171875	31.5458164215088	-9.48404502868652	-1039.41174316406	43.0610160827637	1.89532196521759	-1064.83032226562	36.2622528076172	17.1198444366455	-1064.84460449219	16.3830623626709	-2.0977897644043	-1058.62976074219	30.0009670257568	33.5161819458008	-1062.60620117188	17.0389213562012	35.3247032165527	-1072.45263671875	6.90793752670288	42.3699645996094	-1074.16052246094	6.63246536254883	15.4050970077515	-1067.49914550781	-12.1003570556641	-49.5428657531738	-1082.04357910156	-12.6805286407471	-48.6733169555664	-1082.42626953125	-15.7997903823853	-43.8563652038574	-1083.8056640625	-19.6957855224609	-32.8414573669434	-1085.7451171875	-19.0432376861572	-6.26067209243774	-1082.56335449219	-12.4627637863159	0.125829711556435	-1077.37976074219	-5.77621221542358	-37.4453430175781	-1055.98034667969	-3.99961996078491	-19.3480415344238	-1038.82250976562	-16.6690235137939	-13.9757270812988	-1029.04516601562	-31.9201774597168	-6.56883764266968	-1038.55944824219	-44.0650634765625	5.66532516479492	-1061.66882324219	-36.4086151123047	19.4808044433594	-1062.13671875	-15.6783714294434	-0.791662335395813	-1057.20788574219	-29.1851387023926	36.159839630127	-1059.92260742188	-18.5199108123779	37.8522834777832	-1070.09826660156	-7.87826633453369	42.2963447570801	-1073.69738769531	-7.9423565864563	16.298412322998	-1066.42553710938
TPM-M529	-1.2675518989563	-61.415771484375	-1086.50939941406	-1.49872601032257	-57.4115562438965	-1077.56970214844	-1.00878822803497	-44.9463348388672	-1055.21398925781	-0.632953524589539	-21.2411479949951	-1027.783203125	-0.47272801399231	-18.5598526000977	-1023.24499511719	-1.23369884490967	65.3972396850586	-1051.16857910156	NA	NA	NA	NA	NA	NA	-0.759438157081604	7.15011739730835	-1061.85668945312	-0.983214318752289	-7.40058183670044	-1071.63757324219	-1.21186876296997	-45.0744209289551	-1079.63305664062	9.37698745727539	-57.778736114502	-1084.97021484375	11.7368907928467	-55.2941856384277	-1084.87524414062	17.1534652709961	-47.9887237548828	-1086.69030761719	18.5342063903809	-36.0431098937988	-1088.57507324219	15.4613819122314	-9.68977737426758	-1084.65588378906	9.69208717346191	-1.9315470457077	-1078.52258300781	4.37722539901733	-42.3887481689453	-1057.79772949219	2.30128526687622	-19.9843711853027	-1036.59814453125	16.4962177276611	-15.4674911499023	-1028.59973144531	31.135139465332	-11.3382196426392	-1036.13452148438	45.3369483947754	9.1654167175293	-1065.59680175781	35.9644241333008	18.9187450408936	-1066.29553222656	14.1012649536133	-3.92735600471497	-1059.65783691406	30.7490921020508	36.0521240234375	-1060.76086425781	NA	NA	NA	NA	NA	NA	7.03990840911865	15.4505786895752	-1067.53698730469	-12.3379507064819	-59.3034820556641	-1084.20703125	-14.1655206680298	-56.3988456726074	-1084.60034179688	-19.0188941955566	-49.7695808410645	-1085.98364257812	-21.6299533843994	-37.7298927307129	-1087.48400878906	-18.5317306518555	-11.2594614028931	-1084.84851074219	-11.7641286849976	-2.44877529144287	-1078.00915527344	-6.30759954452515	-42.3648147583008	-1057.8466796875	-4.12680053710938	-20.8768463134766	-1035.93688964844	-17.4170761108398	-15.9231472015381	-1026.90734863281	-33.6268119812012	-10.969108581543	-1036.66333007812	-47.9590301513672	6.6749758720398	-1068.88708496094	-41.438045501709	18.7003421783447	-1066.89685058594	-16.9732608795166	-4.55465364456177	-1059.57739257812	-32.5609588623047	34.0952186584473	-1059.98583984375	NA	NA	NA	NA	NA	NA	-8.55017375946045	14.5340366363525	-1067.14221191406
TPM-M544	-1.67737889289856	-52.3025169372559	-1083.92553710938	-1.52913928031921	-48.0464096069336	-1077.57849121094	-0.684830725193024	-37.6371612548828	-1054.01147460938	-1.34235548973083	-20.3933219909668	-1030.16027832031	-1.20377838611603	-18.2245082855225	-1024.84008789062	-2.02661824226379	64.6413192749023	-1049.12280273438	-2.25754380226135	50.6098594665527	-1068.98876953125	-2.17470479011536	34.263256072998	-1072.82409667969	-1.38789260387421	10.9447898864746	-1061.08679199219	-1.26449596881866	-2.8920521736145	-1071.48413085938	-1.2755434513092	-37.5169258117676	-1078.27673339844	8.30853271484375	-48.0486831665039	-1084.52172851562	10.9048442840576	-45.233772277832	-1084.47436523438	13.8491106033325	-40.91748046875	-1085.63195800781	17.5551509857178	-30.8575115203857	-1085.81091308594	15.277961730957	-7.31400108337402	-1082.54333496094	10.1758708953857	2.86950445175171	-1077.10290527344	3.80308246612549	-35.7587928771973	-1057.10009765625	1.65384209156036	-19.2105770111084	-1039.06958007812	15.0997772216797	-15.541576385498	-1030.79931640625	29.9675540924072	-7.87962770462036	-1038.21752929688	41.9841003417969	5.2102518081665	-1063.12744140625	34.9364204406738	19.5444145202637	-1063.45812988281	14.5351991653442	-1.4128338098526	-1058.408203125	27.8095664978027	35.5743827819824	-1060.44299316406	14.8279609680176	39.3871002197266	-1070.80236816406	5.2986912727356	45.1325721740723	-1072.23461914062	4.915367603302	18.0104389190674	-1066.6982421875	-11.8216800689697	-47.3773956298828	-1084.27490234375	-13.8679056167603	-45.9922752380371	-1084.1201171875	-17.2495861053467	-40.9882507324219	-1085.64819335938	-20.8868656158447	-31.188871383667	-1084.73193359375	-18.6712474822998	-8.04864883422852	-1081.24487304688	-13.0452499389648	2.56862497329712	-1077.06762695312	-5.77512550354004	-36.2032318115234	-1057.12927246094	-4.32679796218872	-19.0356006622314	-1038.60168457031	-17.959156036377	-15.4729604721069	-1029.80419921875	-33.2844200134277	-7.90857458114624	-1039.68347167969	-45.2055358886719	10.3899755477905	-1063.49072265625	-38.383960723877	19.4046478271484	-1063.60070800781	-17.3636894226074	-1.71550643444061	-1058.95703125	-31.3974494934082	36.2852783203125	-1060.88452148438	-18.9863414764404	39.8504447937012	-1071.22436523438	-9.33572196960449	45.6324119567871	-1072.92004394531	-9.7022762298584	19.3823261260986	-1066.72216796875
TPM-M549	-0.987590730190277	-44.9746589660645	-1084.08605957031	-1.27577698230743	-41.4250564575195	-1078.72619628906	-1.11589550971985	-33.3528137207031	-1058.38757324219	-1.9428083896637	-15.8827333450317	-1032.35571289062	-1.93415069580078	-14.3743476867676	-1027.23425292969	0.642858505249023	71.1860504150391	-1049.95129394531	-0.244045406579971	57.2891845703125	-1068.51623535156	0.194454535841942	41.1507453918457	-1072.31176757812	-0.720653712749481	15.6214332580566	-1061.14904785156	-0.940332531929016	0.743948996067047	-1072.13671875	-1.32318270206451	-30.8968353271484	-1079.10046386719	9.72888088226318	-38.8618927001953	-1083.2626953125	10.6804513931274	-37.6736526489258	-1083.05737304688	14.0347681045532	-31.855749130249	-1084.59985351562	16.7396125793457	-21.1497898101807	-1085.595703125	15.0247116088867	4.25849723815918	-1082.30822753906	10.3780717849731	6.88976001739502	-1078.32629394531	3.44080018997192	-29.806957244873	-1059.08801269531	0.780169129371643	-14.6058511734009	-1040.25073242188	13.9020347595215	-13.4690542221069	-1030.36328125	30.0864372253418	-5.27310132980347	-1040.44226074219	42.3395576477051	8.43037414550781	-1062.82983398438	36.076961517334	21.7002010345459	-1062.69897460938	13.0523061752319	2.67508554458618	-1059.716796875	30.4009227752686	40.5153198242188	-1058.884765625	19.0335178375244	44.8965225219727	-1069.43762207031	7.76521253585815	51.5553703308105	-1071.103515625	5.66687726974487	23.5189247131348	-1066.970703125	-11.5530595779419	-39.9639625549316	-1083.21618652344	-12.5410308837891	-38.126293182373	-1083.12548828125	-16.0426940917969	-32.7016258239746	-1084.85485839844	-19.209358215332	-21.8256855010986	-1085.82385253906	-17.2668399810791	3.68049430847168	-1083.53173828125	-12.3679523468018	6.52194309234619	-1079.01538085938	-5.97126817703247	-30.4376430511475	-1059.18933105469	-4.06990814208984	-14.3619194030762	-1040.2275390625	-17.905065536499	-12.6050024032593	-1031.30358886719	-32.9930610656738	-4.79249238967896	-1042.27294921875	-43.5300445556641	10.142580986023	-1065.18005371094	-37.8768272399902	22.7572994232178	-1065.1875	-15.5274467468262	3.49528169631958	-1059.87048339844	-29.6115493774414	41.4481582641602	-1061.79260253906	-18.6619853973389	46.0884437561035	-1071.26135253906	-7.17580032348633	51.429271697998	-1071.95764160156	-6.87034559249878	23.3627033233643	-1068.22546386719
TPM-M600	-1.30772912502289	-45.3078842163086	-1105.86340332031	-1.34865462779999	-42.1388053894043	-1098.74157714844	-1.54556560516357	-34.4658088684082	-1075.53894042969	-1.31139421463013	-17.27659034729	-1052.22900390625	-1.53736615180969	-14.6888799667358	-1047.26599121094	-2.78289794921875	67.8469848632812	-1071.10961914062	-2.38576149940491	52.1513404846191	-1089.64331054688	-1.7513622045517	37.9866943359375	-1094.19458007812	-1.41897535324097	13.3133239746094	-1081.71838378906	-1.05846977233887	-0.817725539207458	-1090.60412597656	-1.33232057094574	-31.1094951629639	-1098.44702148438	8.6136646270752	-39.7814178466797	-1103.68481445312	9.64977836608887	-38.6570053100586	-1103.869140625	12.5693855285645	-34.2583160400391	-1105.2861328125	16.0125980377197	-23.8642539978027	-1105.49890136719	14.489616394043	2.47375321388245	-1101.89904785156	9.78558731079102	5.60941171646118	-1097.69921875	2.94661784172058	-32.8636360168457	-1078.94116210938	1.11321568489075	-15.8566579818726	-1060.43334960938	14.0361518859863	-12.8724431991577	-1050.30627441406	29.3953094482422	-5.41374254226685	-1059.30419921875	40.285701751709	13.0205411911011	-1081.49011230469	33.1624031066895	22.8763427734375	-1082.15795898438	11.4746541976929	4.13488292694092	-1078.63037109375	27.3820323944092	38.9113807678223	-1079.13696289062	14.3672342300415	41.3159027099609	-1090.943359375	5.2969217300415	46.6941871643066	-1092.14721679688	5.39434862136841	20.42555809021	-1088.29577636719	-11.2827053070068	-40.1676025390625	-1103.70031738281	-12.2962036132812	-38.953052520752	-1103.81323242188	-16.0618305206299	-34.7933654785156	-1103.86840820312	-19.342601776123	-23.6557636260986	-1103.96984863281	-18.0453453063965	2.44880294799805	-1100.86547851562	-12.6130628585815	5.81238079071045	-1097.57287597656	-5.6206841468811	-32.8295516967773	-1078.21044921875	-4.21248388290405	-15.8208589553833	-1059.54113769531	-17.8178844451904	-13.0619468688965	-1050.34448242188	-32.5841026306152	-4.82928037643433	-1059.12670898438	-43.4607810974121	10.7174730300903	-1082.50842285156	-37.0766067504883	21.5188446044922	-1082.33703613281	-15.8310260772705	2.84845852851868	-1078.27661132812	-31.4980220794678	38.3388137817383	-1079.62182617188	-18.0793380737305	40.6812324523926	-1090.84716796875	-9.48873424530029	46.0341987609863	-1092.39416503906	-8.47317123413086	20.2509002685547	-1088.00793457031
TPM-M659	-0.862658143043518	-71.3586654663086	-1099.68286132812	-1.08999109268188	-62.4599800109863	-1091.98425292969	-0.876246511936188	-48.076545715332	-1069.64013671875	-1.88167691230774	-23.4123821258545	-1045.62145996094	-2.16283106803894	-19.0187377929688	-1039.52917480469	-0.593661069869995	65.505485534668	-1070.7412109375	-0.933148086071014	47.5174217224121	-1093.50256347656	-0.532697021961212	29.6706809997559	-1096.89343261719	-1.09080111980438	3.73579716682434	-1079.62670898438	-0.62806248664856	-12.2888507843018	-1091.41735839844	-0.979476809501648	-47.9660530090332	-1093.81518554688	11.3548746109009	-64.5267868041992	-1098.71545410156	13.3735780715942	-62.6681060791016	-1099.12487792969	16.9417476654053	-55.0965194702148	-1102.50500488281	18.5793342590332	-42.6106758117676	-1104.75952148438	17.2907276153564	-15.017936706543	-1104.11669921875	10.8103141784668	-8.04833126068115	-1098.38940429688	4.35357618331909	-46.6183929443359	-1072.2880859375	1.73840391635895	-23.1633739471436	-1053.92102050781	16.0396251678467	-19.482234954834	-1045.19311523438	31.7359733581543	-12.8850297927856	-1052.49291992188	47.4338836669922	3.04766535758972	-1082.44799804688	37.5606842041016	12.4076080322266	-1082.95397949219	14.4589529037476	-8.76512718200684	-1077.36120605469	31.8246955871582	33.345100402832	-1081.15893554688	17.4721221923828	32.2668685913086	-1094.21435546875	7.49505567550659	39.5035514831543	-1097.22521972656	7.5375075340271	11.4569416046143	-1088.30358886719	-12.779914855957	-64.2115249633789	-1098.71362304688	-14.6129121780396	-61.9740753173828	-1100.00952148438	-18.4703311920166	-54.4671516418457	-1102.37622070312	-19.73606300354	-41.5622596740723	-1105.75268554688	-18.5553398132324	-14.7784614562988	-1105.46740722656	-11.7740182876587	-7.85355949401855	-1099.42102050781	-6.48825168609619	-46.3665466308594	-1073.30981445312	-4.24114227294922	-23.8870258331299	-1053.78588867188	-18.6611957550049	-19.5374755859375	-1046.97631835938	-34.6618041992188	-12.2097682952881	-1055.7470703125	-49.9015808105469	1.16695630550385	-1084.85095214844	-40.1774864196777	13.1554803848267	-1085.26647949219	-15.728702545166	-7.56385898590088	-1078.43627929688	-33.2286987304688	34.3157615661621	-1083.04577636719	-19.4046173095703	34.9679832458496	-1096.16723632812	-8.32185459136963	40.8519554138184	-1097.16369628906	-9.55624103546143	11.6878433227539	-1088.34155273438
TPM-M670	-1.18226802349091	-60.476921081543	-1078.73706054688	-0.879319250583649	-53.8987159729004	-1068.61108398438	-0.485093504190445	-42.8609771728516	-1050.02502441406	-0.420827656984329	-22.959228515625	-1027.23999023438	-0.635473251342773	-20.2596855163574	-1023.37524414062	-2.25639224052429	64.6172943115234	-1057.15319824219	-1.55768060684204	45.1949195861816	-1072.55920410156	-1.26031196117401	29.3281536102295	-1074.77758789062	-1.18910789489746	5.52423620223999	-1061.35620117188	-1.24262535572052	-12.5345916748047	-1069.68920898438	-1.10030138492584	-45.1684722900391	-1073.39428710938	9.34671115875244	-55.1722717285156	-1078.73999023438	10.9500246047974	-53.4534454345703	-1079.05847167969	14.4010057449341	-48.232593536377	-1080.31518554688	18.5751647949219	-38.2755279541016	-1080.41369628906	15.8828220367432	-12.1482028961182	-1081.30102539062	10.556752204895	-5.28630208969116	-1076.17395019531	3.42108011245728	-42.5907287597656	-1052.97253417969	2.55677437782288	-23.166223526001	-1036.90417480469	15.9133338928223	-18.2733535766602	-1026.9599609375	29.6214256286621	-10.3110799789429	-1036.05224609375	40.0272178649902	3.93040990829468	-1060.18884277344	33.8542976379395	14.1138000488281	-1062.7744140625	12.9640693664551	-5.27453231811523	-1057.60034179688	29.9872589111328	31.4995880126953	-1061.25952148438	14.6269874572754	32.8540573120117	-1071.7548828125	5.86566019058228	39.0750045776367	-1074.28527832031	6.00614166259766	12.1476545333862	-1065.71008300781	-11.7390336990356	-55.2742233276367	-1078.57397460938	-12.6955308914185	-53.8178901672363	-1079.08483886719	-16.6367015838623	-48.6196479797363	-1080.65185546875	-21.0098152160645	-39.0684623718262	-1080.80932617188	-18.9958209991455	-13.3145503997803	-1081.93408203125	-12.9676704406738	-5.19308280944824	-1076.64367675781	-5.01236391067505	-42.6301689147949	-1053.06982421875	-4.06712818145752	-22.542989730835	-1036.54626464844	-17.2961750030518	-18.237024307251	-1027.41943359375	-32.2819404602051	-11.497992515564	-1038.04968261719	-44.839714050293	4.02411842346191	-1061.26831054688	-37.0131072998047	13.374698638916	-1064.08654785156	-14.9746265411377	-6.03369855880737	-1057.54089355469	-33.7160301208496	31.2762699127197	-1064.50903320312	-18.2225017547607	33.0945739746094	-1073.13854980469	-8.40008449554443	38.551025390625	-1074.31201171875	-8.50797080993652	12.2141752243042	-1066.09289550781
